objectid,id,county_id,prec_id,enr_desc,county_nam,of_prec_id,shape_leng,st_areashape,st_perimetershape
1,1,84,0003,ALBEMARLE NUMBER 3,STANLY, ,40731.3507786,43231281.4748985,40731.3507786253
2,2,12,0003,DREXEL 03,BURKE, ,49918.8490395,108319906.647547,49918.849039536
3,22,12,0019,LINVILLE 01,BURKE, ,160866.952809,871805502.088099,160866.952809295
4,23,84,0019,RIDENHOUR,STANLY, ,125698.778851,899272261.409063,125698.778851241
5,71,60,007,007,MECKLENBURG, ,17915.4369725,18523838.7405175,17915.4369724781
6,72,90,007,MT. CARMEL METHODIST CHURCH,UNION, ,125576.598082,528817773.632126,125576.598081704
7,73,93,007,SHOCCO,WARREN, ,154360.169887,999650555.665267,154360.169886646
8,74,12,0070,SALEM,BURKE, ,67955.4572964,219117488.016132,67955.4572963847
9,75,90,008,WINGATE COMMUNITY CENTER,UNION, ,73702.4844325,157351975.886238,73702.4844324675
10,25,90,002,MONROE MIDDLE SCHOOL,UNION, ,39298.7606787,40550331.835807,39298.760678654
11,5,93,001,RIVER,WARREN, ,128209.670467,965155960.326227,128209.670466835
12,36,84,0025,FURR NUMBER 2,STANLY, ,151352.770294,892844587.744562,151352.770293773
13,37,84,0026,TYSON,STANLY, ,171841.830994,1076118429.45279,171841.830993525
14,84,85,01,DANBURY,STOKES, ,216051.716044,873861127.7135,216051.716043948
15,85,47,01,ALLENDALE,HOKE, ,139582.012606,663586815.258834,139582.012605936
16,6,60,001,001,MECKLENBURG, ,27386.136259,17739583.6774623,27386.136259013
17,44,60,003,003,MECKLENBURG, ,26655.293581,26898662.3289276,26655.2935810056
18,45,12,0031,MORGANTON 01,BURKE, ,69989.1236384,78350683.5532437,69989.1236384001
19,7,90,001,BENTON HEIGHTS CHURCH OF GOD,UNION, ,47977.4732873,56188875.7454894,47977.4732873129
20,9,12,0011,ICARD 01,BURKE, ,89433.7758387,349410332.536442,89433.7758386629
21,10,84,0011,ALBEMARLE NUMBER 11,STANLY, ,50539.3626469,106647340.501303,50539.3626468816
22,11,12,0012,ICARD 02,BURKE, ,149637.703336,545183131.060003,149637.703336305
23,12,12,0013,ICARD 03,BURKE, ,94205.819065,277837081.2922,94205.8190650107
24,57,12,0048,QUAKER MEADOWS 02,BURKE, ,133068.943115,350383063.660577,133068.94311546
25,495,32,07,SCHOOL OF THE ARTS,DURHAM, ,23238.8952914,18598541.3865389,23238.8952914347
26,496,96,07,07,WAYNE, ,126611.383289,761760593.459219,126611.383288677
27,14,84,0014,EAST ALBEMARLE,STANLY, ,126452.955578,487959309.033497,126452.9555782
28,15,12,0014,ICARD 04,BURKE, ,91570.1752304,287901977.342315,91570.1752303896
29,16,12,0015,ICARD 05,BURKE, ,70568.9414237,141156775.327283,70568.9414236574
30,17,84,0015,BADIN,STANLY, ,128951.109656,498225430.203929,128951.109656415
31,18,84,0016,PALMERVILLE,STANLY, ,153029.189236,514852523.236736,153029.189235913
32,19,84,0017,NEW LONDON,STANLY, ,125080.548914,592545740.155023,125080.548913547
33,20,12,0018,JONAS RIDGE,BURKE, ,121720.968413,678310169.627754,121720.968413378
34,497,61,07,POPLAR,MITCHELL, ,145837.998724,504577861.338885,145837.998724133
35,21,84,0018,RICHFIELD,STANLY, ,118621.590223,465489052.52313,118621.590222683
36,24,93,002,SIXPOUND,WARREN, ,158980.979501,1087323879.2975,158980.979500618
37,26,60,002,002,MECKLENBURG, ,31337.9472065,24269418.5642573,31337.9472064783
38,105,92,01-05,01-05,WAKE, ,14500.1059399,13259014.5005343,14500.1059399186
39,28,12,0020,LINVILLE 02,BURKE, ,131485.663783,434105740.384587,131485.663783075
40,29,84,0021,ENDY,STANLY, ,114827.26794,513099864.283285,114827.267940158
41,30,12,0021,LOVELADY 01,BURKE, ,54729.8751938,97868351.056703,54729.8751938172
42,31,84,0022,BIG LICK NUMBER 1,STANLY, ,143398.663554,512627684.344495,143398.663553548
43,32,12,0022,LOVELADY 02,BURKE, ,96259.4377322,282796074.234697,96259.4377321576
44,33,84,0023,BIG LICK NUMBER 2,STANLY, ,198314.173203,852264783.745897,198314.173202864
45,34,84,0024,FURR NUMBER 1,STANLY, ,115544.131755,514067371.80385,115544.131755019
46,35,12,0024,LOVELADY 04,BURKE, ,116919.118962,252188970.354042,116919.118962209
47,38,84,0027,EAST CENTER,STANLY, ,112082.92511,564208874.263082,112082.925109862
48,39,84,0028,WEST CENTER,STANLY, ,162792.399474,678318913.867863,162792.399474434
49,42,93,003,HAWTREE,WARREN, ,141491.497164,1056295291.03229,141491.497163542
50,43,90,003,ST. LUKES LUTHERAN CHURCH,UNION, ,45448.1247605,60332461.5020425,45448.124760522
51,46,12,0034,MORGANTON 04,BURKE, ,46959.0404827,66548635.636212,46959.0404827465
52,110,92,01-09,01-09,WAKE, ,12038.2346924,8161908.762607,12038.234692407
53,47,12,0035,MORGANTON 05,BURKE, ,39369.9208938,53995980.8000756,39369.9208938082
54,48,12,0036,MORGANTON 06,BURKE, ,83831.9064676,317373211.929934,83831.9064675951
55,49,12,0038,MORGANTON 08,BURKE, ,86648.6275755,207962780.65669,86648.6275755138
56,50,12,0039,MORGANTON 09,BURKE, ,56732.0007398,119377149.003974,56732.0007398198
57,51,60,004,004,MECKLENBURG, ,37928.405395,44224610.1004751,37928.4053949639
58,52,93,004,SMITH CREEK,WARREN, ,125739.984285,682756134.706877,125739.984284774
59,53,90,004,SUTTON PARK RECREATION CENTER,UNION, ,76893.002455,143196719.014478,76893.0024550015
60,54,12,0040,MORGANTON 10,BURKE, ,85859.8530004,224190798.511029,85859.8530003876
61,55,12,0047-A,QUAKER MEADOWS  1-A,BURKE, ,109562.654605,414790870.181107,109562.654605494
62,727,32,12,MONUMENT OF FAITH CHURCH,DURHAM, ,13937.7806396,8738685.83503249,13937.7806395702
63,728,56,12,CARTOOGECHAYE,MACON, ,247190.594074,2099526140.75139,247190.594073952
64,729,85,12,MOUNT OLIVE,STOKES, ,131160.15208,596311745.521722,131160.152080172
65,56,12,0047-B,QUAKER MEADOWS  1-B,BURKE, ,70546.3438321,255675899.272345,70546.3438321283
66,58,60,005,005,MECKLENBURG, ,18855.0785533,15820741.1405573,18855.0785532766
67,65,60,006,006,MECKLENBURG, ,25975.5134891,29119608.9343092,25975.5134891282
68,60,93,005,NUTBUSH,WARREN, ,154196.419391,943159998.372481,154196.419391435
69,61,12,0051,SILVER CREEK 01,BURKE, ,116723.704969,385739885.873893,116723.704968532
70,62,12,0052,SILVER CREEK 02,BURKE, ,152274.007694,434014682.816484,152274.007693575
71,64,93,006,SANDY CREEK,WARREN, ,148943.142463,926126482.529566,148943.142463278
72,10088,34,704,PARKWAY UNITED CHURCH OF CHRIST,FORSYTH, ,20705.2501418,18280200.4422014,20705.2501417911
73,66,90,006,BENTON HEIGHTS PRESBYTERIAN CHURCH,UNION, ,85949.5398646,307849293.372751,85949.5398646303
74,67,12,0062,UPPER CREEK,BURKE, ,210627.439119,2313314028.48333,210627.43911936
75,68,12,0064,UPPER FORK,BURKE, ,143232.913817,738658452.370483,143232.913816709
76,70,12,0066,CHESTERFIELD,BURKE, ,162743.605894,876550180.138969,162743.605893515
77,76,60,008,008,MECKLENBURG, ,23927.6167059,19840056.1749723,23927.6167058619
78,77,93,008,FISHING CREEK,WARREN, ,215540.841833,1369594199.32109,215540.841832633
79,80,60,009,009,MECKLENBURG, ,24910.8301598,31107783.3621424,24910.8301597919
80,81,95,01,BALD MOUNTAIN,WATAUGA, ,99998.7439749,327126922.830324,99998.74397493
81,78,90,009,BEAVER LANE VFD,UNION, ,63175.5897113,54765607.8818728,63175.589711271
82,79,93,009,JUDKINS,WARREN, ,185028.006301,1506900319.05253,185028.006301347
83,82,32,01,BROGDEN MIDDLE SCHOOL,DURHAM, ,19884.3924794,14839923.7497558,19884.3924793789
84,86,1,01,PATTERSON,ALAMANCE, ,151849.322925,1414423124.61991,151849.322925273
85,88,96,01,01,WAYNE, ,164573.450564,1025468292.20677,164573.45056392
86,89,18,01,BALLS CREEK,CATAWBA, ,145893.215828,758770435.400399,145893.215828296
87,90,3,01,CHERRY LANE,ALLEGHANY, ,158761.496865,1133421956.05988,158761.496864582
88,91,6,01,ALTAMONT,AVERY, ,117050.656914,453049773.001049,117050.65691421
89,92,78,01,ALFORDSVILLE,ROBESON, ,162379.768593,1178199397.69624,162379.768593281
90,93,56,01,NORTH FRANKLIN,MACON, ,79954.7119318,211052674.567326,79954.7119318385
91,94,30,01,NORTH CALAHALN,DAVIE, ,141804.411206,608757676.625022,141804.411206489
92,95,35,01,LOUISBURG CITY,FRANKLIN, ,75144.8708252,64628095.5862747,75144.8708251864
93,96,77,01,ROCKINGHAM  1,RICHMOND, ,158558.519366,571092674.699338,158558.519365651
94,97,80,01,BARNHARDT MILL,ROWAN, ,86109.8287409,297290760.150848,86109.8287408902
95,98,61,01,BAKERSVILLE,MITCHELL, ,110640.140614,471739118.310099,110640.140614298
96,99,92,01-01,01-01,WAKE, ,16835.3311707,15495781.5555503,16835.3311706917
97,100,13,01-02,01-02,CABARRUS, ,119747.741555,416391064.85916,119747.74155526
98,101,92,01-02,01-02,WAKE, ,24437.0154149,24455474.2175049,24437.0154149111
99,102,92,01-03,01-03,WAKE, ,21790.1867166,22420569.9019246,21790.1867166109
100,103,92,01-04,01-04,WAKE, ,17601.5306443,11565203.6662189,17601.5306443
101,104,13,01-04,01-04,CABARRUS, ,65707.2985176,203385535.936834,65707.2985176335
102,734,35,12,HAYESVILLE,FRANKLIN, ,133901.634304,921867680.277227,133901.634303868
103,106,92,01-06,01-06,WAKE, ,19556.7934879,18364517.3279034,19556.7934879471
104,107,92,01-07,01-07,WAKE, ,16859.6740377,13982111.7950574,16859.6740376575
105,108,13,01-07,01-07,CABARRUS, ,55384.3333159,136573293.668944,55384.333315886
106,112,92,01-10,01-10,WAKE, ,17949.3001729,13141556.5843994,17949.3001729036
107,109,13,01-08,01-08,CABARRUS, ,72225.4502676,217055504.837612,72225.4502675889
108,111,13,01-10,01-10,CABARRUS, ,82696.1077932,117715910.454794,82696.1077932293
109,113,92,01-11,01-11,WAKE, ,34258.5382147,49955572.7632964,34258.5382146882
110,114,13,01-11,01-11,CABARRUS, ,84028.5425618,151786317.431178,84028.5425617605
111,115,92,01-12,01-12,WAKE, ,29607.6920825,29589777.5204087,29607.6920824878
112,116,92,01-13,01-13,WAKE, ,26232.8199493,33152316.7404732,26232.819949286
113,121,92,01-17,01-17,WAKE, ,18649.2947689,15346364.5073054,18649.2947688596
114,117,92,01-14,01-14,WAKE, ,32188.7561146,39358837.15704,32188.7561146302
115,171,60,012,012,MECKLENBURG, ,25831.626082,30525123.577312,25831.6260820441
116,118,92,01-15,01-15,WAKE, ,19471.346049,20336382.4742027,19471.3460490299
117,119,83,01-16,01-16/01,SCOTLAND, ,138844.204642,710186968.327501,138844.204642059
118,128,92,01-25,01-25,WAKE, ,14636.7175041,8784141.54827759,14636.7175041118
119,120,92,01-16,01-16,WAKE, ,47172.766875,58514550.2643367,47172.7668749534
120,122,92,01-18,01-18,WAKE, ,33916.8243305,49032559.7775291,33916.8243305309
121,123,92,01-19,01-19,WAKE, ,26622.7244472,31080769.1082757,26622.7244472458
122,323,32,04,SCHOOL OF SCIENCE AND MATH,DURHAM, ,24652.7380871,32220759.9500289,24652.738087097
123,324,80,04,BRADSHAW,ROWAN, ,156271.709127,1139294620.63218,156271.709126863
124,325,95,04,BLUE RIDGE,WATAUGA, ,137141.662064,775874009.78685,137141.66206365
125,326,18,04,BROOKFORD,CATAWBA, ,56094.8195765,81141913.0976065,56094.819576519
126,124,92,01-20,01-20,WAKE, ,35478.3667636,27565614.0680183,35478.366763594
127,125,92,01-21,01-21,WAKE, ,53981.9527313,107706320.429205,53981.952731284
128,328,56,04,IOTLA,MACON, ,114006.803353,327634740.465694,114006.803353256
129,329,5,04,ELK,ASHE, ,109907.325019,327667201.123981,109907.325018823
130,330,85,04,CHESTNUT GROVE,STOKES, ,134920.66331,306544207.209825,134920.663310217
131,126,92,01-22,01-22,WAKE, ,38391.2880058,61558385.9142557,38391.2880058134
132,127,92,01-23,01-23,WAKE, ,47229.0412216,79971338.842848,47229.0412215516
133,129,92,01-26,01-26,WAKE, ,27067.0248805,27975635.7925084,27067.0248805059
134,141,92,01-38,01-38,WAKE, ,26802.3714137,41217799.065363,26802.3714136999
135,130,92,01-27,01-27,WAKE, ,35351.2805142,43189462.887628,35351.2805142056
136,131,92,01-28,01-28,WAKE, ,47672.6606329,78232202.0782192,47672.6606329197
137,132,92,01-29,01-29,WAKE, ,28704.1066523,31819226.6146341,28704.1066523286
138,148,92,01-45,01-45,WAKE, ,20926.6106106,23248776.4552023,20926.6106106396
139,133,92,01-30,01-30,WAKE, ,20177.0402732,18737598.9841223,20177.0402732457
140,154,92,01-51,01-51,WAKE, ,16540.2203005,13067893.5276146,16540.2203005387
141,155,100,01 BUR,BURNSVILLE,YANCEY, ,166460.266207,696241452.115857,166460.266207079
142,134,92,01-31,01-31,WAKE, ,35451.6946539,47518930.6740053,35451.6946539151
143,135,92,01-32,01-32,WAKE, ,30305.7833611,38423489.1762902,30305.7833610824
144,157,90,010,ELLEN FITZGERALD SENIOR CENTER,UNION, ,29191.7360053,24276173.9079448,29191.736005319
145,136,92,01-33,01-33,WAKE, ,28553.4173015,26750504.1800629,28553.4173014694
146,137,92,01-34,01-34,WAKE, ,17832.8882568,14498829.8077102,17832.8882567532
147,158,93,010,WEST WARRENTON,WARREN, ,105671.310678,644334373.918354,105671.310677627
148,138,92,01-35,01-35,WAKE, ,37078.5130368,47717928.5322074,37078.5130368184
149,139,92,01-36,01-36,WAKE, ,25891.3801696,32101778.4578132,25891.380169639
150,140,92,01-37,01-37,WAKE, ,25859.3102248,22569592.4604592,25859.3102247888
151,159,60,010,010,MECKLENBURG, ,18378.4185916,15721632.0513383,18378.4185915577
152,160,33,0101,TARBORO 1,EDGECOMBE, ,104819.355097,286264455.606429,104819.355096538
153,161,74,0101,ARTHUR,PITT, ,178528.380123,919096586.68508,178528.38012336
154,162,33,0102,TARBORO 2,EDGECOMBE, ,90605.0360091,335699130.38451,90605.0360091016
155,163,33,0103,TARBORO 3,EDGECOMBE, ,62098.02638,223799871.698402,62098.0263800247
156,164,33,0104,TARBORO 4,EDGECOMBE, ,97968.6118121,190073478.539006,97968.6118120541
157,142,92,01-39,01-39,WAKE, ,24398.533428,31100600.1681909,24398.533427976
158,1794,41,G39,G39,GUILFORD, ,26646.7237286,32107731.3193733,26646.7237285755
159,143,92,01-40,01-40,WAKE, ,44280.2969381,84949547.567393,44280.2969380578
160,144,92,01-41,01-41,WAKE, ,20414.6578082,21492293.9327796,20414.6578081577
161,166,90,011,EUTO BAPTIST CHURCH,UNION, ,220616.247724,1609165241.99092,220616.247724017
162,145,92,01-42,01-42,WAKE, ,32755.9716464,55038128.5569113,32755.9716464471
163,211,13,02-01,02-01,CABARRUS, ,52067.1779771,112784309.523248,52067.1779771425
164,212,92,02-01,02-01,WAKE, ,43794.0856844,105610338.848128,43794.0856844207
165,146,92,01-43,01-43,WAKE, ,26634.2963086,24989821.5130193,26634.2963085559
166,147,92,01-44,01-44,WAKE, ,23306.3933943,31862966.1475921,23306.3933942574
167,213,92,02-02,02-02,WAKE, ,95141.3270767,418771607.264169,95141.3270766936
168,149,92,01-46,01-46,WAKE, ,29630.0825604,45084260.7220712,29630.0825604226
169,150,92,01-47,01-47,WAKE, ,30269.1807085,31449469.0771712,30269.1807084774
170,151,92,01-48,01-48,WAKE, ,34396.2169843,30921503.4667688,34396.2169843191
171,205,32,02,GEORGE WATTS ELEMENTARY,DURHAM, ,25835.1706862,18911409.7360983,25835.170686196
172,152,92,01-49,01-49,WAKE, ,26499.3442415,31270004.8375115,26499.3442415399
173,167,60,011,011,MECKLENBURG, ,31943.9372936,45810188.6349058,31943.9372936399
174,153,92,01-50,01-50,WAKE, ,33769.1334798,36442520.0104924,33769.13347975
175,168,93,011,FORK,WARREN, ,219988.286256,1144967976.12324,219988.286255518
176,169,90,012,BETHLEHEM PRESBYTERIAN CHURCH,UNION, ,156911.347505,902366531.027599,156911.347504742
177,156,11,01.1,STEPHENS LEE COMMUNITY CENTER,BUNCOMBE, ,27198.1879707,26801002.434704,27198.187970709
178,172,93,012,ROANOKE,WARREN, ,110490.022807,368974665.465593,110490.022806685
179,228,60,020,020,MECKLENBURG, ,21136.7872781,24641708.8839051,21136.7872781209
180,229,74,0200A,AYDEN A,PITT, ,132461.092129,588692487.446481,132461.092128934
181,230,74,0200B,AYDEN B,PITT, ,100328.935913,365328981.574219,100328.935913072
182,231,33,0201,CONETOE,EDGECOMBE, ,151827.663469,1150003726.83031,151827.663468709
183,234,90,021,WALKERSVILLE PRESBYTERIAN CHURCH,UNION, ,143542.368412,802822504.952308,143542.368411854
184,173,90,013,UNIONVILLE VFD,UNION, ,93729.3674092,434037684.115826,93729.3674091551
185,174,93,013,NORLINA,WARREN, ,22233.9135978,31209384.9643252,22233.9135977884
186,176,60,013,013,MECKLENBURG, ,31871.118566,37156957.3061012,31871.1185659975
187,219,13,02-05,02-05,CABARRUS, ,47535.2334558,105252303.886564,47535.2334557968
188,177,60,014,014,MECKLENBURG, ,35947.8655304,36769765.0123851,35947.8655303627
189,235,60,021,021,MECKLENBURG, ,21143.860225,21073383.7088723,21143.8602249897
190,179,93,014,EAST WARRENTON,WARREN, ,143046.138041,661709129.764906,143046.138040527
191,220,13,02-06,02-06,CABARRUS, ,50626.1884857,75430071.0096633,50626.1884857296
192,180,90,014,INDIAN TRAIL LIBRARY,UNION, ,75209.3118127,148244671.990886,75209.3118127032
193,181,90,015,STALLINGS UNITED METHODIST CHURCH,UNION, ,86464.4237882,92893049.8942144,86464.4237881855
194,242,60,024,024,MECKLENBURG, ,29561.1258163,38533453.5684643,29561.1258163221
195,183,60,015,015,MECKLENBURG, ,23168.5884643,25333806.9418252,23168.5884642971
196,184,90,016,HEMBY BRIDGE ELEMENTARY SCHOOL,UNION, ,87013.8756255,211319089.556762,87013.8756254921
197,243,90,024,PROSPECT ELEMENTARY SCHOOL,UNION, ,151240.959737,1175692768.53145,151240.959736602
198,244,90,025,ROCK REST ELEMENTARY SCHOOL,UNION, ,136992.418376,773865145.056363,136992.418376183
199,185,60,016,016,MECKLENBURG, ,35547.0320095,51869528.702533,35547.0320094596
200,207,5,02,CLIFTON,ASHE, ,175565.649902,806607870.704469,175565.649902091
201,186,60,017,017,MECKLENBURG, ,24450.9747758,35111857.4062229,24450.9747757526
202,187,90,017A,WESLEY CHAPEL ELEMENTARY SCHOOL,UNION, ,71634.4927332,124198207.335344,71634.4927331737
203,188,90,017B,SILER PRESBYTERIAN CHURCH,UNION, ,67140.8777711,201907290.71994,67140.8777710659
204,189,60,018,018,MECKLENBURG, ,18285.9669636,15619096.2215952,18285.9669635919
205,190,90,018,PROVIDENCE VFD,UNION, ,59222.2968713,137710496.454471,59222.2968712502
206,208,78,02,BACK SWAMP,ROBESON, ,179868.991834,1034510162.19404,179868.991833509
207,209,35,02,WEST LOUISBURG COUNTRY,FRANKLIN, ,190137.696415,611961272.572283,190137.696415077
208,210,6,02,BANNER ELK,AVERY, ,166263.858405,774374017.058079,166263.858405324
209,254,90,028D,KENSINGTON ELEMENTARY SCHOOL,UNION, ,61035.8752828,137817837.457027,61035.875282755
210,191,60,019,019,MECKLENBURG, ,30863.2706475,29649217.65186,30863.2706474508
211,193,56,02,SOUTH FRANKLIN,MACON, ,76448.5938212,109476823.31442,76448.5938211547
212,194,25,02,HAVELOCK,CRAVEN, ,314659.445953,3289855215.29203,314659.44595324
213,195,18,02,BANOAK,CATAWBA, ,151025.706207,936714326.419578,151025.706207305
214,196,77,02,ROCKINGHAM  2,RICHMOND, ,173732.092999,797609019.595283,173732.092999276
215,197,47,02,ANTIOCH,HOKE, ,140959.74191,982807525.487849,140959.741909951
216,198,1,02,COBLE,ALAMANCE, ,131202.36103,852078018.971781,131202.361029757
217,199,85,02,SANDY RIDGE,STOKES, ,178824.010143,1562220296.24694,178824.010142904
218,200,61,02,BRADSHAW,MITCHELL, ,148609.632212,614461219.40877,148609.632212349
219,201,30,02,SOUTH CALAHALN,DAVIE, ,160182.444954,620221575.596574,160182.444954361
220,202,95,02,BEAVER DAM,WATAUGA, ,138486.557127,746852844.744449,138486.557126815
221,203,80,02,BLACKWELDER PARK,ROWAN, ,66447.5642594,60749763.3673989,66447.5642593907
222,204,96,02,02,WAYNE, ,208022.655606,1779550209.49635,208022.655606004
223,214,13,02-02,02-02,CABARRUS, ,67181.0901001,120157859.243118,67181.0901000652
224,215,13,02-03,02-03,CABARRUS, ,122806.180853,272520615.292331,122806.180853344
225,216,92,02-03,02-03,WAKE, ,100461.899757,216247604.204733,100461.899757279
226,217,92,02-04,02-04,WAKE, ,63722.3148901,182098463.035405,63722.3148900934
227,218,92,02-05,02-05,WAKE, ,26593.4910765,31969869.8929478,26593.4910765146
228,221,92,02-06,02-06,WAKE, ,44355.4672895,104178748.463593,44355.4672895487
229,222,13,02-07,02-07,CABARRUS, ,39267.859246,80904632.6360117,39267.8592459902
230,224,13,02-09,02-09,CABARRUS, ,63224.9747619,217478564.698361,63224.9747619015
231,225,83,02-25,02-25/02,SCOTLAND, ,159310.765138,1156973721.96834,159310.765137777
232,226,100,02 CAN,CANE RIVER,YANCEY, ,138188.597143,709902949.556586,138188.597142682
233,223,13,02-08,02-08,CABARRUS, ,72003.4238674,250733480.592643,72003.4238673845
234,749,13,12-08,12-08,CABARRUS, ,33956.4299104,50578171.5743204,33956.4299103727
235,750,92,12-08,12-08,WAKE, ,68559.8573597,160910235.304912,68559.8573596643
236,227,11,02.1,MONTFORD COMMUNITY CENTER,BUNCOMBE, ,27752.9140336,36878955.4696257,27752.9140336152
237,10091,34,707,GREEK ORTHODOX CHURCH,FORSYTH, ,29722.6009927,28519897.4257695,29722.6009927384
238,237,84,0212,North_Albemarle 2,STANLY, ,86816.0850669,307109350.045779,86816.0850668821
239,238,90,022,TIRZAH PRESBYTERIAN CHURCH,UNION, ,113117.123191,486613964.327973,113117.123191085
240,239,60,022,022,MECKLENBURG, ,30869.703937,48993314.665621,30869.7039369575
241,240,90,023,GRIFFITH ROAD VFD,UNION, ,104265.998306,343164064.394298,104265.99830646
242,241,60,023,023,MECKLENBURG, ,29709.5764874,40090840.5605383,29709.5764874177
243,245,60,025,025,MECKLENBURG, ,21867.5447671,24383458.5622317,21867.5447671396
244,246,90,026,UNION BAPTIST CHURCH,UNION, ,181221.565475,1410367611.3034,181221.565475216
245,247,60,026,026,MECKLENBURG, ,38521.8233285,73647127.4749344,38521.8233285438
246,248,90,027,ALLENS CROSSROADS VFD,UNION, ,175176.502057,1244684817.1735,175176.502056706
247,249,60,027,027,MECKLENBURG, ,44435.8447438,76111436.5267765,44435.8447438346
248,250,60,028,028,MECKLENBURG, ,31642.0039928,32689213.9670877,31642.0039927844
249,251,90,028A,SANDY RIDGE ELEMENTARY SCHOOL,UNION, ,92213.8008883,183233964.157109,92213.8008883372
250,252,90,028B,MARVIN ELEMENTARY SCHOOL,UNION, ,48842.0838267,92910657.1069089,48842.0838266898
251,253,90,028C,MARVIN AME ZION CHURCH,UNION, ,72397.5956878,84639181.7265562,72397.5956877792
252,255,60,029,029,MECKLENBURG, ,26338.9282731,23994979.8309337,26338.9282731455
253,256,90,029A,SHILOH ELEMENTARY SCHOOL,UNION, ,42322.6722367,62580128.0246534,42322.6722366685
254,1242,32,34-1,PEARSONTOWN ELEMENTARY,DURHAM, ,30944.9558453,48347496.1207239,30944.9558452677
255,257,90,029B,BRANDON OAKS CLUBHOUSE,UNION, ,27076.7495398,28555947.9205368,27076.7495398479
256,258,90,029C,STALLINGS VFD,UNION, ,57025.396518,84251441.1963301,57025.396518028
257,282,60,030,030,MECKLENBURG, ,25197.3754023,35098902.2901807,25197.3754023063
258,283,33,0301,SPEED,EDGECOMBE, ,213798.041529,1605437192.13372,213798.041528559
259,284,74,0301,BELVOIR,PITT, ,208844.138733,1511278541.59549,208844.138733078
260,259,83,03,03,SCOTLAND, ,65440.2357509,227017059.366816,65440.2357509348
261,260,47,03,BLUE SPRINGS,HOKE, ,156182.918861,860146530.223091,156182.918861216
262,262,18,03,BLACKBURN,CATAWBA, ,172984.095415,835263787.637329,172984.095415073
263,263,56,03,EAST FRANKLIN,MACON, ,114413.254612,319270324.880725,114413.254612227
264,264,96,03,03,WAYNE, ,136911.01308,662498650.819806,136911.013079844
265,265,95,03,BLOWING ROCK,WATAUGA, ,136099.252677,553245926.739316,136099.252676516
266,266,5,03,CRESTON,ASHE, ,192205.487264,806448705.885008,192205.48726426
267,267,78,03,BRITTS,ROBESON, ,201569.223777,705244162.393137,201569.223777154
268,268,30,03,CLARKSVILLE,DAVIE, ,159824.34592,1089756329.7229,159824.345920197
269,296,60,034,034,MECKLENBURG, ,29301.4957075,46175751.391669,29301.4957074577
270,270,80,03,BOSTIAN CROSS ROAD,ROWAN, ,81632.1364619,258173051.179597,81632.1364618586
271,271,61,03,CANE CREEK,MITCHELL, ,104998.997481,498735371.834504,104998.99748095
272,272,25,03,TRENT WOODS,CRAVEN, ,57438.1785885,98713036.716285,57438.1785884653
273,273,85,03,LAWSONVILLE,STOKES, ,213649.175444,1180438538.10996,213649.175444267
274,274,32,03,E K POWE ELEMENTARY,DURHAM, ,16562.6939988,16043792.6851656,16562.6939988251
275,275,35,03,WEST FRANKLINTON,FRANKLIN, ,161666.382624,716513544.652436,161666.382623982
276,276,6,03,BEECH MOUNTAIN,AVERY, ,108051.001645,380826594.116185,108051.001645465
277,278,13,03-00,03-00,CABARRUS, ,105470.354248,602281951.784937,105470.354248002
278,279,100,03 EGY,EGYPT,YANCEY, ,137389.599833,652012141.552612,137389.599832872
279,280,11,03.1,ST MARKS LUTHERAN CHURCH,BUNCOMBE, ,19281.3585964,18696935.3122491,19281.3585964159
280,297,60,035,035,MECKLENBURG, ,20115.2701155,21407502.7218597,20115.2701154647
281,298,90,035,ROCK HILL AME ZION CHURCH,UNION, ,47364.8641499,49418117.6497755,47364.8641499478
282,299,1,035,BOONE 5,ALAMANCE, ,89339.481837,295627979.283395,89339.4818369819
283,300,90,036,CROSSROADS AME ZION CHURCH,UNION, ,166806.575528,1221995375.60317,166806.575527754
284,285,90,031,GRACE BAPTIST CHURCH,UNION, ,82004.9052522,243797885.317156,82004.9052522012
285,304,90,037B,LIFELINE COMMUNITY CHURCH,UNION, ,21178.892865,24535677.5380405,21178.892864966
286,287,60,031,031,MECKLENBURG, ,37801.3293187,56994170.6446812,37801.3293186878
287,288,60,032,032,MECKLENBURG, ,20999.9171543,20198982.4482998,20999.917154273
288,290,90,032,FAIRVIEW ELEMENTARY SCHOOL,UNION, ,103300.630619,430676741.931111,103300.630618754
289,291,90,033,WAXHAW ELEMENTARY SCHOOL,UNION, ,143401.821229,486817704.705287,143401.821228781
290,293,60,033,033,MECKLENBURG, ,23978.6835121,35165455.8998754,23978.6835121416
291,294,90,034,MIDWAY BAPTIST CHURCH,UNION, ,152104.364298,752265047.588857,152104.36429814
292,301,60,036,036,MECKLENBURG, ,28198.8078826,34802012.6719988,28198.8078826251
293,302,60,037,037,MECKLENBURG, ,21421.8761723,21467776.1191741,21421.8761722708
294,303,90,037A,NEXT LEVEL CHURCH,UNION, ,77814.799133,125219455.049641,77814.7991329921
295,305,60,038,038,MECKLENBURG, ,20214.3567047,19286061.9074853,20214.356704748
296,307,90,038B,LAKE PARK COMMUNITY CENTER,UNION, ,27996.6524604,21619528.6738178,27996.6524604108
297,306,90,038A,SARDIS ELEMENTARY SCHOOL,UNION, ,69509.5748622,114152347.226865,69509.5748622359
298,310,81,03A,BOSTIC-SUNSHINE,RUTHERFORD, ,218382.341736,922711341.925754,218382.341736212
299,311,3,03A,GAP CIVIL,ALLEGHANY, ,225603.646462,2025802650.75025,225603.64646173
300,308,60,039,039,MECKLENBURG, ,71088.6601349,215802383.059032,71088.6601349476
301,309,90,039,PORTER RIDGE ELEMENTARY SCHOOL,UNION, ,88661.1359002,391533335.482957,88661.1359002067
302,312,1,03C,CENTRAL BOONE,ALAMANCE, ,52856.9515255,57171697.893685,52856.9515255054
303,314,1,03N2,NORTH BOONE 2,ALAMANCE, ,18197.3808312,8314734.44379029,18197.3808311899
304,313,1,03N,NORTH BOONE,ALAMANCE, ,50540.5922008,54253617.3693207,50540.5922008386
305,316,1,03W,WEST BOONE,ALAMANCE, ,59540.5194305,65833960.2317667,59540.5194304645
306,317,6,04,CAREYS FLAT,AVERY, ,157117.795499,1222880531.10014,157117.795498934
307,318,47,04,BUCHAN,HOKE, ,137351.239707,652666401.679907,137351.239706642
308,319,61,04,GRASSY CREEK,MITCHELL, ,230289.26248,1586154843.20709,230289.262479965
309,320,78,04,BURNT SWAMP,ROBESON, ,123476.720467,497397075.978395,123476.720466762
310,321,1,04,MORTON,ALAMANCE, ,150870.33475,1032963978.47382,150870.334749647
311,322,3,04,GLADE CREEK,ALLEGHANY, ,154916.293365,1111075384.29061,154916.293365298
312,332,30,04,COOLEEMEE,DAVIE, ,94676.3336889,271074559.122699,94676.3336889165
313,333,96,04,04,WAYNE, ,111006.375679,642336579.960636,111006.375678577
314,334,29,04,ARCADIA 04,DAVIDSON, ,78112.9278451,325901522.505077,78112.9278451424
315,336,83,04,04,SCOTLAND, ,113502.832169,291298780.820575,113502.832168622
316,340,92,04-03,04-03,WAKE, ,22996.9674889,31052966.3574784,22996.9674888835
317,337,92,04-01,04-01,WAKE, ,21521.7496367,24248268.4563914,21521.7496366998
318,341,13,04-03,04-03,CABARRUS, ,36681.9385591,62709022.3971765,36681.9385590508
319,338,13,04-01,04-01,CABARRUS, ,55266.9089162,75215070.3258453,55266.9089162044
320,355,13,04-13,04-13,CABARRUS, ,55546.6725534,113714281.393615,55546.6725533925
321,339,92,04-02,04-02,WAKE, ,38505.8259525,62288025.9918838,38505.8259524796
322,342,92,04-04,04-04,WAKE, ,19063.7699141,18003217.760934,19063.7699141165
323,343,92,04-05,04-05,WAKE, ,89159.4875654,205554368.700593,89159.4875653792
324,344,92,04-06,04-06,WAKE, ,30837.958616,43962628.7912757,30837.9586160094
325,368,60,040,040,MECKLENBURG, ,30642.9558422,33092942.7853457,30642.9558422135
326,369,33,0401,LAWRENCE,EDGECOMBE, ,169588.576682,936480532.584621,169588.576682499
327,370,74,0401,BETHEL,PITT, ,169765.223234,1162092099.59746,169765.223233515
328,371,90,041,WEDDINGTON ELEMENTARY SCHOOL,UNION, ,108055.38986,255387056.380836,108055.389860378
329,345,92,04-07,04-07,WAKE, ,31431.5850084,56474954.9732066,31431.5850084272
330,10095,34,802,SUMMIT SCHOOL,FORSYTH, ,27776.7647094,30986402.8519443,27776.764709406
331,346,13,04-08,04-08,CABARRUS, ,71082.1450006,130085116.231649,71082.1450006026
332,347,92,04-08,04-08,WAKE, ,31853.9249506,30013234.2512852,31853.9249506009
333,1766,41,G18,G18,GUILFORD, ,21858.342994,19914715.6801961,21858.3429939991
334,348,13,04-09,04-09,CABARRUS, ,73457.768356,241397007.175466,73457.7683559532
335,349,92,04-09,04-09,WAKE, ,35927.5925026,45435877.455225,35927.5925026448
336,350,92,04-10,04-10,WAKE, ,37150.5920773,36099133.5274051,37150.5920772834
337,375,60,042,042,MECKLENBURG, ,23934.4984889,26950222.463357,23934.4984889222
338,351,92,04-11,04-11,WAKE, ,25857.9896655,25094516.865502,25857.9896655041
339,376,60,043,043,MECKLENBURG, ,23293.1820916,30823330.3378948,23293.1820915897
340,352,13,04-11,04-11,CABARRUS, ,48615.664828,69307122.5944435,48615.6648279948
341,377,90,043,THE BAZEMORE CENTER,UNION, ,28865.1199744,36766500.2995628,28865.1199744252
342,353,13,04-12,04-12,CABARRUS, ,66045.7006932,85967991.6945214,66045.7006932227
343,354,92,04-12,04-12,WAKE, ,31606.4732757,44304923.3464379,31606.4732757302
344,356,92,04-13,04-13,WAKE, ,40102.2899581,48973083.6949968,40102.2899581015
345,357,92,04-14,04-14,WAKE, ,24720.604028,22412402.1554332,24720.6040280171
346,380,60,045,045,MECKLENBURG, ,18104.9292089,20201223.0376521,18104.9292089132
347,358,92,04-15,04-15,WAKE, ,28309.3436369,33032196.6598322,28309.3436369157
348,359,92,04-16,04-16,WAKE, ,25736.6422822,20874933.2859151,25736.6422822173
349,10096,34,803,WHITAKER ELEMENTARY,FORSYTH, ,23138.7173378,25280678.3706424,23138.7173377614
350,360,92,04-17,04-17,WAKE, ,20309.1103014,20261841.8762265,20309.1103013708
351,383,60,048,048,MECKLENBURG, ,27622.66135,32866385.4944364,27622.6613500364
352,361,92,04-18,04-18,WAKE, ,40461.9425714,68081028.2319916,40461.9425714397
353,362,92,04-19,04-19,WAKE, ,19416.0486204,17390221.676585,19416.0486203897
354,384,60,049,049,MECKLENBURG, ,21456.9307992,19481126.8013989,21456.9307992105
355,385,81,04A,CAMP CREEK-MT VERNON,RUTHERFORD, ,228386.255668,1900437180.91654,228386.25566833
356,386,30,05,FARMINGTON,DAVIE, ,182641.585151,954098096.019529,182641.585151185
357,388,47,05,MCCAIN,HOKE, ,258216.864971,2732714384.12306,258216.864971344
358,389,18,05,CATAWBA,CATAWBA, ,142542.723952,663662660.036126,142542.723951511
359,363,92,04-20,04-20,WAKE, ,27212.6175863,38532922.0922599,27212.6175862839
360,390,95,05,BOONE 1,WATAUGA, ,20852.2410987,15946140.4850109,20852.2410987452
361,391,1,05,FAUCETTE,ALAMANCE, ,144027.795137,993467124.038843,144027.795137317
362,392,56,05,UNION,MACON, ,116992.310267,470177011.143774,116992.310266803
363,364,92,04-21,04-21,WAKE, ,20312.0276887,15203487.6599868,20312.027688679
364,365,100,04 RAM,RAMSEYTOWN,YANCEY, ,156035.929075,987453614.706562,156035.92907451
365,366,11,04.1,NORTH ASHEVILLE COMMUNITY CENTER,BUNCOMBE, ,32189.5243144,14339413.8595987,32189.5243143735
366,367,90,040,SPIRIT OF JOY LUTHERAN CHURCH,UNION, ,63904.2010585,131747656.996441,63904.2010584636
367,1767,41,G19,G19,GUILFORD, ,23283.1013049,27963854.8968596,23283.101304909
368,372,60,041,041,MECKLENBURG, ,59480.7397365,96115989.4457919,59480.739736506
369,373,90,042,NEW SALEM BAPTIST CHURCH,UNION, ,74753.244199,127099771.955962,74753.2441989722
370,379,60,044,044,MECKLENBURG, ,27940.8978401,27729642.1183315,27940.8978401209
371,381,60,046,046,MECKLENBURG, ,28515.9211529,27996380.6235447,28515.9211529362
372,382,60,047,047,MECKLENBURG, ,29655.873408,30417764.8970714,29655.8734080271
373,393,6,05,CRANBERRY,AVERY, ,96212.428305,254343442.043001,96212.4283049884
374,394,35,05,EAST HARRIS,FRANKLIN, ,150095.571266,1013810289.32529,150095.571265796
375,1771,41,G20,G20,GUILFORD, ,34294.4342426,35641896.9941533,34294.434242637
376,395,32,05,PATTERSON REC CENTER,DURHAM, ,33687.3859871,64879362.6409902,33687.3859871221
377,396,25,05,RIVER BEND,CRAVEN, ,51879.2625292,79906351.4887591,51879.2625291925
378,397,61,05,HARRELL,MITCHELL, ,142424.138857,1001528428.02989,142424.138856671
379,398,96,05,05,WAYNE, ,83537.9856401,220006292.573332,83537.9856400948
380,401,13,05-00,05-00,CABARRUS, ,106501.52866,638203929.198288,106501.528660235
381,402,92,05-01,05-01,WAKE, ,40343.4599844,44262932.0663051,40343.4599843994
382,403,92,05-03,05-03,WAKE, ,82813.355497,107313576.856567,82813.3554970339
383,404,92,05-05,05-05,WAKE, ,102473.120734,428326924.389561,102473.120733551
384,405,92,05-06,05-06,WAKE, ,34760.4965985,73290710.1177401,34760.4965985102
385,407,92,05-08,05-08,WAKE, ,67105.4931981,201664535.748716,67105.4931981251
386,408,83,05-10,05-10/05,SCOTLAND, ,168465.985123,1004061978.90016,168465.985123311
387,409,100,05 GRE,GREEN MOUNTAIN,YANCEY, ,124136.79676,335958833.034419,124136.796759677
388,410,11,05.1,ST EUGENES CHURCH,BUNCOMBE, ,48544.2886273,59292651.4817046,48544.2886272658
389,411,60,050,050,MECKLENBURG, ,25665.821682,31390435.403955,25665.8216820204
390,412,33,0501,LEGGETT,EDGECOMBE, ,205336.94254,985076713.067436,205336.942540091
391,413,74,0501,CAROLINA,PITT, ,263013.660408,1638887191.46469,263013.66040822
392,414,85,0506,Francisco,STOKES, ,214377.833213,1404425906.23466,214377.833213383
393,469,60,065,065,MECKLENBURG, ,19147.1547127,18114073.2637682,19147.1547126879
394,415,60,051,051,MECKLENBURG, ,27128.6307689,25010712.8780702,27128.6307688903
395,418,60,052,052,MECKLENBURG, ,36649.9928945,66351949.4030439,36649.9928945103
396,422,60,054,054,MECKLENBURG, ,27648.6067444,40987385.5069358,27648.6067443868
397,420,60,053,053,MECKLENBURG, ,56927.8827599,109815777.478815,56927.8827598562
398,425,60,056,056,MECKLENBURG, ,34886.5134396,57787284.7475717,34886.5134395876
399,424,60,055,055,MECKLENBURG, ,19089.1953883,19939995.9995151,19089.195388259
400,1774,41,G23,G23,GUILFORD, ,17919.3312048,15037286.4436754,17919.3312048425
401,426,60,057,057,MECKLENBURG, ,29273.6178991,30747849.1493151,29273.6178991141
402,427,60,058,058,MECKLENBURG, ,25091.4276944,20738087.1038743,25091.4276944325
403,1775,41,G24,G24,GUILFORD, ,16157.4601987,14440864.7017948,16157.4601986597
404,428,60,059,059,MECKLENBURG, ,21299.5623624,16985962.09165,21299.5623623926
405,429,80,05A,CHINA GROVE,ROWAN, ,89959.433683,323510938.178369,89959.4336829906
406,430,81,05A,CAROLEEN-CLIFFSIDE,RUTHERFORD, ,175885.74876,641929851.247309,175885.748759943
407,431,78,05A,FAIRMONT,ROBESON, ,167262.228016,970329265.131672,167262.228016292
408,432,95,06,BOONE 2,WATAUGA, ,17997.5631697,12434850.778832,17997.5631697272
409,433,61,06,LITTLE ROCK CREEK,MITCHELL, ,127426.762795,636699341.371144,127426.762795059
410,434,29,06,BOONE 06,DAVIDSON, ,147394.403706,985787832.285834,147394.403706061
411,435,18,06,CLAREMONT,CATAWBA, ,91420.004778,305864588.146013,91420.0047779899
412,437,6,06,ELK PARK,AVERY, ,75188.7279731,257193131.199896,75188.7279730952
413,439,32,06,LAKEWOOD SCHOOL,DURHAM, ,35008.3250732,57157381.9410561,35008.3250731692
414,440,96,06,06,WAYNE, ,77770.8927371,342487278.724398,77770.8927371481
415,441,5,06,HELTON,ASHE, ,140331.040901,511299980.831209,140331.04090056
416,442,30,06,FULTON,DAVIE, ,186338.548273,781137295.14709,186338.548273331
417,445,13,06-00,06-00,CABARRUS, ,112069.332254,715968074.825755,112069.332254169
418,443,35,06,BUNN,FRANKLIN, ,114953.484754,519663556.421957,114953.484754391
419,444,56,06,MILLSHOAL,MACON, ,189824.960052,768944116.618324,189824.960051975
420,465,60,063,063,MECKLENBURG, ,24259.8019546,29199069.327436,24259.8019545795
421,446,92,06-04,06-04,WAKE, ,35705.3916322,65045940.383516,35705.3916321575
422,447,92,06-05,06-05,WAKE, ,43362.4079845,80923218.2984423,43362.4079845064
423,448,92,06-06,06-06,WAKE, ,36423.5070371,81631890.2121538,36423.5070371391
424,449,92,06-07,06-07,WAKE, ,43232.9486588,88327151.9186214,43232.9486588388
425,450,92,06-08,06-08,WAKE, ,46211.1835222,48531047.53696,46211.1835222344
426,452,92,06-10,06-10,WAKE, ,109666.302938,493555802.747561,109666.302938327
427,453,83,06-89,06-89/06,SCOTLAND, ,315539.205202,3571285623.03343,315539.205201706
428,454,100,06 JAC,JACKS CREEK,YANCEY, ,128119.81323,606576946.744138,128119.813230257
429,455,11,06.1,TRINITY PRESBYTERIAN CHURCH,BUNCOMBE, ,27943.7811468,30752919.6243026,27943.7811468324
430,466,60,064,064,MECKLENBURG, ,20385.5451449,19212616.358584,20385.5451448729
431,456,60,060,060,MECKLENBURG, ,35217.57866,42899636.772606,35217.5786599596
432,457,74,0601,CHICOD,PITT, ,214751.860955,1793809369.16849,214751.860954784
433,458,33,0601,WHITAKERS,EDGECOMBE, ,322632.495517,1531918989.5312,322632.495516824
434,460,60,061,061,MECKLENBURG, ,29997.2221661,32858837.5365494,29997.2221661422
435,462,60,062,062,MECKLENBURG, ,22306.4123146,28322835.5046414,22306.4123146306
436,464,1,063,GRAHAM 3,ALAMANCE, ,49145.3170508,66849480.3311285,49145.317050769
437,467,1,064,GRAHAM 4,ALAMANCE, ,56827.7051279,183131568.802658,56827.7051279166
438,1776,41,G25,G25,GUILFORD, ,21248.6321374,19259050.9912935,21248.6321374428
439,505,92,07-02,07-02,WAKE, ,18684.0314889,19898043.3904277,18684.0314889371
440,471,60,066,066,MECKLENBURG, ,21282.4043818,21406578.8611303,21282.4043817932
441,474,60,067,067,MECKLENBURG, ,21935.8336135,29006465.1112974,21935.8336135141
442,476,60,068,068,MECKLENBURG, ,22600.3173317,21362545.9098183,22600.3173317355
443,477,60,069,069,MECKLENBURG, ,56153.6789947,67112803.5085033,56153.6789946841
444,478,81,06A,CHIMNEY ROCK,RUTHERFORD, ,222397.055744,1824889013.82467,222397.055743925
445,479,3,06A,PRATHERS CREEK,ALLEGHANY, ,235093.465428,2317604527.0047,235093.465427977
446,482,1,06N,NORTH GRAHAM,ALAMANCE, ,32699.5284978,45818570.3350603,32699.5284977731
447,483,1,06S,SOUTH GRAHAM,ALAMANCE, ,58327.9964278,143630586.716948,58327.996427761
448,480,47,06B,PUPPY CREEK,HOKE, ,75091.5538388,261502540.843035,75091.5538387774
449,481,1,06E,EAST GRAHAM,ALAMANCE, ,52840.2683695,74385930.8723238,52840.2683695201
450,490,18,07,CONOVER WEST,CATAWBA, ,81900.5036743,227815034.391841,81900.5036742991
451,491,83,07,07,SCOTLAND, ,262926.31924,1975824245.64804,262926.319239529
452,492,35,07,PEARCES,FRANKLIN, ,86259.802109,352017298.086513,86259.8021089786
453,493,56,07,ELLIJAY,MACON, ,162651.469268,708074089.773346,162651.469268369
454,494,95,07,BRUSHY FORK,WATAUGA, ,124828.640118,348982468.927493,124828.64011831
455,484,1,06W,WEST GRAHAM,ALAMANCE, ,24961.5550921,21299958.7262898,24961.5550921127
456,485,6,07,FRANK,AVERY, ,43400.5843981,85840124.43342,43400.5843980661
457,486,1,07,ALBRIGHT,ALAMANCE, ,106270.829849,598558097.348275,106270.829848552
458,488,30,07,JERUSALEM,DAVIE, ,176432.560738,635468003.939395,176432.560738351
459,489,80,07,CLEVELAND,ROWAN, ,136054.162747,795958286.522247,136054.162746648
460,498,78,07,GADDYS,ROBESON, ,110330.00276,538343722.799244,110330.002759715
461,499,85,07,REYNOLDS,STOKES, ,184180.445907,512858452.550735,184180.445906948
462,1779,41,G28,G28,GUILFORD, ,17663.5918338,13890536.322002,17663.5918338086
463,501,25,07,JASPER,CRAVEN, ,279623.57474,2043850718.34732,279623.574740022
464,502,5,07,HORSE CREEK,ASHE, ,125263.636513,507430342.205298,125263.636513231
465,503,13,07-00,07-00,CABARRUS, ,116025.581342,743918691.286121,116025.58134217
466,506,92,07-03,07-03,WAKE, ,25793.6826019,21869428.9427019,25793.6826019059
467,504,92,07-01,07-01,WAKE, ,35600.3127526,31487505.1385759,35600.3127525864
468,1780,41,G29,G29,GUILFORD, ,28863.4587188,40713171.327805,28863.458718798
469,507,92,07-04,07-04,WAKE, ,34489.6666704,38076299.6278295,34489.6666703549
470,508,92,07-05,07-05,WAKE, ,23094.6178304,26608556.6293754,23094.6178304346
471,510,92,07-07,07-07,WAKE, ,28635.170979,34237611.291696,28635.170979018
472,509,92,07-06,07-06,WAKE, ,28901.3705051,37448804.9426145,28901.3705051495
473,513,92,07-11,07-11,WAKE, ,17295.2195596,18179825.873899,17295.219559575
474,511,92,07-09,07-09,WAKE, ,28126.9211029,36211714.6907261,28126.9211028722
475,512,92,07-10,07-10,WAKE, ,71859.2351565,187995559.53726,71859.2351564526
476,514,92,07-12,07-12,WAKE, ,30663.6438463,40263710.2637003,30663.6438462616
477,524,60,072,072,MECKLENBURG, ,18854.4911392,21107406.1347147,18854.4911392134
478,515,92,07-13,07-13,WAKE, ,21462.3598549,23350847.16197,21462.3598549286
479,516,100,07 BRU,BRUSH CREEK,YANCEY, ,104436.61403,345609478.166027,104436.614029801
480,536,61,08,RED HILL,MITCHELL, ,95328.9976514,258858357.441992,95328.9976514474
481,537,85,08,FLINTY KNOLL,STOKES, ,199030.742202,750367030.217378,199030.742201743
482,755,13,12-11,12-11,CABARRUS, ,36681.7356453,41629364.3958571,36681.7356452726
483,517,11,07.1,KENILWORTH PRESBYTERIAN CHURCH,BUNCOMBE, ,31973.6698543,34447773.4447071,31973.6698542524
484,518,60,070,070,MECKLENBURG, ,32461.6226845,38579600.3044518,32461.6226845202
485,519,33,0701,BATTLEBORO,EDGECOMBE, ,302368.306392,1489064997.9867,302368.306392325
486,520,74,0701,FALKLAND,PITT, ,200600.632832,1170640253.17114,200600.63283229
487,521,60,071,071,MECKLENBURG, ,29422.5851417,34768436.6846947,29422.5851416984
488,541,32,08,MOREHEAD MONTESSORI,DURHAM, ,20248.0490414,21268101.4911256,20248.0490414485
489,525,60,073,073,MECKLENBURG, ,20631.6216525,14798510.1096447,20631.6216525481
490,544,95,08,COVE CREEK,WATAUGA, ,133115.223131,675265923.458922,133115.223131083
491,545,56,08,SUGARFORK,MACON, ,154537.445498,814898321.463108,154537.445498322
492,546,78,08,EAST HOWELLSVILLE,ROBESON, ,145747.533256,1061353785.71284,145747.533256141
493,527,60,074,074,MECKLENBURG, ,27408.8764501,33749263.5247449,27408.8764500873
494,587,77,09,MARKS CREEK  2,RICHMOND, ,167389.765361,1142596308.51949,167389.765360536
495,588,30,09,SOUTH MOCKSVILLE,DAVIE, ,116154.192771,371070311.329683,116154.192771113
496,589,61,09,SNOW CREEK,MITCHELL, ,127293.584816,612428203.470474,127293.584815691
497,590,5,09,JEFFERSON,ASHE, ,201945.246951,920746684.29118,201945.246950985
498,591,56,09,HIGHLANDS,MACON, ,220736.764733,1601822019.03082,220736.764733265
499,592,85,09,PINNACLE,STOKES, ,193097.316519,713252186.440942,193097.316518987
500,593,96,09,09,WAYNE, ,172305.298265,489543483.464962,172305.298265448
501,594,95,09,ELK,WATAUGA, ,107714.925726,650353578.003321,107714.925725675
502,530,60,075,075,MECKLENBURG, ,26448.877375,37460441.691712,26448.877375003
503,531,60,076,076,MECKLENBURG, ,30609.7897557,36712107.5808741,30609.7897557154
504,532,60,077,077,MECKLENBURG, ,56987.6220498,95645943.2423499,56987.6220497614
505,533,60,078.1,078.1,MECKLENBURG, ,46017.5911207,109275583.084151,46017.5911207144
506,534,60,079,079,MECKLENBURG, ,50752.1917917,92738048.0436841,50752.1917917367
507,756,13,12-12,12-12,CABARRUS, ,36324.6669213,65504257.6199672,36324.6669213222
508,535,5,08,HURRICANE,ASHE, ,124323.055581,387544043.198317,124323.055581039
509,538,29,08,CENTRAL 08,DAVIDSON, ,59208.496757,97870206.6830637,59208.4967569872
510,539,6,08,HEATON,AVERY, ,59720.1749626,153024683.51209,59720.174962558
511,540,96,08,08,WAYNE, ,222460.133832,813966064.218127,222460.133832357
512,542,18,08,CONOVER EAST,CATAWBA, ,51603.8979841,125266012.831694,51603.897984106
513,543,30,08,NORTH MOCKS-CITY,DAVIE, ,89072.848191,102200072.198555,89072.8481909732
514,548,77,08,MARKS CREEK  1,RICHMOND, ,190741.04981,1392173431.18088,190741.049810411
515,549,80,08,SOUTH LOCKE,ROWAN, ,71527.3084111,251791337.678285,71527.3084111018
516,550,35,08,CYPRESS CREEK,FRANKLIN, ,158916.290157,1021728631.23047,158916.29015683
517,971,92,17-10,17-10,WAKE, ,22333.0516596,26997015.3928504,22333.0516595636
518,551,13,08-00,08-00,CABARRUS, ,131442.881277,870814108.583572,131442.881277377
519,552,92,08-02,08-02,WAKE, ,44046.9356058,59759314.1136153,44046.9356058409
520,553,92,08-03,08-03,WAKE, ,69988.8870891,135101126.449224,69988.887089141
521,554,92,08-04,08-04,WAKE, ,36571.1907479,70002249.1180808,36571.1907478896
522,1215,18,31,SHERRILLS FORD,CATAWBA, ,147426.324155,928154813.796441,147426.324154762
523,1216,32,31,BETHESDA RURITAN CLUB,DURHAM, ,81661.9687346,162566501.245169,81661.9687346154
524,1217,80,31,TRADING FORD,ROWAN, ,120414.537365,464284845.214674,120414.537364531
525,1219,36,32A,UNION,GASTON, ,118439.231115,451216898.507401,118439.231114696
526,1220,11,31.1,BILTMORE FOREST TOWN HALL,BUNCOMBE, ,61378.5683125,91179298.9122059,61378.5683125162
527,1221,32,32,NEAL MIDDLE SCHOOL,DURHAM, ,141553.911972,834530169.514345,141553.91197178
528,555,92,08-05,08-05,WAKE, ,24321.4920672,35975120.4426587,24321.4920671745
529,614,60,095,095,MECKLENBURG, ,22372.4209317,23687431.694904,22372.4209317221
530,556,92,08-06,08-06,WAKE, ,20112.9726424,14889289.1103564,20112.9726424397
531,557,92,08-07,08-07,WAKE, ,45146.2986969,94279492.9715888,45146.2986968939
532,558,92,08-08,08-08,WAKE, ,37045.9113444,67114330.0026179,37045.9113443706
533,559,92,08-09,08-09,WAKE, ,27387.363039,24411624.2903223,27387.3630389637
534,1795,26,G3A-1,PEARCES MILL 2-G3A-1,CUMBERLAND, ,34701.6906399,61776192.795293,34701.6906398677
535,560,92,08-10,08-10,WAKE, ,27553.3275178,37079837.5938907,27553.3275178034
536,1805,41,G42B,G42B,GUILFORD, ,14803.0425164,11070938.2617615,14803.0425164404
537,561,92,08-11,08-11,WAKE, ,36819.2736555,58692657.3973365,36819.2736554828
538,562,100,08 CRA,CRABTREE,YANCEY, ,174120.407861,818811320.975006,174120.407860614
539,563,11,08.2,SHILOH COMMUNITY CENTER,BUNCOMBE, ,37070.3397688,52842648.9356964,37070.339768798
540,564,11,08.3,FAITH TABERNACLE CHRISTIAN CENTER,BUNCOMBE, ,59213.4408111,80475583.571406,59213.4408111487
541,565,60,080,080,MECKLENBURG, ,47039.1251008,72274336.1689534,47039.1251008324
542,566,74,0800A,FARMVILLE A,PITT, ,123341.739596,538225548.114415,123341.739595802
543,567,74,0800B,FARMVILLE B,PITT, ,106942.202099,480993891.272102,106942.202098519
544,568,33,0801,OLD SPARTA,EDGECOMBE, ,181170.360426,1083945605.05815,181170.360425975
545,569,60,081,081,MECKLENBURG, ,57270.500759,112512999.281284,57270.500758994
546,1806,41,G43,G43,GUILFORD, ,30550.4563567,47085196.4701034,30550.4563567194
547,1807,41,G44,G44,GUILFORD, ,18630.7553157,16759210.3114573,18630.7553156924
548,1808,41,G45,G45,GUILFORD, ,16336.9149799,12718177.4127012,16336.9149798528
549,572,60,082,082,MECKLENBURG, ,41703.1333497,38913919.6887778,41703.1333497123
550,1809,41,G46,G46,GUILFORD, ,27944.143301,30183736.1868664,27944.1433009702
551,615,60,096,096,MECKLENBURG, ,26878.1987005,25787537.1735321,26878.1987005339
552,574,60,083,083,MECKLENBURG, ,41801.6749481,53187961.7317729,41801.6749480913
553,575,60,084,084,MECKLENBURG, ,24183.4817894,34115562.0481437,24183.4817893852
554,576,60,085,085,MECKLENBURG, ,31625.9320922,46093845.4321414,31625.9320921994
555,618,60,099,099,MECKLENBURG, ,35681.2112168,44735620.3796945,35681.2112167716
556,619,81,09A,DANIELTOWN-SULPHUR SPRINGS,RUTHERFORD, ,178063.306723,1282808860.88598,178063.306723275
557,620,1,09N,NORTH THOMPSON,ALAMANCE, ,90591.1946154,159907202.197488,90591.1946154297
558,621,1,09S,SOUTH THOMPSON,ALAMANCE, ,146508.740576,822446731.261129,146508.740576248
559,622,21,1,EAST EDENTON,CHOWAN, ,142558.33561,677754908.627087,142558.335610255
560,577,60,086,086,MECKLENBURG, ,29257.8298168,31593786.0902031,29257.8298168318
561,578,60,087,087,MECKLENBURG, ,38036.1308021,47909336.9717954,38036.1308020818
562,579,60,088,088,MECKLENBURG, ,33030.056147,36219952.443918,33030.0561470306
563,580,60,089,089,MECKLENBURG, ,71077.1495046,158009870.486153,71077.1495045991
564,581,1,08N,NORTH NEWLIN,ALAMANCE, ,188577.230075,948837621.802545,188577.230074999
565,582,1,08S,SOUTH NEWLIN,ALAMANCE, ,187972.655967,909872915.57732,187972.655966791
566,583,80,09,EAST ENOCHVILLE,ROWAN, ,71672.1652669,230558507.602466,71672.165266894
567,584,18,09,EAST MAIDEN,CATAWBA, ,108825.987967,420069098.687807,108825.987966793
568,595,32,09,FOREST HILLS CLUB HOUSE,DURHAM, ,32628.1957072,36239209.1246916,32628.1957072088
569,596,78,09,WEST HOWELLSVILLE,ROBESON, ,186231.676259,915952910.193385,186231.676258912
570,633,32,10,C C SPAULDING SCHOOL,DURHAM, ,18664.9493444,16870149.7780804,18664.9493443687
571,597,6,09,HUGHES,AVERY, ,61204.578766,121875397.377963,61204.5787660181
572,598,35,09,CEDAR ROCK,FRANKLIN, ,147219.941835,1273188429.75584,147219.941834846
573,599,13,09-00,09-00,CABARRUS, ,125734.117485,817842940.650257,125734.117484811
574,600,92,09-01,09-01,WAKE, ,136422.76572,722728924.542082,136422.765720082
575,601,92,09-02,09-02,WAKE, ,83125.548327,335829860.828268,83125.548327029
576,602,92,09-03,09-03,WAKE, ,111658.891505,441627453.930792,111658.891505019
577,603,100,09 SOU,SOUTH TOE,YANCEY, ,222120.472954,1682573347.05498,222120.47295443
578,641,13,10-00,10-00,CABARRUS, ,171794.71483,1265724342.30432,171794.714829641
579,642,92,10-01,10-01,WAKE, ,85112.9300051,265381286.341574,85112.9300051386
580,643,92,10-02,10-02,WAKE, ,93899.4218429,385844507.538447,93899.4218429414
581,644,92,10-03,10-03,WAKE, ,78622.1304269,172555351.209703,78622.1304269495
582,645,92,10-05,10-05,WAKE, ,119254.607417,438744957.787953,119254.607417046
583,604,11,09.1,MURPHY-OAKLEY COMMUNITY CENTER,BUNCOMBE, ,52515.599955,74811413.1657392,52515.5999549554
584,646,92,10-06,10-06,WAKE, ,63869.4782909,212912862.30617,63869.4782908757
585,647,100,10 PEN,PENSACOLA,YANCEY, ,165191.76764,1141295866.78607,165191.767640042
586,605,60,090,090,MECKLENBURG, ,31947.9521484,34708047.7281819,31947.9521484194
587,606,33,0901,MACCLESFIELD,EDGECOMBE, ,130180.078864,720867577.53836,130180.078863732
588,607,74,0901,FOUNTAIN,PITT, ,155131.256853,740115135.359182,155131.256852654
589,609,60,091,091,MECKLENBURG, ,59601.2135159,82140577.5218549,59601.2135159345
590,655,97,102,BOOMER,WILKES, ,178949.316393,939441799.291959,178949.316392822
591,611,60,092,092,MECKLENBURG, ,34618.8862878,48185861.6539395,34618.8862877749
592,10055,34,206,NORTH HILLS ELEMENTARY SCHOOL,FORSYTH, ,38582.4350365,56101324.1621861,38582.4350365489
593,612,60,093,093,MECKLENBURG, ,30112.4734794,40827081.0447096,30112.4734793624
594,10057,34,208,Brown & Douglas Recreation Center,FORSYTH, ,30057.9173873,38516632.5773528,30057.9173873375
595,613,60,094,094,MECKLENBURG, ,27823.4893471,24290110.233899,27823.4893470879
596,616,60,097,097,MECKLENBURG, ,21712.4402319,21022813.4287385,21712.4402319115
597,617,60,098,098,MECKLENBURG, ,42829.5937216,65325935.0417828,42829.5937215879
598,623,89,1,ALLIGATOR,TYRRELL, ,337631.928222,5750261549.24711,337631.928221507
599,624,37,1,PRECINCT  1,GATES, ,251106.503244,1683796135.68944,251106.503244111
600,626,29,10,COTTON GROVE 10,DAVIDSON, ,145983.941953,594402132.831117,145983.941952968
601,627,77,10,BEAVER DAM  1,RICHMOND, ,259908.489339,2014134469.17155,259908.489338963
602,628,78,10,LUMBER BRIDGE,ROBESON, ,135024.70509,664593215.446496,135024.705090377
603,629,35,10,GOLD MINE,FRANKLIN, ,181034.25688,1086584023.60193,181034.256879658
604,630,80,10,FAITH,ROWAN, ,90736.8659815,251514808.437204,90736.8659814569
605,672,60,109,109,MECKLENBURG, ,25193.1291033,20080246.267195,25193.1291032773
606,673,81,10A,DUNCAN CREEK-GOLDEN VALLEY,RUTHERFORD, ,249405.966498,2396757919.04094,249405.96649836
607,674,1,10N,NORTH MELVILLE,ALAMANCE, ,77485.4105587,225586204.196763,77485.4105587311
608,631,56,10,FLATS,MACON, ,89007.4400839,400452508.932144,89007.4400839168
609,632,96,10,10,WAYNE, ,59999.6047091,113649585.51248,59999.6047090967
610,689,5,11,NEW RIVER,ASHE, ,306491.342333,1641677346.90416,306491.342333469
611,634,18,10,EAST NEWTON,CATAWBA, ,21707.6555384,19618419.658375,21707.6555383583
612,635,30,10,EAST SHADY GROVE,DAVIE, ,97004.0957185,403601380.250802,97004.0957184689
613,636,85,10,EAST KING,STOKES, ,62517.4879059,195500144.063224,62517.4879058727
614,637,6,10,INGALLS,AVERY, ,122597.639404,608935735.936778,122597.63940358
615,638,95,10,LAUREL CREEK,WATAUGA, ,133124.206836,594691756.759939,133124.206836032
616,639,5,10,LAUREL,ASHE, ,116868.614849,323350517.08332,116868.614848749
617,648,11,10.1,W C REID RECREATION CENTER,BUNCOMBE, ,31464.9576931,40740971.0905479,31464.9576930832
618,690,18,11,COLLEGE PARK,CATAWBA, ,18402.9942304,18181819.2716305,18402.9942303795
619,649,60,100,100,MECKLENBURG, ,31894.4025658,30838027.1734319,31894.4025657568
620,650,33,1001,PINETOPS,EDGECOMBE, ,145671.242632,662681069.193185,145671.242631563
621,651,74,1001,GRIFTON,PITT, ,170220.843631,1251420584.88102,170220.843630994
622,1812,41,G49,G49,GUILFORD, ,37143.5422678,35945257.5932251,37143.5422677599
623,653,60,101,101,MECKLENBURG, ,31867.0194998,30783578.9872262,31867.0194997961
624,10058,34,301,ASHLEY ELEMENTARY SCHOOL,FORSYTH, ,18384.5768121,13453220.1051535,18384.5768121435
625,654,97,101,ANTIOCH,WILKES, ,131433.38152,609689169.70923,131433.381520366
626,656,60,102,102,MECKLENBURG, ,35131.8085384,44705923.3890813,35131.8085384236
627,657,1,103,MELVILLE 3,ALAMANCE, ,102293.915852,333565073.135268,102293.915852462
628,658,60,103,103,MECKLENBURG, ,37170.0276743,46020493.0870308,37170.0276743281
629,659,97,103,BRUSHY MOUNTAIN,WILKES, ,126330.945877,696039111.301844,126330.945877493
630,660,60,104,104,MECKLENBURG, ,31736.0544414,35004931.4276145,31736.0544414222
631,691,1,11,PLEASANT GROVE,ALAMANCE, ,141787.616173,1239132090.21433,141787.616172955
632,661,1,104,Melville 4,ALAMANCE, ,33605.5885405,41020529.1333175,33605.5885404518
633,662,97,104,CRICKET,WILKES, ,70773.9606786,145968514.130295,70773.9606785842
634,663,97,105,EDWARDS 1,WILKES, ,142253.534804,501557910.240277,142253.534803539
635,664,60,105,105,MECKLENBURG, ,41382.6756631,55971136.1891567,41382.6756631159
636,665,60,106,106,MECKLENBURG, ,23619.9214812,22729009.4713084,23619.9214811901
637,666,97,106,EDWARDS 2,WILKES, ,147160.341172,587677415.522113,147160.341172165
638,667,97,107,EDWARDS 3,WILKES, ,120124.65289,699258739.327044,120124.65288983
639,668,60,107.1,107.1,MECKLENBURG, ,35683.1708604,42142756.2472574,35683.1708603668
640,669,97,108,FAIRPLAINS,WILKES, ,163391.230838,251406389.614303,163391.230837692
641,670,60,108,108,MECKLENBURG, ,24651.2428948,29358009.1252612,24651.2428947774
642,671,97,109,FERGUSON,WILKES, ,257691.068811,1418522901.12399,257691.068810861
643,675,1,10S1,SOUTH MELVILLE,ALAMANCE, ,63933.9972455,200514556.931418,63933.9972455004
644,676,85,11,WEST KING,STOKES, ,81966.8027419,221834331.681411,81966.8027419441
645,677,78,11,LUMBERTON  1,ROBESON, ,73745.7037345,196716786.629907,73745.7037344678
646,678,56,11,SMITHBRIDGE,MACON, ,232484.357677,2065002590.13666,232484.357676997
647,679,81,11,ELLENBORO,RUTHERFORD, ,175709.545263,1466666948.95702,175709.545263324
648,681,95,11,MEAT CAMP,WATAUGA, ,141332.924887,840643532.630358,141332.924887064
649,682,25,11,BRIDGETON,CRAVEN, ,191673.985062,913446977.626448,191673.985061955
650,683,35,11,SANDY CREEK,FRANKLIN, ,178664.89392,1484986375.21507,178664.893919516
651,684,80,11,FRANKLIN,ROWAN, ,140479.278272,522642749.763715,140479.278272
652,685,96,11,11,WAYNE, ,54012.1021576,127540031.812384,54012.1021575873
653,686,6,11,LINVILLE,AVERY, ,108375.687312,457412119.530678,108375.687311815
654,688,30,11,WEST SHADY GROVE,DAVIE, ,160658.92213,411081862.428862,160658.92213034
655,693,13,11-01,11-01,CABARRUS, ,89378.3620293,228306914.961756,89378.3620293098
656,694,92,11-01,11-01,WAKE, ,65944.5319105,148560407.895135,65944.5319104513
657,695,92,11-02,11-02,WAKE, ,35264.2180402,58299845.3297433,35264.2180401664
658,696,13,11-02,11-02,CABARRUS, ,94215.4433087,327543955.80762,94215.4433087113
659,697,100,11 PRI,PRICES CREEK,YANCEY, ,129408.672459,753416825.934301,129408.672458833
660,698,11,11.1,ASHEVILLE SENIOR OPPORTUNITY CENTER,BUNCOMBE, ,20696.1552565,18596766.8499153,20696.1552565211
661,1813,26,G4A,CROSS CREEK 30-G4,CUMBERLAND, ,26223.8876426,36131427.2923535,26223.8876425932
662,699,60,110,110,MECKLENBURG, ,25745.2782327,21423309.2599493,25745.2782327336
663,700,74,1101,GRIMESLAND,PITT, ,149274.709821,682476432.219037,149274.70982127
664,701,33,1101,LEWIS,EDGECOMBE, ,164225.920513,700335421.532084,164225.920513388
665,702,74,1102A,SIMPSON A,PITT, ,54695.2853641,121131996.229216,54695.2853641274
666,703,74,1102B,SIMPSON B,PITT, ,144110.600162,480473437.761867,144110.600162235
667,705,97,111,MILLERS CREEK,WILKES, ,109830.928123,187422633.715294,109830.928122966
668,706,60,111,111,MECKLENBURG, ,26371.9274073,24860333.4786297,26371.9274072883
669,707,97,112,MORAVIAN FALLS,WILKES, ,167875.608572,818048407.599047,167875.608571744
670,708,60,112,112,MECKLENBURG, ,27217.4399401,33157526.7515812,27217.4399400746
671,710,60,113,113,MECKLENBURG, ,42135.9637738,55378751.1277901,42135.9637737762
672,711,97,113A,MOUNT PLEASANT,WILKES, ,282929.42791,2756435359.07851,282929.42790989
673,712,97,114,MULBERRY 1,WILKES, ,163432.59707,858982108.468836,163432.597069824
674,713,60,114,114,MECKLENBURG, ,26323.7552899,34901574.0673688,26323.7552899265
675,719,60,118,118,MECKLENBURG, ,24996.6872035,32686964.6873856,24996.6872034769
676,720,97,118,NORTH WILKESBORO,WILKES, ,140533.03012,150501017.340323,140533.03011985
677,721,97,119,REDDIES RIVER,WILKES, ,149536.90542,764706441.093568,149536.905420016
678,714,60,115,115,MECKLENBURG, ,17511.2549198,15969335.4397624,17511.2549198112
679,715,97,115A,MULBERRY,WILKES, ,167826.432334,692836270.823179,167826.432333845
680,723,78,11A,LUMBERTON  1A,ROBESON, ,82729.990962,241044735.737758,82729.9909619963
681,724,36,17A,FLINT GROVES,GASTON, ,71340.2226717,114358605.117855,71340.2226717153
682,716,60,116,116,MECKLENBURG, ,40660.0433314,30658365.043981,40660.0433313685
683,717,60,117,117,MECKLENBURG, ,22475.3714388,21726239.5997572,22475.3714387855
684,718,97,117,NEW CASTLE,WILKES, ,148836.755648,921949308.482991,148836.755647575
685,722,60,119,119,MECKLENBURG, ,29119.1815527,23318266.3494279,29119.1815527091
686,725,29,12,DENTON 12,DAVIDSON, ,68332.5911949,45671146.0665719,68332.5911948565
687,726,96,12,12,WAYNE, ,51858.8741336,88652927.251347,51858.8741335503
688,731,6,12,MINNEAPOLIS,AVERY, ,64531.8256135,238289397.71201,64531.8256135339
689,732,47,12,ROCKFISH,HOKE, ,94063.660574,316585234.219228,94063.6605739774
690,733,95,12,BOONE 3,WATAUGA, ,23481.5740609,16084853.1893976,23481.5740608876
691,735,18,12,KENWORTH,CATAWBA, ,34659.3178344,52408213.5946994,34659.3178343614
692,736,78,12,LUMBERTON  2,ROBESON, ,81347.6440526,206935767.899647,81347.644052566
693,737,30,12,SMITH GROVE,DAVIE, ,126716.455608,389278131.568433,126716.455608348
694,738,5,12,NORTH FORK,ASHE, ,138471.398689,733489034.429721,138471.398689493
695,739,80,12,MILFORD HILLS COUNTY,ROWAN, ,77332.5863624,212574737.21273,77332.5863624231
696,985,32,18,FIRST UNITED ANTIOCH,DURHAM, ,32926.7754021,44510535.4148441,32926.7754020708
697,742,92,12-02,12-02,WAKE, ,61527.999021,174393465.979222,61527.999021031
698,10059,34,302,HANES-LOWRANCE MIDDLE SCHOOL,FORSYTH, ,35384.349597,31679121.6599782,35384.3495970278
699,743,13,12-03,12-03,CABARRUS, ,74326.3427964,105029651.39801,74326.3427964276
700,744,13,12-04,12-04,CABARRUS, ,33530.5784203,50636746.4422419,33530.5784202901
701,745,92,12-04,12-04,WAKE, ,96222.1450793,444671408.44716,96222.1450792958
702,757,13,12-13,12-13,CABARRUS, ,52837.9538792,78357309.7605163,52837.953879193
703,746,13,12-05,12-05,CABARRUS, ,40900.6646258,66191519.0601467,40900.6646258034
704,747,92,12-06,12-06,WAKE, ,64541.6884716,158382183.250163,64541.6884715762
705,748,92,12-07,12-07,WAKE, ,73447.5962195,245906651.922714,73447.5962195185
706,765,33,1203,WEST EDGECOMBE,EDGECOMBE, ,208841.527134,909806433.245257,208841.527133704
707,751,13,12-09,12-09,CABARRUS, ,60476.6376883,146872269.042719,60476.6376882727
708,752,92,12-09,12-09,WAKE, ,52575.253493,135800916.680617,52575.2534930171
709,753,92,12-10,12-10,WAKE, ,61119.1202056,116651919.831939,61119.1202056236
710,754,92,12-11,12-11,WAKE, ,75492.0617957,134175841.697386,75492.0617956752
711,770,1,1210,BURLINGTON 10,ALAMANCE, ,28109.8815421,33429496.96397,28109.8815420785
712,758,13,12-14,12-14,CABARRUS, ,44383.2949912,71252544.2308419,44383.2949911834
713,782,1,125,BURLINGTON 5,ALAMANCE, ,25321.6420747,36043085.7683737,25321.6420746838
714,759,11,12.1,HALL FLETCHER SCHOOL,BUNCOMBE, ,22659.566041,25189088.2660987,22659.5660409565
715,760,60,120,120,MECKLENBURG, ,24949.3064114,19563483.7211148,24949.3064113609
716,762,74,1201,PACTOLUS,PITT, ,339644.763524,1910510804.33397,339644.763524376
717,763,33,1201,ROCKY MOUNT 1,EDGECOMBE, ,30483.4334372,50168202.5113127,30483.4334371646
718,764,33,1202,ROCKY MOUNT 2,EDGECOMBE, ,35734.820155,39010441.059395,35734.8201550323
719,766,33,1204,ROCKY MOUNT 4,EDGECOMBE, ,32112.7244746,48461895.1639754,32112.724474631
720,783,1,126,BURLINGTON 6,ALAMANCE, ,24085.6569158,33567385.4025999,24085.6569157855
721,784,97,126,WALNUT GROVE,WILKES, ,207217.80343,1551237301.21917,207217.803429975
722,785,60,126,126,MECKLENBURG, ,46860.8754263,108552727.27859,46860.8754263149
723,767,33,1205,ROCKY MOUNT 5,EDGECOMBE, ,32429.6953733,38288571.8197542,32429.6953732696
724,768,60,121,121,MECKLENBURG, ,40997.8912655,78172466.5114346,40997.8912655447
725,772,97,122,SOMERS,WILKES, ,136481.775503,848622882.184717,136481.775503016
726,773,60,122,122,MECKLENBURG, ,67108.7523448,183021218.483476,67108.7523448329
727,774,60,123,123,MECKLENBURG, ,36396.4510186,45686963.1840028,36396.4510185702
728,790,1,128,BURLINGTON 8,ALAMANCE, ,28187.5536844,35662633.8633933,28187.553684407
729,791,97,128,WILKESBORO 2,WILKES, ,183823.785147,1019361268.99494,183823.785147273
730,778,60,124,124,MECKLENBURG, ,34507.3958343,30225481.6517321,34507.3958342971
731,779,1,124,BURLINGTON 4,ALAMANCE, ,22224.062673,27821880.8534141,22224.0626730466
732,780,60,125,125,MECKLENBURG, ,25936.2853914,27693954.1499904,25936.2853913557
733,781,97,125,UNION,WILKES, ,193868.876426,1688147370.9633,193868.87642626
734,786,1,127,BURLINGTON 7,ALAMANCE, ,58997.7694332,153591052.285719,58997.769433215
735,787,60,127,127,MECKLENBURG, ,81501.9429786,255435724.693542,81501.9429786124
736,788,97,127,WILKESBORO 1,WILKES, ,114069.149357,164324990.702336,114069.149357127
737,789,60,128,128,MECKLENBURG, ,37760.627667,34192927.3737734,37760.6276669884
738,792,60,129,129,MECKLENBURG, ,35410.1942751,44607624.9313657,35410.1942751162
739,793,97,129,WILKESBORO 3,WILKES, ,163142.834259,317330654.763713,163142.834258974
740,798,1,12W,WEST BURLINGTON,ALAMANCE, ,21538.9875914,28329220.0389047,21538.987591376
741,794,1,129,BURLINGTON 9,ALAMANCE, ,57739.4881225,179727263.998005,57739.4881225225
742,795,1,12E,EAST BURLINGTON,ALAMANCE, ,24327.2431192,31183297.6881564,24327.2431192271
743,796,1,12N,NORTH BURLINGTON,ALAMANCE, ,39114.8601863,77251962.0031827,39114.8601862811
744,797,1,12S,SOUTH BURLINGTON,ALAMANCE, ,23235.7742135,26293419.5805867,23235.7742135337
745,800,18,13,GREENMONT,CATAWBA, ,38435.8298064,43477869.010537,38435.8298064178
746,801,85,13,MIZPAH,STOKES, ,99236.7740882,301059175.62185,99236.7740881847
747,802,1,13,HAW RIVER,ALAMANCE, ,140342.377219,407095920.269345,140342.377218646
748,803,5,13,0BIDS,ASHE, ,162230.289366,627227972.773411,162230.289366009
749,804,81,13,FOREST CITY  1,RUTHERFORD, ,108729.308299,315583464.851541,108729.308298645
750,806,56,13,NANTAHALA,MACON, ,237011.76742,2090804412.25778,237011.767420081
751,807,95,13,NEW RIVER I,WATAUGA, ,73848.6055261,164676059.304569,73848.6055260918
752,808,30,13,HILLSDALE,DAVIE, ,52063.635345,110532884.283098,52063.6353449552
753,809,35,13,PILOT,FRANKLIN, ,113467.569736,504974446.599632,113467.569735596
754,810,80,13,ROCK GROVE,ROWAN, ,101730.6062,407262224.14896,101730.606199797
755,811,36,25A,RANLO,GASTON, ,65935.8126618,139088010.291612,65935.8126617822
756,812,6,13,MONTEZUMA,AVERY, ,80509.0599077,188624092.681373,80509.0599077272
757,813,47,13,STONEWALL,HOKE, ,160648.993715,912023713.665587,160648.993714965
758,814,78,13,LUMBERTON  3,ROBESON, ,34720.2778029,56330384.8359718,34720.2778029467
759,815,96,13,13,WAYNE, ,57338.2500144,155462693.598616,57338.2500144485
760,816,32,13,BURTON ELEMENTARY,DURHAM, ,20196.1484174,16584822.32959,20196.1484173787
761,818,92,13-02,13-02,WAKE, ,18682.9305941,17959109.4282677,18682.9305941196
762,827,60,130,130,MECKLENBURG, ,20141.8902858,20544815.961047,20141.8902858016
763,828,33,1301,TEMPERANCE HALL,EDGECOMBE, ,152455.945047,799634315.276785,152455.945046937
764,819,92,13-05,13-05,WAKE, ,35473.093397,58343005.4117569,35473.0933969815
765,829,74,1301,SWIFT CREEK,PITT, ,153733.263694,871478991.50687,153733.263694132
766,820,92,13-06,13-06,WAKE, ,35741.1458722,55082435.6771986,35741.1458721702
767,821,92,13-07,13-07,WAKE, ,30667.8231307,47265934.7000926,30667.8231307258
768,986,6,18,PYATTE,AVERY, ,64244.4771378,155368800.464337,64244.4771377781
769,987,5,18,POND MOUNTAIN,ASHE, ,137339.221737,466202497.638045,137339.221736778
770,988,92,18-01,18-01,WAKE, ,48613.5370261,100579261.816222,48613.5370260977
771,822,92,13-08,13-08,WAKE, ,33658.586095,55931197.0785995,33658.5860950045
772,989,92,18-02,18-02,WAKE, ,68056.3438284,208013107.864314,68056.3438283653
773,823,92,13-09,13-09,WAKE, ,42311.4707335,62398864.2283276,42311.4707335134
774,824,92,13-10,13-10,WAKE, ,57605.6540619,97865241.0033805,57605.6540619331
775,1002,18,19,LONGVIEW SOUTH,CATAWBA, ,67479.1359359,156537147.909431,67479.1359358974
776,1003,95,19,WATAUGA,WATAUGA, ,157860.366668,912601349.391969,157860.366668046
777,1004,25,19,HARLOWE,CRAVEN, ,189307.603103,2112416208.62311,189307.603103169
778,825,92,13-11,13-11,WAKE, ,28144.907935,34468622.2762695,28144.9079349705
779,1022,92,19-20,19-20,WAKE, ,74675.5810615,100798923.427382,74675.5810615026
780,1023,92,19-21,19-21,WAKE, ,59274.667909,104346887.089341,59274.6679090323
781,826,11,13.1,WEST ASHEVILLE CHURCH OF GOD,BUNCOMBE, ,30282.2038725,26878656.6942089,30282.2038724586
782,1039,32,20,COUNTY AGRICULTURAL BUILDING,DURHAM, ,17643.3358045,17889454.0571478,17643.3358044647
783,1040,25,20,FAIRFIELD HARBOUR,CRAVEN, ,122215.021568,501158806.54014,122215.021567644
784,1041,85,20,MITCHELL,STOKES, ,169693.463127,867400156.702538,169693.463126502
785,1042,78,20,ORRUM,ROBESON, ,180526.256016,941519396.370509,180526.256015812
786,1043,92,20-01,20-01,WAKE, ,56566.1889797,149770093.455189,56566.1889796576
787,1044,92,20-03,20-03,WAKE, ,35620.9044645,62095056.4966622,35620.9044644624
788,1045,92,20-04,20-04,WAKE, ,41890.179045,52435488.6105187,41890.1790450265
789,831,60,131,131,MECKLENBURG, ,27289.5450131,26011353.6872937,27289.545013094
790,832,60,132,132,MECKLENBURG, ,32770.7969696,57306727.2189452,32770.7969695589
791,834,60,133,133,MECKLENBURG, ,48872.9757739,116588375.927892,48872.9757739234
792,836,60,134,134,MECKLENBURG, ,68053.6808648,156528717.92804,68053.6808647559
793,1059,60,200,200,MECKLENBURG, ,90935.7654012,364657751.546685,90935.7654012399
794,1816,41,G50,G50,GUILFORD, ,44650.455925,69885837.6982085,44650.4559249663
795,837,60,135,135,MECKLENBURG, ,58912.5262277,144500679.816479,58912.5262277253
796,838,60,136,136,MECKLENBURG, ,39301.1459165,73444501.4114321,39301.1459164649
797,839,60,137,137,MECKLENBURG, ,43332.6707254,97723608.1166051,43332.6707254327
798,841,60,139.1,139.1,MECKLENBURG, ,30433.5883496,45413226.324641,30433.5883496196
799,842,5,14,OLD FIELDS,ASHE, ,174887.43544,623561975.141806,174887.43544013
800,843,56,14,BURNINGTOWN,MACON, ,165762.249234,1215090569.55994,165762.249234479
801,840,60,138,138,MECKLENBURG, ,52285.8158348,86451168.319901,52285.8158347582
802,855,18,14,OAKWOOD,CATAWBA, ,29121.2451245,33968717.1721678,29121.2451245055
803,844,35,14,EAST YOUNGSVILLE,FRANKLIN, ,105108.273384,634952644.279555,105108.273384462
804,845,77,14,STEELES  1,RICHMOND, ,162497.839628,868353556.443319,162497.83962811
805,871,60,144,144,MECKLENBURG, ,31836.2962191,48730154.0165603,31836.2962191478
806,847,32,14,Y E SMITH SCHOOL,DURHAM, ,34883.1792292,41179975.5693543,34883.1792291518
807,848,89,14,KILKENNY,TYRRELL, ,195745.104139,1174527651.68573,195745.104139289
808,849,81,14,FOREST CITY  2,RUTHERFORD, ,107496.381126,217311754.074598,107496.381126051
809,850,96,14,14,WAYNE, ,100344.213318,514042730.700088,100344.213317716
810,874,60,147,147,MECKLENBURG, ,36254.0087763,72517756.8567854,36254.0087762823
811,851,78,14,LUMBERTON  4,ROBESON, ,49173.6045849,87326405.5956703,49173.6045849202
812,852,6,14,NEWLAND   1,AVERY, ,93763.5390549,236775810.210938,93763.5390548983
813,853,95,14,NEW RIVER II,WATAUGA, ,110394.007677,318832308.95686,110394.00767703
814,854,30,14,NORTH MOCKS-COUNTY,DAVIE, ,230966.034197,683207050.568934,230966.034197456
815,889,32,15,MT CALVARY CHURCH,DURHAM, ,17533.0670674,14815830.0791948,17533.0670673552
816,857,29,14,EMMONS 14,DAVIDSON, ,207644.542435,887154644.016996,207644.54243532
817,858,47,14,WAYSIDE,HOKE, ,264883.635729,2215404909.81749,264883.635729179
818,907,74,1506,GREENVILLE  6,PITT, ,31923.9702283,38701829.7157285,31923.9702283397
819,859,92,14-01,14-01,WAKE, ,116036.90167,637660040.038957,116036.90167001
820,860,92,14-02,14-02,WAKE, ,140670.251107,753081951.598855,140670.251107145
821,861,11,14.2,ASHEVILLE PRE-SCHOOL,BUNCOMBE, ,45990.24526,48438774.4188107,45990.2452599504
822,862,11,14.3,ELIADA HOME - PAUL AMOS REC CENTER,BUNCOMBE, ,41030.2253841,22264723.7621799,41030.2253841316
823,1821,41,G55,G55,GUILFORD, ,26998.8360372,27370486.5771492,26998.8360371961
824,863,60,140,140,MECKLENBURG, ,49835.253633,80753300.1635594,49835.2536330433
825,864,33,1401,SHARPSBURG,EDGECOMBE, ,92782.2020732,341893068.884177,92782.2020731743
826,865,74,1403A1,WINTERVILLE WEST,PITT, ,107852.952487,416371656.312088,107852.9524873
827,866,74,1403A2,WINTERVILLE SOUTH,PITT, ,83096.1126649,267018003.551603,83096.112664888
828,867,74,1403B,WINTERVILLE NORTH,PITT, ,34599.7036658,72369270.9547537,34599.7036657877
829,868,60,141,141,MECKLENBURG, ,39108.3876658,79097271.3959736,39108.387665806
830,869,60,142,142,MECKLENBURG, ,103325.931187,310601068.056394,103325.931186543
831,870,60,143,143,MECKLENBURG, ,40082.4671393,80005851.2444147,40082.4671393048
832,872,60,145,145,MECKLENBURG, ,50506.3866137,107679703.414779,50506.3866136841
833,873,60,146,146,MECKLENBURG, ,47660.1845631,57508941.003944,47660.184563053
834,909,74,1507B,GREENVILLE  7B,PITT, ,15765.0745934,10756429.7621925,15765.0745934487
835,875,60,148,148,MECKLENBURG, ,49847.7501321,134730787.961274,49847.7501320735
836,1822,41,G56,G56,GUILFORD, ,20980.5387434,26121415.8049856,20980.5387433699
837,876,60,149,149,MECKLENBURG, ,49891.9305311,107435561.020608,49891.93053114
838,877,80,14A,GRANITE QUARRY,ROWAN, ,97308.9861122,304283093.406805,97308.9861121562
839,880,18,15,RIDGEVIEW,CATAWBA, ,15691.4277671,11837875.3776583,15691.4277670546
840,881,36,30A,HOFFMAN,GASTON, ,53960.5518774,141826617.435288,53960.5518773574
841,882,78,15,LUMBERTON  5,ROBESON, ,55275.0445199,101861060.258283,55275.0445199439
842,883,96,15,15,WAYNE, ,272486.122028,1560767767.38304,272486.122027702
843,884,6,15,NEWLAND   2,AVERY, ,76044.299744,211448014.279289,76044.2997440157
844,885,19,15,BYNUM,CHATHAM, ,100103.553009,445752708.465382,100103.553009267
845,886,56,15,COWEE,MACON, ,193665.3079,1281774852.00933,193665.307900304
846,887,47,15,PHILIPPI,HOKE, ,79617.1513576,214620832.000541,79617.1513576023
847,888,35,15,EAST FRANKLINTON,FRANKLIN, ,197366.940752,1284915302.10404,197366.940751633
848,890,89,15,SCUPPERNONG,TYRRELL, ,160680.726898,745645085.08064,160680.726897859
849,891,80,15,HATTERS SHOP,ROWAN, ,134374.942018,886179421.24771,134374.94201774
850,892,95,15,NEW RIVER III,WATAUGA, ,69676.9734361,210956023.705129,69676.9734360744
851,893,5,15,PEAK CREEK,ASHE, ,185135.270464,1053407185.9964,185135.270464321
852,895,92,15-01,15-01,WAKE, ,99941.8623182,269914453.597478,99941.8623182179
853,896,92,15-02,15-02,WAKE, ,96513.9484408,255260793.948906,96513.9484408314
854,897,92,15-03,15-03,WAKE, ,97724.4640853,404007500.135174,97724.4640853387
855,898,92,15-04,15-04,WAKE, ,63697.3076301,156045122.207501,63697.3076301392
856,899,11,15.1,VANCE ELEMENTARY SCHOOL,BUNCOMBE, ,21119.5282326,18439671.5015018,21119.528232577
857,900,60,150,150,MECKLENBURG, ,76135.9876118,110309824.003387,76135.9876117548
858,901,74,1501,GREENVILLE  1,PITT, ,90608.6290468,173139850.112059,90608.6290467996
859,1823,41,G57,G57,GUILFORD, ,23606.3830555,28804239.6573263,23606.3830554628
860,902,74,1503,GREENVILLE  3,PITT, ,37764.3108179,46028751.6794794,37764.3108179003
861,910,74,1508A,GREENVILLE  8A,PITT, ,17879.5536811,12389715.4877191,17879.5536810723
862,903,74,1504A,GREENVILLE  4A,PITT, ,49969.3859597,70838226.4584344,49969.3859597406
863,904,74,1504B,GREENVILLE  4B,PITT, ,47725.3399017,81455319.5476005,47725.3399016785
864,905,74,1505A,GREENVILLE  5A,PITT, ,33681.0690629,47302579.3755121,33681.069062949
865,906,74,1505B,GREENVILLE  5B,PITT, ,32132.4621154,42130116.4394614,32132.4621153556
866,908,74,1507,GREENVILLE  7,PITT, ,36453.3482484,35146804.1583236,36453.348248396
867,911,74,1508B,GREENVILLE  8B,PITT, ,28183.1948005,23901110.145423,28183.1948004766
868,914,74,1510A,GREENVILLE  10A,PITT, ,26256.0922239,32676032.9664523,26256.0922238525
869,912,74,1509,GREENVILLE  9,PITT, ,70227.0369175,128997947.69844,70227.0369175411
870,913,60,151,151,MECKLENBURG, ,41963.0620741,76486146.861549,41963.0620740661
871,915,74,1510B,GREENVILLE  10B,PITT, ,27494.7674331,29378910.4448666,27494.7674331141
872,916,74,1511A,GREENVILLE  11A,PITT, ,33022.3898817,50316447.8300141,33022.3898816839
873,917,74,1511B,GREENVILLE  11B,PITT, ,30990.5562836,41308474.2125048,30990.5562836186
874,924,89,16,SOUTH FORK,TYRRELL, ,157630.059285,1155475244.32993,157630.059284915
875,918,74,1512A,GREENVILLE  12A,PITT, ,49366.6131264,131669512.297058,49366.6131263642
876,919,74,1512B,GREENVILLE  12B,PITT, ,27012.1676373,41309523.4595832,27012.1676372909
877,920,74,1513A,GREENVILE  13A,PITT, ,69617.476488,126645942.464856,69617.476487955
878,921,74,1513B,GREENVILLE  13B,PITT, ,78736.6717051,125186219.646951,78736.6717051039
879,922,96,16,16,WAYNE, ,162245.029446,438055427.23411,162245.02944595
880,944,92,16-09,16-09,WAKE, ,86694.6165384,301524936.060715,86694.6165383601
881,925,32,16,HOLY INFANT CATHOLIC,DURHAM, ,26090.4194786,26806076.297956,26090.4194785532
882,926,29,16,GUMTREE 16,DAVIDSON, ,83640.8657447,254086541.494176,83640.8657447383
883,928,5,16,PINE SWAMP,ASHE, ,186031.89249,1005434258.12882,186031.892490367
884,954,80,17,EAST KANNAPOLIS,ROWAN, ,40762.1829789,69716646.8369952,40762.182978932
885,929,35,16,EAST  LOUISBURG COUNTRY,FRANKLIN, ,165923.023866,948005230.357993,165923.023866418
886,930,80,16,WEST KANNAPOLIS,ROWAN, ,36886.4081365,66557332.5869461,36886.4081365239
887,1824,41,G58,G58,GUILFORD, ,24926.23101,24490453.7111895,24926.2310100161
888,931,18,16,HIGHLAND,CATAWBA, ,34598.9251863,51276564.3641646,34598.9251862929
889,955,18,17,LONGVIEW NORTH,CATAWBA, ,38209.725384,54504645.2673021,38209.7253840009
890,956,78,17,LUMBERTON  7,ROBESON, ,73686.3768239,113503301.269848,73686.3768239011
891,957,35,17,WEST HARRIS,FRANKLIN, ,135684.713035,640878886.875531,135684.713035471
892,958,25,17,CROATAN,CRAVEN, ,252238.205742,1481648423.67871,252238.205742087
893,959,85,17,WEST WALNUT COVE,STOKES, ,107521.062772,398969765.900564,107521.062772401
894,932,25,16,GRANTHAM 1A,CRAVEN, ,124317.286211,455921358.490538,124317.286211048
895,933,36,31A,COUNTRY CLUB,GASTON, ,46040.7230565,107915850.072543,46040.7230564512
896,934,6,16,PINEOLA,AVERY, ,95744.976187,312552919.456847,95744.9761870137
897,960,32,17,COUNTY MAIN LIBRARY,DURHAM, ,21584.0267818,26994066.7552015,21584.0267818127
898,935,78,16,LUMBERTON  6,ROBESON, ,50071.6574405,48150745.1020071,50071.6574404843
899,936,95,16,NORTH FORK,WATAUGA, ,89515.156802,339946726.332352,89515.1568020386
900,937,92,16-01,16-01,WAKE, ,107592.138795,447372040.213272,107592.138794511
901,938,92,16-02,16-02,WAKE, ,87922.6361916,169617770.926407,87922.6361916129
902,1829,26,G5B-2,CROSS CREEK 28-G5B-2,CUMBERLAND, ,31768.9405199,45157146.6812062,31768.9405198762
903,939,92,16-03,16-03,WAKE, ,29693.5552673,31635930.9200129,29693.5552672876
904,940,92,16-04,16-04,WAKE, ,38125.1007706,62033415.1955067,38125.1007706136
905,941,92,16-05,16-05,WAKE, ,59402.9313516,107504378.475808,59402.9313515668
906,942,92,16-06,16-06,WAKE, ,24056.5870797,26571132.4396961,24056.5870796943
907,943,92,16-07,16-07,WAKE, ,39373.7231728,65410641.0861124,39373.7231728063
908,945,92,16-10,16-10,WAKE, ,40190.6136202,69327164.7595982,40190.6136201692
909,946,92,16-11,16-11,WAKE, ,78009.4140891,230504634.09074,78009.414089095
910,947,11,16.2,WEST ASHEVILLE LIBRARY,BUNCOMBE, ,46107.1440907,41953182.6380837,46107.1440907322
911,948,85,1618,EAST WALNUT COVE,STOKES, ,125410.797153,571266973.159959,125410.797153255
912,949,81,16A,GILKEY-MORGAN,RUTHERFORD, ,249523.423932,1538508753.19606,249523.42393227
913,950,95,17,SHAWNEEHAW,WATAUGA, ,85249.6556401,342129351.42092,85249.655640096
914,952,6,17,PLUMTREE,AVERY, ,104281.706894,393006869.996757,104281.70689415
915,953,5,17,PINEY CREEK,ASHE, ,159114.921285,475787849.677523,159114.921284849
916,961,36,3A,ROBINWOOD LAKE,GASTON, ,52174.1020131,117920891.401179,52174.1020130644
917,962,96,17,17,WAYNE, ,130322.656857,261030612.061306,130322.656856717
918,1832,41,G61,G61,GUILFORD, ,28687.4273351,30807490.6394211,28687.4273351347
919,963,92,17-01,17-01,WAKE, ,36126.4888669,55573860.1627172,36126.4888668538
920,1833,41,G62,G62,GUILFORD, ,24497.671149,26697605.0521516,24497.6711489779
921,964,92,17-02,17-02,WAKE, ,49858.7441188,98236584.7338336,49858.7441187643
922,965,92,17-03,17-03,WAKE, ,48379.4671005,95422455.840467,48379.4671004532
923,967,92,17-05,17-05,WAKE, ,37974.4947347,55171953.3417997,37974.4947346646
924,968,92,17-06,17-06,WAKE, ,81031.7318998,266004603.190952,81031.7318998179
925,969,92,17-07,17-07,WAKE, ,55173.2157794,137882760.289414,55173.2157794049
926,970,92,17-09,17-09,WAKE, ,37344.2840026,60756311.8694652,37344.2840026009
927,972,92,17-11,17-11,WAKE, ,32220.6933263,46900969.6199518,32220.693326328
928,973,92,17-12,17-12,WAKE, ,54607.0223717,85016970.6889154,54607.0223716601
929,974,92,17-13,17-13,WAKE, ,44201.3761209,77482789.0507468,44201.3761209084
930,975,11,17.1,BETH ISRAEL SYNAGOGUE,BUNCOMBE, ,38549.1981626,27637617.6393031,38549.1981625727
931,976,81,18,GREEN HILL,RUTHERFORD, ,198894.644273,1243560502.78895,198894.64427281
932,977,95,18,STONY FORK,WATAUGA, ,141475.610047,739335450.870619,141475.610046839
933,979,29,18,HEALING SPRINGS 18,DAVIDSON, ,127439.246924,1057901247.41581,127439.246923892
934,981,80,18,EAST SPENCER,ROWAN, ,51568.8706907,58802114.628749,51568.8706906558
935,983,96,18,18,WAYNE, ,33217.7771253,25905402.7846066,33217.7771252952
936,1834,41,G63,G63,GUILFORD, ,22027.3289186,17766991.2483354,22027.3289186125
937,1835,41,G64,G64,GUILFORD, ,93895.2495358,190150821.818229,93895.2495357583
938,984,35,18,WEST YOUNGSVILLE 1,FRANKLIN, ,96652.078922,298532622.206898,96652.078921996
939,990,92,18-03,18-03,WAKE, ,25915.3032084,35085274.5597171,25915.3032083979
940,991,92,18-04,18-04,WAKE, ,105689.362245,297769749.991608,105689.362245451
941,1836,41,G65,G65,GUILFORD, ,29542.2907844,27091202.433016,29542.2907843933
942,992,92,18-05,18-05,WAKE, ,45162.9831216,108119532.241738,45162.9831215781
943,993,92,18-06,18-06,WAKE, ,70222.269464,148541072.788076,70222.2694640187
944,994,92,18-07,18-07,WAKE, ,64824.5867328,210122078.515901,64824.5867328076
945,995,92,18-08,18-08,WAKE, ,44184.5495134,76643418.101032,44184.5495134392
946,996,11,18.2,TC ROBERSON HIGH SCHOOL,BUNCOMBE, ,71429.1853858,69880952.1919591,71429.1853858377
947,997,85,1819,PINE HALL,STOKES, ,157470.407691,779056324.307478,157470.407691387
948,998,78,18A,LUMBERTON  8A,ROBESON, ,32083.3856082,30953183.3259079,32083.3856082049
949,999,6,19,ROARING CREEK,AVERY, ,85756.0821298,394010435.9486,85756.0821298054
950,1001,78,19,MAXTON,ROBESON, ,223816.361481,1234521996.42785,223816.361480924
951,1006,35,19,WEST YOUNGSVILLE 2,FRANKLIN, ,84188.7586575,408034722.022626,84188.7586575198
952,1007,81,19,HAYNES,RUTHERFORD, ,109408.72656,491219620.308687,109408.726559701
953,1066,60,204.1,204.1,MECKLENBURG, ,36302.822995,74261000.7508568,36302.8229949888
954,1008,32,19,AMERICAN LEGION POST 7,DURHAM, ,45940.1728667,94711119.4604212,45940.1728666746
955,1009,92,19-03,19-03,WAKE, ,37379.2402332,76714739.4312546,37379.2402331521
956,1070,60,206,206,MECKLENBURG, ,93246.4566386,134959330.343889,93246.456638614
957,1010,92,19-05,19-05,WAKE, ,59308.7906858,153843313.845406,59308.7906858044
958,1011,92,19-07,19-07,WAKE, ,43350.1226938,113054953.091966,43350.1226937714
959,1012,92,19-09,19-09,WAKE, ,113745.661577,599757837.667034,113745.661577046
960,1837,41,G66,G66,GUILFORD, ,22876.7679653,18515548.100156,22876.7679653379
961,1013,92,19-11,19-11,WAKE, ,35855.743077,70170094.0708998,35855.7430769615
962,1078,32,21,CLUB BOULEVARD SCHOOL,DURHAM, ,24699.2148985,29121144.0094579,24699.2148985023
963,1015,92,19-13,19-13,WAKE, ,47989.4159999,74521060.422968,47989.4159998946
964,1079,18,21,MONOGRAM,CATAWBA, ,103455.110987,593574604.763991,103455.110987366
965,1081,80,21,NORTH LOCKE,ROWAN, ,90880.0222218,383396985.539156,90880.0222218388
966,1082,19,21,HADLEY,CHATHAM, ,158149.927386,1019251589.30264,158149.927386056
967,1083,11,21.1,HAW CREEK ELEMENTARY SCHOOL,BUNCOMBE, ,57971.7178765,48338792.6345164,57971.7178765342
968,1838,41,G67,G67,GUILFORD, ,18217.1562551,9709538.46765142,18217.1562551172
969,1016,92,19-14,19-14,WAKE, ,29220.9239661,35718011.5943275,29220.9239661496
970,1839,41,G68,G68,GUILFORD, ,18334.1707289,18110647.0238731,18334.170728885
971,1017,92,19-15,19-15,WAKE, ,35985.8503322,42849447.5088021,35985.8503322109
972,1018,92,19-16,19-16,WAKE, ,68476.6235115,198520821.691188,68476.6235115132
973,1840,41,G69,G69,GUILFORD, ,18134.3197185,20503169.7897741,18134.3197185315
974,1841,26,G6A,STEDMAN-G6,CUMBERLAND, ,160377.743513,1123521323.65585,160377.743512571
975,1842,26,G6B,BEAVER DAM-G6,CUMBERLAND, ,226644.659961,1967678976.39661,226644.659960559
976,1843,26,G6C,CEDAR CREEK-G6,CUMBERLAND, ,192906.56919,1334870129.77657,192906.569190212
977,1019,92,19-17,19-17,WAKE, ,40921.395804,65406663.8545293,40921.3958039935
978,1020,92,19-18,19-18,WAKE, ,41289.6314329,83478103.4688792,41289.6314329261
979,1024,11,19.1,SKYLAND FIRE DEPARTMENT,BUNCOMBE, ,38131.1927044,19981761.8021997,38131.192704445
980,1025,96,1920,1920,WAYNE, ,77313.2289758,76437863.499459,77313.2289758355
981,1026,80,19A,LANDIS,ROWAN, ,92551.583017,269156395.629845,92551.5830169979
982,1844,41,G70,G70,GUILFORD, ,16581.0482741,15689793.7240355,16581.0482740995
983,1029,69,1RB,REELSBORO,PAMLICO, ,247831.85866,1618405884.31158,247831.858660346
984,1030,21,2,WEST EDENTON,CHOWAN, ,148893.978639,1037260600.44515,148893.978639478
985,1031,37,2,PRECINCT  2,GATES, ,189161.712231,1441688001.14778,189161.712230759
986,1845,41,G71,G71,GUILFORD, ,24263.858288,23558968.3529261,24263.8582880341
987,1032,89,2,COLUMBIA,TYRRELL, ,347304.437229,3400039197.96556,347304.437229027
988,1033,5,20,WEST JEFFERSON,ASHE, ,233154.120354,754492796.866505,233154.120354307
989,1035,95,20,BEECH MOUNTAIN,WATAUGA, ,61939.3093066,149089991.064201,61939.3093065804
990,1036,36,8A,NORTH BESSEMER,GASTON, ,115750.91219,396286098.276183,115750.912189819
991,1037,18,20,MAIDEN,CATAWBA, ,109084.452757,354915522.017363,109084.452757028
992,1038,29,20,HOLLY GROVE 20,DAVIDSON, ,144642.347537,595603344.993159,144642.347536545
993,1046,92,20-05,20-05,WAKE, ,42445.9202563,86225691.8847605,42445.92025631
994,1047,92,20-06A,20-06A,WAKE, ,49744.9496393,125872944.67688,49744.9496392944
995,1048,92,20-06B,20-06B,WAKE, ,22498.6665145,30230402.9472772,22498.6665145228
996,1913,41,H16,H16,GUILFORD, ,26740.9876928,26377684.5433914,26740.9876928314
997,1049,92,20-08,20-08,WAKE, ,38814.1562272,78331835.3131004,38814.1562271621
998,1050,92,20-09,20-09,WAKE, ,37422.7042512,59516129.1012133,37422.7042512324
999,1051,92,20-10,20-10,WAKE, ,34846.9690066,37939052.3350396,34846.9690065976
1000,1052,92,20-11,20-11,WAKE, ,53798.9067319,132314835.716602,53798.9067319267
1001,1053,92,20-12,20-12,WAKE, ,75175.9735112,215266027.197117,75175.9735112134
1002,1055,92,20-15,20-15,WAKE, ,43715.3325048,79662310.1176029,43715.3325047824
1003,1580,26,CC33,CROSS CREEK 33,CUMBERLAND, ,31439.1706255,37412609.0470999,31439.1706255487
1004,1057,92,20-17,20-17,WAKE, ,52014.8343368,89506011.7543851,52014.8343368179
1005,1058,11,20.1,ASHEVILLE APOSTOLIC CHURCH,BUNCOMBE, ,43252.1343769,23463902.57241,43252.1343768778
1006,1060,60,201,201,MECKLENBURG, ,68534.0014358,223529447.670061,68534.0014357609
1007,1914,41,H17,H17,GUILFORD, ,19222.9408816,16154754.7301354,19222.940881581
1008,1062,60,202,202,MECKLENBURG, ,126639.206854,334182412.240086,126639.206854366
1009,1092,60,218,218,MECKLENBURG, ,37721.3036193,82773769.9681847,37721.3036192956
1010,1063,60,203,203,MECKLENBURG, ,63506.9947917,174634938.330757,63506.9947916781
1011,1068,60,205,205,MECKLENBURG, ,65866.1927483,167506965.164374,65866.1927482684
1012,1072,60,207,207,MECKLENBURG, ,56672.3810209,140891294.900989,56672.3810209363
1013,1915,41,H18,H18,GUILFORD, ,23358.3419329,27254451.3261877,23358.3419329228
1014,1073,60,208,208,MECKLENBURG, ,69870.277974,176851865.450371,69870.2779740486
1015,1074,60,209,209,MECKLENBURG, ,139940.130625,534459531.78407,139940.130625055
1016,1075,78,21,PARKTON,ROBESON, ,140901.265254,748103583.175797,140901.265254244
1017,1916,41,H19A,H19A,GUILFORD, ,17588.033593,12201270.8556766,17588.0335929911
1018,1076,96,21,21,WAYNE, ,40943.3694533,36741967.0120904,40943.3694533285
1019,1077,25,21,BRICES CREEK,CRAVEN, ,114859.211745,390822689.093442,114859.211744781
1020,1084,60,210,210,MECKLENBURG, ,65234.9963419,158346514.612461,65234.9963419462
1021,1085,60,211,211,MECKLENBURG, ,77677.8252504,245702581.630704,77677.8252504488
1022,1086,60,212,212,MECKLENBURG, ,73625.0896145,281775778.475529,73625.0896144804
1023,1087,60,213,213,MECKLENBURG, ,45419.7043829,108269290.714748,45419.7043829367
1024,1088,60,214,214,MECKLENBURG, ,44254.1058074,41060918.7721334,44254.1058073594
1025,1089,60,215,215,MECKLENBURG, ,39817.6261909,70073967.262004,39817.6261909226
1026,1090,60,216,216,MECKLENBURG, ,51733.7992762,106786376.40554,51733.7992761678
1027,1130,60,237,237,MECKLENBURG, ,37925.1673968,77467526.8870552,37925.1673967935
1028,1091,60,217,217,MECKLENBURG, ,50217.6340698,84383511.8143651,50217.6340697846
1029,1093,60,219,219,MECKLENBURG, ,51572.120632,131423812.040333,51572.1206319734
1030,1094,29,22,LEXINGTON 1 22,DAVIDSON, ,108065.236464,188315725.83374,108065.236464362
1031,1131,60,238.1,238.1,MECKLENBURG, ,29467.6804208,38453903.0098055,29467.6804207714
1032,1095,96,22,22,WAYNE, ,46906.7154158,67875685.418078,46906.7154158395
1033,1186,18,29,ST STEPHENS 2,CATAWBA, ,79559.9224756,245453609.838376,79559.9224755938
1034,1917,41,H19B,H19B,GUILFORD, ,27528.0166944,26205740.9146503,27528.0166944481
1035,1096,36,6A,CROWDERS MOUNTAIN,GASTON, ,125744.698065,690300807.417971,125744.698064761
1036,1097,78,22,NORTH PEMBROKE,ROBESON, ,74579.1386911,321620229.533641,74579.1386911022
1037,1099,18,22,MOUNT OLIVE,CATAWBA, ,81622.3354925,294768108.910574,81622.3354924748
1038,1100,80,22,MORGAN  1,ROWAN, ,153239.806064,969323581.169811,153239.806064261
1039,1101,32,22,VFW POST 2740,DURHAM, ,52000.1671379,84750944.7859251,52000.1671379281
1040,1102,11,22.2,IRA B JONES SCHOOL AUDITORIUM,BUNCOMBE, ,52392.5659604,63283693.6390843,52392.5659604351
1041,1918,41,H20A,H20A,GUILFORD, ,34818.8307294,43823028.5073835,34818.8307294039
1042,1103,60,220,220,MECKLENBURG, ,44577.0393928,85591602.2360094,44577.0393928294
1043,1104,60,221,221,MECKLENBURG, ,68158.8492136,260083939.883086,68158.8492136225
1044,1105,60,222,222,MECKLENBURG, ,65709.1806991,166523618.761555,65709.1806990993
1045,1106,60,223.1,223.1,MECKLENBURG, ,65152.8643534,183504896.143337,65152.864353383
1046,1107,60,224,224,MECKLENBURG, ,71443.481988,265235672.569969,71443.4819879781
1047,1108,60,225,225,MECKLENBURG, ,64891.2312841,139409837.147812,64891.2312841016
1048,1109,60,226,226,MECKLENBURG, ,41712.7040216,53296034.2040489,41712.7040215969
1049,1251,32,36,YATES BAPTIST CHURCH,DURHAM, ,30453.1469186,37504981.4304887,30453.1469185829
1050,1252,80,36,SOUTH WARD,ROWAN, ,51172.8833862,91895370.9215311,51172.8833861556
1051,1110,60,227,227,MECKLENBURG, ,58134.263081,119121540.198484,58134.2630810025
1052,1260,78,37,STERLINGS,ROBESON, ,221609.036347,1217952944.17971,221609.036347172
1053,1261,32,37,COLE MILL CHURCH,DURHAM, ,71622.4284405,164642325.341758,71622.428440516
1054,1262,11,37.1,BROAD RIVER COMMUNITY CENTER,BUNCOMBE, ,180229.353027,1197412240.9082,180229.353027196
1055,1111,60,228,228,MECKLENBURG, ,50336.9687137,103291757.396042,50336.9687137355
1056,1919,41,H20B,H20B,GUILFORD, ,32504.0354859,32695848.3953139,32504.0354859497
1057,1112,60,229,229,MECKLENBURG, ,93723.2150585,341216719.499372,93723.2150584745
1058,1113,18,23,MOUNTAIN VIEW 1,CATAWBA, ,106891.001122,280278581.480601,106891.001121566
1059,1114,80,23,MORGAN  2,ROWAN, ,131559.45931,736415875.521327,131559.459310112
1060,1115,78,23,SOUTH PEMBROKE,ROBESON, ,146482.137592,667794607.844272,146482.13759218
1061,1116,25,23,GRANTHAM 2B,CRAVEN, ,118381.327539,338621093.512785,118381.327538744
1062,1117,96,23,23,WAYNE, ,77997.4405479,165782113.199145,77997.4405478518
1063,1118,32,23,THE RIVER CHURCH,DURHAM, ,79396.5650002,137056845.617397,79396.5650001836
1064,1119,36,39A,CENTRAL BELMONT,GASTON, ,43928.9975687,75024206.7563202,43928.9975687043
1065,1121,11,23.2,ASHEVILLE APOSTOLIC CHURCH,BUNCOMBE, ,79953.9519666,73831855.7277416,79953.951966561
1066,1122,11,23.3,EVERGREEN CHARTER SCHOOL,BUNCOMBE, ,43672.7983539,38812022.0336829,43672.7983539123
1067,1123,60,230,230,MECKLENBURG, ,97865.7700111,252966044.907016,97865.7700111353
1068,1124,60,231,231,MECKLENBURG, ,49425.9795303,56991291.529377,49425.979530285
1069,1125,60,232,232,MECKLENBURG, ,34272.2207426,52652248.2639706,34272.2207425707
1070,1126,60,233,233,MECKLENBURG, ,41909.0299844,61393245.1738118,41909.0299844462
1071,1127,60,234,234,MECKLENBURG, ,44552.9443752,77145567.0046359,44552.944375216
1072,1128,60,235,235,MECKLENBURG, ,38516.6331887,70005154.9660598,38516.6331887131
1073,1129,60,236,236,MECKLENBURG, ,81386.5311824,383175361.018099,81386.5311823823
1074,1132,60,239,239,MECKLENBURG, ,40411.5844712,87228756.6399035,40411.5844711542
1075,1133,78,24,PHILADELPHUS,ROBESON, ,149705.812309,639852008.181106,149705.812308797
1076,1134,96,24,24,WAYNE, ,236390.693161,2166209584.50494,236390.693160803
1077,1301,80,42,WEST WARD 3,ROWAN, ,33546.4796927,35606566.9851386,33546.4796926988
1078,1135,32,24,DPS STAFF DEVELOPMENT CENTER,DURHAM, ,45101.4655203,76008453.1532768,45101.4655203123
1079,1136,36,38A,WILKINSON,GASTON, ,48465.2262593,89053647.1883175,48465.2262593407
1080,1137,80,24,MT. ULLA,ROWAN, ,133681.977416,796882834.95589,133681.977415909
1081,1139,29,24,LEXINGTON 2 24,DAVIDSON, ,81036.1211236,122409429.215436,81036.1211236024
1082,1140,18,24,MOUNTAIN VIEW 2,CATAWBA, ,148788.48165,528805185.06201,148788.481650499
1083,1142,11,24.1,CROSSROADS ASSEMBLY,BUNCOMBE, ,90220.8576271,104199345.360197,90220.8576271111
1084,1302,32,42,SHEPHARD MAGNET SCHOOL,DURHAM, ,20107.1633154,24488078.8843065,20107.1633153693
1085,1303,11,42.1,HAZEL 1 - EMMA ELEMENTARY SCHOOL,BUNCOMBE, ,60265.6422849,89461661.5515332,60265.6422849017
1086,1143,60,240,240,MECKLENBURG, ,53021.246407,119768789.303904,53021.2464069598
1087,1144,60,241,241,MECKLENBURG, ,92776.4613619,389037433.510883,92776.4613618741
1088,1310,29,44,MIDWAY 44,DAVIDSON, ,115222.920994,532150622.192228,115222.920994191
1089,1311,11,44.1,LOWER HOMINY 1 - OAK FOREST PRESBYTERIAN,BUNCOMBE, ,134257.315939,399701822.358336,134257.315939469
1090,1312,32,45,TEMPLE BAPTIST CHURCH,DURHAM, ,146968.699554,221141047.373622,146968.699554245
1091,1314,36,22A,EAST MOUNT HOLLY,GASTON, ,82473.5534479,186642584.404374,82473.5534479424
1092,1315,80,45,ELLIS,ROWAN, ,87010.6628251,213472505.421926,87010.6628251395
1093,1316,11,45.1,ENKA MIDDLE SCHOOL,BUNCOMBE, ,83286.4994294,192655916.933863,83286.4994293962
1094,1317,29,46,NORTH DAVIDSON 46,DAVIDSON, ,87078.1441638,280089096.943816,87078.1441637731
1095,1145,60,242,242,MECKLENBURG, ,65488.4290788,190031974.478078,65488.4290787985
1096,1146,60,243,243,MECKLENBURG, ,82255.0691442,347619090.421209,82255.0691442273
1097,1147,32,25,NORTHERN HIGH SCHOOL,DURHAM, ,138089.258112,351313036.05013,138089.258111535
1098,1148,78,25,RAFT SWAMP,ROBESON, ,132160.585549,485029896.565946,132160.585549291
1099,1150,18,25,NORTH NEWTON,CATAWBA, ,52675.5511508,98646752.0173077,52675.5511507748
1100,1152,80,25,ROCKWELL,ROWAN, ,144041.328694,467343316.643925,144041.328693522
1101,1153,11,25.1,CHARLES C BELL SCHOOL,BUNCOMBE, ,59578.8511581,51281805.5546856,59578.8511580758
1102,1154,96,2530,2530,WAYNE, ,123148.894746,657647764.18817,123148.894745629
1103,1187,96,29,29,WAYNE, ,26827.0324494,29466652.0864831,26827.0324494405
1104,1157,18,26,OAKLAND HEIGHTS,CATAWBA, ,35007.5429681,44116610.4739509,35007.5429680597
1105,1158,29,26,LEXINGTON 3 26,DAVIDSON, ,53828.573924,116081734.032211,53828.5739240312
1106,1159,32,26,BAHAMA VFD - ROUGEMONT STATION,DURHAM, ,120662.588655,580738365.980916,120662.588655046
1107,1160,80,26,GOLD KNOB,ROWAN, ,85955.5611409,309705410.047898,85955.561140903
1108,1161,96,26,26,WAYNE, ,131263.100639,517665280.428998,131263.100639478
1109,1162,11,26.1,ASHEVILLE SCHOOL ATHLETIC CENTER,BUNCOMBE, ,35576.9568943,26170788.6130563,35576.9568943088
1110,1163,78,26A,RED SPRINGS,ROBESON, ,114510.782795,531053127.004259,114510.782795236
1111,1164,36,40A,SOUTH POINT,GASTON, ,81976.6505016,304146995.622456,81976.6505015971
1112,1165,81,27,RUTHERFORDTON  1,RUTHERFORD, ,96629.134482,275325800.886003,96629.1344819571
1113,1189,81,29,SANDY MUSH,RUTHERFORD, ,74169.7250667,227305052.515564,74169.7250666649
1114,1166,32,27,CREEKSIDE ELEMENTARY,DURHAM, ,46097.3082841,64804860.1037812,46097.308284071
1115,1167,80,27,SCOTCH IRISH,ROWAN, ,152956.867019,982104909.206595,152956.86701907
1116,1168,18,27,OXFORD,CATAWBA, ,133724.771949,712851533.018011,133724.771948831
1117,1195,19,3,ALBRIGHT,CHATHAM, ,161792.32155,1444334791.21933,161792.321550113
1118,1196,37,3,PRECINCT  3,GATES, ,214104.442256,1857922066.67417,214104.442256276
1119,1197,29,30,DUNBAR 30,DAVIDSON, ,60863.053123,92763835.1948831,60863.0531230223
1120,1321,32,47,HOLMES RECREATION CENTER,DURHAM, ,40200.3054365,54691799.4505012,40200.3054364708
1121,1322,11,47.1,UPPER HOMINY 1 - PISGAH ELEMENTARY,BUNCOMBE, ,140090.043709,1059226653.28345,140090.043709014
1122,1170,96,27,27,WAYNE, ,60930.0731981,150483438.676661,60930.0731980746
1123,1171,11,27.2,BEAVERDAM COMMUNITY CENTER,BUNCOMBE, ,91089.97265,133165640.450086,91089.9726500086
1124,1323,29,48,REEDS/YADKIN COLLEGE 48,DAVIDSON, ,115009.663411,480095686.757199,115009.663411482
1125,1325,11,48.1,HOMINY VALLEY ELEMENTARY,BUNCOMBE, ,90620.6436076,233712857.604194,90620.6436076359
1126,1326,11,49.1,UPPER HOMINY 3 - POLE CREEK BAPTIST,BUNCOMBE, ,106355.243929,412975406.582325,106355.243928923
1127,1172,18,28,ST STEPHENS 1,CATAWBA, ,51524.03739,138278534.463518,51524.0373899537
1128,1173,96,28,28,WAYNE, ,217282.051722,1653459926.39712,217282.051722027
1129,1175,81,28,RUTHERFORDTON  2,RUTHERFORD, ,114126.36823,219471032.69398,114126.368230055
1130,1176,32,28,BAHAMA RURITAN CLUB,DURHAM, ,197108.094879,1372370100.5542,197108.094878574
1131,1177,78,28,RENNERT,ROBESON, ,122727.655637,535196980.033303,122727.65563687
1132,1178,29,28,LEXINGTON 4 28,DAVIDSON, ,79021.3591527,258065696.981943,79021.3591527199
1133,1180,80,28,SPENCER,ROWAN, ,64809.5170999,123102366.748102,64809.517099882
1134,1181,11,28.1,COVENANT REFORMED PRESBYTERIAN,BUNCOMBE, ,29570.0484258,25487364.53456,29570.0484257821
1135,1183,78,29,ROWLAND,ROBESON, ,152265.51573,1061187432.48822,152265.515730413
1136,1184,32,29,GLENN ELEMENTARY,DURHAM, ,135326.644204,676105538.830591,135326.644204021
1137,1185,80,29,STEELE,ROWAN, ,106626.230461,612621834.280975,106626.230461349
1138,1190,11,29.2,NEW HOPE PRESBYTERIAN,BUNCOMBE, ,51519.0869776,40778937.5205748,51519.0869776179
1139,1191,69,2OT,ORIENTAL,PAMLICO, ,259999.949556,2341066243.73976,259999.949556042
1140,1193,89,3,GUMNECK,TYRRELL, ,353668.044934,4420056986.77628,353668.044934101
1141,1194,21,3,ROCKY HOCK,CHOWAN, ,141355.07119,896467160.666005,141355.071190146
1142,1198,18,30,SANDY RIDGE,CATAWBA, ,40609.5082263,78438906.9233228,40609.5082262583
1143,1199,81,30,SPINDALE,RUTHERFORD, ,107638.906056,243859471.075027,107638.9060558
1144,1200,78,30,SADDLETREE,ROBESON, ,164958.252507,961259327.407895,164958.252507084
1145,1202,19,30,HICKORY MOUNTAIN,CHATHAM, ,184815.473662,1422926969.48257,184815.473662209
1146,1204,80,30,SUMNER,ROWAN, ,117192.624312,377318000.480091,117192.624311813
1147,1206,32,30-2,SOUTHERN HIGH SCHOOL,DURHAM, ,58419.0753844,202709465.347901,58419.0753843627
1148,1207,11,30.2,AVERYS CREEK ELEMENTARY SCHOOL,BUNCOMBE, ,86651.5963111,239868284.200028,86651.5963110552
1149,1208,11,30.3,AVERYS CREEK COMMUNITY CENTER,BUNCOMBE, ,59575.7852861,162148936.405896,59575.7852861414
1150,1224,29,32,ROBBINS 32,DAVIDSON, ,39109.0568744,51724975.459387,39109.0568744372
1151,1225,80,32,UNITY,ROWAN, ,121432.439903,693465828.775955,121432.439902562
1152,1226,18,32,SOUTH NEWTON,CATAWBA, ,82835.3369023,235134690.63514,82835.3369023171
1153,1227,11,32.1,BLACK MOUNTAIN 1 - OWEN MIDDLE SCHOOL,BUNCOMBE, ,209729.144806,701408482.526195,209729.144805736
1154,1228,78,32A,ST PAULS,ROBESON, ,245290.386402,1598966471.75742,245290.386402152
1155,1230,18,33,SPRINGS,CATAWBA, ,127453.381434,449923997.022399,127453.381434199
1156,1231,78,33,SHANNON,ROBESON, ,75241.9334712,290212321.346118,75241.9334711788
1157,1232,36,9A,TRYON,GASTON, ,103259.322419,500156193.166819,103259.322418821
1158,1233,80,33,BOSTIAN SCHOOL,ROWAN, ,71225.3246941,277244725.163168,71225.3246941307
1159,1234,11,33.2,BLACK MOUNTAIN PRIMARY SCHOOL,BUNCOMBE, ,42889.3743477,64847365.3853265,42889.37434769
1160,1235,11,33.3,BLACK MOUNTAIN ELEMENTARY SCHOOL,BUNCOMBE, ,42855.2335024,37694041.1776145,42855.2335024243
1161,1236,18,34,STARTOWN,CATAWBA, ,148405.895672,659153757.475609,148405.895672273
1162,1237,36,12A,LANDERS CHAPEL,GASTON, ,92773.629583,506423468.191602,92773.6295829797
1163,1238,80,34,WEST WARD 2,ROWAN, ,82333.6717789,84030326.2594462,82333.6717788564
1164,1239,29,34,WESLEY HEIGHTS 34,DAVIDSON, ,56013.2760235,45199988.6640984,56013.2760235145
1165,1240,78,34,OXENDINE,ROBESON, ,155666.695831,962062485.283232,155666.6958311
1166,1241,81,34,UNION,RUTHERFORD, ,119643.0751,601722352.063507,119643.075099519
1167,1243,32,34-2,IVY COMMUNITY CENTER,DURHAM, ,40302.2448685,64906001.1043381,40302.2448684632
1168,1244,11,34.1,BLACK MOUNTAIN 3 - LAKE TOMAHAWK,BUNCOMBE, ,18848.3603947,17779278.7563199,18848.3603946611
1169,1245,18,35,SWEETWATER,CATAWBA, ,95982.8604872,405803321.355988,95982.8604871862
1170,1246,78,35,PROSPECT,ROBESON, ,117848.768528,626991594.800955,117848.76852754
1171,1247,80,35,WEST WARD 1,ROWAN, ,36908.5493415,24226295.3712499,36908.54934155
1172,1352,32,54,WATERFORD VILLAGE APTS,DURHAM, ,35282.8118464,69548492.9153428,35282.8118464101
1173,1353,29,54,SILVER VALLEY 54,DAVIDSON, ,98195.375234,525107172.918888,98195.3752339666
1174,1354,11,54.2,LUTHERAN CHURCH OF THE NATIVITY,BUNCOMBE, ,228273.303421,449018690.40194,228273.303421097
1175,1249,11,35.1,BLACK MOUNTAIN 4 - CARVER COMMUNITY CENTER,BUNCOMBE, ,50380.1899891,55402459.2262351,50380.1899890731
1176,1253,29,36,GRIMES 36,DAVIDSON, ,39554.8020696,33114448.8437549,39554.8020695869
1177,1254,18,36,VIEWMONT 1,CATAWBA, ,38921.3590767,59228957.8119935,38921.3590767285
1178,1255,36,11A,NORTH CHERRYVILLE,GASTON, ,96917.8959057,407202533.751123,96917.8959057373
1179,1256,78,36,SMYRNA,ROBESON, ,102032.405369,513742137.471709,102032.405368609
1180,1257,11,36.1,BLACK MOUNTAIN 5 - MONTREAT CTR WALKUP BLDG,BUNCOMBE, ,190371.533076,704019969.704038,190371.533075838
1181,1355,32,55-11,055-11,DURHAM, ,17702.3608506,17298515.3085843,17702.3608506219
1182,1258,18,37,VIEWMONT 2,CATAWBA, ,31743.9777018,51141070.6701822,31743.9777017699
1183,1263,18,38,FALLING CREEK,CATAWBA, ,54404.4670385,90780872.5581065,54404.4670384965
1184,1264,80,38,EAST WARD,ROWAN, ,45352.8980531,67284994.0446034,45352.8980530624
1185,1356,32,55-49,055-49,DURHAM, ,11089.9618656,6307734.9813223,11089.9618656316
1186,1265,32,38,HOPE VALLEY BAPTIST,DURHAM, ,68682.0189951,157523116.501858,68682.0189951139
1187,1266,29,38,EASTSIDE 38,DAVIDSON, ,66329.2794005,40345406.4468324,66329.2794004637
1188,1267,36,13A,HIGH SHOALS,GASTON, ,102574.735826,452612129.393129,102574.735826413
1189,1268,78,38,THOMPSON,ROBESON, ,111904.901481,634992779.186416,111904.90148123
1190,1269,11,38.2,CANE CREEK MIDDLE SCHOOL,BUNCOMBE, ,104903.841968,325885644.622209,104903.841968126
1191,1270,11,38.3,TRINITY OF FAIRVIEW CHURCH,BUNCOMBE, ,84433.9380056,292560600.381534,84433.9380055665
1192,1272,36,19A,ALEXIS,GASTON, ,118775.060078,491247505.817175,118775.060078024
1193,1273,18,39,NORTHWEST,CATAWBA, ,44674.7624374,79995186.3961479,44674.7624374101
1194,1274,80,39,WEST INNES,ROWAN, ,54277.203438,56236748.890011,54277.2034379537
1195,1275,78,39,UNION,ROBESON, ,167740.533156,1219954515.2444,167740.533155991
1196,1276,11,39.2,FAIRVIEW VOLUNTEER FIRE DEPT,BUNCOMBE, ,101828.001742,315354244.120013,101828.001742107
1197,1277,11,39.3,FAIRVIEW COMMUNITY CENTER,BUNCOMBE, ,104592.82788,406631266.559584,104592.827880228
1198,1279,21,4,CENTER HILL,CHOWAN, ,128414.913311,914899267.503938,128414.913310763
1199,1280,78,40,WHITEHOUSE,ROBESON, ,117262.40052,643261759.395229,117262.400519748
1200,1281,29,40,MUNICIPAL 40,DAVIDSON, ,116328.205992,142032988.633021,116328.205992455
1201,1282,36,14A,DALLAS SW,GASTON, ,106474.685501,371282537.921938,106474.685501426
1202,1283,18,40,WEST NEWTON,CATAWBA, ,41566.7292785,81208925.4123586,41566.7292785177
1203,1284,80,40,NORTH WARD,ROWAN, ,33373.8891918,54023265.9181756,33373.8891917959
1204,1285,32,40,ROGERS-HERR MIDDLE SCHOOL,DURHAM, ,20720.3251405,22392489.9325834,20720.3251405251
1205,1286,11,40.2,FLAT CREEK - NORTH BUNCOMBE ELEMENTARY,BUNCOMBE, ,85306.8193883,324573359.563679,85306.8193883112
1206,1292,18,41,LAKE NORMAN,CATAWBA, ,106322.852201,388645781.974964,106322.852200881
1207,1293,78,41,WISHARTS,ROBESON, ,307959.362153,1975981380.43036,307959.362152772
1208,1294,80,41,MILFORD HILLS CITY,ROWAN, ,49563.8126744,63314952.7716668,49563.8126744049
1209,1295,32,41,WHITE ROCK BAPTIST CHURCH,DURHAM, ,24364.8172256,24370845.3256994,24364.8172256468
1210,1296,36,18A,DALLAS NE,GASTON, ,100930.771965,284808891.79382,100930.771965224
1211,1297,11,41.1,FRENCH BROAD FIRE DEPT,BUNCOMBE, ,140953.633014,536447314.84576,140953.633013584
1212,1298,29,42,LIBERTY 42,DAVIDSON, ,97820.7466695,461667726.221453,97820.7466695365
1213,1299,36,21A,LUCIA,GASTON, ,131850.100338,417121577.246883,131850.100338345
1214,1304,32,43,FOREST VIEW ELEMENTARY,DURHAM, ,72740.4055354,219170892.737852,72740.4055353917
1215,1305,36,20A,STANLEY CREEK,GASTON, ,109569.972174,578508359.826698,109569.97217408
1216,1306,11,43.2,HAZEL 2 - JOHNSTON SCHOOL,BUNCOMBE, ,38313.7933035,71248000.0032502,38313.7933035342
1217,1307,80,44,WEST ENOCHVILLE,ROWAN, ,77447.1204341,314518804.498832,77447.1204341427
1218,1308,36,24A,SPRINGFIELD,GASTON, ,112727.996003,283954257.607463,112727.996002987
1219,1309,32,44,NORTH REGIONAL LIBRARY,DURHAM, ,94553.8399589,306717570.217199,94553.8399588756
1220,1318,32,46,EDISON JOHNSON CENTER,DURHAM, ,41218.3564368,55054576.6152624,41218.356436762
1221,1319,36,23A,WEST MOUNT HOLLY,GASTON, ,67406.5345226,162504684.343359,67406.5345226124
1222,1320,11,46.1,LOWER HOMINY 3 - ARBORETUM MAIN BLDG ROOM 1,BUNCOMBE, ,117751.493467,418569837.190194,117751.493466885
1223,1329,37,4N,PRECINCT  4 NORTH,GATES, ,227200.157701,1885263253.26795,227200.157700971
1224,1330,37,4S,PRECINCT  4 SOUTH,GATES, ,141382.758623,757516147.779087,141382.758623124
1225,1332,37,5,PRECINCT  5,GATES, ,244071.128788,2014312662.49243,244071.128788033
1226,1333,21,5,WARDVILLE,CHOWAN, ,183564.186594,1047747258.56116,183564.186593911
1227,1334,32,50,MCMANNEN UNITED METHODIST,DURHAM, ,41762.1235691,90736374.6119712,41762.1235690571
1228,1335,29,50,REEDY CREEK 50,DAVIDSON, ,104463.375282,586948862.050459,104463.375282395
1229,1336,11,50.1,IVY 1 - BARNARDSVILLE SCHOOL,BUNCOMBE, ,161399.66823,1396398245.49563,161399.668230466
1230,1344,32,51,SOUTHWEST ELEMENTARY,DURHAM, ,35181.4505399,46813281.558315,35181.4505398996
1231,1345,11,51.2,NORTH WINDY RIDGE SCHOOL,BUNCOMBE, ,103330.366734,568335612.069624,103330.36673428
1232,1346,29,52,SILVER HILL 52,DAVIDSON, ,138795.917887,901062733.753514,138795.917887115
1233,1347,32,52,EVANGEL ASSEMBLY OF GOD,DURHAM, ,43339.3996471,70601004.6561968,43339.3996471396
1234,1348,11,52.1,LEICESTER 1 - LEICESTER SCHOOL,BUNCOMBE, ,161025.592525,627828635.125373,161025.592525204
1235,1349,32,53-1,TRIANGLE PRESBYTERIAN,DURHAM, ,39907.3855861,67805408.3445305,39907.3855860685
1236,1581,26,CC34,CROSS CREEK 34,CUMBERLAND, ,32175.9286239,27810265.0875537,32175.9286239278
1237,1350,32,53-2,TRIANGLE CHURCH,DURHAM, ,72082.5660188,283454361.98136,72082.5660187787
1238,1351,11,53.1,LEICESTER 2 - COMMUNITY CENTER,BUNCOMBE, ,151527.020403,869417184.859616,151527.020403495
1239,1357,11,55.1,LIMESTONE 2 - GLEN ARDEN SCHOOL,BUNCOMBE, ,40772.4127638,89520864.4019115,40772.4127637512
1240,1358,29,56,SOUTH DAVIDSON 56,DAVIDSON, ,157519.381006,1372681553.78419,157519.381006096
1241,1359,11,56.2,LIMESTONE 3 - ARDEN FIRST BAPTIST,BUNCOMBE, ,29536.2671235,46643114.5214742,29536.2671235465
1242,1360,11,57.1,LIMESTONE 4 - SKYLAND FIRE BISHOP SUBSTATION,BUNCOMBE, ,106608.285556,303681863.13978,106608.285555516
1243,1361,29,58,SOUTHMONT 58,DAVIDSON, ,110369.638955,501964286.057587,110369.638954522
1244,1362,11,58.1,NORTH BUNCOMBE - MIDDLE SCHOOL,BUNCOMBE, ,112836.614725,216729034.698557,112836.614725165
1245,1363,11,59.1,REEMS CREEK FIRE DEPARTMENT,BUNCOMBE, ,154910.019034,741056011.690985,154910.019033941
1246,1364,69,5AP,ARAPAHOE,PAMLICO, ,203856.358732,2232206609.0939,203856.358732334
1247,1366,21,6,YEOPIM,CHOWAN, ,198309.580268,1939459454.23268,198309.580268182
1248,1367,29,60,THOMASVILLE 1 60,DAVIDSON, ,73611.8796579,119797731.745939,73611.8796579323
1249,1368,11,60.2,REYNOLDS FIRE DEPARTMENT,BUNCOMBE, ,43132.0408371,92949218.9196292,43132.040837122
1250,1369,11,60.4,COVENANT COMMUNITY CHURCH,BUNCOMBE, ,51671.5043073,114389603.109689,51671.504307337
1251,1377,47,61,RAEFORD  1,HOKE, ,59039.3341312,127883903.256037,59039.3341311632
1252,1378,11,61.1,RICEVILLE 1 - RICEVILLE COMMUNITY CENTER,BUNCOMBE, ,108143.689692,370391867.489938,108143.689691887
1253,1379,29,62,THOMASVILLE 2 62,DAVIDSON, ,27704.4706508,31254350.7635242,27704.4706508127
1254,1380,47,62,RAEFORD  2,HOKE, ,35643.8446606,29920225.5258657,35643.8446606171
1255,1381,11,62.1,RICEVILLE 2 - GRASSY BRANCH BAPTIST,BUNCOMBE, ,51194.5837118,103441399.426778,51194.5837118069
1256,1382,47,63,RAEFORD  3,HOKE, ,105760.423818,475458863.419676,105760.42381754
1257,1383,11,63.1,SANDY MUSH COMMUNITY CENTER,BUNCOMBE, ,131682.419078,679355723.557219,131682.419078271
1258,1384,29,64,THOMASVILLE 3 64,DAVIDSON, ,32244.8936135,40182340.0464859,32244.8936135204
1259,1385,47,64,RAEFORD  4,HOKE, ,133516.388828,428472213.599285,133516.388828206
1260,1386,11,64.1,FIRST BAPTIST OF SWANNANOA,BUNCOMBE, ,74722.3934266,273736142.284721,74722.393426629
1261,1600,41,CG1,CG1,GUILFORD, ,49698.7447163,81881246.6822769,49698.7447162744
1262,1387,47,65,RAEFORD  5,HOKE, ,41824.6390807,42941302.9178192,41824.6390806598
1263,1388,11,65.1,SWANNANOA 2 - WILLIAMS ELEMENTARY,BUNCOMBE, ,111253.73144,490722748.074471,111253.73144013
1264,1625,82,CLEA,"CLINTON, EAST",SAMPSON, ,202587.816801,945047140.583974,202587.816800937
1265,1626,82,CLEM,CLEMENT,SAMPSON, ,209212.021222,992256233.820768,209212.021221816
1266,1627,82,CLNE,"CLINTON, NORTHEAST",SAMPSON, ,65575.2567758,79894041.1117889,65575.256775779
1267,1628,25,CLR4,Clarks-Rhems,CRAVEN, ,295909.280766,825690243.143458,295909.280766131
1268,1629,82,CLSW,"CLINTON, SOUTHWEST",SAMPSON, ,119243.456424,395674555.311705,119243.456423631
1269,1630,82,CLWE,"CLINTON, WEST",SAMPSON, ,156236.171641,721321346.785422,156236.171641099
1270,1631,46,CM,COMO,HERTFORD, ,248051.38044,1345304737.59579,248051.380439595
1271,1632,88,CM,CEDAR MOUNTAIN,TRANSYLVANIA, ,173861.892669,669921013.491398,173861.892668735
1272,1389,29,66,THOMASVILLE 4 66,DAVIDSON, ,48500.8823925,48571821.6818091,48500.8823924733
1273,1633,46,CO,COFIELD,HERTFORD, ,127927.865631,584092195.251906,127927.865631465
1274,1390,11,66.1,SWANNANOA 3 - WWC - KITTRIDGE THEATRE,BUNCOMBE, ,48780.793789,97031775.5462741,48780.7937889551
1275,1391,11,67.1,WEAVERVILLE TOWN HALL,BUNCOMBE, ,73466.5709776,69884113.9225636,73466.57097757
1276,1392,29,68,THOMASVILLE 5 68,DAVIDSON, ,47958.011967,64729078.3370478,47958.0119670358
1277,1393,11,68.1,WEST BUNCOMBE 1 - WEST BUNCOMBE SCHOOL,BUNCOMBE, ,118967.193389,346988901.387068,118967.193388511
1278,1395,11,69.1,WEST BUNCOMBE 2 - FIRE TRAIN CENTER,BUNCOMBE, ,67187.5416478,182728700.917922,67187.5416477864
1279,1396,29,70,THOMASVILLE 7 70,DAVIDSON, ,127431.249103,438674505.838131,127431.249103262
1280,1397,11,70.1,WOODFIN COMMUNITY CENTER,BUNCOMBE, ,65593.4789028,107347360.179612,65593.4789028103
1281,1394,11,681,WEST BUNCOMBE 1 - WEST BUNCOMBE SCHOOL,BUNCOMBE,68.1,77209.4187892,113697513.683913,77209.4187891845
1282,1407,11,71.1,WOODLAND HILLS - BAPTIST CHURCH,BUNCOMBE, ,114559.908357,274136693.276918,114559.908356797
1283,1408,29,72,THOMASVILLE 8 72,DAVIDSON, ,125733.807826,408225064.067715,125733.807826455
1284,1409,29,74,THOMASVILLE 9 74,DAVIDSON, ,103961.068867,378485008.920999,103961.068867453
1285,1410,19,75,EAST WILLIAMS,CHATHAM, ,119194.553689,693292959.62618,119194.553688981
1286,1411,29,76,THOMASVILLE 10 76,DAVIDSON, ,92807.42433,214773524.87194,92807.4243300257
1287,1412,19,78,WEST WILLIAMS,CHATHAM, ,104335.263912,521310248.296369,104335.263911765
1288,1413,29,78,TYRO 78,DAVIDSON, ,159321.237926,643777056.067313,159321.23792589
1289,1444,16,ABCH,ATLANTIC BEACH,CARTERET, ,114104.546879,781968642.535031,114104.546879429
1290,1445,44,AC,ALLENS CREEK,HAYWOOD, ,130443.308267,605105836.506722,130443.308267225
1291,1446,76,AE,ASHEBORO EAST,RANDOLPH, ,66025.610164,202268127.077658,66025.6101639976
1292,1452,73,ALVI,ALLENSVILLE,PERSON, ,146915.741601,1349055179.73339,146915.741601473
1293,1473,88,B2,BREVARD  2,TRANSYLVANIA, ,47621.092104,122935232.539186,47621.0921040404
1294,1474,2,B2,BETHLEHEM 2,ALEXANDER, ,103758.868489,380556633.570024,103758.868488852
1295,1659,68,DA,DOGWOOD ACRES,ORANGE, ,34189.1675022,48947809.7569758,34189.1675022477
1296,1660,16,DASW,DAVIS/STACY/WILLISTON,CARTERET, ,451438.082862,6697837903.0848,451438.082861569
1297,1483,55,BC13,BOGER CITY,LINCOLN, ,39646.7116347,92309657.1908056,39646.711634651
1298,1484,87,BC2,BC2,SWAIN, ,227663.692083,1879281893.85478,227663.692083013
1299,1485,67,BC21,BEAR CREEK,ONSLOW, ,114115.336619,383035780.645337,114115.336618669
1300,1486,50,BCK,BARKERS CREEK,JACKSON, ,146754.528507,654076690.850378,146754.528506817
1301,1661,99,DCRK,DEEP CREEK,YADKIN, ,149884.637856,874945879.72954,149884.637856474
1302,1662,25,DFB9,DOVER-FORT BARNWELL West,CRAVEN, ,235983.612053,1077791915.07024,235983.612053263
1303,1423,29,80A,WALLBURG 80A,DAVIDSON, ,136366.059263,532906835.360451,136366.059262562
1304,1424,29,82,WELCOME 82,DAVIDSON, ,129105.115423,473084780.508179,129105.115422957
1305,1425,29,84,WEST ARCADIA 84,DAVIDSON, ,103988.917999,474785340.306499,103988.917998997
1306,1426,19,85,WEST SILER CITY,CHATHAM, ,151890.738025,998375288.741837,151890.738025099
1307,1427,29,86A,ABBOTTS CREEK 1 86A,DAVIDSON, ,67330.1124435,181271521.63143,67330.1124434706
1308,1428,29,88,ABBOTTS CREEK 2 88,DAVIDSON, ,66611.5390162,197211956.601451,66611.5390162213
1309,1429,19,9,BONLEE,CHATHAM, ,191223.637772,970764048.173418,191223.637771983
1310,1496,7,BEADM,BEAVER DAM,BEAUFORT, ,114942.89643,511250255.712602,114942.896429661
1311,1497,40,BEAR,Voting District 00BEAR,GREENE, ,151163.866755,717674224.402271,151163.866755327
1312,1498,57,BEECH,BEECH GLEN,MADISON, ,169926.976833,1237718806.53793,169926.976833497
1313,1499,7,BELHV,BELHAVEN,BEAUFORT, ,224091.031837,1594508050.19036,224091.031837425
1314,1500,20,BELL,BELLVIEW,CHEROKEE, ,93654.3880074,259301868.842779,93654.3880074413
1315,1439,53,A1,A1,LEE, ,113446.832738,333855745.373988,113446.832738388
1316,1848,41,G74,G74,GUILFORD, ,22599.2868138,29633632.542861,22599.286813764
1317,1440,46,A1,AHOSKIE 1,HERTFORD, ,88743.5216256,274796655.983861,88743.5216255926
1318,1441,46,A2,AHOSKIE 2,HERTFORD, ,168436.21573,847775184.510394,168436.215730027
1319,1442,53,A2,A2,LEE, ,150806.304718,627064655.690506,150806.304718456
1320,1851,26,G7B,WADE-G7,CUMBERLAND, ,199797.160071,831436957.422136,199797.160070713
1321,1443,46,A3,AHOSKIE 3,HERTFORD, ,79678.4610094,266511657.535569,79678.4610093612
1322,1447,26,AH49,ARRAN HILLS,CUMBERLAND, ,32002.060092,40447261.8270002,32002.0600919756
1323,1449,87,ALARKA,ALARKA,SWAIN, ,146386.275106,735815729.870427,146386.275106238
1324,1450,31,ALBE,ALBERTSON,DUPLIN, ,157138.453927,1076720344.6062,157138.453926965
1325,1451,87,ALMOND,ALMOND,SWAIN, ,605351.280463,6163302300.79988,605351.280462601
1326,1879,76,GR,GRANT,RANDOLPH, ,153376.954096,1162426843.27342,153376.954096084
1327,1453,76,AN,ASHEBORO NORTH,RANDOLPH, ,89812.8208041,174060308.358546,89812.8208041157
1328,1454,17,ANDE,ANDERSON,CASWELL, ,167730.392319,722252753.389526,167730.392318791
1329,1455,20,ANNW,ANDREWS NORTH WARD,CHEROKEE, ,185946.566481,855670775.192706,185946.566480825
1330,1456,4,ANS,ANSONVILLE,ANSON, ,222374.12526,1859661230.9123,222374.12526022
1331,1457,20,ANSW,ANDREWS SOUTH WARD,CHEROKEE, ,151032.281842,573536818.99813,151032.281842393
1332,1458,39,ANTI,Voting District 00ANTI,GRANVILLE, ,77149.6126907,284956186.608558,77149.6126906682
1333,1459,45,AR,ARMORY,HENDERSON, ,60817.3512401,44978172.8053505,60817.3512400637
1334,1460,76,AR,ARCHDALE,RANDOLPH, ,107885.465538,253117102.351915,107885.465537797
1335,1461,40,ARBA,Voting District 00ARBA,GREENE, ,104650.527799,444576515.930585,104650.527798521
1336,1462,76,AS,ASHEBORO SOUTH,RANDOLPH, ,97984.0533682,294029440.077666,97984.053368183
1337,1507,16,BFT1,BEAUFORT 1,CARTERET, ,73348.6834926,212102667.910299,73348.6834926132
1338,1463,55,AS25,ASBURY,LINCOLN, ,51876.4716676,111465679.23524,51876.4716676301
1339,1464,16,ASCI,Atlantic/Sea Level/Cedar Island,CARTERET, ,443929.35911,11641031078.5009,443929.359110044
1340,1465,45,AT,ATKINSON,HENDERSON, ,132533.790599,414103800.464396,132533.790599022
1341,1466,7,AUROR,AURORA,BEAUFORT, ,281249.045918,4093728638.16758,281249.045917526
1342,1467,82,AUTR,AUTRYVILLE,SAMPSON, ,189752.620302,923619015.304212,189752.62030225
1343,1468,28,AVON,AVON,DARE, ,426862.902115,10152864346.4947,426862.902115053
1344,1541,45,CB,CRAB CREEK,HENDERSON, ,152125.1228,622449624.616298,152125.122800345
1345,1469,76,AW,ASHEBORO WEST,RANDOLPH, ,94410.8517713,304105612.126093,94410.8517713056
1346,1470,88,B1,BREVARD  1,TRANSYLVANIA, ,46271.1454591,70017941.3539115,46271.1454591257
1347,1542,27,CB,CAROVA BEACH,CURRITUCK, ,167320.669052,1661180088.24052,167320.669052449
1348,1543,10,CB01,SUPPLY,BRUNSWICK, ,310814.073,2551299321.31246,310814.073000406
1349,1544,10,CB02,SHALLOTTE,BRUNSWICK, ,251932.266518,1456024106.94364,251932.26651779
1350,1471,2,B1,BETHLEHEM 1,ALEXANDER, ,89881.7451848,301905798.305156,89881.7451847824
1351,1472,53,B1,B1,LEE, ,153292.949604,1040410135.23004,153292.949603913
1352,1475,53,B2,B2,LEE, ,68133.9529345,132757070.480212,68133.9529345094
1353,1476,88,B3,BREVARD  3,TRANSYLVANIA, ,70458.3859996,177383752.754625,70458.3859996118
1354,1477,88,B4,BREVARD  4,TRANSYLVANIA, ,47108.6021204,67490627.6582818,47108.6021204023
1355,1545,10,CB03,FRYING PAN,BRUNSWICK, ,76559.3979261,200935626.591818,76559.3979260553
1356,1546,10,CB04,SECESSION 2,BRUNSWICK, ,152594.509884,1099985192.06774,152594.509884438
1357,1547,10,CB05,SECESSION 1,BRUNSWICK, ,107970.401797,390637373.394668,107970.401797458
1358,1548,10,CB06,MOSQUITO 1,BRUNSWICK, ,202134.930529,1084716715.41721,202134.930528818
1359,1478,49,BA-1,BARRINGER,IREDELL, ,154512.690165,834153556.639996,154512.690165154
1360,1552,91,CC,Community College,VANCE, ,150537.529379,769466124.113678,150537.529379001
1361,1479,76,BC,BACK CREEK,RANDOLPH, ,156083.490003,974667154.780204,156083.490002885
1362,1480,44,BC,BIG CREEK,HAYWOOD, ,301558.007569,3109488466.12473,301558.00756943
1363,1481,45,BC,BAT CAVE,HENDERSON, ,149929.18659,584490473.212461,149929.18658998
1364,1482,87,BC1,BC1,SWAIN, ,331003.189452,1862699671.25572,331003.189451692
1365,1487,16,BCRK,BROAD CREEK,CARTERET, ,83337.2985737,266724301.973395,83337.2985737403
1366,1488,88,BD,BOYD,TRANSYLVANIA, ,184480.441277,1338912737.62424,184480.441276886
1367,1783,26,G2E-1,WESTAREA-G2E-1,CUMBERLAND, ,44471.1896547,36599284.343937,44471.1896547401
1368,1489,49,BE,BETHANY,IREDELL, ,140428.740733,729144748.396034,140428.740733297
1369,1491,44,BE2,BEAVERDAM 2,HAYWOOD, ,76136.7604995,204777372.938062,76136.7604994865
1370,1492,44,BE3,BEAVERDAM 3,HAYWOOD, ,109591.047048,365738885.821496,109591.047047865
1371,1493,44,BE4,BEAVERDAM 4,HAYWOOD, ,83510.2284284,236498577.564513,83510.228428432
1372,1494,44,BE7,BEAVERDAM 7,HAYWOOD, ,76853.3402866,228137554.465982,76853.3402866197
1373,1495,44,BE5-6,BEAVERDAM 5/6,HAYWOOD, ,79614.6514985,118121777.59793,79614.6514985105
1374,1501,72,BELVID,BELVIDERE,PERQUIMANS, ,139898.032454,750834449.544283,139898.032453721
1375,1502,63,BEN,BENSALEM,MOORE, ,237188.52384,2721373797.40333,237188.52383956
1376,1503,39,BERE,Voting District 00BERE,GRANVILLE, ,172064.737836,1847912959.85514,172064.737835753
1377,1504,72,BETHEL,BETHEL,PERQUIMANS, ,277715.151013,2647459565.52169,277715.151013063
1378,1505,23,BETHWR,BETHWR,CLEVELAND, ,96401.2400935,308003722.005752,96401.2400935243
1379,1506,31,BEUL,BEULAVILLE,DUPLIN, ,212081.751796,1332420863.89342,212081.751795965
1380,1508,16,BFT2,BEAUFORT 2,CARTERET, ,85512.9215808,400353377.32671,85512.9215808216
1381,1509,58,BG,BEAR GRASS,MARTIN, ,141803.078661,843659791.785257,141803.07866119
1382,1510,62,BIS,BISCOE,MONTGOMERY, ,148464.148246,521547281.996362,148464.148246413
1383,1553,26,CC01,CROSS CREEK 01,CUMBERLAND, ,46719.1850926,87025235.3815721,46719.1850925743
1384,1511,45,BK,BRICKTON,HENDERSON, ,46496.3135003,81112726.0527374,46496.3135003147
1385,1512,7,BLCK,BLOUNTS CREEK,BEAUFORT, ,200435.271178,1617974353.54806,200435.27117796
1386,1513,48,BM,BURGESS MILL,HYDE, ,302536.029279,4208918533.93365,302536.029279124
1387,1514,67,BM08,BRYNN MARR,ONSLOW, ,69417.8065444,165224508.941593,69417.8065443877
1388,1515,99,BNVL,BOONVILLE,YADKIN, ,169325.696867,1138442884.47465,169325.696866715
1389,1517,46,BR,BRYANTVILLE,HERTFORD, ,175465.485579,391841953.282371,175465.485578698
1390,1518,23,BR,BROAD RIVER,CLEVELAND, ,215380.63529,1056154591.43796,215380.635289765
1391,1519,22,BRAS,BRASSTOWN,CLAY, ,114711.83161,415028636.622799,114711.831610301
1392,1520,20,BRAS,BRASSTOWN,CHEROKEE, ,95132.3191572,390657319.494991,95132.3191571682
1393,1521,55,BS26,BUFFALO SHOALS,LINCOLN, ,68014.6136324,203204905.4866,68014.6136323858
1394,1522,39,BTNR,Voting District 00BTNR,GRANVILLE, ,129736.927117,723329003.082455,129736.927117425
1395,1523,40,BULL,Voting District 00BULL,GREENE, ,181247.988705,925293389.506795,181247.9887054
1396,1524,4,BURN,BURNSVILLE,ANSON, ,203754.19481,1364780324.52152,203754.19480994
1397,1785,41,G30,G30,GUILFORD, ,24890.445249,26703199.8952531,24890.4452489746
1398,1525,42,BUTWD,BUTTERWOOD,HALIFAX, ,153356.811911,888777023.998559,153356.811911292
1399,1526,28,BUX,BUXTON,DARE, ,177492.97736,1589622345.51173,177492.977359978
1400,1527,54,C,CONTENTNEA,LENOIR, ,203348.89747,1042207496.42515,203348.897470239
1401,1528,53,C1,C1,LEE, ,161577.517715,1050771935.1774,161577.517715444
1402,1529,8,C1,COLERAIN 1,BERTIE, ,184899.391712,1324951348.54345,184899.391711531
1403,1530,8,C2,COLERAIN 2,BERTIE, ,185711.394092,1153689314.53062,185711.394091573
1404,1531,53,C2,C2,LEE, ,146573.627645,851040125.819128,146573.627645181
1405,1786,41,G31,G31,GUILFORD, ,25872.4905764,24967969.4356628,25872.4905763857
1406,1532,68,CA,CARR,ORANGE, ,123804.252612,673822734.747748,123804.252612486
1407,1787,41,G32,G32,GUILFORD, ,28240.2785909,31432219.0052345,28240.2785908535
1408,1533,31,CALY,CALYPSO,DUPLIN, ,129126.394325,672240377.902979,129126.394324772
1409,1534,63,CAM,CAMERON,MOORE, ,183570.623695,1240163644.18416,183570.623695081
1410,1535,62,CAN,CANDOR,MONTGOMERY, ,231697.940041,1129445179.5297,231697.940040837
1411,1536,50,CAN,CANADA,JACKSON, ,229873.129925,1810682913.05344,229873.129924689
1412,1537,63,CAR,CARTHAGE,MOORE, ,321522.942864,3574809732.46855,321522.94286385
1413,1538,50,CAS,CASHIERS,JACKSON, ,249057.337751,1685674848.2352,249057.337751418
1414,1539,23,CASAR,CASAR,CLEVELAND, ,181928.178899,999330648.280212,181928.178898535
1415,1540,40,CAST,Voting District 00CAST,GREENE, ,171910.352796,982559876.598452,171910.352795593
1416,1549,68,CB1,CARRBORO,ORANGE, ,48951.2775536,46883725.1883722,48951.2775535845
1417,1788,41,G33,G33,GUILFORD, ,20712.8127544,21631068.2966529,20712.8127543945
1418,1550,45,CC,CLEAR CREEK,HENDERSON, ,103456.324914,428498973.576643,103456.324913634
1419,1554,26,CC03,CROSS CREEK 03,CUMBERLAND, ,49687.8382584,84415716.5604655,49687.8382583644
1420,1555,26,CC04,CROSS CREEK 04,CUMBERLAND, ,21082.9404738,16174112.9572154,21082.9404738367
1421,1556,26,CC06,CROSS CREEK 06,CUMBERLAND, ,26157.699094,22275619.9372685,26157.6990940033
1422,1557,26,CC07,CROSS CREEK 07,CUMBERLAND, ,21001.0841754,11480067.979377,21001.0841754195
1423,1558,26,CC08,CROSS CREEK 08,CUMBERLAND, ,22980.4929914,20864265.3614174,22980.4929914476
1424,1561,26,CC12,CROSS CREEK 12,CUMBERLAND, ,22734.3445969,22414151.9070458,22734.3445968835
1425,1559,49,CC1,CODDLE CREEK  1,IREDELL, ,92795.4807183,192483591.82431,92795.480718296
1426,1560,26,CC10,CROSS CREEK 10,CUMBERLAND, ,18156.8180472,16410277.0392573,18156.8180472448
1427,1562,26,CC13,CROSS CREEK 13,CUMBERLAND, ,42248.2798299,41892348.7039691,42248.2798299079
1428,1563,26,CC14,CROSS CREEK 14,CUMBERLAND, ,40576.1686801,65605154.5054141,40576.168680144
1429,1564,26,CC15,CROSS CREEK 15,CUMBERLAND, ,45294.2936092,46340766.8547753,45294.2936091808
1430,1565,26,CC16,CROSS CREEK 16,CUMBERLAND, ,28268.3889731,33113526.3368568,28268.3889730807
1431,1569,26,CC21,CROSS CREEK 21,CUMBERLAND, ,32645.9703302,55924336.7491243,32645.9703301747
1432,1566,26,CC17,CROSS CREEK 17,CUMBERLAND, ,72919.7659325,85974027.0575428,72919.7659324815
1433,1567,26,CC18,CROSS CREEK 18,CUMBERLAND, ,40864.4106978,43412303.5942704,40864.4106978471
1434,1568,49,CC2,CODDLE CREEK  2,IREDELL, ,94273.5923806,314628503.635471,94273.5923805752
1435,1789,41,G34,G34,GUILFORD, ,21109.5927532,22885936.8699415,21109.5927532342
1436,1570,26,CC22A,Cross Creek 22,CUMBERLAND, ,60101.5590126,135585190.046839,60101.5590126302
1437,1571,26,CC23-2,Cross Creek 23-2,CUMBERLAND, ,46567.1625284,62723539.7370509,46567.1625284349
1438,1885,27,GW,GIBBS WOODS,CURRITUCK, ,115260.682856,462747704.798806,115260.682856118
1439,1572,26,CC24,CROSS CREEK 24,CUMBERLAND, ,32741.5051807,51317025.5926246,32741.505180719
1440,1574,26,CC26,CROSS CREEK 26,CUMBERLAND, ,29761.2922864,36069145.1036101,29761.2922864029
1441,1573,26,CC25,CROSS CREEK 25,CUMBERLAND, ,27573.9818017,24969444.3458976,27573.981801699
1442,1576,26,CC29,CROSS CREEK 29,CUMBERLAND, ,26463.2392381,40414683.4596635,26463.2392380815
1443,1575,26,CC27,CROSS CREEK 27,CUMBERLAND, ,37782.9774447,42104419.6929212,37782.9774446691
1444,1577,49,CC3-1,CODDLE CREEK  3,IREDELL, ,120046.839918,495774999.454605,120046.839918231
1445,1578,26,CC31,CROSS CREEK 31,CUMBERLAND, ,30760.4198098,39219920.2636262,30760.4198098495
1446,1579,26,CC32,CROSS CREEK 32,CUMBERLAND, ,28099.5468614,29136990.1517054,28099.54686141
1447,1582,49,CC4-1,CODDLE CREEK  4,IREDELL, ,100156.563009,265520408.875445,100156.56300923
1448,1583,26,CC519,CROSS CREEK 519,CUMBERLAND, ,61978.9995972,124538363.506646,61978.9995971702
1449,1585,59,CCREEK,CROOKED CREEK,MCDOWELL, ,156963.594294,883166355.587652,156963.594293827
1450,1586,49,CD,CONCORD,IREDELL, ,149130.650379,970410979.819856,149130.650379268
1451,1587,44,CE,CECIL,HAYWOOD, ,176614.419536,1523842128.85343,176614.419536259
1452,1588,65,CF01,CF01,NEW HANOVER, ,177305.601634,773279878.632755,177305.60163368
1453,1589,65,CF02,CF02,NEW HANOVER, ,202856.996594,916055359.415081,202856.996593679
1454,1590,65,CF05,CF05,NEW HANOVER, ,97009.2809238,238184152.263338,97009.2809237642
1455,1591,65,CF06,CF06,NEW HANOVER, ,82767.5112045,232015686.541321,82767.5112045008
1456,1592,68,CF1,CEDAR FALLS,ORANGE, ,37307.3863746,66796833.2523107,37307.3863746069
1457,1594,55,CF19,COWANS FORD,LINCOLN, ,86027.5730028,156383362.593273,86027.5730028429
1458,1595,25,CFB8,COVE-FORT BARNWELL,CRAVEN, ,234033.200848,1577092091.55616,234033.200847732
1459,1596,50,CFK,CANEY FORK,JACKSON, ,168852.740766,1420430255.84114,168852.740765887
1460,1597,31,CFRK,CEDAR FORK,DUPLIN, ,103432.088466,576660458.261198,103432.088465712
1461,1598,68,CG,CEDAR GROVE,ORANGE, ,135448.062778,756635213.294819,135448.062777587
1462,1599,75,CG05,COOPERS GAP,POLK, ,215510.199612,1368291490.31677,215510.199612159
1463,1601,41,CG2,CG2,GUILFORD, ,55861.7565126,87591252.3213226,55861.7565126178
1464,1602,41,CG3A,CG3A,GUILFORD, ,34354.7480187,27077694.5920348,34354.7480186811
1465,1685,72,EAST H,EAST HERTFORD,PERQUIMANS, ,113567.608198,323721804.100349,113567.608198427
1466,1603,41,CG3B,CG3B,GUILFORD, ,44858.7199185,71583553.6556487,44858.7199184843
1467,1604,15,CH,COURTHOUSE,CAMDEN, ,223902.612872,1583215752.90846,223902.612872086
1468,1686,57,EBBS C,EBBS CHAPEL,MADISON, ,161622.146075,1035881299.27971,161622.146074752
1469,1687,99,EBND,EAST BEND,YADKIN, ,154179.860937,892141282.91317,154179.860936573
1470,1688,79,EC,EDEN CENTRAL,ROCKINGHAM, ,82641.7811389,291198297.317919,82641.78113888
1471,1689,45,ED,EDNEYVILLE,HENDERSON, ,197216.827094,897231292.937201,197216.827094358
1472,1691,7,EDWAR,EDWARD,BEAUFORT, ,229157.563194,1704241757.7501,229157.563194358
1473,2012,28,KTHK,KITTY HAWK,DARE, ,125713.831127,800434688.555823,125713.831127183
1474,2013,82,LAKE,LAKEWOOD,SAMPSON, ,337818.068285,1701592860.91355,337818.068285057
1475,2014,66,LAKE G,LAKE GASTON,NORTHAMPTON, ,131037.924323,660145389.307591,131037.924322589
1476,1605,27,CH,COURTHOUSE,CURRITUCK, ,174954.806834,1092071212.95531,174954.806834269
1477,1606,68,CH,COKER HILLS,ORANGE, ,23595.4111564,21364016.1903001,23595.4111563628
1478,1607,49,CH-A,CHAMBERSBURG-A,IREDELL, ,154822.902449,593371533.083726,154822.902449423
1479,1608,49,CH-B,CHAMBERSBURG-B,IREDELL, ,103203.731215,667194629.458497,103203.731215452
1480,1609,31,CHAR,CHARITY,DUPLIN, ,162364.906676,1070354805.45051,162364.906675541
1481,1610,28,CHCA,CHICAMACOMICO,DARE, ,626817.869059,9408006813.07298,626817.86905945
1482,1611,62,CHE,CHEEKS CREEK,MONTGOMERY, ,264197.396246,1671962755.48038,264197.396246247
1483,1612,31,CHIN,CHINQUAPIN,DUPLIN, ,162501.888482,615040234.212647,162501.888481654
1484,1613,7,CHOCO,CHOCOWINITY,BEAUFORT, ,268408.916056,2425981644.38083,268408.916055505
1485,1617,44,CLS,CLYDE SOUTH,HAYWOOD, ,72706.3807207,224895260.345528,72706.3807206548
1486,1618,71,CL05,COLUMBIA,PENDER, ,244874.004923,2750115254.38257,244874.004922755
1487,1619,75,CL07,COLUMBUS-1,POLK, ,138940.764626,647454378.801889,138940.764626449
1488,1620,75,CL08,COLUMBUS-2,POLK, ,131078.122987,570400173.671289,131078.122987127
1489,1621,67,CL10,CATHERINE LAKE,ONSLOW, ,132745.992617,835557853.498527,132745.992617308
1490,1622,26,CL57-1,CLIFFDALE_WEST- 1-CL57,CUMBERLAND, ,54024.5695459,71433523.5769584,54024.569545874
1491,1710,68,ES,EASTSIDE,ORANGE, ,21493.3060606,25109627.4261407,21493.3060606297
1492,1711,45,ES,ETOWAH SOUTH,HENDERSON, ,98778.2577141,364808001.150943,98778.2577140746
1493,1712,19,ESC114,EAST SILER CITY,CHATHAM, ,185222.305105,1124968622.50494,185222.305105146
1494,1623,26,CL57-2,CLIFFDALE_WEST- 2-CL57,CUMBERLAND, ,43259.5762811,45494099.8312813,43259.5762811091
1495,1624,82,CLCE,"CLINTON, CENTRAL",SAMPSON, ,55568.2571604,36793712.3210948,55568.2571603921
1496,1634,68,CO,COLONIAL HEIGHTS,ORANGE, ,37014.0487946,67080406.2827388,37014.0487946291
1497,1920,41,H21,H21,GUILFORD, ,24250.1443666,19498383.2096928,24250.1443665573
1498,1635,28,COL,COLINGTON,DARE, ,104805.418005,584765537.032104,104805.418005352
1499,1636,66,COMIPE,Conway/MILWAUKEE/PENDLETON,NORTHAMPTON, ,187863.392971,1067474581.6392,187863.39297066
1500,1637,42,CONC,CONOCONNARA,HALIFAX, ,177961.530418,1414787042.82795,177961.530418211
1501,1638,39,CORI,Voting District 00CORI,GRANVILLE, ,195771.905919,1449811758.28815,195771.905918629
1502,1640,44,CR,CRABTREE,HAYWOOD, ,167522.071561,962922492.163993,167522.071560577
1503,1641,58,CR,CROSS ROADS,MARTIN, ,131141.524457,679386541.144626,131141.524457285
1504,1642,67,CR07,CROSS ROADS,ONSLOW, ,154651.237469,692694037.528396,154651.237468912
1505,1734,65,FP08,FP08,NEW HANOVER, ,136538.66602,727240033.514668,136538.666020265
1506,1643,39,CRDL,Voting District 00CRDL,GRANVILLE, ,45795.7582868,40618544.4376046,45795.758286765
1507,1735,45,FR,FLAT ROCK,HENDERSON, ,107113.273073,220917865.437083,107113.273072755
1508,1923,41,H24,H24,GUILFORD, ,34247.3463215,44289005.1645779,34247.3463214881
1509,1644,39,CRDM,Voting District 00CRDM,GRANVILLE, ,127711.270191,796216586.095075,127711.270191251
1510,1645,66,CREEKS,CREEKSVILLE,NORTHAMPTON, ,147160.474239,863243427.943091,147160.474239077
1511,1646,49,CS,COOL SPRINGS,IREDELL, ,146696.685354,848652837.852316,146696.685354089
1512,1648,68,CS1,COLES STORE,ORANGE, ,99422.5592041,469043786.827638,99422.55920407
1513,1649,20,CSON,CULBERSON,CHEROKEE, ,135243.18872,386829065.006855,135243.188719768
1514,1651,26,CU02,CUMBERLAND 2,CUMBERLAND, ,24322.2427076,28155782.2394282,24322.2427076243
1515,1652,73,CUCL,CUNNINGHAM/CHUB LAKE,PERSON, ,182184.787946,1679580738.94548,182184.787946119
1516,1653,50,CUL,CULLOWHEE,JACKSON, ,174286.762205,859183381.467197,174286.762205133
1517,1654,68,CW,CALDWELL,ORANGE, ,149470.951669,1213565940.66375,149470.951668956
1518,1655,68,CX,CHEEKS,ORANGE, ,135433.940298,687905429.793346,135433.940298403
1519,1656,31,CYCK,CYPRESS CREEK,DUPLIN, ,250219.972933,2060460676.94915,250219.972933369
1520,1657,53,D1,D1,LEE, ,250760.346106,1103477327.50127,250760.346106384
1521,1658,53,D2,D2,LEE, ,148260.901306,518965776.637596,148260.901306077
1522,1924,41,H25,H25,GUILFORD, ,43365.4443082,77039237.543942,43365.4443081551
1523,1663,63,DHR,DEEP RIVER/HIGH FALLS/RITTER,MOORE, ,177679.806309,1874569802.30979,177679.806309414
1524,1664,68,DM,DAMASCUS,ORANGE, ,57744.7777632,91644515.5213682,57744.7777632111
1525,10104,34,902,BRUNSON ELEMENTARY,FORSYTH, ,23548.3561474,15424865.2241524,23548.3561473777
1526,1665,55,DN29,DENVER,LINCOLN, ,84306.185047,216125593.382267,84306.1850469573
1527,1666,76,DR,DEEP RIVER,RANDOLPH, ,143542.106685,1027678940.73447,143542.106685174
1528,1667,79,DR,DRAPER,ROCKINGHAM, ,115430.785952,443557608.872151,115430.78595244
1529,1668,88,DR,DUNNS ROCK,TRANSYLVANIA, ,168506.572776,518617356.909771,168506.572776131
1530,1669,28,DUCK,DUCK,DARE, ,128345.074107,993014308.215482,128345.074107239
1531,1670,55,DV08,DANIELS/VALE,LINCOLN, ,178279.384255,968334787.245606,178279.384254783
1532,1672,49,DV1B-1,DAVIDSON  1-B,IREDELL, ,153853.840891,535727846.93823,153853.840891254
1533,1673,49,DV2A-1,DAVIDSON  2-A,IREDELL, ,146515.304983,199187590.48083,146515.30498304
1534,1738,41,FR3,FR3,GUILFORD, ,31245.5446703,39616848.4596076,31245.5446703173
1535,1739,41,FR4,FR4,GUILFORD, ,81291.63085,144086919.902302,81291.6308499561
1536,1674,49,DV2B-1,DAVIDSON  2-B,IREDELL, ,110223.015555,312084155.597904,110223.015554941
1537,1675,55,DW28,DENVER WEST,LINCOLN, ,119577.074902,571152965.246653,119577.074902137
1538,1676,59,DYSART,DYSARTSVILLE,MCDOWELL, ,156876.367911,1121200972.38085,156876.367911472
1539,1677,2,E,ELLENDALE,ALEXANDER, ,199435.707579,1260567572.3691,199435.707579029
1540,1678,53,E1,E1,LEE, ,160157.333633,1166238538.1192,160157.333633272
1541,1679,53,E2,E2,LEE, ,103993.661005,399834509.609691,103993.661004676
1542,1740,41,FR5A,FR5A,GUILFORD, ,44340.063279,92999037.0770422,44340.0632790185
1543,1680,68,EA1,EAST FRANKLIN,ORANGE, ,25080.5789352,21770724.1337165,25080.5789352048
1544,1681,63,EAB,EAST ABERDEEN,MOORE, ,117065.323422,278585763.807076,117065.323422317
1545,1682,39,EAOX,Voting District 00EAOX,GRANVILLE, ,65771.0922755,60296370.6788272,65771.0922754541
1546,1683,70,EAST,EAST ELIZABETH CITY,PASQUOTANK, ,66421.7571089,69974671.0448342,66421.7571088968
1547,1684,38,EAST,EAST WARD,GRAHAM, ,181254.805585,1443045465.24276,181254.805585067
1548,1692,45,EF,EAST FLAT ROCK,HENDERSON, ,67520.9516776,169963539.1496,67520.9516776035
1549,1693,44,EF,EAST FORK,HAYWOOD, ,181522.479695,1350945310.35205,181522.479694737
1550,1694,68,EF,EFLAND,ORANGE, ,143217.221494,717088899.386768,143217.22149431
1551,1695,88,EF,EAST FORK,TRANSYLVANIA, ,146950.027121,657045148.323975,146950.027121348
1552,1696,68,EH,ESTES HILLS,ORANGE, ,38105.1270375,44140409.2388128,38105.1270374528
1553,1698,63,EKWD,EAST KNOLLWOOD,MOORE, ,83866.4983905,240499718.640122,83866.498390495
1554,1699,28,EL,EAST LAKE,DARE, ,336830.012847,5391333753.8986,336830.012846832
1555,1700,62,ELD,ELDORADO,MONTGOMERY, ,210210.903346,1366831233.93286,210210.90334615
1556,1701,49,EM,EAGLE MILLS,IREDELL, ,150863.352841,1073601201.68334,150863.352841117
1557,1741,41,FR5B,FR5B,GUILFORD, ,39448.9530086,41322574.2862858,39448.9530086096
1558,1742,28,FRCO,FRISCO,DARE, ,82554.8741249,317475726.07101,82554.8741249296
1559,1743,67,FS16,FOLKSTONE,ONSLOW, ,256450.234786,2024206959.2624,256450.234785521
1560,1744,49,FT,FALLSTOWN,IREDELL, ,143118.344552,962876938.522638,143118.344552259
1561,1703,67,EN03,EAST NORTHWOODS,ONSLOW, ,113480.448371,579837069.720825,113480.448371485
1562,1704,42,ENF 2,ENFIELD 2,HALIFAX, ,263651.801999,1799867909.05022,263651.801998767
1563,1705,42,ENF1,ENFIELD 1,HALIFAX, ,198507.455162,1734307330.4199,198507.455161911
1564,1706,48,ENG,ENGELHARD,HYDE, ,338443.855224,5334054683.09109,338443.855223556
1565,1707,68,ENO,ENO,ORANGE, ,100930.338487,441705370.871005,100930.33848688
1566,1708,26,EO01,EASTOVER 1,CUMBERLAND, ,140713.504446,844862032.179085,140713.50444566
1567,1709,26,EO02,EASTOVER 2,CUMBERLAND, ,125442.337285,532168683.050623,125442.337284859
1568,1713,63,EUR-WP,EUREKA/WHISPERING PINES,MOORE, ,98482.1182529,402319661.448005,98482.1182529315
1569,1714,45,EV,ETOWAH VALLEY,HENDERSON, ,86134.7391641,200914075.547172,86134.7391641205
1570,1715,63,EWD,EASTWOOD,MOORE, ,117803.918546,593723167.442359,117803.918546153
1571,1716,31,FAIS,FAISON,DUPLIN, ,220625.346049,1528332921.9519,220625.346048535
1572,1717,23,FALSTN,FALSTN,CLEVELAND, ,113684.963687,486204037.567256,113684.9636874
1573,1718,42,FAUCT,FAUCETT,HALIFAX, ,212724.03292,1825318433.09671,212724.032919916
1574,1719,99,FBSH,FORBUSH,YADKIN, ,169995.191938,1188323350.01838,169995.191937834
1575,1720,54,FC,FALLING CREEK,LENOIR, ,163005.238699,868354216.321534,163005.238699497
1576,1721,44,FC-1,FINES CREEK 1,HAYWOOD, ,256274.834388,1738802452.74586,256274.834388299
1577,1722,44,FC-2,FINES CREEK 2,HAYWOOD, ,53537.9513432,99913149.2261637,53537.9513431784
1578,1723,41,FEN1,FEN1,GUILFORD, ,74423.3790305,204183622.883436,74423.379030459
1579,1724,41,FEN2,FEN2,GUILFORD, ,52353.2435525,120871602.887116,52353.2435524793
1580,1725,48,FF,FAIRFIELD,HYDE, ,339840.023918,3191156177.67274,339840.023918284
1581,1726,45,FL,FLETCHER,HENDERSON, ,77680.0232731,153007877.497113,77680.0232731428
1582,1745,41,G01,G01,GUILFORD, ,16317.5969971,11569003.7976165,16317.5969971295
1583,1728,59,FORT 1,OLD FORT 1,MCDOWELL, ,176674.807998,1367625885.28771,176674.80799771
1584,1729,59,FORT 2,OLD FORT 2,MCDOWELL, ,186343.936472,719468441.999614,186343.936472137
1585,1748,41,G04,G04,GUILFORD, ,24730.720561,26142860.272631,24730.7205609753
1586,1730,65,FP03,FP03,NEW HANOVER, ,197149.728695,1152988818.24709,197149.728695439
1587,1731,65,FP04,FP04,NEW HANOVER, ,79521.0928439,313008153.668861,79521.0928439064
1588,1754,41,G10,G10,GUILFORD, ,38048.1911013,51016203.0170413,38048.1911012893
1589,1755,26,G10A,STONEY POINT 2-G10,CUMBERLAND, ,67140.0981886,128539782.238067,67140.0981885665
1590,1732,65,FP06,FP06,NEW HANOVER, ,50312.780339,106445033.388893,50312.7803390261
1591,1733,65,FP07,FP07,NEW HANOVER, ,59352.2764174,180656914.412781,59352.2764174104
1592,1759,26,G11B,MANCHESTER-G11,CUMBERLAND, ,275283.09221,2017562775.54266,275283.092210399
1593,1736,41,FR1,FR1,GUILFORD, ,44316.5525628,70299695.582976,44316.5525627585
1594,1760,41,G12,G12,GUILFORD, ,20561.8320415,12464960.2418557,20561.8320414793
1595,1737,41,FR2,FR2,GUILFORD, ,37202.080411,52654164.5882625,37202.0804110146
1596,1761,41,G13,G13,GUILFORD, ,22649.0399219,21152274.1771513,22649.0399219453
1597,1746,41,G02,G02,GUILFORD, ,24149.00016,28846911.4930371,24149.0001599727
1598,1762,41,G14,G14,GUILFORD, ,12358.5764631,9750601.95432237,12358.5764630715
1599,1763,41,G15,G15,GUILFORD, ,24801.0256028,17660644.7254892,24801.0256027826
1600,1747,41,G03,G03,GUILFORD, ,33437.2573744,31733576.672942,33437.2573743729
1601,1749,41,G05,G05,GUILFORD, ,19694.8254982,13703650.1824923,19694.8254981941
1602,1764,41,G16,G16,GUILFORD, ,19227.4047562,19178673.5813878,19227.4047561742
1603,1750,41,G06,G06,GUILFORD, ,45226.020986,77947062.9053667,45226.0209860002
1604,1765,41,G17,G17,GUILFORD, ,30705.9781355,39052896.5957013,30705.9781355169
1605,1751,41,G07,G07,GUILFORD, ,30782.7472889,33152851.8019709,30782.7472889237
1606,1752,41,G08,G08,GUILFORD, ,56141.7304159,44237903.9819018,56141.7304159422
1607,1753,41,G09,G09,GUILFORD, ,27602.8741872,39991555.4898127,27602.874187164
1608,1756,26,G10B,HOPE MILLS 4-G10,CUMBERLAND, ,37642.9416285,59907390.4979257,37642.9416285184
1609,1757,26,G10C,STONEY POINT 1-G10,CUMBERLAND, ,73067.6381864,158572691.546692,73067.6381864077
1610,1758,41,G11,G11,GUILFORD, ,19546.4702612,22117922.9869253,19546.4702611802
1611,1768,26,G1A,CROSS CREEK 02-G1,CUMBERLAND, ,82568.3811399,260217492.977564,82568.3811398686
1612,1769,26,G1B,JUDSON-VANDER-G1,CUMBERLAND, ,171960.281389,632616113.37,171960.281389405
1613,1770,2,G1G2,GWALTNEY 1 2,ALEXANDER, ,198573.969561,1193927468.27754,198573.969561194
1614,1772,41,G21,G21,GUILFORD, ,33650.7893078,51900698.0291806,33650.7893078441
1615,1773,41,G22,G22,GUILFORD, ,21722.9860472,21258527.2769726,21722.9860472447
1616,1777,41,G26,G26,GUILFORD, ,42654.9879048,49294628.4628513,42654.9879047809
1617,1778,41,G27,G27,GUILFORD, ,25232.1377065,31546344.5239912,25232.1377065356
1618,1781,26,G2A,CROSS CREEK 09-G2,CUMBERLAND, ,41245.1856239,81760435.9336845,41245.1856239404
1619,1790,41,G35,G35,GUILFORD, ,21433.4548852,18372993.3828016,21433.4548851905
1620,1782,26,G2C-1,CROSS CREEK 23-G2C-1,CUMBERLAND, ,45702.6164828,46133898.8546174,45702.6164827794
1621,1793,41,G38,G38,GUILFORD, ,22538.1857987,27231471.6256101,22538.1857987369
1622,1784,26,G2E-2,WESTAREA-G2E-2,CUMBERLAND, ,54005.0517355,52465315.5498958,54005.0517354992
1623,1791,41,G36,G36,GUILFORD, ,28690.0301308,27894695.788423,28690.0301308471
1624,1792,41,G37,G37,GUILFORD, ,25784.256328,23206182.4587242,25784.2563279639
1625,1797,26,G3B,CROSS CREEK 11-G3,CUMBERLAND, ,34116.1187204,48022534.6749219,34116.1187203888
1626,1798,26,G3C,PEARCES MILL 3-G3,CUMBERLAND, ,105816.741621,414824650.213468,105816.741620943
1627,1799,41,G40A1,G40A1,GUILFORD, ,37325.1300333,38088125.6901796,37325.1300333032
1628,1800,41,G40A2,G40A2,GUILFORD, ,27830.7703053,24545234.144302,27830.7703052585
1629,1801,41,G40B,G40B,GUILFORD, ,24651.6379503,23715270.0171374,24651.6379503157
1630,1810,41,G47,G47,GUILFORD, ,22861.4093746,27981012.6239276,22861.4093746466
1631,1802,41,G41A,G41A,GUILFORD, ,31375.48315,22758049.5549254,31375.483149952
1632,1811,41,G48,G48,GUILFORD, ,25473.1715151,26972106.5947916,25473.1715150565
1633,1803,41,G41B,G41B,GUILFORD, ,36336.3485659,29232798.6489187,36336.348565884
1634,1804,41,G42A,G42A,GUILFORD, ,28834.8099761,40394688.7371177,28834.8099761428
1635,1814,26,G4B,CROSS CREEK 20-G4,CUMBERLAND, ,29375.4667044,37443199.8850912,29375.4667043614
1636,1815,26,G4C,PEARCES MILL 4-G4,CUMBERLAND, ,28477.7152397,34587150.5056063,28477.7152396658
1637,1817,41,G51,G51,GUILFORD, ,26931.4931285,34376103.3158771,26931.4931285016
1638,1818,41,G52,G52,GUILFORD, ,29210.7498482,43108896.6887901,29210.7498481835
1639,1819,41,G53,G53,GUILFORD, ,38776.2450547,53373941.5531564,38776.245054653
1640,1820,41,G54,G54,GUILFORD, ,24779.8313569,35897284.9569144,24779.8313568724
1641,1825,41,G59,G59,GUILFORD, ,26026.7992793,27224702.7042661,26026.7992793378
1642,1896,65,H05,H05,NEW HANOVER, ,49370.4957389,88091929.3069799,49370.495738872
1643,1826,26,G5A-1,AUMAN-G5A-1,CUMBERLAND, ,31977.6960054,49329182.3699865,31977.696005435
1644,1827,26,G5A-2,AUMAN-G5A-2,CUMBERLAND, ,61302.5279906,148368386.473323,61302.5279906337
1645,1828,26,G5B-1,CROSS CREEK 28-G5B-1,CUMBERLAND, ,30613.7752625,50797651.3446433,30613.775262536
1646,1830,26,G5C,BRENTWOOD-G5,CUMBERLAND, ,29764.382239,36604896.5634641,29764.3822390092
1647,1897,65,H06,H06,NEW HANOVER, ,34873.0041,68865254.8027264,34873.0041000224
1648,1831,41,G60,G60,GUILFORD, ,40054.7518118,38683064.6634354,40054.7518117675
1649,1846,41,G72,G72,GUILFORD, ,35811.0854033,44078305.8136332,35811.0854032663
1650,1847,41,G73,G73,GUILFORD, ,23494.4419587,29071925.0598508,23494.4419586521
1651,1849,41,G75,G75,GUILFORD, ,54512.2418332,67751002.2941613,54512.2418332469
1652,1850,26,G7A,BLACK RIVER-G7,CUMBERLAND, ,196656.361978,977419877.153674,196656.36197799
1653,1852,26,G8A,CUMBERLAND 4-G8,CUMBERLAND, ,42216.7638168,55318865.0725995,42216.7638167527
1654,1853,26,G8B,CUMBERLAND 1A-G8,CUMBERLAND, ,46013.6509152,69239106.7267876,46013.6509152417
1655,1892,41,H03,H03,GUILFORD, ,43975.0883033,67522908.7328451,43975.0883033267
1656,1854,26,G8C,CUMBERLAND 3-G8,CUMBERLAND, ,42181.7638169,55937493.8391599,42181.763816925
1657,1855,26,G8D,HOPE MILLS 1A-G8,CUMBERLAND, ,58588.2834759,65389909.1397407,58588.2834759495
1658,1898,41,H06,H06,GUILFORD, ,40157.8724328,67024827.4108629,40157.8724328263
1659,1857,26,G9B-1,HOPE MILLS 2-G9B-1,CUMBERLAND, ,102124.718776,300481628.135399,102124.718776483
1660,1858,26,G9B-2,HOPE MILLS 2-G9B-2,CUMBERLAND, ,96646.6376461,333769359.302586,96646.6376461425
1661,1859,66,GALATI,GALATIA,NORTHAMPTON, ,179070.832501,1539231182.64599,179070.832500613
1662,1860,66,GAPL,GARYSBURG/PLEASA_PLEASANT HILL,NORTHAMPTON, ,288072.979934,2674469343.60163,288072.979933572
1663,1861,82,GARL,GARLAND,SAMPSON, ,273004.498074,1577650833.12884,273004.498073865
1664,1862,66,GASTON,GASTON,NORTHAMPTON, ,171678.539729,1263807715.65487,171678.539729018
1665,1899,41,H07,H07,GUILFORD, ,28252.5859122,26630707.5876733,28252.5859122346
1666,1863,68,GB,GRADY BROWN,ORANGE, ,65178.6292851,202134288.811352,65178.6292850928
1667,1864,67,GB12,GUM BRANCH,ONSLOW, ,214974.155795,1358703187.13503,214974.155795424
1668,1865,75,GC09,GREEN CREEK,POLK, ,174480.685179,1438987245.96977,174480.685178753
1669,1866,50,GCK,GREENS CREEK,JACKSON, ,90741.0939857,343243394.459838,90741.0939857243
1670,1867,20,GCRK,GRAPE CREEK,CHEROKEE, ,162059.531186,414292776.511149,162059.531186476
1671,1868,41,GIB,GIB,GUILFORD, ,52472.1819439,145920515.899368,52472.1819439341
1672,1869,82,GIDD,GIDDENSVILLE,SAMPSON, ,310675.10353,1700072305.03452,310675.103530043
1673,1870,7,GILEA,GILEAD,BEAUFORT, ,123433.328426,801948565.914702,123433.328425518
1674,1871,68,GL,GLENWOOD,ORANGE, ,33946.8807763,53602770.2900238,33946.8807763064
1675,1872,59,GLENWD,GLENWOOD,MCDOWELL, ,146284.414077,1037945840.37322,146284.414076912
1676,1873,31,GLIS,GLISSON,DUPLIN, ,150516.976091,841139938.394925,150516.976090838
1677,1874,50,GLV,GLENVILLE,JACKSON, ,253441.23615,1854451790.80992,253441.236150453
1678,1875,45,GM,GRIMESDALE,HENDERSON, ,66381.8923079,99662141.1083737,66381.8923079217
1679,1877,45,GR,GREEN RIVER,HENDERSON, ,236354.372113,1224523826.20003,236354.372113138
1680,1880,41,GR,GR,GUILFORD, ,132096.74023,1041293636.09156,132096.740229796
1681,1882,57,GRAPEV,GRAPEVINE,MADISON, ,115231.735525,565823314.275263,115231.735524889
1682,1900,41,H08,H08,GUILFORD, ,18313.7624578,20004444.1245001,18313.762457824
1683,1901,65,H08,H08,NEW HANOVER, ,59655.5442811,134434447.75359,59655.5442811136
1684,1883,23,GROVER,GROVER,CLEVELAND, ,122660.643753,595966918.083796,122660.643753499
1685,1884,4,GULL,GULLEDGE,ANSON, ,164276.341307,1445917615.20246,164276.341307261
1686,1886,68,H,HILLSBOROUGH,ORANGE, ,38916.0217361,49223611.4080742,38916.0217361207
1687,1887,41,H01,H01,GUILFORD, ,40296.1555874,82065939.9357579,40296.1555873957
1688,1902,41,H09,H09,GUILFORD, ,26570.0122726,24557543.7782385,26570.0122726038
1689,1888,65,H01,H01,NEW HANOVER, ,27401.2936865,27950764.5431522,27401.2936864859
1690,1889,65,H02,H02,NEW HANOVER, ,53086.5859093,123889415.971089,53086.5859093085
1691,1890,41,H02,H02,GUILFORD, ,31415.9351566,36664011.2286015,31415.9351565582
1692,1904,41,H10,H10,GUILFORD, ,34104.5354015,52436057.4595536,34104.5354014515
1693,1905,65,H11,H11,NEW HANOVER, ,109459.376907,315951574.025395,109459.376907176
1694,1906,41,H11,H11,GUILFORD, ,21053.1090477,24328718.6538508,21053.109047676
1695,1893,41,H04,H04,GUILFORD, ,68018.308369,116570409.531581,68018.3083689908
1696,1907,41,H12,H12,GUILFORD, ,19815.3101918,20112179.7325674,19815.3101918327
1697,1908,65,H12,H12,NEW HANOVER, ,139091.465831,432096352.739537,139091.465831343
1698,1894,65,H04,H04,NEW HANOVER, ,49047.5274348,70843977.6819775,49047.5274347653
1699,1895,41,H05,H05,GUILFORD, ,36695.7698197,58795197.2080109,36695.7698196924
1700,1903,65,H10,H10,NEW HANOVER, ,43442.02996,64264109.5825422,43442.0299600202
1701,1909,65,H13,H13,NEW HANOVER, ,46068.7851364,113003884.755247,46068.7851364217
1702,1910,41,H13,H13,GUILFORD, ,25151.478052,33367761.5302697,25151.4780520137
1703,1911,41,H14,H14,GUILFORD, ,22059.1987843,24654920.1309335,22059.198784293
1704,1912,41,H15,H15,GUILFORD, ,26931.7749848,36122230.3261137,26931.7749848216
1705,1921,41,H22,H22,GUILFORD, ,31815.8707174,29831784.8144598,31815.8707174441
1706,1922,41,H23,H23,GUILFORD, ,34623.4354797,44656708.3420964,34623.4354797257
1707,1925,41,H26,H26,GUILFORD, ,40142.6522776,45618141.0747924,40142.6522775523
1708,1926,41,H27-A,H27-A,GUILFORD, ,29148.6167649,29556039.9712584,29148.6167649356
1709,1927,41,H27-B,H27-B,GUILFORD, ,28913.4509639,25992368.4611623,28913.4509639458
1710,1928,41,H28,H28,GUILFORD, ,50092.8816398,59116876.022435,50092.8816398245
1711,1932,16,HAIS,HARKERS ISLAND,CARTERET, ,231234.934938,2957179325.80975,231234.934937956
1712,1929,41,H29A,H29A,GUILFORD, ,45844.4730146,69456683.6209765,45844.473014612
1713,1933,42,HAL,HALIFAX,HALIFAX, ,324676.639246,2037230060.01309,324676.639245504
1714,1934,31,HALL,HALLSVILLE,DUPLIN, ,196986.626209,1019925609.77403,196986.626209487
1715,1935,20,HANG,HANGING DOG,CHEROKEE, ,209653.936702,1238906982.6698,209653.936702313
1716,1936,82,HARR,HARRELLS,SAMPSON, ,348963.749233,3234791097.65411,348963.749232884
1717,1937,28,HAT,HATTERAS,DARE, ,144156.198493,1275212828.48273,144156.198493334
1718,1938,22,HAY1,HAYESVILLE ONE,CLAY, ,105456.878721,423093608.508318,105456.878721474
1719,1939,22,HAY2,HAYESVILLE TWO,CLAY, ,107524.529852,377668494.457008,107524.529851635
1720,1940,22,HAYC,HAYESVILLE CENTRAL,CLAY, ,55852.0101798,81355015.0067501,55852.0101798366
1721,1941,7,HB,HUNTERS BRIDGE,BEAUFORT, ,214617.38016,1583986055.77532,214617.380160495
1722,1942,45,HC,HOOPERS CREEK,HENDERSON, ,140654.729485,494958470.966334,140654.729485431
1723,1943,55,HC33,HOWARDS CREEK,LINCOLN, ,132439.08579,856281957.719701,132439.085790419
1724,1930,41,H29B,H29B,GUILFORD, ,53265.5944355,94874370.592533,53265.5944354865
1725,1931,44,HA,HAZELWOOD,HAYWOOD, ,26131.8647064,31093489.9161625,26131.8647064209
1726,1974,79,IR,IRONWORKS,ROCKINGHAM, ,177035.292118,1000078481.97513,177035.292117802
1727,1975,27,IR,INDIAN RIDGE,CURRITUCK, ,184297.680871,1003444286.40855,184297.680870653
1728,1976,55,IS20,IRON STATION SOUTH,LINCOLN, ,92691.7344739,351881716.874946,92691.7344739057
1729,1977,55,IS23,IRON STATION,LINCOLN, ,129519.839978,419382920.624799,129519.839978484
1730,1944,68,HE,HillsboroughEast,ORANGE, ,54756.7763557,110609906.385185,54756.7763556717
1731,1945,82,HERR,HERRING,SAMPSON, ,120592.882388,727706027.554956,120592.88238774
1732,1989,41,JEF1,JEF1,GUILFORD, ,130221.572211,499356653.760902,130221.572210761
1733,1990,41,JEF2,JEF2,GUILFORD, ,111469.413126,321213145.793111,111469.413126107
1734,1946,68,HF,HOGAN FARMS,ORANGE, ,69309.2460042,162603771.862383,69309.2460042332
1735,1947,22,HIAW,HIAWASSEE,CLAY, ,95796.9790573,467192293.794217,95796.9790573293
1736,1948,59,HIGGIN,HIGGINS,MCDOWELL, ,101833.168954,372117761.454306,101833.168953564
1737,1949,20,HIWA,HIWASSEE DAM,CHEROKEE, ,266812.917752,1983270002.77116,266812.917751728
1738,1993,54,K1,KINSTON -1,LENOIR, ,27231.6958945,40255456.9796225,27231.6958944623
1739,1950,73,HLWY,HOLLOWAY,PERSON, ,119107.845252,842685482.081357,119107.845251571
1740,1952,67,HM05,HALF MOON,ONSLOW, ,106214.470533,497766654.625762,106214.47053295
1741,1953,67,HN14,HAWS RUN,ONSLOW, ,192323.667576,1651400225.64977,192323.667576102
1742,1954,79,HO,HOGANS,ROCKINGHAM, ,187564.939985,774773067.816284,187564.939985478
1743,1955,42,HOL,HOLLISTER,HALIFAX, ,292364.667599,1806724658.98228,292364.667598898
1744,1956,40,HOOK,Voting District 00HOOK,GREENE, ,98437.3794275,329102211.241322,98437.3794275133
1745,1957,57,HOT SP,HOT SPRINGS,MADISON, ,207850.459473,1375620725.65116,207850.459472641
1746,1958,20,HOTH,HOT HOUSE,CHEROKEE, ,152779.066298,809541795.264457,152779.066298103
1747,1959,42,HPR,HOBGOOD,HALIFAX, ,295609.661797,2595150929.73816,295609.661796505
1748,1960,67,HR17,HOLLY RIDGE,ONSLOW, ,216874.830874,1833160147.66719,216874.83087431
1749,1961,45,HS,HORSE SHOE,HENDERSON, ,86513.7011201,241379181.158329,86513.701120118
1750,1964,79,HU,HUNTSVILLE,ROCKINGHAM, ,200200.920183,1185086653.49734,200200.920182982
1751,1965,67,HU20,HUBERT,ONSLOW, ,123994.277755,393175433.523759,123994.277754537
1752,1966,46,HV,HARRELLSVILLE,HERTFORD, ,198266.508217,1971310544.91522,198266.508217021
1753,1994,54,K2,KINSTON-2,LENOIR, ,18918.8955569,14468204.2374751,18918.8955568546
1754,1967,45,HV-1,HENDERSONVILLE-1,HENDERSON, ,50694.3792525,37696473.0631148,50694.3792524732
1755,1968,45,HV-2,HENDERSONVILLE-2,HENDERSON, ,120434.20292,82731780.4331322,120434.202919958
1756,1969,45,HV-3,HENDERSONVILLE-3,HENDERSON, ,47800.6691833,37045245.7109081,47800.6691832901
1757,1970,54,I,INSTITUTE,LENOIR, ,111820.572907,606138726.634291,111820.572907019
1758,1971,44,ID,IRON DUFF,HAYWOOD, ,88784.1147771,278930489.261703,88784.1147770598
1759,1972,44,IH,IVY HILL,HAYWOOD, ,188260.755063,1076354040.91337,188260.755063267
1760,1973,82,INGO,INGOLD,SAMPSON, ,326167.618045,2189143071.03771,326167.618045471
1761,1979,8,IW,INDIAN WOODS,BERTIE, ,193995.876928,1071299423.67316,193995.876927897
1762,1981,67,JA01,JACKSONVILLE,ONSLOW, ,392385.179849,5628256312.22448,392385.179849075
1763,1995,54,K3,KINSTON-3,LENOIR, ,31421.0099865,31139865.8147406,31421.0099864828
1764,1982,41,JAM1,JAM1,GUILFORD, ,59660.345635,83643584.8981872,59660.3456349752
1765,1983,41,JAM2,JAM2,GUILFORD, ,39341.2803076,48952956.4122833,39341.2803076288
1766,1984,41,JAM3,JAM3,GUILFORD, ,48646.7509327,78984790.2856459,48646.7509327206
1767,2006,27,KI,KNOTTS ISLAND,CURRITUCK, ,129815.067993,983232697.512078,129815.067993345
1768,1985,41,JAM4,JAM4,GUILFORD, ,87406.67401,228243099.511731,87406.6740099871
1769,1986,41,JAM5,JAM5,GUILFORD, ,122337.079779,400082868.17337,122337.079779119
1770,1987,66,JARE,JACKSON/REHOBOTH,NORTHAMPTON, ,215563.222881,1544716967.21968,215563.222881091
1771,1988,44,JC,JONATHAN CREEK,HAYWOOD, ,130002.155197,789745477.219056,130002.155196911
1772,1991,41,JEF3,JEF3,GUILFORD, ,61019.526119,169503910.700097,61019.526119
1773,1992,41,JEF4,JEF4,GUILFORD, ,88989.1190669,348079742.744678,88989.1190669347
1774,1996,54,K4,KINSTON-4,LENOIR, ,34183.9026246,65454379.7412778,34183.9026245564
1775,1997,54,K5,KINSTON-5,LENOIR, ,19054.4913959,18015962.0675902,19054.4913959367
1776,1998,54,K6,KINSTON-6,LENOIR, ,50868.4304017,121282538.88235,50868.4304016839
1777,1999,54,K7,KINSTON-7,LENOIR, ,112145.243905,301817895.710249,112145.243904878
1778,2000,54,K8,KINSTON-8,LENOIR, ,30099.1666054,32005376.9948964,30099.1666054339
1779,2001,54,K9,KINSTON-9,LENOIR, ,66168.4890116,122482190.190762,66168.4890115862
1780,2002,28,KDH,KILL DEVIL HILLS,DARE, ,106715.732625,614191260.729439,106715.732624825
1781,2003,82,KEEN,KEENER,SAMPSON, ,232866.434584,1194543598.35495,232866.434584128
1782,2004,31,KENA,KENANSVILLE,DUPLIN, ,323698.18021,3093545175.43425,323698.180210158
1783,2005,82,KFRK,KITTY FORK,SAMPSON, ,176346.708698,866398306.642455,176346.70869839
1784,2007,23,KINGST,KINGST,CLEVELAND, ,93279.0431751,227132402.60231,93279.0431750546
1785,2008,91,KITT,Kittrell,VANCE, ,178056.264217,1329833602.20208,178056.264217357
1786,2009,68,KM,KINGS MILL,ORANGE, ,61107.7158844,190892302.662974,61107.7158843931
1787,2010,23,KM N,KM N,CLEVELAND, ,94398.0255234,356985383.245707,94398.0255233906
1788,2011,23,KM S,KM S,CLEVELAND, ,95229.4501574,479819188.009943,95229.4501573751
1789,2015,66,LASKER,LASKER,NORTHAMPTON, ,115981.029177,373713740.995752,115981.029177077
1790,2016,23,LATT,LATT,CLEVELAND, ,154329.218763,774744704.592418,154329.218762929
1791,2017,57,LAUREL,LAUREL,MADISON, ,273164.847619,2163111103.06462,273164.847619073
1792,2018,23,LAWNDL,LAWNDL,CLEVELAND, ,137932.591523,514135993.50907,137932.591523076
1793,2019,76,LB,LIBERTY,RANDOLPH, ,103761.272939,638755367.757516,103761.272938854
1794,2020,55,LB34,LABORATORY,LINCOLN, ,96820.9073543,329340248.635846,96820.9073542983
1795,2038,17,LOCU,LOCUST HILL,CASWELL, ,216010.441894,1385678686.12926,216010.441893864
1796,2039,45,LP,LAUREL PARK,HENDERSON, ,85252.8675658,72015961.4922189,85252.8675657539
1797,2040,88,LR,LITTLE RIVER,TRANSYLVANIA, ,115264.490801,475237138.484565,115264.490801094
1798,2021,76,LC,LEVEL CROSS,RANDOLPH, ,103394.027612,465841541.665162,103394.027612045
1799,2054,65,M06,M06,NEW HANOVER, ,26039.0725521,38855953.5948171,26039.0725521076
1800,2023,17,LEAS,LEASBURG,CASWELL, ,150172.735523,961234661.932967,150172.735523171
1801,2024,79,LI,LINCOLN,ROCKINGHAM, ,223303.930812,2292026921.49744,223303.930811589
1802,2025,55,LI14,LITHIA,LINCOLN, ,49840.6376406,105146662.750923,49840.6376406169
1803,2026,26,LI65,LINDEN,CUMBERLAND, ,186472.864161,1347821176.37681,186472.864160502
1804,2027,4,LILE,LILESVILLE,ANSON, ,307288.367984,3198776238.20339,307288.367983874
1805,2028,62,LIT,LITTLE RIVER,MONTGOMERY, ,160664.859852,1022409387.68896,160664.859851806
1806,2029,42,LIT,LITTLETON,HALIFAX, ,192162.160588,1783207603.195,192162.160587976
1807,2030,45,LJ,LONG JOHN MOUNTAIN,HENDERSON, ,62863.1174951,88563736.9228109,62863.1174950906
1808,2031,44,LJ,LAKE JUNALUSKA,HAYWOOD, ,57709.8484333,160596935.625963,57709.8484332903
1809,2033,48,LL,LAKE LANDING,HYDE, ,517033.475443,13535343252.8169,517033.475443234
1810,2034,94,LM,LEES MILL,WASHINGTON, ,289591.871382,3358295189.34401,289591.871382468
1811,2082,16,MHD1,MOREHEAD 1,CARTERET, ,63019.4010201,240313992.28838,63019.4010201007
1812,2035,55,LN11,LINCOLNTON/NORTH,LINCOLN, ,30499.375259,41203646.0607419,30499.37525902
1813,2036,26,LO66A,Long Hill,CUMBERLAND, ,128622.137534,514351833.513232,128622.137534046
1814,2041,26,LR63,LAKE RIM,CUMBERLAND, ,39391.4519134,73521965.9145338,39391.4519133526
1815,2042,2,LRSL,LITTLE RIVER AND SUGAR LOAF,ALEXANDER, ,211149.37654,1293706634.70214,211149.376539817
1816,2043,55,LS12,LINCOLNTON/SOUTH,LINCOLN, ,36077.5412917,52853632.1653977,36077.5412916572
1817,2044,71,LT18,LOWER TOPSAIL,PENDER, ,291112.441744,1712150311.55906,291112.441743752
1818,2045,63,LTR,LITTLE RIVER,MOORE, ,234871.175272,945521682.403117,234871.175272235
1819,2047,55,LW18,LOWESVILLE WEST,LINCOLN, ,75001.2082468,296218798.093399,75001.2082468046
1820,2048,55,LW31,LOWESVILLE,LINCOLN, ,81962.061492,328551503.182313,81962.0614919912
1821,2049,2,M,MILLERS,ALEXANDER, ,111793.939281,661434154.187461,111793.939281417
1822,2050,59,M.COVE,MONTFORD COVE,MCDOWELL, ,179543.234026,1116321453.62067,179543.23402619
1823,2051,65,M02,M02,NEW HANOVER, ,54518.1359182,122480250.74008,54518.1359181764
1824,2052,65,M03,M03,NEW HANOVER, ,67864.0722678,174275882.065105,67864.0722677938
1825,2053,65,M04,M04,NEW HANOVER, ,60369.535148,79781709.7569421,60369.5351479512
1826,2055,65,M07,M07,NEW HANOVER, ,143143.333745,852018238.418945,143143.333745211
1827,2056,46,M1,MURFREESBORO 1,HERTFORD, ,108583.959738,329862397.002131,108583.959737938
1828,2057,8,M1,MITCHELLS 1,BERTIE, ,195386.155883,1316967410.9397,195386.155882814
1829,2058,8,M2,MITCHELLS 2,BERTIE, ,119655.715512,536766191.439199,119655.715512329
1830,2059,46,M2,MURFREESBORO 2,HERTFORD, ,255746.98624,1019574221.08358,255746.986239826
1831,2061,31,MAGN,MAGNOLIA,DUPLIN, ,191925.736925,1520707596.80882,191925.736925119
1832,2062,59,MAR 1,MARION 1,MCDOWELL, ,162577.906746,739461311.118186,162577.906746113
1833,2063,59,MAR 2,MARION 2,MCDOWELL, ,37916.8276685,53949390.8272915,37916.827668523
1834,2085,16,MHD4,MOREHEAD 4,CARTERET, ,74503.8701847,137546774.154791,74503.8701846987
1835,2064,59,MAR 3,MARION 3,MCDOWELL, ,48721.9033268,89497410.5815461,48721.9033267565
1836,2065,59,MAR 4,MARION 4,MCDOWELL, ,59143.7233313,163976454.262499,59143.7233312575
1837,2066,59,MAR 5,MARION 5,MCDOWELL, ,41622.6911146,87699122.8946859,41622.6911145761
1838,2067,20,MARB,MARBLE,CHEROKEE, ,153360.619452,786405697.830278,153360.619452205
1839,2068,57,MARS H,MARS HILL,MADISON, ,130810.949521,664794318.205789,130810.94952095
1840,2094,41,MON2B,MON2B,GUILFORD, ,34423.9933229,54576939.0351668,34423.9933228635
1841,2095,41,MON3,MON3,GUILFORD, ,116104.268651,600100502.482911,116104.268651448
1842,2069,16,MASM,MARSHALLBERG/SMYRNA,CARTERET, ,167193.008914,1355040795.53653,167193.008913992
1843,2070,28,MATO,MANTEO,DARE, ,152640.321648,1284331182.0499,152640.321647727
1844,2071,40,MAUR,Voting District 00MAUR,GREENE, ,239826.531741,1490610472.78489,239826.531741248
1845,2072,26,MB62,MONTIBELLO,CUMBERLAND, ,43976.2099231,99460292.1224899,43976.2099230683
1846,2073,79,MC,MCCOY,ROCKINGHAM, ,85712.9718561,344375376.050741,85712.9718560955
1847,2075,16,MCRK,MILL CREEK,CARTERET, ,98489.897209,361853092.932945,98489.8972090218
1848,2076,16,MERR,MERRIMON,CARTERET, ,230685.364209,2121619540.59586,230685.364208793
1849,2077,45,MG,MOORES GROVE,HENDERSON, ,45464.4573139,52850166.4456959,45464.4573138804
1850,2078,8,MH,MERRY HILL,BERTIE, ,274716.567647,2503049318.87172,274716.567647098
1851,2079,54,MH,MOSELEY HALL,LENOIR, ,185212.495703,1292669275.10556,185212.495703311
1852,2588,65,W29,W29,NEW HANOVER, ,30012.0811191,34898087.6675504,30012.081119052
1853,2589,65,W30,W30,NEW HANOVER, ,72132.9160449,147519345.537619,72132.9160449233
1854,2080,28,MH,MANNS HARBOR,DARE, ,340413.494131,3196138630.71468,340413.494131321
1855,2081,70,MH,MT  HERMON,PASQUOTANK, ,184183.768627,928396521.62729,184183.768627156
1856,2083,16,MHD2,MOREHEAD 2,CARTERET, ,56806.2795813,82711195.6232058,56806.27958128
1857,2084,16,MHD3,MOREHEAD 3,CARTERET, ,78878.9097759,172788103.447891,78878.9097758639
1858,2086,91,MIDD,Middleburg,VANCE, ,179035.866387,1253955204.95156,179035.866386612
1859,2087,17,MILT,MILTON,CASWELL, ,204121.69804,1859387024.3792,204121.698040244
1860,2088,82,MING,MINGO,SAMPSON, ,199744.459877,1368931734.98146,199744.459876532
1861,2089,46,ML,MILLENNIUM,HERTFORD, ,120798.121296,512589347.048698,120798.121296305
1862,2090,67,ML23,MILLS,ONSLOW, ,214159.130025,1344054942.3979,214159.130024701
1863,2091,4,MM,MORVEN/MCFARLAN,ANSON, ,178460.6045,1207777211.8781,178460.604500197
1864,2590,65,W31,W31,NEW HANOVER, ,39447.2554205,92095906.1837989,39447.2554205336
1865,2092,41,MON1,MON1,GUILFORD, ,60946.536162,154140644.309639,60946.5361619924
1866,2093,41,MON2A,MON2A,GUILFORD, ,88124.650524,251006682.531862,88124.6505240242
1867,2096,26,MR02,MORGANTON RD 2,CUMBERLAND, ,39071.2278493,60892507.3283461,39071.2278493179
1868,2097,23,MRB-YO,MRB-YO,CLEVELAND, ,148010.913077,586778137.795929,148010.91307728
1869,2098,79,MS,MOSS STREET,ROCKINGHAM, ,244901.956263,1037882465.51107,244901.956262784
1870,2110,25,N1,GEORGE STREET,CRAVEN, ,52959.3571759,90821384.4997023,52959.3571759129
1871,2591,63,WAB,WEST ABERDEEN,MOORE, ,169284.118248,546003149.888865,169284.118248475
1872,2592,23,WACO,WACO,CLEVELAND, ,146813.73527,750693720.40946,146813.735269979
1873,2593,62,WAD,WADEVILLE,MONTGOMERY, ,160971.942667,656061575.74526,160971.94266664
1874,2594,4,WADES,Wadesboro,ANSON, ,249987.238207,2512949223.91874,249987.238207327
1875,2596,57,WALNUT,WALNUT,MADISON, ,211800.483097,1144332148.43879,211800.483097343
1876,2099,71,MT19,MIDDLE TOPSAIL,PENDER, ,95301.6070591,262850890.860411,95301.6070590827
1877,2100,67,MT24,MORTONS,ONSLOW, ,230717.454083,1305791692.71857,230717.454083105
1878,2101,39,MTEN,Voting District 00MTEN,GRANVILLE, ,178991.425096,1076055903.0264,178991.425096352
1879,2102,62,MTG,MT GILEAD,MONTGOMERY, ,195129.966237,1318929455.19288,195129.966236556
1880,2597,40,WALS,Voting District 00WALS,GREENE, ,188552.517127,1037672675.91415,188552.517126706
1881,2598,28,WAN,WANCHESE,DARE, ,133542.744064,1020083704.56615,133542.744063853
1882,2599,22,WARN,WARNE,CLAY, ,98547.9914234,256100593.182766,98547.9914234236
1883,2600,31,WARS,WARSAW,DUPLIN, ,210394.322524,1503070701.85053,210394.322524188
1884,2103,73,MTTZ,MT TIRZAH,PERSON, ,144685.522698,1297383874.62361,144685.52269797
1885,2104,23,MULLS,MULLS,CLEVELAND, ,174242.800317,1046054630.45459,174242.800317435
1886,2105,20,MURN,MURPHY NORTH,CHEROKEE, ,170183.401338,681924504.898695,170183.401337681
1887,2106,20,MURS,MURPHY SOUTH,CHEROKEE, ,195922.789454,685671152.925072,195922.789454309
1888,2121,10,NB04,BELVILLE 2,BRUNSWICK, ,54636.2254763,174344777.551734,54636.2254762527
1889,2606,10,WB01,WACCAMAW,BRUNSWICK, ,442937.885295,3568997949.27692,442937.885294948
1890,2108,54,N,NEUSE,LENOIR, ,180703.010722,926502830.084296,180703.010722175
1891,2109,59,N.COVE,NORTH COVE,MCDOWELL, ,183632.753403,1185708607.53953,183632.753402885
1892,2111,25,N2,FORT TOTTEN,CRAVEN, ,47982.2516573,45337938.3066478,47982.2516572577
1893,2142,28,NGHD,NAGS HEAD,DARE, ,226541.461653,2355116672.61605,226541.461653228
1894,2143,82,NGRV,NEWTON GROVE,SAMPSON, ,184239.080916,1283811156.17593,184239.080915616
1895,2144,91,NH,New Hope,VANCE, ,221709.321543,2259227930.2611,221709.321542598
1896,2112,25,N3N5,Glenburnie-Grover C,CRAVEN, ,63263.6289798,140002069.10999,63263.6289798463
1897,2113,25,N4,H.J. MACDONALD,CRAVEN, ,95371.8045586,211880207.598108,95371.8045585698
1898,2114,25,N6,WEST NEW BERN,CRAVEN, ,104933.746418,143284299.333344,104933.746418416
1899,2115,79,NB,NEW BETHEL,ROCKINGHAM, ,207752.155302,1248832993.30462,207752.155301781
1900,2116,45,NB,NORTH BLUE RIDGE,HENDERSON, ,111266.968772,464040236.853424,111266.968772068
1901,2117,10,NB01,HOOD CREEK,BRUNSWICK, ,178190.315734,1168460390.33619,178190.3157344
1902,2118,10,NB02,LELAND,BRUNSWICK, ,173623.917876,914957501.145304,173623.917876263
1903,2120,10,NB03,TOWN CREEK,BRUNSWICK, ,264600.738098,2932723493.92925,264600.738097788
1904,2122,10,NB05,WOODBURN,BRUNSWICK, ,76904.8153184,203042177.226218,76904.8153183601
1905,2123,10,NB06,BRUNSWICK FOREST,BRUNSWICK, ,91558.7835385,235683689.550015,91558.7835384698
1906,2124,10,NB07,BELVILLE 1,BRUNSWICK, ,223028.440211,1354771129.44835,223028.440211442
1907,2125,55,NB35,NORTH BROOK 3A,LINCOLN, ,193968.378974,1433869339.64988,193968.378973933
1908,2126,99,NBCK,NORTH BUCK SHOALS,YADKIN, ,119961.667123,626440729.812752,119961.667123437
1909,2145,49,NH,NEW HOPE,IREDELL, ,128428.329639,1010068269.82087,128428.329638821
1910,2127,68,NC,NORTH CARRBORO,ORANGE, ,35142.3165998,51325019.5439564,35142.3165997855
1911,10063,34,306,MINERAL SPRINGS ELEM SCHOOL,FORSYTH, ,34135.8871862,47422911.523708,34135.8871862474
1912,2128,41,NCGR1,NCGR1,GUILFORD, ,83294.3701592,307732151.186858,83294.3701592214
1913,10064,34,401,WINSTON LAKE FAMILY YMCA,FORSYTH, ,70863.5140415,115242663.897426,70863.5140414662
1914,2129,41,NCGR2,NCGR2,GUILFORD, ,83560.4040925,385277373.245129,83560.404092462
1915,2147,72,NICANO,NICANOR,PERQUIMANS, ,133524.990854,1005961548.19432,133524.990854252
1916,2148,70,NIX,NIXONTON,PASQUOTANK, ,208118.537943,1202014298.97103,208118.537942965
1917,2149,99,NKNB,NORTH KNOBS,YADKIN, ,140584.185788,638759225.718024,140584.185788291
1918,2150,99,NLIB,NORTH LIBERTY,YADKIN, ,130656.803186,685681260.155771,130656.803186437
1919,2130,41,NCLAY1,NCLAY1,GUILFORD, ,71824.630675,144877874.778218,71824.6306750161
1920,2131,41,NCLAY2,NCLAY2,GUILFORD, ,93541.4165662,353172425.648819,93541.4165661976
1921,2132,7,NCRK,NORTH CREEK,BEAUFORT, ,259263.263949,2510930071.6902,259263.263949214
1922,2133,41,NDRI,NDRI,GUILFORD, ,94783.1443544,386447738.884648,94783.144354361
1923,2134,45,NE,NORTHEAST,HENDERSON, ,87212.2182969,98247968.414655,87212.2182968862
1924,2135,67,NE22A,0NE22A,ONSLOW, ,81862.1440991,282689828.297359,81862.1440990697
1925,2136,67,NE22B,0NE22B,ONSLOW, ,133048.186929,790703309.513373,133048.186928789
1926,10067,34,404,EAST WINSTON HERITAGE CENTER,FORSYTH, ,28105.0422005,26141994.6522822,28105.0422004711
1927,2137,59,NEBO,NEBO,MCDOWELL, ,110854.137553,571096312.968407,110854.137553423
1928,2138,70,NEW,NEWLAND,PASQUOTANK, ,233607.181467,1736490945.69364,233607.181467165
1929,2139,72,NEW HO,NEW HOPE,PERQUIMANS, ,225789.072514,2141739550.04228,225789.072513927
1930,2140,66,NEWTOW,NEWTOWN,NORTHAMPTON, ,122401.202672,506872247.447363,122401.202671678
1931,2141,99,NFAL,NORTH FALL CREEK,YADKIN, ,124048.829374,619154538.088782,124048.829374226
1932,10071,34,503,TRINITY MORAVIAN CHURCH,FORSYTH, ,27274.0086708,32246119.3490102,27274.0086708027
1933,2151,76,NM,NEW MARKET,RANDOLPH, ,135905.428205,950054398.220161,135905.428205407
1934,2152,45,NM,NORTH MILLS RIVER,HENDERSON, ,207276.610167,1092619131.46726,207276.610167274
1935,10072,34,504,HILL MIDDLE SCHOOL,FORSYTH, ,26094.2696358,27757322.6780418,26094.2696357887
1936,2153,67,NM13,NINE MILE,ONSLOW, ,117307.430288,777290095.998899,117307.430287684
1937,2154,41,NMAD,NMAD,GUILFORD, ,113863.246266,599676819.392976,113863.246266401
1938,2155,57,NORTH,NORTH MARSHALL,MADISON, ,200545.998217,826640536.715669,200545.998217147
1939,2156,70,NORTH,NORTH ELIZABETH CITY,PASQUOTANK, ,62126.0887286,71611981.2187004,62126.0887286289
1940,2157,16,NPT1,NEWPORT 1,CARTERET, ,139767.515885,685840603.756506,139767.515884891
1941,2158,16,NPT2,NEWPORT 2,CARTERET, ,117480.022182,698719871.961741,117480.022181633
1942,2159,67,NR02,NEW RIVER,ONSLOW, ,40831.48098,93437959.3541755,40831.4809799939
1943,2161,68,NS,NORTHSIDE,ORANGE, ,16140.0665491,12846132.4389541,16140.0665490814
1944,2160,16,NRIV,NORTH RIVER,CARTERET, ,149858.293934,664052316.588847,149858.293934448
1945,2195,64,P06A,SPRING HOPE,NASH, ,214074.373707,1236166867.63461,214074.373706875
1946,2196,24,P07,CHADBOURN,COLUMBUS, ,189178.47846,1174702362.09015,189178.478460083
1947,2197,52,P07,WHITE OAK,JONES, ,394331.721545,2566902327.86501,394331.721544574
1948,2162,63,NSP,NORTH SOUTHERN PINES,MOORE, ,76986.3690622,343872799.231617,76986.3690622032
1949,2163,91,NV,Northern Vance,VANCE, ,99478.2201797,308365702.151622,99478.2201797452
1950,2198,64,P07A,MOMEYER,NASH, ,109398.94582,494597193.553328,109398.94582044
1951,2199,64,P08A,NASHVILLE,NASH, ,203793.544826,1262661714.32729,203793.544825971
1952,2200,64,P09A,CASTALIA,NASH, ,157941.44537,906532129.078727,157941.445369823
1953,2164,45,NW,NORTHWEST,HENDERSON, ,42159.1775721,73424357.0581969,42159.1775721285
1954,2165,41,NWASH,NWASH,GUILFORD, ,107428.671338,588229270.729197,107428.671338447
1955,2166,19,NWM117,NORTH WILLIAMS,CHATHAM, ,99181.1533439,517202650.672311,99181.1533438862
1956,2167,23,OAKGRV,OAKGRV,CLEVELAND, ,130280.677696,538700930.570207,130280.677695757
1957,2168,55,OB21,ORE BANK,LINCOLN, ,118296.06009,326901143.105557,118296.060089832
1958,2169,48,OCK,OCRACOKE,HYDE, ,294503.838762,4051356884.74884,294503.838762291
1959,2170,68,OG,ORANGE GROVE,ORANGE, ,144764.162844,1337564962.96925,144764.162843995
1960,2171,39,OKHL,Voting District 00OKHL,GRANVILLE, ,162987.776391,1653301173.44508,162987.776391258
1961,2172,49,OL,OLIN,IREDELL, ,168784.996595,839104792.613893,168784.996594686
1962,2173,7,OLDF,OLD FORD,BEAUFORT, ,159114.452393,1161382102.04791,159114.452393475
1963,2174,73,OLHI,OLIVE HILL,PERSON, ,153619.940125,1066359560.45255,153619.940124817
1964,2175,62,OPH,OPHIR,MONTGOMERY, ,161377.983318,986361889.675015,161377.983317527
1965,2176,41,OR1,OR1,GUILFORD, ,98355.3041551,341696795.410225,98355.3041551153
1966,2177,41,OR2,OR2,GUILFORD, ,99973.1155758,221004536.033467,99973.1155758174
1967,2178,16,OTBEG,OTWAY/STRAITS/BETTIE/Gloucester,CARTERET, ,155952.885796,930824173.154147,155952.885795683
1968,2201,94,P1,PLYMOUTH 1,WASHINGTON, ,72972.4960783,202828285.102032,72972.4960782627
1969,2179,68,OW1,OWASA,ORANGE, ,24705.5398749,18657531.9597865,24705.5398748839
1970,2180,44,P,PIGEON,HAYWOOD, ,113764.317184,513562435.087706,113764.317184117
1971,2181,52,P01,BEAVER CREEK,JONES, ,217099.638354,1486684537.05215,217099.638353628
1972,2182,64,P01A,BAILEY,NASH, ,137828.612771,884398363.163326,137828.612771081
1973,2184,52,P02,CHINQUAPIN,JONES, ,196329.219443,1106842560.43158,196329.219443478
1974,2185,64,P02A,MIDDLESEX,NASH, ,160373.415849,885260969.95853,160373.415848854
1975,2186,24,P02B,BOLTON,COLUMBUS, ,257286.09323,3087553447.37108,257286.09323008
1976,2187,52,P03,CYPRESS CREEK,JONES, ,169832.880271,1209552918.46296,169832.880271478
1977,2188,64,P03A,SAMARIA,NASH, ,142196.88476,835457366.527912,142196.884760004
1978,2189,52,P04,POLLOCKSVILLE,JONES, ,272901.444944,2921905194.87787,272901.444944217
1979,2190,64,P04A,STANHOPE,NASH, ,183294.699303,1155009684.79941,183294.699302812
1980,2191,52,P05,TRENTON,JONES, ,273412.740487,2540371262.61895,273412.740486821
1981,2192,64,P05A,COOPERS,NASH, ,167314.4608,865127078.750729,167314.460799648
1982,2193,52,P06,TUCKAHOE,JONES, ,186031.681436,1370473923.87167,186031.681435648
1983,2194,24,P06,CERRO GORDO,COLUMBUS, ,116581.59677,586889530.066076,116581.596770467
1984,2202,9,P10,ABBOTTS,BLADEN, ,113515.407417,784105205.391586,113515.407416688
1985,2203,64,P10A,GRIFFINS,NASH, ,247542.050602,1655298407.49238,247542.0506019
1986,2206,64,P11A,RED OAK,NASH, ,145618.27136,669506404.566351,145618.271360341
1987,2207,64,P12A,SALEM,NASH, ,144783.724948,723698602.828816,144783.724948394
1988,2208,64,P13A,WHITAKERS,NASH, ,170571.069681,766452806.864527,170571.069680993
1989,2209,24,P14,RANSOM,COLUMBUS, ,219139.762488,2238339328.40333,219139.762487616
1990,2210,64,P14A,DORTCHES,NASH, ,96553.437232,315946275.818431,96553.4372320056
1991,2211,9,P15,BETHEL,BLADEN, ,169902.141298,1214633189.89081,169902.141298212
1992,2212,24,P15,TATUM,COLUMBUS, ,319446.759996,2133417708.39247,319446.759996046
1993,2213,64,P15A,OAK LEVEL,NASH, ,145509.672761,644075525.48725,145509.672760935
1994,2214,64,P16A,ROCKY MOUNT BATTLEBORO,NASH, ,169689.752782,656792949.159531,169689.752782219
1995,2215,24,P16B,WACCAMAW,COLUMBUS, ,186295.031639,1523350470.35678,186295.031639358
1996,2217,64,P17A,ROCKY MOUNT BENVENUE,NASH, ,37620.2686013,70640166.0461921,37620.2686012554
1997,2218,64,P18A,ROCKY MOUNT HUNTER HILL,NASH, ,60407.6406224,114593233.370131,60407.6406224177
1998,2219,24,P19,WHITEVILLE 1,COLUMBUS, ,57459.8435103,83594606.8487453,57459.8435103077
1999,2220,64,P19A,ROCKY MOUNT WINSTEAD,NASH, ,55133.2319586,133242960.561452,55133.2319586342
2000,2221,94,P2,PLYMOUTH 2,WASHINGTON, ,60804.8320005,94946945.4366345,60804.8320005454
2001,2222,9,P201,BLADENBORO  1,BLADEN, ,146160.06673,865900216.028066,146160.066730112
2002,2223,9,P202,BLADENBORO  2,BLADEN, ,133412.611621,944596411.566184,133412.611621051
2003,2224,64,P20A,ROCKY MOUNT SUNSET,NASH, ,60629.49008,85605201.4778104,60629.4900800463
2004,2226,64,P21A,ROCKY MOUNT DOWNTOWN,NASH, ,71859.6331109,138971186.60563,71859.633110919
2005,2227,24,P22A,SOUTH WHITEVILLE,COLUMBUS, ,196300.159935,638233704.898618,196300.159934566
2006,2228,64,P22A,ROCKY MOUNT EDWARDS,NASH, ,20850.2993138,28497602.9204154,20850.299313832
2007,2268,41,PG2,PG2,GUILFORD, ,97216.1569313,487005186.125723,97216.1569313402
2008,2269,17,PH,PROSPECT HILL,CASWELL, ,231035.610428,1950531788.46408,231035.610428336
2009,2230,64,P23A,ROCKY MOUNT SOUTH,NASH, ,45239.0922939,74782005.2064759,45239.0922939406
2010,2232,64,P24A,SHARPSBURG,NASH, ,129787.179969,528353999.466735,129787.179969417
2011,2233,9,P25,BROWN MARSH,BLADEN, ,130946.850731,882326052.459709,130946.850730501
2012,2235,24,P26B,SOUTH WILLIAMS,COLUMBUS, ,223312.627932,1062705963.42389,223312.627932391
2013,2236,94,P3,PLYMOUTH 3,WASHINGTON, ,224345.330098,2030723142.63294,224345.330097582
2014,2237,9,P30,CARVERS CREEK,BLADEN, ,221823.945376,2072938787.73506,221823.945376216
2015,2239,9,P35,CENTRAL,BLADEN, ,156225.796776,939850544.685102,156225.796776323
2016,2240,9,P40,COLLY,BLADEN, ,311439.31489,2705470386.16201,311439.314890222
2017,2241,9,P45,CYPRESS CREEK,BLADEN, ,200384.660773,1257236250.2477,200384.660772604
2018,2242,9,P501,ELIZABETHTOWN  1,BLADEN, ,125514.312397,940269876.780264,125514.312397394
2019,2243,9,P502,ELIZABETHTOWN  2,BLADEN, ,155297.096522,780717782.491476,155297.096522418
2020,2245,9,P55,FRENCHES CREEK,BLADEN, ,253991.998164,2207779870.89158,253991.998163831
2021,2246,9,P60,HOLLOW,BLADEN, ,194644.879503,1290147284.9942,194644.879503191
2022,2247,9,P65,LAKE CREEK,BLADEN, ,339866.293148,2178210391.83886,339866.293148496
2023,2248,9,P70,TURNBULL,BLADEN, ,179310.990299,1364253530.68143,179310.990299267
2024,2249,9,P75,WHITES CREEK,BLADEN, ,244272.873154,2014887103.68494,244272.873153569
2025,2250,9,P80,WHITE OAK,BLADEN, ,195067.290742,2303363692.54957,195067.290741766
2026,2251,24,P82,NW Whiteville,COLUMBUS, ,201695.474621,1157207241.34328,201695.474620808
2027,2252,24,P89,Cherry Bluff,COLUMBUS, ,208904.428282,1638323916.23183,208904.428281955
2028,2253,68,PA,PATTERSON,ORANGE, ,91018.4166729,475042538.57556,91018.4166728874
2029,2254,7,PANTE,PANTEGO,BEAUFORT, ,247376.69064,2351869156.45584,247376.690640414
2030,2255,72,PARKVI,PARKVILLE,PERQUIMANS, ,191038.345848,1296757608.52098,191038.345847863
2031,2256,27,PB,POPLAR BRANCH,CURRITUCK, ,317496.401752,2536224412.03063,317496.401751504
2032,2257,63,PBF,PINEBLUFF,MOORE, ,158449.189355,983048681.127944,158449.189355006
2033,2258,44,PC,PIGEON CENTER,HAYWOOD, ,60995.6845169,154666877.827678,60995.6845168804
2034,2259,55,PC22,PUMPKIN CENTER,LINCOLN, ,93018.9827961,356017988.476164,93018.9827961096
2035,2260,20,PCHT,PEACHTREE,CHEROKEE, ,133235.051053,699484714.443637,133235.051052869
2036,2261,63,PDN,PINEDENE,MOORE, ,106854.125843,201693191.317838,106854.125843093
2037,2262,4,PEAC,PEACHLAND,ANSON, ,183170.008466,983878020.817207,183170.008465744
2038,2263,62,PEE,PEE DEE,MONTGOMERY, ,150041.200588,886991313.195413,150041.200587844
2039,2264,16,PELE,PELETIER,CARTERET, ,111476.251702,337034715.905179,111476.251701882
2040,2265,17,PELH,PELHAM,CASWELL, ,244131.241726,1757478471.19481,244131.241726052
2041,2266,88,PF,PISGAH FOREST,TRANSYLVANIA, ,219544.500276,1323597794.69106,219544.500276385
2042,2267,41,PG1,PG1,GUILFORD, ,67366.1951366,196309787.338023,67366.1951365815
2043,2270,54,PH1,PINK HILL-1,LENOIR, ,107523.326919,572000569.647843,107523.326918533
2044,2308,51,PR04,BENTONVILLE,JOHNSTON, ,262840.993822,1492329567.99011,262840.993822267
2045,2309,51,PR07,NORTH BOON HILL,JOHNSTON, ,213214.894636,1053956741.83305,213214.894636298
2046,2271,54,PH2,PINK HILL-2,LENOIR, ,117817.181689,444198560.558156,117817.181689353
2047,2318,51,PR12A,NORTH CLEVELAND 1,JOHNSTON, ,77586.5780344,273839528.053698,77586.5780343631
2048,2319,51,PR12B,NORTH CLEVELAND 2,JOHNSTON, ,125106.592471,262601094.354387,125106.592471274
2049,2320,51,PR13,NORTH ELEVATION,JOHNSTON, ,147538.748763,703825012.858366,147538.748763499
2050,2321,51,PR14,SOUTH ELEVATION,JOHNSTON, ,151072.427428,742621753.066778,151072.427428443
2051,2323,51,PR19,MICRO,JOHNSTON, ,176021.003576,647436798.842787,176021.003576464
2052,2324,51,PR20,NORTH ONEALS,JOHNSTON, ,197820.70837,1095917873.28159,197820.708370076
2053,2326,51,PR21,SOUTH ONEALS,JOHNSTON, ,137789.41659,992667784.547568,137789.416589779
2054,2327,51,PR22,PINE LEVEL,JOHNSTON, ,99574.1268864,553420896.249797,99574.1268864279
2055,2328,43,PR23,BOONE TRAIL,HARNETT, ,254374.171908,2667500572.60997,254374.171907946
2056,2329,51,PR23A,NORTH PLEASANT GROVE 1,JOHNSTON, ,93811.8267701,319211983.123041,93811.8267701044
2057,2330,51,PR23B,NORTH PLEASANT GROVE 2,JOHNSTON, ,100850.794379,343736262.075892,100850.794379431
2058,2331,51,PR24,EAST SELMA,JOHNSTON, ,148497.429039,328240038.954319,148497.429038706
2059,2332,43,PR24,COATS/GROVE,HARNETT, ,171701.149101,1495439427.64996,171701.149100522
2060,2333,43,PR25,EAST AVERASBORO,HARNETT, ,127291.380366,568347857.107788,127291.380366247
2061,2334,51,PR25,WEST SELMA,JOHNSTON, ,99191.6542586,457252517.260588,99191.6542585655
2062,2272,63,PHA1,PINEHURST A1,MOORE, ,54096.2882697,111684711.685934,54096.2882697012
2063,2367,98,PRWA,WILSON A,WILSON, ,18540.511347,13111379.5523458,18540.511346989
2064,2273,63,PHA2,PINEHURST A2,MOORE, ,72843.3729283,289527440.25449,72843.3729283067
2065,2368,98,PRWB,WILSON B,WILSON, ,23779.9039274,26849227.2564441,23779.9039273982
2066,2369,98,PRWC,WILSON C,WILSON, ,18955.2051326,20636744.4122345,18955.2051325716
2067,2275,63,PHB2,PINEHURST B2,MOORE, ,58697.5100356,149521571.721426,58697.5100355761
2068,2370,98,PRWD,WILSON D,WILSON, ,22729.5043474,25379881.1585355,22729.5043473774
2069,2276,63,PHC,PINEHURST C,MOORE, ,59354.187591,122651909.671197,59354.1875910446
2070,2277,7,PINET,PINETOWN,BEAUFORT, ,207899.522069,2330668628.82368,207899.52206945
2071,2280,59,PLEASA,PLEASANT GARDENS,MCDOWELL, ,179160.021968,1259284410.06381,179160.021968412
2072,2281,82,PLVW,PLAINVIEW,SAMPSON, ,146827.564274,1073048715.41891,146827.564274299
2073,2376,98,PRWL,WILSON L,WILSON, ,25572.862805,30150871.1241266,25572.8628049771
2074,2282,73,PNTH,Piedmont North,PERSON, ,81921.0308954,409675470.216429,81921.0308954311
2075,2283,4,POLK,POLKTON,ANSON, ,192708.711522,684734710.077938,192708.711521719
2076,2284,23,POLKVL,POLKVL,CLEVELAND, ,202485.808038,1354598325.13499,202485.80803809
2077,2285,27,PP,POWELLS POINT,CURRITUCK, ,203047.902928,1800564820.89372,203047.90292767
2078,2287,45,PR,PARK RIDGE,HENDERSON, ,85631.2985907,179618137.421015,85631.2985906604
2079,2288,76,PR,PROVIDENCE,RANDOLPH, ,177955.690237,1417288164.70643,177955.690236711
2080,2311,43,PR08,BLACK RIVER,HARNETT, ,131612.024425,820906724.072899,131612.024424772
2081,2312,51,PR08,SOUTH BOON HILL,JOHNSTON, ,151466.624676,826129638.659787,151466.624676264
2082,2313,51,PR09,EAST CLAYTON,JOHNSTON, ,88952.5937051,420786440.110094,88952.593705079
2083,2314,51,PR10A,NORTH CLAYTON 1,JOHNSTON, ,57896.4680003,130389737.21888,57896.4680002587
2084,2315,51,PR10B,NORTH CLAYTON 2,JOHNSTON, ,75933.4318547,251850103.543797,75933.4318547283
2085,2316,51,PR11A,WEST CLAYTON 1,JOHNSTON, ,75718.8189985,211722824.797217,75718.8189984669
2086,2317,51,PR11B,WEST CLAYTON 2,JOHNSTON, ,66142.1786217,191730340.757949,66142.178621684
2087,2335,43,PR26,ERWIN/DUKE,HARNETT, ,126136.748162,524726874.907156,126136.748162208
2088,2336,51,PR26,EAST SMITHFIELD,JOHNSTON, ,148123.105775,799130354.906753,148123.105775215
2089,2337,51,PR27A,NORTH SMITHFIELD 1,JOHNSTON, ,56159.9679931,87101772.2511931,56159.9679930776
2090,2338,51,PR27B,NORTH SMITHFIELD 2,JOHNSTON, ,102762.559283,372831696.958407,102762.559282878
2091,2380,98,PRWQ,WILSON Q,WILSON, ,18297.0988333,7693677.86217804,18297.0988333346
2092,2339,43,PR28,NORTHWEST HARNETT,HARNETT, ,185781.982625,1810174286.88999,185781.982625061
2093,2340,51,PR28,SOUTH SMITHFIELD,JOHNSTON, ,112274.782239,633686081.106177,112274.782238922
2094,2341,43,PR29,WEST AVERASBORO,HARNETT, ,116835.676519,416764947.875683,116835.676519423
2095,2342,51,PR29A,ARCHERS LODGE,JOHNSTON, ,121621.477235,599959988.259158,121621.477234656
2096,2343,51,PR29B,FLOWERS PLANTATION,JOHNSTON, ,99615.4876565,458966051.489018,99615.4876565329
2097,2344,51,PR30,WILSONS MILLS,JOHNSTON, ,120769.649149,562308663.28024,120769.649148547
2098,2346,51,PR31A,SOUTHEAST CLEVELAND,JOHNSTON, ,102706.06366,235040172.996376,102706.063660272
2099,2347,51,PR31B,SOUTHWEST CLEVELAND,JOHNSTON, ,95561.6162036,322865050.397849,95561.6162036202
2100,2348,51,PR32,NORTH WILDERS,JOHNSTON, ,132410.615162,633213310.769987,132410.615162101
2101,2349,43,PR32,CENTRAL HARNETT NEILLS CREEK,HARNETT, ,132037.324009,915343272.590961,132037.324009156
2102,2350,51,PR33,SOUTH PLEASANT GROVE,JOHNSTON, ,128691.107438,601841675.614019,128691.107437832
2103,2351,51,PR34,SOUTH CLAYTON,JOHNSTON, ,102432.397696,369484823.084642,102432.397695842
2104,2352,51,PR35,BANNER,JOHNSTON, ,168780.271646,1070425736.51812,168780.27164593
2105,2353,51,PR36,BEULAH,JOHNSTON, ,201850.162006,1151381346.5157,201850.162006425
2106,2354,51,PR37,INGRAMS,JOHNSTON, ,249248.026513,1696305175.47383,249248.026512801
2107,2355,51,PR38,MEADOW,JOHNSTON, ,158451.73372,1281910913.18689,158451.733720082
2108,2356,98,PRBL,BLACK CREEK,WILSON, ,182755.351921,1070270794.40855,182755.351921426
2109,2357,98,PRCR,CROSSROADS,WILSON, ,147113.929721,788360618.009671,147113.929720907
2110,2358,98,PRGA,GARDNERS,WILSON, ,153716.604554,1179553995.53617,153716.604554333
2111,2359,70,PRO,PROVIDENCE,PASQUOTANK, ,245637.821044,1302334034.83042,245637.821044177
2112,2360,98,PROL,OLDFIELDS,WILSON, ,195161.251833,1428954345.66922,195161.251832894
2113,2361,17,PROVI,PROVIDENCE,CASWELL, ,103716.1017,438681788.983346,103716.1016996
2114,2362,98,PRSA,SARATOGA,WILSON, ,160982.462267,1164932845.12025,160982.462267165
2115,2363,98,PRSP,SPRING HILL,WILSON, ,160351.971334,1018398657.41649,160351.971334211
2116,2364,98,PRST,STANTONSBURG,WILSON, ,136321.59067,649929786.205083,136321.590669815
2117,2365,98,PRTA,TAYLORS,WILSON, ,114387.952686,598623809.67543,114387.95268649
2118,2366,98,PRTO,TOISNOT,WILSON, ,173522.621614,1307440312.83374,173522.621614318
2119,2371,98,PRWE,WILSON E,WILSON, ,61367.6455983,104388560.211974,61367.6455983482
2120,2413,42,RR 10,ROANOKE RAPIDS 10,HALIFAX, ,41149.7940428,58913641.145931,41149.7940427987
2121,2372,98,PRWH,WILSON H,WILSON, ,64444.8067844,154350179.349857,64444.8067844074
2122,2373,98,PRWI,WILSON I,WILSON, ,48243.5517633,102914688.601645,48243.5517633071
2123,2374,98,PRWJ,WILSON J,WILSON, ,51564.8144667,110905713.430579,51564.8144667413
2124,2375,98,PRWK,WILSON K,WILSON, ,25073.9510223,23144232.2174593,25073.9510222914
2125,2377,98,PRWM,WILSON M,WILSON, ,48306.871592,135719779.796014,48306.8715920114
2126,2418,42,RRCE,ROANOKE RAPIDS CENTRAL,HALIFAX, ,38953.0496353,56555306.4115008,38953.049635341
2127,2378,98,PRWN,WILSON N,WILSON, ,64582.6254234,201034900.731848,64582.6254234483
2128,2379,98,PRWP,WILSON P,WILSON, ,29811.7428872,29523912.2242936,29811.742887171
2129,2381,98,PRWR,WILSON R,WILSON, ,74428.8139757,207358718.707805,74428.8139756908
2130,2449,41,SCLAY,SCLAY,GUILFORD, ,91436.8441913,528364286.19698,91436.8441913238
2131,2450,91,SCRK,Sandy Creek,VANCE, ,135635.353821,945605631.273913,135635.353821387
2132,2451,50,SDC,SSW_SND,JACKSON, ,167872.272958,853199576.895863,167872.272958278
2133,2382,7,PSJW3,P S JONES-WASH W3,BEAUFORT, ,39662.8170238,87611174.6324575,39662.8170238051
2134,2383,45,PV,PISGAH VIEW,HENDERSON, ,64553.9813908,92919542.1061506,64553.981390798
2135,2384,50,QUA,QUALLA,JACKSON, ,209156.952281,1665101578.92172,209156.952281474
2136,2474,22,SHCR,SHOOTING CREEK,CLAY, ,269054.269841,1924891442.97838,269054.269840989
2137,2475,40,SHIN,Voting District 00SHIN,GREENE, ,157005.885775,875943363.321949,157005.885775391
2138,2476,46,SJ,ST JOHN,HERTFORD, ,158648.097719,1154995132.42174,158648.097718592
2139,2477,68,SJ,ST JOHN,ORANGE, ,103566.035616,380336614.093816,103566.035615593
2140,2478,94,SK,SKINNERSVILLE,WASHINGTON, ,396800.95318,3453616462.36953,396800.953180114
2141,2479,99,SKNB,SOUTH KNOBS,YADKIN, ,135562.547235,555937236.54155,135562.547235021
2142,2480,55,SL24,SALEM,LINCOLN, ,72594.3237276,243005725.551322,72594.3237276046
2143,2387,63,RBN,ROBBINS,MOORE, ,126534.672024,595028260.087838,126534.672024416
2144,2388,79,RC,ROCK CENTRAL,ROCKINGHAM, ,237535.047394,1572654028.31288,237535.047394177
2145,2389,41,RC1,RC1,GUILFORD, ,129274.059973,339023267.499204,129274.059972813
2146,2390,41,RC2,RC2,GUILFORD, ,135127.132825,555435324.041584,135127.132824772
2147,2393,68,RE,ROGER EUBANKS,ORANGE, ,60903.5948984,108888043.618841,60903.5948983819
2148,2394,57,REVERE,RICE COVE,MADISON, ,109541.979968,294662169.094211,109541.979967538
2149,2395,68,RF,RIDGEFIELD,ORANGE, ,28621.5002751,35630662.4186025,28621.5002750526
2150,2396,45,RG,RUGBY,HENDERSON, ,51613.1601623,109574882.667876,51613.160162313
2151,2397,20,RGER,RANGER,CHEROKEE, ,156105.5913,614870506.400468,156105.591299763
2152,2398,66,RICH S,RICH SQUARE,NORTHAMPTON, ,254952.670741,1891883904.98014,254952.670741154
2153,2399,42,RINGW,RINGWOOD,HALIFAX, ,235509.48749,1351368257.19037,235509.487490126
2154,10078,34,601,PIEDMONT BAPTIST COLLEGE,FORSYTH, ,25932.8701962,22834519.3795227,25932.870196167
2155,2400,23,RIPPY,RIPPY,CLEVELAND, ,107640.96862,607974231.460633,107640.968619985
2156,2401,50,RIV,RIVER,JACKSON, ,147816.782123,621352285.71335,147816.782122752
2157,2402,67,RL09,RICHLANDS,ONSLOW, ,230547.920528,2046310715.53737,230547.920528187
2158,2403,76,RM,RAMSEUR,RANDOLPH, ,152485.218386,867138979.878944,152485.218386346
2159,2404,76,RN,RANDLEMAN,RANDOLPH, ,137490.7295,472386227.089908,137490.729499557
2160,2405,62,ROC,ROCKY SPRINGS,MONTGOMERY, ,164203.40304,1024301112.22869,164203.403040363
2161,2407,82,ROSE,ROSEBORO,SAMPSON, ,263243.564183,813814501.906672,263243.564182979
2162,2408,31,ROSE,ROSE HILL,DUPLIN, ,130862.466455,740785973.29365,130862.4664551
2163,2409,82,ROWA,ROWAN,SAMPSON, ,208312.374672,1380892560.63265,208312.374672095
2164,2545,63,TLT,TAYLORTOWN,MOORE, ,40293.3041848,45416515.6729928,40293.3041848173
2165,2412,45,RR,RAVEN ROCK,HENDERSON, ,111583.412347,343294603.97521,111583.412346672
2166,2414,42,RR 11,ROANOKE RAPIDS 11,HALIFAX, ,92492.859766,319382430.664863,92492.8597659873
2167,2415,42,RR1-2,ROANOKE RAPIDS 1-2,HALIFAX, ,33852.4496069,42234140.2085016,33852.4496068721
2168,2416,42,RR3-4,ROANOKE RAPIDS 3-4,HALIFAX, ,40052.689816,34775940.8992544,40052.6898159784
2169,2417,42,RR7-9,ROANOKE RAPIDS 7-9,HALIFAX, ,117636.560088,408722767.233479,117636.56008784
2170,2419,7,RVRD,RIVER ROAD,BEAUFORT, ,62401.6397133,196510891.079773,62401.6397132999
2171,2420,8,RX,ROXOBEL,BERTIE, ,206331.125647,1643056710.34894,206331.125647437
2172,2421,23,S 4A,Shelby 4,CLEVELAND, ,140450.447094,701881145.733499,140450.447094081
2173,2422,23,S 5,S 5,CLEVELAND, ,117160.890618,339253600.083917,117160.890617733
2174,2570,65,W03,W03,NEW HANOVER, ,34577.6462095,39272687.8524868,34577.6462094519
2175,2423,23,S C,Shelby Central,CLEVELAND, ,69898.9047975,229394070.475703,69898.9047975243
2176,2424,23,S S,Shelby South,CLEVELAND, ,120283.681878,391937346.583545,120283.681878242
2177,2425,2,S1S2,SHARPES 1 2,ALEXANDER, ,178770.737199,791904920.147537,178770.737198972
2178,2426,44,SA,SAUNOOK,HAYWOOD, ,112985.516819,407284133.52051,112985.516818536
2179,2427,75,SA04,SALUDA,POLK, ,157315.611945,920710589.53142,157315.611945353
2180,2428,70,SAL,SALEM,PASQUOTANK, ,207757.449806,2621787529.52661,207757.449805534
2181,2429,39,SALM,Voting District 00SALM,GRANVILLE, ,134533.332771,1000717688.73976,134533.332770948
2182,2430,57,SANDY,SANDY MUSH,MADISON, ,133814.185103,463134389.568035,133814.185103461
2183,2431,39,SASS,Voting District 00SASS,GRANVILLE, ,204980.111384,1892057854.09502,204980.111384485
2184,2432,50,SAV,SAVANNAH,JACKSON, ,119086.639209,651169098.547343,119086.639208608
2185,2433,49,SB,SHARPESBURG,IREDELL, ,140303.657701,969344998.474697,140303.657700588
2186,2434,45,SB,SOUTH BLUE RIDGE,HENDERSON, ,118377.897194,441192465.699646,118377.897194225
2187,2435,10,SB01,BOLIVIA,BRUNSWICK, ,231243.851784,1219138473.64996,231243.851783587
2188,2437,10,SB02,BOILING SPRING LAKES,BRUNSWICK, ,198894.533501,903897802.872079,198894.53350131
2189,2438,10,SB03,MOSQUITO 2,BRUNSWICK, ,147577.605975,483677938.368717,147577.605974585
2190,2439,10,SB04,SOUTHPORT 1,BRUNSWICK, ,329846.313375,3408188268.47264,329846.313374565
2191,2440,10,SB05,SOUTHPORT 2,BRUNSWICK, ,61925.1223777,151386902.083035,61925.1223777319
2192,2441,10,SB06,OAK ISLAND 3,BRUNSWICK, ,69581.2045504,127894153.686169,69581.204550425
2193,2442,10,SB07,OAK ISLAND 2,BRUNSWICK, ,249855.978255,1542135294.4137,249855.978255062
2194,2443,10,SB08,OAK ISLAND 1,BRUNSWICK, ,110229.733803,292138121.008134,110229.733802745
2195,2444,99,SBCK,SOUTH BUCK SHOALS,YADKIN, ,118880.898649,608340655.451362,118880.898648531
2196,2445,82,SBRG,SALEMBURG,SAMPSON, ,179041.449235,564916495.564154,179041.449235232
2197,2446,94,SC,SCUPPERNONG,WASHINGTON, ,245813.757829,2619943433.19352,245813.757829379
2198,2447,71,SC13,SURF CITY,PENDER, ,190624.369402,1486692644.84431,190624.369402499
2199,2448,50,SCC,SCOTTS CREEK COMBINED,JACKSON, ,156794.876375,1084959852.14168,156794.876375196
2200,2452,41,SDRI,SDRI,GUILFORD, ,113225.887235,417625091.85018,113225.887234708
2201,2453,79,SE,SOUTHEAST,ROCKINGHAM, ,221356.842414,1745700954.57864,221356.842413766
2202,2454,76,SE,SOUTHEAST,RANDOLPH, ,222130.842717,1801185603.17172,222130.842716857
2203,2455,45,SE,SOUTHEAST,HENDERSON, ,49496.6121974,77629549.8809835,49496.6121973527
2204,2456,66,SEABOA,SEABOARD,NORTHAMPTON, ,191536.546059,1325817428.78186,191536.546059153
2205,2457,66,SEVERN,SEVERN,NORTHAMPTON, ,194550.148524,789461927.282373,194550.148524043
2206,2458,41,SF1,SF1,GUILFORD, ,88531.3724451,320260643.068114,88531.372445133
2207,2653,68,WW1,WESTWOOD,ORANGE, ,26790.2474107,28442652.2983619,26790.2474107135
2208,2654,17,YANC,YANCEYVILLE 2,CASWELL, ,208565.188234,1672653366.55136,208565.18823395
2209,9999,12,0001,DREXEL 01,BURKE, ,73531.396007,225869098.099177,73531.3960070324
2210,2459,67,SF18,SNEADS FERRY,ONSLOW, ,115721.884703,553497404.260309,115721.884702733
2211,2460,41,SF2,SF2,GUILFORD, ,85800.9353569,286297430.206117,85800.9353569433
2212,2461,41,SF3,SF3,GUILFORD, ,61418.1253351,165404358.63433,61418.1253350522
2213,2462,41,SF4,SF4,GUILFORD, ,67794.1532979,184505563.39142,67794.1532979405
2214,2463,99,SFAL,SOUTH FALL CREEK,YADKIN, ,115854.733564,663951191.987346,115854.733564105
2215,2464,15,SH,SHILOH,CAMDEN, ,314616.316648,3775327896.79197,314616.316647681
2216,2465,54,SH,SANDHILL,LENOIR, ,149552.845316,668546710.611246,149552.845316326
2217,2466,49,SH-A,SHILOH-A,IREDELL, ,144353.26146,859951686.626524,144353.261459682
2218,2467,49,SH-B,SHILOH-B,IREDELL, ,109302.569625,609167653.136765,109302.569624859
2219,2468,40,SH#1,Voting District 000SH1,GREENE, ,79760.012059,189255646.338658,79760.0120590246
2220,2470,71,SH12,SCOTTS HILL,PENDER, ,87753.4064526,231488289.840573,87753.4064525934
2221,2472,26,SH77,SHERWOOD,CUMBERLAND, ,129225.19216,520197087.166966,129225.192159557
2222,2473,23,SHANGI,SHANGI,CLEVELAND, ,158075.342609,703036821.698644,158075.342609444
2223,2481,26,SL78-3,Spring Lake 3,CUMBERLAND, ,84066.267049,297347749.602901,84066.2670490452
2224,2482,48,SLAD,SLADESVILLE,HYDE, ,304041.282646,3742960132.2124,304041.282646475
2225,2483,99,SLIB,SOUTH LIBERTY,YADKIN, ,163175.382447,922717018.6199,163175.382447454
2226,2484,63,SLS,SEVEN LAKES,MOORE, ,105469.653209,284658797.25084,105469.653208924
2227,2485,45,SM,SOUTH MILLS RIVER,HENDERSON, ,154184.502188,789933503.96422,154184.502188134
2228,2486,68,SM,ST MARYS,ORANGE, ,116059.448775,549638672.357908,116059.448774512
2229,2487,15,SM,SOUTH MILLS,CAMDEN, ,295199.814097,3291857509.29112,295199.814096576
2230,2488,41,SMAD,SMAD,GUILFORD, ,111758.154292,340902905.965091,111758.15429164
2231,2489,31,SMCA,SMITH/CABIN,DUPLIN, ,142286.168422,1041798193.00486,142286.168422481
2232,2490,42,SN,SCOTLAND NECK,HALIFAX, ,165728.259106,1335545751.26589,165728.259106425
2233,2491,8,SN,SNAKEBITE,BERTIE, ,229850.944678,1903733435.55999,229850.944678249
2234,2492,76,SO,SOUTHERN,RANDOLPH, ,207596.174633,2228235507.35337,207596.174633263
2235,2493,39,SOOX,Voting District 00SOOX,GRANVILLE, ,37497.6207238,41325783.1965373,37497.6207238378
2236,2494,28,SOSH,SOUTHERN SHORES,DARE, ,107792.257792,664249138.464005,107792.257792437
2237,2495,57,SOUTH,SOUTH MARSHALL,MADISON, ,198768.994307,990051937.226956,198768.994306909
2238,2496,70,SOUTH,SOUTH ELIZABETH CITY,PASQUOTANK, ,55591.9663796,70051767.4315744,55591.9663795582
2239,2497,71,SP15,SLOOP POINT,PENDER, ,193443.330881,1682832466.78037,193443.33088083
2240,2498,57,SPRING,SPRING CREEK,MADISON, ,218604.645094,1823059382.07359,218604.645093693
2241,2499,48,SQ,SWAN QUARTER,HYDE, ,436847.032327,6602015153.63981,436847.032327281
2242,2500,63,SSP,SOUTH SOUTHERN PINES,MOORE, ,60614.9031448,151996380.52055,60614.9031448044
2243,2501,76,ST,STALEY,RANDOLPH, ,124863.672536,872607995.363513,124863.672535948
2244,2502,49,ST1,STATESVILLE  1,IREDELL, ,73131.6621498,115340116.541869,73131.6621497991
2245,2503,49,ST2,STATESVILLE  2,IREDELL, ,90227.7807372,130786529.373207,90227.7807371989
2246,2504,49,ST3,STATESVILLE  3,IREDELL, ,71527.7609554,246921856.066076,71527.7609553696
2247,2505,55,ST36,STARTOWN,LINCOLN, ,137154.819537,577729316.934076,137154.819537168
2248,10005,34,017,017,FORSYTH, ,42468.578315,80288814.8805205,42468.5783150496
2249,2506,49,ST4,STATESVILLE  4,IREDELL, ,88732.8940542,104766473.106125,88732.8940542172
2250,2507,49,ST5,STATESVILLE  5,IREDELL, ,71952.9712151,124121909.535464,71952.9712151203
2251,10019,34,062,PINEY GROVE FIRE STATION,FORSYTH, ,37007.6392818,69972683.2741647,37007.6392817685
2252,2508,49,ST6,STATESVILLE  6,IREDELL, ,103634.869617,303644391.379466,103634.869617409
2253,2509,62,STA,STAR,MONTGOMERY, ,176326.126821,783634449.965553,176326.126820971
2254,2510,38,STEC,STECOAH,GRAHAM, ,265690.227025,1930052494.63092,265690.227025182
2255,2511,16,STEL,STELLA,CARTERET, ,214612.947179,1105726377.14947,214612.947179195
2256,2512,41,STOK,STOK,GUILFORD, ,115541.368573,534458688.869423,115541.368572781
2257,2513,17,STON,STONEY CREEK,CASWELL, ,154544.176502,1205344211.24932,154544.176501635
2258,2514,28,STPT,STUMPY POINT,DARE, ,412830.326437,3326175464.98397,412830.326437322
2259,2515,40,SUGG,Voting District 00SUGG,GREENE, ,115619.341268,454880342.761674,115619.341268152
2260,2516,41,SUM1,SUM1,GUILFORD, ,76635.5929305,163866484.805812,76635.5929305305
2261,2517,41,SUM2,SUM2,GUILFORD, ,69105.1390001,137438320.690183,69105.1390000667
2262,2518,41,SUM3,SUM3,GUILFORD, ,72700.3655213,185374440.140375,72700.3655212877
2263,2571,65,W08,W08,NEW HANOVER, ,28643.1064028,30101906.4569816,28643.1064027998
2264,2519,41,SUM4,SUM4,GUILFORD, ,89539.2073986,391533914.027379,89539.2073985908
2265,2572,8,W1,WINDSOR 1,BERTIE, ,440091.825498,3655141816.01166,440091.825498044
2266,2574,65,W12,W12,NEW HANOVER, ,25515.7306324,22673727.7537168,25515.7306324355
2267,2520,7,SURBA,SURRY-BATH,BEAUFORT, ,174611.744667,1487742387.62049,174611.744666617
2268,2521,45,SW,SOUTHWEST,HENDERSON, ,77126.6360303,77710462.451862,77126.6360303306
2269,2522,76,SW,SOUTHWEST,RANDOLPH, ,225297.545206,2838551099.92078,225297.545206021
2270,2523,54,SW,SOUTHWEST,LENOIR, ,125764.056953,568290976.146409,125764.056952854
2271,2524,67,SW19,SWANSBORO,ONSLOW, ,195686.385741,1064819014.23572,195686.385741297
2272,2525,41,SWASH,SWASH,GUILFORD, ,99577.9963408,433339402.591601,99577.9963408296
2273,2526,22,SWEE,SWEETWATER,CLAY, ,97806.3774994,491356955.713479,97806.3774993531
2274,2527,73,SWST,South West,PERSON, ,161450.374001,1399667584.80646,161450.374001042
2275,2528,59,T.COVE,TURKEY COVE 17,MCDOWELL, ,191772.46346,1091220034.87659,191772.463459811
2276,2529,62,T1,TROY 1,MONTGOMERY, ,128894.739488,751003462.933481,128894.739488354
2277,2530,54,T1,TRENT-1,LENOIR, ,133406.107062,752329059.643809,133406.107062176
2278,2531,2,T1T4T5,TAYLORSVILLE 1 4 5,ALEXANDER, ,163393.763759,710922999.948003,163393.763759281
2279,2532,54,T2,TRENT-2,LENOIR, ,128593.133489,708678855.643935,128593.133489244
2280,2533,62,T2,TROY 2,MONTGOMERY, ,146490.686412,682399065.38741,146490.686411595
2281,2534,2,T2T3,TAYLORSVILLE 2 3,ALEXANDER, ,111720.648197,421506501.153155,111720.648197136
2282,2535,55,TA37,TRIANGLE A,LINCOLN, ,126563.144426,243954051.326947,126563.144425606
2283,2536,38,TAPO,TAPOCO,GRAHAM, ,313802.759503,1862747368.61827,313802.759502562
2284,2537,76,TB,TABERNACLE,RANDOLPH, ,149000.720172,1092417041.39493,149000.720171942
2285,2538,49,TB,TURNERSBURG,IREDELL, ,217836.327037,1018220110.92556,217836.327037365
2286,2539,88,TC1,TRANSYLVANIA COUNTY 1,TRANSYLVANIA, ,199480.522619,1585872955.25624,199480.522619218
2287,2540,88,TC7,TRANSYLVANIA COUNTY 7,TRANSYLVANIA, ,210412.95744,1705574165.38825,210412.957439893
2288,2541,7,TCRK,TRANTERS CREEK,BEAUFORT, ,260893.397975,1250738714.38763,260893.397975491
2289,2542,25,TE13,Truitt-Ernul,CRAVEN, ,298822.677535,2604151596.70228,298822.677535224
2290,2543,68,TH1,TOWN HALL,ORANGE, ,30257.9478349,18840305.4147101,30257.9478348936
2291,2544,67,TL06,TAR LANDING,ONSLOW, ,112401.917127,499851444.48178,112401.917126596
2292,2577,65,W16,W16,NEW HANOVER, ,33612.1555775,61817269.9969302,33612.1555774572
2293,2546,68,TO,TOLARS,ORANGE, ,123966.100924,747960998.178583,123966.100923693
2294,2547,20,TOPT,TOPTON,CHEROKEE, ,98394.2439266,405615017.77326,98394.2439266253
2295,2548,76,TR,TRINITY,RANDOLPH, ,189685.962458,851575054.40107,189685.962457878
2296,2549,75,TR123,TRYON,POLK, ,109874.850861,485049751.460254,109874.850861383
2297,2550,76,TT,TRINITY TABERNACLE,RANDOLPH, ,144909.667924,631060316.185447,144909.667924479
2298,2551,82,TURK,TURKEY,SAMPSON, ,186505.356917,1351188265.85772,186505.356917434
2299,2552,22,TUSQ,TUSQUITTEE,CLAY, ,211185.919536,1716838478.95185,211185.919536006
2300,2553,39,TYHO,Voting District 00TYHO,GRANVILLE, ,200550.707025,2095911475.39154,200550.707025254
2301,2554,76,UG,UNION GROVE,RANDOLPH, ,227990.542074,2499263848.012,227990.542073704
2302,2578,65,W17,W17,NEW HANOVER, ,36878.494858,42256902.2155688,36878.4948580246
2303,2555,49,UG,UNION GROVE,IREDELL, ,118093.704022,867821100.668908,118093.704022408
2304,2556,71,UH08,UPPER HOLLY,PENDER, ,321834.157174,2946525789.27417,321834.1571741
2305,2557,46,UN,UNION,HERTFORD, ,133624.784246,632389861.501885,133624.784246374
2306,2581,8,W2,WINDSOR 2,BERTIE, ,165680.131268,635971449.067799,165680.131267705
2307,2580,58,WM2,WILLIAMSTON 2,MARTIN, ,115811.931793,553655613.178668,115811.931792724
2308,2558,68,UNC,UNC,ORANGE, ,41764.817612,68386238.9730962,41764.8176120429
2309,2559,20,UNKA,UNAKA,CHEROKEE, ,291552.357937,2220630570.90504,291552.357937453
2310,2560,71,UT14,UPPER TOPSAIL,PENDER, ,202398.635701,623856370.56672,202398.635700909
2311,2562,62,UWH,UWHARRIE,MONTGOMERY, ,182569.83821,1176490343.41131,182569.838209507
2312,2563,54,V,VANCE,LENOIR, ,145063.546574,858681956.193379,145063.546574484
2313,2564,25,VE14,Van-Ep,CRAVEN, ,304262.521803,3130180373.17094,304262.521803252
2314,2582,65,W21,W21,NEW HANOVER, ,28244.3207984,38000275.1309722,28244.3207984423
2315,2565,67,VR15,VERONA,ONSLOW, ,84315.9436697,271936374.562038,84315.9436696822
2316,2566,63,VSS,VASS,MOORE, ,122126.373111,699621026.097053,122126.373111307
2317,2568,54,W,WOODINGTON,LENOIR, ,157585.038381,1131024096.80337,157585.038380645
2318,2569,2,W,WITTENBURG,ALEXANDER, ,121584.361911,332318273.747366,121584.361910711
2319,2576,65,W15,W15,NEW HANOVER, ,52627.2089831,88502155.5560431,52627.2089831308
2320,2584,65,W25,W25,NEW HANOVER, ,45679.2754008,53072988.2090068,45679.2754007666
2321,2585,65,W26,W26,NEW HANOVER, ,41173.9666991,56391165.2318892,41173.9666991472
2322,2586,65,W27,W27,NEW HANOVER, ,44988.4761338,41302030.5108734,44988.4761338421
2323,2601,7,WASH1,WASHINGTON WARD 1,BEAUFORT, ,42306.6965329,34370242.8023525,42306.6965329111
2324,10021,34,064,KERNERSVILLE ELEMENTARY,FORSYTH, ,31790.5346849,31041855.8406076,31790.5346848865
2325,2602,7,WASH2,WASHINGTON WARD 2,BEAUFORT, ,51988.8109162,94403477.7248555,51988.8109161664
2326,2603,7,WASH4,WASHINGTON WARD 4,BEAUFORT, ,46939.960317,92526696.888956,46939.9603170106
2327,2604,7,WASHP,WASHINGTON PARK,BEAUFORT, ,55863.9705967,114299826.847386,55863.9705967302
2328,2605,65,WB,WB,NEW HANOVER, ,136033.277052,776844722.080502,136033.277051775
2329,2607,10,WB02,HICKMANS CROSSROADS,BRUNSWICK, ,128680.064587,704965886.233282,128680.064587216
2330,2608,10,WB03,LONGWOOD,BRUNSWICK, ,174006.872893,825632927.78713,174006.872892779
2331,2609,10,WB04,SHINGLETREE 2,BRUNSWICK, ,84262.0591849,320614059.327392,84262.0591849018
2332,2610,10,WB05,SHINGLETREE 1,BRUNSWICK, ,155363.745991,717823583.309234,155363.745991257
2333,2611,10,WB06,GRISSETTOWN,BRUNSWICK, ,195092.955993,1231077532.428,195092.95599317
2334,2612,82,WBRK,WESTBROOK,SAMPSON, ,199866.312159,1294839873.06528,199866.312159232
2335,2613,88,WC,WILLIAMSON CREEK,TRANSYLVANIA, ,78466.9946781,200556101.427565,78466.9946781472
2336,2614,44,WC,WAYNESVILLE CENTER,HAYWOOD, ,21606.0547666,16613944.3823904,21606.054766612
2337,2615,68,WC,WHITE CROSS,ORANGE, ,126730.632987,741032294.998362,126730.632986726
2338,2616,8,WD,WOODVILLE,BERTIE, ,382859.557462,2872695528.45858,382859.55746234
2339,2617,68,WD,WEAVER DAIRY,ORANGE, ,41560.1463732,44795693.3050244,41560.1463731873
2340,2618,7,WDPD,WOODARDS POND,BEAUFORT, ,135489.016514,789622020.126809,135489.016513968
2341,2619,68,WDS,WEAVER DAIRY SAT,ORANGE, ,9619.43820501,4837019.73259587,9619.43820500812
2342,2620,73,WDSD,WOODSDALE,PERSON, ,143438.848417,1053708472.5977,143438.848416994
2343,2621,44,WE,WAYNESVILLE EAST,HAYWOOD, ,68601.4423516,208507953.019613,68601.4423515966
2344,2622,50,WEB,WEBSTER,JACKSON, ,88491.9259225,289241030.997823,88491.9259225145
2345,2623,42,WEL 3,WELDON 3,HALIFAX, ,98001.9748545,511737093.352486,98001.9748544547
2346,2624,42,WEL1-2,WELDON 1-2,HALIFAX, ,93159.5297827,355257400.088106,93159.5297827103
2347,2625,63,WEM,WESTMOORE,MOORE, ,175656.164156,1474044489.64648,175656.164156043
2348,2626,70,WEST,WEST ELIZABETH CITY,PASQUOTANK, ,59035.2506321,63861666.1961066,59035.250632077
2349,2627,38,WEST,WEST WARD,GRAHAM, ,357865.529098,3171283510.45053,357865.529097808
2350,2628,72,WEST H,WEST HERTFORD,PERQUIMANS, ,153485.472266,1003653561.50688,153485.47226598
2351,2629,59,WEST M,WEST MARION 7,MCDOWELL, ,116800.490682,553459995.253996,116800.490682112
2352,2630,68,WH,WEST HILLSBOROUGH,ORANGE, ,65178.722149,155161526.65406,65178.7221490411
2353,2631,91,WH,West Henderson,VANCE, ,77320.4640409,232056621.721399,77320.4640408673
2354,2632,27,WH,WHALEHEAD,CURRITUCK, ,248475.079287,2575319106.25551,248475.079286923
2355,2633,8,WH,WHITES,BERTIE, ,223733.533442,2048047669.20393,223733.533442373
2356,2634,87,WHCH,WHCH,SWAIN, ,451757.295519,4416446072.34461,451757.295519167
2357,2635,16,WIHA,WIREGRASS/HARLOWE,CARTERET, ,193185.683258,1108972891.6674,193185.683257576
2358,2636,16,WILD,WILDWOOD,CARTERET, ,100847.606746,345144604.297312,100847.606745921
2359,2637,39,WILT,Voting District 00WILT,GRANVILLE, ,238941.021269,1175891208.52944,238941.021269343
2360,2639,46,WN,WINTON,HERTFORD, ,192635.4498,717450465.81005,192635.449799551
2361,2640,67,WN04,WEST NORTHWOODS,ONSLOW, ,61849.5492244,157798594.693195,61849.5492244231
2362,2641,63,WND,WEST END,MOORE, ,297250.892325,1519860272.14349,297250.892325454
2363,2642,44,WO,WHITE OAK,HAYWOOD, ,89816.3150393,331667333.692422,89816.315039344
2364,2643,75,WO06,WHITE OAK,POLK, ,221243.558716,1214866167.97823,221243.558716258
2365,2644,39,WOEL,Voting District 00WOEL,GRANVILLE, ,138730.439783,850033639.276123,138730.439782876
2366,2645,31,WOLF,WOLFSCRAPE,DUPLIN, ,190226.429748,1536320873.45458,190226.42974831
2367,2646,66,WOPO,WOODLAND/POTECASI,NORTHAMPTON, ,149112.650223,850106720.304805,149112.650223366
2368,2647,55,WP32,WESTPORT,LINCOLN, ,80959.0733791,215707378.63837,80959.0733790961
2369,2648,4,WS,WHITE STORE,ANSON, ,169847.010774,1711519241.06675,169847.010774367
2370,2649,79,WS,WESTERN,ROCKINGHAM, ,287741.993717,1728621880.54507,287741.993717476
2371,2650,44,WS-1,WAYNESVILLE SOUTH 1,HAYWOOD, ,80735.9429556,167683901.45391,80735.9429556474
2372,2651,44,WS-2,WAYNESVILLE SOUTH 2,HAYWOOD, ,59847.0877713,109393154.565783,59847.0877712727
2373,2652,44,WW,WAYNESVILLE WEST,HAYWOOD, ,53256.9075519,123733806.717171,53256.9075518573
2374,10025,34,068,GOOD SHEPHERD MORAVIAN,FORSYTH, ,52079.6021144,104159315.118136,52079.6021144187
2375,10026,34,071,LEWISVILLE ELEMENTARY SCHOOL,FORSYTH, ,39027.3841972,83438771.7062363,39027.3841972256
2376,10000,34,012,UNION CROSS ELEMENTARY SCHOOL,FORSYTH, ,95143.8181191,342538578.858299,95143.8181190964
2377,10001,34,013,SEDGE GARDEN ELEMENTARY,FORSYTH, ,60988.1006287,130549001.65655,60988.1006287307
2378,10002,34,014,BEESONS CROSSROADS FIRE,FORSYTH, ,64381.0015218,139232964.490329,64381.0015217757
2379,10105,34,903,ARTS COUNCIL THEATER,FORSYTH, ,30321.8432763,48880452.6929124,30321.843276337
2380,10003,34,015,SOUTHEAST MIDDLE SCHOOL,FORSYTH, ,56318.9123925,192729815.142971,56318.9123924878
2381,10004,34,016,016,FORSYTH, ,30462.2268797,42327417.8664993,30462.2268797428
2382,10006,34,021,BELEWS CREEK FIRE,FORSYTH, ,134112.776768,848885080.417293,134112.776768428
2383,10007,34,031,RURAL HALL ELEMENTARY,FORSYTH, ,71741.4243893,247619771.407532,71741.4243893016
2384,10008,34,032,NORTHWEST MIDDLE SCHOOL,FORSYTH, ,99413.5170488,237711605.973264,99413.5170487971
2385,10106,34,904,MISSION HISPANA,FORSYTH, ,35349.6601338,43010366.2842618,35349.6601337655
2386,10009,34,033,ST ANDREWS PRESBYTERIAN,FORSYTH, ,82861.1273734,157821003.847726,82861.127373431
2387,10010,34,034,KINGSWOOD UNITED METHODIST CHURCH,FORSYTH, ,60723.3199369,156099806.44275,60723.3199369275
2388,10011,34,042,FELLOWSHIP BAPTIST,FORSYTH, ,85649.4130187,214102638.446709,85649.4130186625
2389,10012,34,043,FRIEDLAND MORAVIAN,FORSYTH, ,92358.3972024,253927378.949538,92358.397202368
2390,10013,34,051,CLEMMONS ELEMENTARY,FORSYTH, ,44487.1787909,103119587.402278,44487.178790929
2391,10107,34,905,BETHABARA MORAVIAN CH,FORSYTH, ,33663.5433357,42006316.6904326,33663.5433357438
2392,10108,34,906,MT TABOR HIGH SCHOOL,FORSYTH, ,42766.4442776,64358584.9341479,42766.4442775947
2393,10014,34,052,CLEMMONS PRESBYTERIAN,FORSYTH, ,37967.9339523,48559098.4847942,37967.9339522528
2394,10144,34,121,Flat Rock Middle School,FORSYTH, ,73727.5189127,186067055.248795,73727.5189126925
2395,10015,34,053,VFW POST 9010,FORSYTH, ,53338.6031068,135458943.850058,53338.6031067654
2396,10016,34,054,CLEMMONS CIVIC CENTER,FORSYTH, ,51743.845181,101974642.946132,51743.8451810468
2397,10017,34,055,HOLY FAMILY CATHOLIC CHURCH,FORSYTH, ,54555.3102405,129418160.180442,54555.3102404645
2398,10018,34,061,KERNERSVILLE LIBRARY,FORSYTH, ,46207.1697725,84793224.3726684,46207.169772537
2399,10020,34,063,CASH ELEMENTARY SCHOOL,FORSYTH, ,82009.5852127,235049624.842393,82009.5852127311
2400,10022,34,065,KERNERSVILLE 7TH DAY ADVENTIST CHURCH,FORSYTH, ,51027.255904,97771051.9069015,51027.2559039912
2401,10023,34,066,PINEY GROVE ELEMENTARY,FORSYTH, ,73105.6588964,150951591.87155,73105.6588963819
2402,10024,34,067,KERNERSVILLE RECREATION,FORSYTH, ,31126.2490333,47110054.2552617,31126.2490333418
2403,10027,34,073,UNITY MORAVIAN CHURCH,FORSYTH, ,100962.086722,502154082.891052,100962.086722271
2404,10028,34,074,MEADOWLARK MIDDLE SCHOOL,FORSYTH, ,66956.6263035,86220704.6219395,66956.6263034636
2405,10029,34,075,NEW HOPE AME ZION CHURCH,FORSYTH, ,67820.4752294,116319036.652683,67820.4752294274
2406,10145,34,085,085,FORSYTH, ,62689.1663724,121758085.771382,62689.1663724264
2407,10030,34,076,076,FORSYTH, ,62623.1343612,124303647.532775,62623.1343611888
2408,10147,34,509,Sedge Garden Recreation Center,FORSYTH, ,31207.0379476,54766048.7910396,31207.0379476041
2409,10031,34,077,077,FORSYTH, ,33743.659103,57086972.9673245,33743.6591030283
2410,10035,34,084,Edgewood Baptist Church,FORSYTH, ,54294.4321856,117049201.836225,54294.4321856159
2411,10032,34,081,OAK SUMMIT UNITED METHODIST CHURCH,FORSYTH, ,68287.3783285,188280594.419243,68287.3783285234
2412,10034,34,083,IBRAHAM ELEMENTARY,FORSYTH, ,53386.9478853,117617500.177891,53386.9478853314
2413,10037,34,091,TOBACCOVILLE COMMUNITY CENTER,FORSYTH, ,118611.359168,509372903.146509,118611.35916764
2414,10038,34,092,MACEDONIA BAPTIST CHURCH,FORSYTH, ,99520.0260662,325858939.282228,99520.0260662342
2415,10039,34,101,BETHANIA MORAVIAN CHURCH,FORSYTH, ,55043.0385435,101771310.019677,55043.038543512
2416,10040,34,111,PROVIDENCE MORAVIAN CHURCH,FORSYTH, ,105085.794857,510163639.576584,105085.79485708
2417,10041,34,112,WALKERTOWN LIBRARY,FORSYTH, ,109438.003491,409827509.872166,109438.003491243
2418,10052,34,203,MARTIN LUTHER KING REC,FORSYTH, ,17275.8800668,15140071.6683392,17275.8800668243
2419,10044,34,123,FORSYTH FRIENDS MEETING,FORSYTH, ,46611.511141,73882934.8796364,46611.5111409959
2420,10053,34,204,HOME AND GARDEN BUILDING (FAIRGROUNDS),FORSYTH, ,35358.0485802,45558692.5423687,35358.0485801728
2421,10045,34,124,124,FORSYTH, ,42932.8347017,70236327.3711758,42932.834701744
2422,10054,34,205,PAISLEY MIDDLE SCHOOL,FORSYTH, ,18384.3984012,17053482.9008842,18384.398401235
2423,10046,34,131,VIENNA ELEMENTARY SCHOOL,FORSYTH, ,59539.4599075,165226677.894139,59539.4599075461
2424,10047,34,132,PFAFFTOWN CHRISTIAN CHURCH,FORSYTH, ,71019.7082379,269606225.690342,71019.7082378693
2425,10050,34,135,Shiloh Lutheran Church,FORSYTH, ,51878.7967106,109777744.24399,51878.7967105984
2426,10051,34,202,North Point Baptist Church,FORSYTH, ,21973.8932992,24099239.2163865,21973.8932991636
2427,10056,34,207,NEW HOPE UNITED METHODIST CHURCH Voting District,FORSYTH, ,50123.6852432,76949907.193131,50123.6852432014
2428,10060,34,303,JOHN WESLEY AME ZION CHURCH,FORSYTH, ,24225.8106929,11763936.2944911,24225.810692896
2429,10084,34,607,SHEPHERDS CENTER,FORSYTH, ,25938.2957877,31240667.8232387,25938.2957876837
2430,10061,34,304,FORSYTH TECH CC MAZIE WOODRUFF CTR,FORSYTH, ,39396.1044895,57179131.379386,39396.1044894503
2431,10062,34,305,CARVER HIGH SCHOOL,FORSYTH, ,33057.4867469,33888015.0617404,33057.4867468583
2432,10065,34,402,FOURTEENTH STREET REC,FORSYTH, ,23911.1786345,21826101.2889488,23911.1786345342
2433,10066,34,403,LEAP ACADEMY AT KENNEDY,FORSYTH, ,38153.9754164,33675042.976293,38153.9754164153
2434,10068,34,405,SIMS RECREATION CENTER,FORSYTH, ,32912.7731982,36338741.5818723,32912.7731982011
2435,10085,34,701,FIRST CHRISTIAN CHURCH,FORSYTH, ,29589.960811,23928882.2397509,29589.9608110332
2436,10069,34,501,ST ANDREWS METHODIST,FORSYTH, ,35338.7061956,53935092.2590424,35338.7061956092
2437,10070,34,502,FOREST PARK ELEMENTARY,FORSYTH, ,27958.3319309,29840893.4674955,27958.3319309268
2438,10073,34,505,EASTON ELEMENTARY SCHOOL,FORSYTH, ,44980.698926,76887283.7280615,44980.6989260485
2439,10086,34,702,MILLER PARK RECREATION,FORSYTH, ,22712.4482829,20455453.0163623,22712.448282921
2440,10074,34,506,COVENANT PRESBYTERIAN,FORSYTH, ,31232.8801656,51081761.2640642,31232.8801655821
2441,10076,34,508,Linville Forest Church of Christ,FORSYTH, ,59074.4132111,100382211.786398,59074.413211143
2442,10079,34,602,FIRST ALLIANCE CHURCH,FORSYTH, ,38743.4497322,77041124.440776,38743.4497321575
2443,10080,34,603,LATHAM ELEMENTARY,FORSYTH, ,25534.3298553,37614209.6730021,25534.3298552645
2444,10081,34,604,WSFC SCHOOLS ADMINISTRATION BLDG,FORSYTH, ,39283.0433774,38284924.1684729,39283.0433773561
2445,10082,34,605,PARKLAND HIGH SCHOOL,FORSYTH, ,62329.2878353,72742808.6160217,62329.2878352782
2446,10083,34,606,PHILO MIDDLE SCHOOL,FORSYTH, ,24224.1557469,29398060.3539056,24224.1557468903
2447,10087,34,703,ARDMORE BAPTIST CHURCH,FORSYTH, ,16294.6041769,12487259.8379328,16294.6041769377
2448,10089,34,705,FORSYTH TECH WEST CAMPUS,FORSYTH, ,49784.7969285,70744370.15514,49784.7969284546
2449,10090,34,706,SOUTH FORK ELEMENTARY,FORSYTH, ,20227.9572294,21225991.1930401,20227.9572294241
2450,10092,34,708,LITTLE CREEK RECREATION,FORSYTH, ,49350.9102924,104138706.794281,49350.9102924221
2451,10093,34,709,WARD ELEMENTARY SCHOOL,FORSYTH, ,64622.7159382,155456024.121273,64622.7159382006
2452,10094,34,801,POLO PARK RECREATION CTR,FORSYTH, ,26558.8431137,28234710.5021899,26558.8431137018
2453,10097,34,804,SHERWOOD FOREST ELEM SCHOOL,FORSYTH, ,30059.015367,23037749.6354144,30059.0153669703
2454,10098,34,805,MESSIAH MORAVIAN CHURCH,FORSYTH, ,30863.915366,32496197.1529996,30863.9153660477
2455,10099,34,806,TRINITY UNITED METHODIST CHURCH,FORSYTH, ,34391.4931503,37398692.1567876,34391.4931502766
2456,10100,34,807,CALVARY BAPTIST CHURCH - BOY SCOUT HUT,FORSYTH, ,30970.334786,29033012.1384549,30970.3347860106
2457,10101,34,808,W-S FIRST SEVENTH DAY ADVENTIST CHURCH,FORSYTH, ,37038.4815455,37789556.4859655,37038.4815455118
2458,10102,34,809,JEFFERSON MIDDLE,FORSYTH, ,34760.3080407,59991144.0522854,34760.3080406737
2459,10103,34,901,REYNOLDS HIGH GIRLS GYM,FORSYTH, ,25392.1827494,25323155.7402635,25392.1827494372
2460,10109,34,907,ST ANNES EPISCOPAL,FORSYTH, ,27918.5547014,37671585.2743161,27918.5547013515
2461,10110,34,908,OLD TOWN BAPTIST CHURCH,FORSYTH, ,40495.7819008,67275423.3455952,40495.7819007801
2462,10111,34,909,OLD TOWN RECREATION CTR,FORSYTH, ,28054.9617787,32282634.4489095,28054.9617786834
2463,10112,86,01,BRYAN,SURRY, ,225167.029281,1960359487.85385,225167.029281075
2464,10113,86,04,DOBSON 3,SURRY, ,167084.250129,738157168.515526,167084.250129356
2465,10114,86,05,ELDORA,SURRY, ,128839.118887,853104351.172106,128839.118887217
2466,10115,86,09,FRANKLIN,SURRY, ,207326.932862,1167612145.60688,207326.932861554
2467,10116,86,10,LONGHILL,SURRY, ,106940.109661,340430750.554538,106940.109660735
2468,10117,86,11,MARSH,SURRY, ,181720.811433,711305443.395952,181720.811432968
2469,10118,86,12,MT AIRY 1,SURRY, ,44487.2794413,71460142.9505622,44487.2794413082
2470,10119,86,15,MT AIRY 5,SURRY, ,108892.57988,365523055.892541,108892.579879923
2471,10120,86,16,MT AIRY 6,SURRY, ,68874.3032475,166279955.23105,68874.3032475198
2472,10121,86,17,MT AIRY 7,SURRY, ,100317.087635,321501371.838674,100317.087635079
2473,10122,86,18,MT AIRY 8,SURRY, ,80077.8021604,290754899.582255,80077.8021603839
2474,10123,86,19,MT AIRY 9,SURRY, ,85372.832353,248871907.845944,85372.8323529723
2475,10124,86,22,ROCKFORD,SURRY, ,140020.900831,782318990.825354,140020.90083114
2476,10125,86,23,SHOALS,SURRY, ,148758.642602,812222997.928854,148758.642602041
2477,10126,86,24,SILOAM,SURRY, ,127600.966353,565044574.694582,127600.966353301
2478,10127,86,25,STEWARTS CREEK 1,SURRY, ,195578.955474,712886313.293271,195578.955473508
2479,10128,86,26,STEWARTS CREEK 2,SURRY, ,202190.594331,829489664.321237,202190.594331068
2480,10129,86,27,NORTH WESTFIELD,SURRY, ,172291.524671,748727534.798754,172291.524671158
2481,10130,86,28,SOUTH WESTFIELD,SURRY, ,160079.229266,473023269.976957,160079.229266175
2482,10131,86,29,DOBSON COMBINED,SURRY, ,206437.741453,1131737094.80722,206437.74145323
2483,10132,86,30,ELKIN,SURRY, ,143669.960756,733112827.743117,143669.960756145
2484,10133,86,32,PILOT,SURRY, ,124108.667426,633365363.246791,124108.667425712
2485,10134,86,34,MT AIRY COMBINED,SURRY, ,89499.6884422,306167362.273038,89499.6884422329
2486,1639,68,HN,Hillsborough North,ORANGE, ,63280.452492,235529297.057159,63280.4524919703
2487,10135,19,CRD118,Crossroads,CHATHAM, ,191568.417609,1524493778.62188,191568.417609431
2488,10136,19,GLD118,GOLDSTON,CHATHAM, ,286678.498949,2578723883.02421,286678.498948978
2489,10138,27,WM,WEST MOYOCK,CURRITUCK, ,160500.010788,1134492896.62416,160500.010788263
2490,10139,27,CO,COINJOCK,CURRITUCK, ,159781.759396,960600158.385057,159781.759396233
2491,10137,19,MON113,MONCURE,CHATHAM, ,309357.300937,2317258654.41888,309357.300936592
2492,10140,27,EM,EAST MOYOCK,CURRITUCK, ,124188.010067,467913449.125539,124188.010067217
2493,10142,65,W33,W33,NEW HANOVER, ,59844.2104302,147523785.682442,59844.2104301856
2494,10146,34,134,Grace Baptist Church,FORSYTH, ,97243.975235,292427372.644985,97243.9752350129
2495,10148,12,0071,LOWER FORK,BURKE, ,207563.254784,1656813247.11467,207563.254783955
2496,10149,12,0072,PILOT MOUNTAIN,BURKE, ,189286.453628,1067897528.10651,189286.453627993
2497,761,97,120A,ROCK CREEK,WILKES, ,154841.255366,899642652.902313,154841.255365906
2498,4506,58,WM1,WILLIAMSTON 1,MARTIN, ,161080.57695,679085176.251446,161080.576949801
2499,10150,58,JMV,JAMESVILLE,MARTIN, ,325045.513174,2649710749.61041,325045.513173864
2500,10151,58,GRF,GRIFFINS,MARTIN, ,223622.47206,1884596648.90375,223622.472059933
2501,1962,58,GSN,GOOSE NEST,MARTIN, ,254906.939911,2386203294.28178,254906.939910531
2502,2386,58,RBV,ROBERSONVILLE,MARTIN, ,174449.253395,1459550707.62388,174449.253395163
2503,2286,58,HMT,HAMILTON,MARTIN, ,345025.64539,1594203203.13896,345025.645390378
2504,3000,49,DV1A1A,DAVIDSON #1A,IREDELL, ,128487.395941,311247240.256741,128487.395940841
2505,3001,49,DV3A,DAVIDSON #3A,IREDELL, ,114270.638484,146391478.302788,114270.638484327
2506,3002,63,PHB1A,PINEHURST B1,MOORE, ,57554.2382846,73532471.6861324,57554.2382846161
2507,3003,63,WKWD1,WEST KNOLLWOOD,MOORE, ,87669.1714039,204437500.974034,87669.1714039055
2508,3004,92,03-02,03-02,WAKE, ,141136.253519,918282225.798049,141136.253519146
2509,3005,92,06-12,06-12,WAKE, ,72791.0167758,234110082.562627,72791.0167757556
2510,3007,92,19-23,19-23,WAKE, ,59499.6212485,115650245.968632,59499.6212485267
2511,3008,92,03-01,03-01,WAKE, ,70646.2087528,177407885.419821,70646.2087528018
2512,3009,92,06-11,06-11,WAKE, ,57886.9253404,148395083.87143,57886.925340376
2513,3010,92,17-15,17-15,WAKE, ,72688.4520399,252207806.98026,72688.4520398897
2514,3011,92,19-22,19-22,WAKE, ,38450.279799,53032841.8968721,38450.2797989737
2515,3012,36,7A,SOUTH BESSEMER,GASTON, ,89713.7709524,248499523.021483,89713.7709524085
2516,3013,36,33A,NEW HOPE,GASTON, ,126140.216023,295611022.968272,126140.216023306
2517,3014,36,34A,CRAMERTON,GASTON, ,70584.2722567,113432516.793966,70584.2722567063
2518,3015,36,4A,SOUTH GASTONIA,GASTON, ,131516.68103,440896379.114624,131516.681029755
2519,3017,36,27A,GARDNER PARK,GASTON, ,38486.6916146,73960744.5751795,38486.6916145594
2520,3018,36,36A,NORTH BELMONT,GASTON, ,62407.9190591,101076054.588486,62407.9190591015
2521,3019,36,35A,MCADENVILLE,GASTON, ,71123.0303218,120457213.222184,71123.0303218341
2522,3020,36,26A,LOWELL,GASTON, ,51365.8583342,89843414.4348538,51365.8583341749
2523,3021,36,37A,CATAWBA HEIGHTS,GASTON, ,40748.279155,73153748.71482,40748.2791550287
2524,3022,36,29A,ASHBROOK,GASTON, ,47367.6882064,69194090.705408,47367.6882064239
2525,3023,36,5A,FOREST HEIGHTS,GASTON, ,101459.750083,285165370.682481,101459.750083115
2526,3024,90,044,044,UNION, ,29967.9451846,43208920.6811599,29967.9451846306
2527,3025,90,0020A,0020A,UNION, ,73500.9365311,142562439.70919,73500.936531101
2528,3026,90,0030,030,UNION, ,59303.2371537,135782840.023574,59303.2371537205
2529,3027,90,0005,005,UNION, ,76203.0797579,237257239.574943,76203.0797578869
2530,3028,90,020B,0020B,UNION, ,98390.7467329,220765553.960227,98390.7467328583
2531,3029,90,0019,019,UNION, ,112827.123513,395416511.779645,112827.123512866
2532,3030,90,045,045,UNION, ,55438.6429131,93710277.5107889,55438.6429131065
2533,3031,84,0110,ALBEMARLE 10.1,STANLY, ,81998.7336181,135064371.682232,81998.733618129
2534,3032,84,0113,SOUTH ALBEMARLE 1,STANLY, ,162614.956353,533090407.413402,162614.956352803
2535,3033,84,0107,ALBEMARLE 7.1,STANLY, ,70588.3622269,103498656.915169,70588.3622269357
2536,3034,84,0108,ALBEMARLE 8.1,STANLY, ,32914.2418117,42099632.4230457,32914.2418117435
2537,3035,84,0120,ALMOND 1,STANLY, ,141481.598766,949767201.595167,141481.598765936
2538,3036,73,FLHE,FLAT RIVER,PERSON, ,153918.161246,1296543162.004,153918.161245541
2539,3037,73,RCOB,ROXBORO CENTRAL,PERSON, ,133785.565987,513038114.516083,133785.565986568
2540,3038,73,ROXL,ROXBORO 4,PERSON, ,86430.1938898,367589362.670625,86430.1938898092
2541,3039,32,30-3,30-3,DURHAM, ,48474.1055781,113896935.258665,48474.1055780592
2542,3040,32,30-4,30-4,DURHAM, ,49321.0058624,115417625.983588,49321.0058624051
2543,3041,32,33-1,33-1,DURHAM, ,75927.7134788,244982664.068513,75927.7134787596
2544,3042,32,33-2,33-2,DURHAM, ,81632.9833081,308548263.991683,81632.9833080872
2545,3043,32,35-4,35-4,DURHAM, ,47933.3478373,104056642.521759,47933.3478373333
2546,3044,32,35-5,35-5,DURHAM, ,64815.9291076,101974769.27368,64815.9291075907
2547,3045,32,56,56,DURHAM, ,47359.1999701,99643832.3969487,47359.1999700925
2548,3046,14,8,HIBRITEN,CALDWELL, ,132027.3611,592316103.50469,132027.361099791
2549,3047,14,9,BATON,CALDWELL, ,91177.3636763,348058152.675233,91177.363676316
2550,3048,14,10,CAJAHS MOUNTAIN,CALDWELL, ,77184.7900596,175745580.365653,77184.7900595536
2551,3049,14,11,SAWMILLS,CALDWELL, ,89457.9532678,301669959.801614,89457.953267756
2552,3050,14,12,PATTERSON,CALDWELL, ,270098.545433,2365065901.27648,270098.545432995
2553,3051,14,13,HUDSON,CALDWELL, ,130998.129443,415059768.911526,130998.129442893
2554,3052,14,14,GRACE CHAPEL,CALDWELL, ,120643.228996,407962880.627102,120643.228995848
2555,3053,14,15,DUDLEY SHOALS,CALDWELL, ,99518.3122948,382242481.15354,99518.3122947736
2556,3054,14,1,GAMEWELL,CALDWELL, ,142209.823428,767346804.906763,142209.823428262
2557,3055,14,2,COLLETTSVILLE,CALDWELL, ,340840.648035,3825877053.77172,340840.648035207
2558,3056,14,3,KINGS CREEK,CALDWELL, ,175342.627388,1039873514.4729,175342.627388497
2559,3057,14,4,OAK HILL,CALDWELL, ,198077.457435,1408061126.59394,198077.457434584
2560,3058,14,5,GRANITE FALLS,CALDWELL, ,77492.8409463,208771665.31921,77492.8409463441
2561,3059,14,7,LENOIR,CALDWELL, ,93976.7315395,306585264.175229,93976.7315395166
2562,3060,14,6,FREEDMAN,CALDWELL, ,177725.170943,685348757.709707,177725.170943017
2563,3061,1,03SE,SOUTH BOONE E,ALAMANCE, ,73725.4171326,132446581.544634,73725.4171326489
2564,3062,1,03SM,SOUTH BOONE M,ALAMANCE, ,52413.1442571,114010145.605358,52413.1442570648
2565,3063,65,W35, W35,NEW HANOVER, ,58102.8034732,73281142.9656689,58102.8034732108
2566,3064,65,W34,W34,NEW HANOVER, ,42611.9379189,76679525.0848198,42611.937918877
2567,3066,19,ECL109,East Chapel,CHATHAM, ,54077.3811111,176040814.177522,54077.3811111255
2568,3067,19,WCL108,West Chapel,CHATHAM, ,150775.20927,714482770.15951,150775.209269986
2569,3068,19,EPP112,East Pittsboro,CHATHAM, ,167068.705628,978710023.927534,167068.705628107
2570,3069,19,WPP114,West Pittsboro,CHATHAM, ,181603.085951,1105999624.01567,181603.08595066
2571,3070,26,AL51-3,ALDERMAN3,CUMBERLAND, ,116216.575149,398555256.094716,116216.575148634
2572,3071,26,AL51-1,ALDERMAN1,CUMBERLAND, ,51123.5771235,124440738.851635,51123.5771235467
2573,3072,26,AL51-2,ALDERMAN2,CUMBERLAND, ,118219.779745,321029740.013231,118219.779745432
2574,3073,26,G3A-2C,PEARCES MILL 2C,CUMBERLAND, ,55068.6215908,91539623.5317098,55068.6215908175
2575,3074,26,G9A-3,HOPE MILLS 3A,CUMBERLAND, ,44692.9094941,84032569.0185445,44692.9094940528
2576,3075,69,4BR,Bay River,PAMLICO, ,324673.619965,5464604149.59952,324673.619964816
2577,3076,69,3CH,Courthouse,PAMLICO, ,317785.669985,2807389713.85987,317785.669984533
2578,3077,69,1CR,Crossroads,PAMLICO, ,261830.405658,1189627398.46167,261830.405657632
2579,3078,16,CAPE,CAPE CARTERET/CEDAR POINT,CARTERET, ,84250.809225,256646100.558174,84250.809225025
2580,3079,16,BOGE,BOGUE,CARTERET, ,133078.406616,630318970.68539,133078.406615512
2581,3080,16,IBPK,INDIAN BEACH/SALTER PATH/PINE KNOLL,CARTERET, ,139599.504556,1148010447.46045,139599.504555587
2582,3081,16,ISLE,EMERALD ISLE,CARTERET, ,193465.993423,1741775634.70621,193465.993422783
2583,3082,85,150,Germanton,STOKES, ,115538.797247,508688573.911091,115538.797246731
2584,3083,85,140,Wilson ST.,STOKES, ,216368.369432,974412297.90631,216368.36943242
2585,3084,97,123A,TRAPHILL,WILKES, ,265211.267485,1596493796.48955,265211.26748542
2586,3100,79,ST,STONEVILLE,ROCKINGHAM, ,234984.364396,1810037754.75719,234984.364395888
2587,3101,79,ED,EDEN,ROCKINGHAM, ,106303.419569,495077716.646929,106303.419569242
2588,3107,91,CH,Central Henderson,VANCE, ,61941.6321633,81123220.6068571,61941.632163346
2589,3108,91,SH,South Henderson,VANCE, ,87903.3038016,311797711.705743,87903.3038016172
2590,3109,36,1A,YORK CHESTER,GASTON, ,34420.7171173,56374247.506533,34420.717117278
2591,3110,36,2A,VICTORY RIDGE,GASTON, ,55427.5677535,87357382.3735408,55427.5677534982
2592,3111,36,15A,MYRTLE,GASTON, ,85376.6800783,235536215.678517,85376.6800782657
2593,3112,36,16A,HIGHLAND HILL,GASTON, ,52805.9137803,97748085.0758555,52805.9137803301
2594,3113,36,28A,GARRISON,GASTON, ,36221.8505055,67948718.6661114,36221.8505055206
2595,3114,36,10A,SOUTH CHERRYVILLE,GASTON, ,98474.8143661,410941852.78579,98474.8143660837
2596,3115,31,WLLC,WALLACE,DUPLIN, ,391806.622304,2631715796.89325,391806.622303723
2597,3116,44,BE1,Beaverdam 1,HAYWOOD, ,63505.3946383,122248571.287772,63505.394638262
2598,3117,44,CLN,CLYDE NORTH,HAYWOOD, ,71167.6603739,193846192.525383,71167.6603738599
2599,3118,88,CC.1,CATHEYS CREEK,TRANSYLVANIA, ,173534.085782,815204024.267445,173534.085782273
2600,3119,88,RE.1,ROSMAN EASTATOE,TRANSYLVANIA, ,145153.04921,871747789.730349,145153.049210223
2601,3120,19,42,Jordan Lake,CHATHAM, ,191580.806115,1206202051.94672,191580.80611502
2602,3121,24,P117,Bogue Creek,COLUMBUS, ,310121.471945,3104764147.59076,310121.471944578
2603,3122,24,P534,Nakina Hill,COLUMBUS, ,323524.71161,2593930494.46854,323524.711610385
2604,3123,24,P121,Lees,COLUMBUS, ,424590.723451,2751438142.26263,424590.723450763
2605,3124,24,P245,Williams,COLUMBUS, ,262931.619215,2127327716.11516,262931.619214595
2606,3125,24,P223,Whiteville Mid,COLUMBUS, ,230454.202058,723070076.687377,230454.202057868
2607,3126,43,PR33,Barbecue/Benhaven,HARNETT, ,193348.209779,1351796976.82194,193348.209778824
2608,3127,43,PR37,Johnsonville,HARNETT, ,200409.982494,1878878559.05499,200409.982493694
2609,3128,43,PR35,Anderson Creek/Flatbranch,HARNETT, ,207741.103628,1038603731.34905,207741.103627681
2610,3129,43,PR38,Stewarts Creek,HARNETT, ,225057.631429,1358058747.05591,225057.631428813
2611,3130,43,PR39,Central Harnett Lillington,HARNETT, ,205339.135425,854343165.894353,205339.135424921
2612,3131,43,PR34,Barbecue/Spout Springs,HARNETT, ,93197.3575557,467226355.053449,93197.3575557141
2613,3132,43,PR36,Anderson Creek/Overhills,HARNETT, ,104542.787696,588516204.970993,104542.787696026
2614,3133,92,20-20,20-20,WAKE, ,78807.2871593,165953297.400925,78807.2871593172
2615,3134,92,20-19,20-19,WAKE, ,40150.3546366,60623975.2382925,40150.3546366015
2616,3135,92,20-18,20-18,WAKE, ,44590.8793923,49353594.1878141,44590.8793922832
2617,3136,92,19-24,19-24,WAKE, ,41079.8640808,63715092.6578753,41079.8640807926
2618,3137,92,19-25,19-25,WAKE, ,46088.1332216,92176862.648629,46088.1332216206
2619,3138,92,17-17,17-17,WAKE, ,63938.8960633,140189556.345672,63938.8960633121
2620,3139,92,17-16,17-16,WAKE, ,65947.6619247,169445909.382252,65947.6619246717
2621,3140,92,13-13,13-13,WAKE, ,53979.0687235,72672143.5692646,53979.0687234991
2622,3141,92,13-12,13-12,WAKE, ,40066.315909,46497202.0843152,40066.3159089987
2623,3142,92,12-12,12-12,WAKE, ,46001.0664654,89273638.0718624,46001.0664653545
2624,3143,92,12-13,12-13,WAKE, ,50225.9304455,127528603.850415,50225.9304455422
2625,3144,92,05-09,05-09,WAKE, ,26574.4046556,41802952.7740978,26574.4046556044
2626,3145,92,05-10,05-10,WAKE, ,54128.8463294,114584259.113649,54128.84632942
2627,3146,71,PL18,Penderlea,PENDER, ,256833.239095,2497973408.44126,256833.239095147
2628,3147,71,BW01,Burgaw,PENDER, ,452401.512499,3478623087.76111,452401.512498843
2629,3148,71,RP21,Rocky Point,PENDER, ,440134.337501,4262947180.61029,440134.337500589
2630,3149,71,MC07,Malpass Corner,PENDER, ,438719.019304,4104627598.64909,438719.019304415
2631,269,77,03,ROCKINGHAM  3,RICHMOND, ,83313.1849478,263842400.426237,83313.1849478298
2632,335,77,04,WOLF PIT  1,RICHMOND, ,60496.5913724,174650569.448713,60496.5913724459
2633,400,77,05,WOLF PIT  2,RICHMOND, ,51503.6881908,69534588.1030942,51503.6881908454
2634,436,77,06,WOLF PIT  3,RICHMOND, ,95460.0452005,194248893.100591,95460.0452005276
2635,487,77,07,WOLF PIT  4,RICHMOND, ,153704.246194,1127466120.08705,153704.246194078
2636,687,77,11,BEAVER DAM  2,RICHMOND, ,130608.581452,659416723.714561,130608.58145156
2637,740,77,12,MINERAL SPRINGS  1,RICHMOND, ,168117.684579,1042787119.90671,168117.684578865
2638,805,77,13,MINERAL SPRINGS  2,RICHMOND, ,199821.432812,1151267914.47873,199821.432812118
2639,878,77,15,STEELES  2,RICHMOND, ,177680.264772,1101030368.51186,177680.264772228
2640,927,77,16,BLACK JACK  1,RICHMOND, ,148578.225415,799972199.376051,148578.225415295
