,county_desc,election_date,stats_type,precinct_abbrv,party_cd,race_code,ethnic_code,sex_code,age,total_voters,update_date
185,RANDOLPH,11/07/2023,voter,UG,DEM,O,HL,M,Age 18 - 25,2,11/27/2023
346,RANDOLPH,11/07/2023,voter,DR,LIB,O,UN,F,Age 26 - 40,1,11/27/2023
364,RANDOLPH,11/07/2023,voter,TR,UNA,O,NL,M,Age 26 - 40,3,11/27/2023
382,RANDOLPH,11/07/2023,voter,TR,UNA,A,UN,M,Age 26 - 40,2,11/27/2023
396,RANDOLPH,11/07/2023,voter,AR,REP,B,NL,M,Age 18 - 25,2,11/27/2023
436,RANDOLPH,11/07/2023,voter,,DEM,W,NL,M,Age Over 66,32,11/27/2023
683,RANDOLPH,11/07/2023,voter,LC,REP,B,UN,F,Age 26 - 40,1,11/27/2023
737,RANDOLPH,11/07/2023,voter,AR,DEM,M,HL,F,Age 41 - 65,2,11/27/2023
825,RANDOLPH,11/07/2023,voter,AE,REP,A,NL,F,Age Over 66,1,11/27/2023
911,RANDOLPH,11/07/2023,voter,AN,REP,W,NL,U,Age 26 - 40,5,11/27/2023
958,RANDOLPH,11/07/2023,voter,ST,REP,W,HL,F,Age 41 - 65,1,11/27/2023
1044,RANDOLPH,11/07/2023,voter,LB,REP,B,NL,M,Age Over 66,2,11/27/2023
1162,RANDOLPH,11/07/2023,voter,LC,DEM,U,UN,F,Age 41 - 65,1,11/27/2023
1194,RANDOLPH,11/07/2023,voter,SW,DEM,U,UN,U,Age Over 66,1,11/27/2023
1203,RANDOLPH,11/07/2023,voter,AR,REP,W,NL,M,Age Over 66,160,11/27/2023
1651,RANDOLPH,11/07/2023,voter,ST,DEM,O,NL,F,Age 41 - 65,1,11/27/2023
1690,RANDOLPH,11/07/2023,voter,AS,UNA,W,UN,F,Age 41 - 65,30,11/27/2023
1794,RANDOLPH,11/07/2023,voter,NM,DEM,W,NL,F,Age 18 - 25,5,11/27/2023
1799,RANDOLPH,11/07/2023,voter,AW,UNA,O,NL,M,Age 41 - 65,1,11/27/2023
1807,RANDOLPH,11/07/2023,voter,AW,DEM,W,UN,M,Age 18 - 25,4,11/27/2023
1831,RANDOLPH,11/07/2023,voter,DR,UNA,I,UN,F,Age 26 - 40,2,11/27/2023
1845,RANDOLPH,11/07/2023,voter,AN,DEM,W,UN,M,Age 18 - 25,2,11/27/2023
2144,RANDOLPH,11/07/2023,voter,TR,REP,I,NL,F,Age 41 - 65,1,11/27/2023
2211,RANDOLPH,11/07/2023,voter,DR,REP,U,UN,U,Age 41 - 65,17,11/27/2023
2245,RANDOLPH,11/07/2023,voter,DR,UNA,W,NL,M,Age 26 - 40,55,11/27/2023
2301,RANDOLPH,11/07/2023,voter,,REP,I,NL,F,Age 41 - 65,1,11/27/2023
2342,RANDOLPH,11/07/2023,voter,NM,UNA,U,UN,U,Age Over 66,1,11/27/2023
2343,RANDOLPH,11/07/2023,voter,RM,UNA,W,UN,F,Age 41 - 65,36,11/27/2023
2352,RANDOLPH,11/07/2023,voter,AR,UNA,W,NL,M,Age 26 - 40,62,11/27/2023
2392,RANDOLPH,11/07/2023,voter,TR,DEM,U,HL,F,Age 41 - 65,1,11/27/2023
2414,RANDOLPH,11/07/2023,voter,AR,DEM,I,NL,F,Age 41 - 65,1,11/27/2023
2427,RANDOLPH,11/07/2023,voter,TR,UNA,O,UN,M,Age 26 - 40,2,11/27/2023
2444,RANDOLPH,11/07/2023,voter,AN,LIB,O,HL,F,Age 18 - 25,1,11/27/2023
2613,RANDOLPH,11/07/2023,voter,RM,UNA,W,NL,F,Age Over 66,50,11/27/2023
2676,RANDOLPH,11/07/2023,voter,UG,LIB,W,UN,M,Age 41 - 65,2,11/27/2023
2727,RANDOLPH,11/07/2023,voter,SE,DEM,W,UN,M,Age Over 66,1,11/27/2023
2741,RANDOLPH,11/07/2023,voter,,UNA,U,HL,M,Age Over 66,1,11/27/2023
2803,RANDOLPH,11/07/2023,voter,SW,UNA,W,NL,U,Age 41 - 65,1,11/27/2023
2815,RANDOLPH,11/07/2023,voter,SO,UNA,O,UN,F,Age 41 - 65,1,11/27/2023
2826,RANDOLPH,11/07/2023,voter,AE,UNA,W,UN,F,Age 18 - 25,18,11/27/2023
2867,RANDOLPH,11/07/2023,voter,UG,UNA,W,NL,F,Age 26 - 40,37,11/27/2023
2923,RANDOLPH,11/07/2023,voter,DR,UNA,O,HL,F,Age 26 - 40,8,11/27/2023
2951,RANDOLPH,11/07/2023,voter,GR,UNA,O,HL,M,Age 26 - 40,12,11/27/2023
3068,RANDOLPH,11/07/2023,voter,DR,REP,B,UN,M,Age 18 - 25,2,11/27/2023
3091,RANDOLPH,11/07/2023,voter,NM,DEM,M,NL,F,Age 26 - 40,1,11/27/2023
3106,RANDOLPH,11/07/2023,voter,AR,LIB,W,NL,F,Age 18 - 25,2,11/27/2023
3497,RANDOLPH,11/07/2023,voter,AN,UNA,W,UN,M,Age 18 - 25,31,11/27/2023
3551,RANDOLPH,11/07/2023,voter,SE,DEM,W,HL,M,Age Over 66,1,11/27/2023
3612,RANDOLPH,11/07/2023,voter,UG,DEM,O,NL,M,Age Over 66,1,11/27/2023
3670,RANDOLPH,11/07/2023,voter,RM,REP,U,UN,U,Age Over 66,5,11/27/2023
3740,RANDOLPH,11/07/2023,voter,,DEM,W,UN,F,Age 18 - 25,6,11/27/2023
3789,RANDOLPH,11/07/2023,voter,TR,UNA,B,UN,M,Age 26 - 40,1,11/27/2023
3833,RANDOLPH,11/07/2023,voter,UG,UNA,W,NL,M,Age 41 - 65,58,11/27/2023
3850,RANDOLPH,11/07/2023,voter,TR,UNA,W,UN,F,Age Over 66,12,11/27/2023
3928,RANDOLPH,11/07/2023,voter,LB,REP,O,NL,M,Age 26 - 40,1,11/27/2023
3953,RANDOLPH,11/07/2023,voter,,UNA,W,UN,M,Age 26 - 40,18,11/27/2023
3978,RANDOLPH,11/07/2023,voter,AE,DEM,W,NL,M,Age 26 - 40,11,11/27/2023
4011,RANDOLPH,11/07/2023,voter,AR,REP,W,UN,U,Age Over 66,2,11/27/2023
4088,RANDOLPH,11/07/2023,voter,UG,UNA,W,UN,M,Age 41 - 65,43,11/27/2023
4129,RANDOLPH,11/07/2023,voter,AR,REP,M,NL,F,Age 18 - 25,1,11/27/2023
4186,RANDOLPH,11/07/2023,voter,AW,UNA,U,HL,M,Age 18 - 25,3,11/27/2023
4285,RANDOLPH,11/07/2023,voter,SO,DEM,B,UN,F,Age 41 - 65,6,11/27/2023
4307,RANDOLPH,11/07/2023,voter,TB,UNA,W,NL,M,Age Over 66,52,11/27/2023
4382,RANDOLPH,11/07/2023,voter,RN,UNA,B,NL,F,Age 41 - 65,2,11/27/2023
4491,RANDOLPH,11/07/2023,voter,LB,LIB,B,NL,M,Age 18 - 25,1,11/27/2023
4573,RANDOLPH,11/07/2023,voter,ST,UNA,O,HL,F,Age 18 - 25,5,11/27/2023
4603,RANDOLPH,11/07/2023,voter,AR,REP,O,NL,F,Age 26 - 40,1,11/27/2023
4690,RANDOLPH,11/07/2023,voter,UG,UNA,O,NL,F,Age 41 - 65,1,11/27/2023
4755,RANDOLPH,11/07/2023,voter,ST,UNA,W,UN,F,Age Over 66,10,11/27/2023
4767,RANDOLPH,11/07/2023,voter,TR,DEM,O,HL,F,Age 18 - 25,1,11/27/2023
4810,RANDOLPH,11/07/2023,voter,TR,REP,U,HL,F,Age 41 - 65,2,11/27/2023
4854,RANDOLPH,11/07/2023,voter,AN,UNA,M,HL,M,Age 26 - 40,2,11/27/2023
4926,RANDOLPH,11/07/2023,voter,TR,UNA,U,NL,M,Age 41 - 65,1,11/27/2023
5036,RANDOLPH,11/07/2023,voter,TR,UNA,O,UN,F,Age 18 - 25,1,11/27/2023
5079,RANDOLPH,11/07/2023,voter,SE,UNA,U,UN,M,Age Over 66,1,11/27/2023
5088,RANDOLPH,11/07/2023,voter,NM,REP,W,UN,F,Age 26 - 40,33,11/27/2023
5161,RANDOLPH,11/07/2023,voter,AN,REP,W,NL,M,Age Over 66,66,11/27/2023
5165,RANDOLPH,11/07/2023,voter,LB,REP,W,NL,U,Age Over 66,1,11/27/2023
5274,RANDOLPH,11/07/2023,voter,TR,UNA,W,NL,M,Age Over 66,1,11/27/2023
5315,RANDOLPH,11/07/2023,voter,AE,UNA,B,UN,F,Age 41 - 65,18,11/27/2023
5382,RANDOLPH,11/07/2023,voter,RM,DEM,M,NL,F,Age 18 - 25,1,11/27/2023
5412,RANDOLPH,11/07/2023,voter,SW,REP,W,UN,M,Age 18 - 25,28,11/27/2023
5459,RANDOLPH,11/07/2023,voter,UG,UNA,A,UN,M,Age 26 - 40,1,11/27/2023
5590,RANDOLPH,11/07/2023,voter,BC,UNA,M,NL,M,Age 41 - 65,1,11/27/2023
5631,RANDOLPH,11/07/2023,voter,AE,REP,A,UN,F,Age 41 - 65,2,11/27/2023
5794,RANDOLPH,11/07/2023,voter,ST,UNA,U,UN,F,Age Over 66,2,11/27/2023
5840,RANDOLPH,11/07/2023,voter,SW,DEM,W,UN,F,Age 18 - 25,1,11/27/2023
5845,RANDOLPH,11/07/2023,voter,AR,REP,A,UN,M,Age 26 - 40,1,11/27/2023
5869,RANDOLPH,11/07/2023,voter,UG,DEM,W,HL,F,Age 18 - 25,1,11/27/2023
5872,RANDOLPH,11/07/2023,voter,GR,REP,W,UN,M,Age 26 - 40,71,11/27/2023
5961,RANDOLPH,11/07/2023,voter,AW,UNA,W,UN,F,Age 18 - 25,25,11/27/2023
6033,RANDOLPH,11/07/2023,voter,AW,UNA,A,NL,F,Age 41 - 65,2,11/27/2023
6078,RANDOLPH,11/07/2023,voter,AE,DEM,U,UN,F,Age 18 - 25,6,11/27/2023
6311,RANDOLPH,11/07/2023,voter,UG,DEM,B,NL,M,Age 26 - 40,4,11/27/2023
6355,RANDOLPH,11/07/2023,voter,TR,REP,O,NL,F,Age 41 - 65,1,11/27/2023
6383,RANDOLPH,11/07/2023,voter,SW,REP,U,NL,F,Age 18 - 25,1,11/27/2023
6503,RANDOLPH,11/07/2023,voter,AR,DEM,W,UN,F,Age 41 - 65,6,11/27/2023
6525,RANDOLPH,11/07/2023,voter,TR,UNA,W,UN,U,Age 26 - 40,1,11/27/2023
6547,RANDOLPH,11/07/2023,voter,NM,UNA,W,UN,M,Age 41 - 65,21,11/27/2023
6875,RANDOLPH,11/07/2023,voter,LB,DEM,B,UN,M,Age 18 - 25,3,11/27/2023
6928,RANDOLPH,11/07/2023,voter,ST,REP,W,UN,U,Age 41 - 65,2,11/27/2023
6931,RANDOLPH,11/07/2023,voter,UG,DEM,O,UN,F,Age 18 - 25,1,11/27/2023
6947,RANDOLPH,11/07/2023,voter,TB,UNA,U,NL,U,Age 41 - 65,1,11/27/2023
6965,RANDOLPH,11/07/2023,voter,RN,UNA,B,UN,F,Age Over 66,1,11/27/2023
7009,RANDOLPH,11/07/2023,voter,,REP,U,UN,U,Age 26 - 40,16,11/27/2023
7048,RANDOLPH,11/07/2023,voter,DR,DEM,B,NL,U,Age 41 - 65,2,11/27/2023
7092,RANDOLPH,11/07/2023,voter,AN,DEM,U,UN,M,Age 18 - 25,8,11/27/2023
7118,RANDOLPH,11/07/2023,voter,AE,DEM,W,UN,F,Age Over 66,19,11/27/2023
7142,RANDOLPH,11/07/2023,voter,AR,DEM,O,NL,M,Age 41 - 65,4,11/27/2023
7180,RANDOLPH,11/07/2023,voter,NM,REP,B,NL,F,Age 41 - 65,1,11/27/2023
7191,RANDOLPH,11/07/2023,voter,AR,REP,O,HL,M,Age 18 - 25,2,11/27/2023
7470,RANDOLPH,11/07/2023,voter,AR,UNA,W,NL,F,Age 18 - 25,27,11/27/2023
7472,RANDOLPH,11/07/2023,voter,DR,DEM,U,UN,M,Age 26 - 40,1,11/27/2023
7606,RANDOLPH,11/07/2023,voter,RN,REP,O,HL,M,Age 41 - 65,3,11/27/2023
7670,RANDOLPH,11/07/2023,voter,AR,DEM,W,UN,U,Age Over 66,1,11/27/2023
7727,RANDOLPH,11/07/2023,voter,SW,UNA,W,NL,U,Age 18 - 25,1,11/27/2023
7916,RANDOLPH,11/07/2023,voter,RN,UNA,U,UN,M,Age 26 - 40,2,11/27/2023
7993,RANDOLPH,11/07/2023,voter,NM,REP,W,UN,F,Age 41 - 65,38,11/27/2023
8127,RANDOLPH,11/07/2023,voter,NM,UNA,W,NL,M,Age 18 - 25,14,11/27/2023
8238,RANDOLPH,11/07/2023,voter,AW,REP,W,NL,U,Age 26 - 40,2,11/27/2023
8265,RANDOLPH,11/07/2023,voter,RM,UNA,I,NL,M,Age 41 - 65,1,11/27/2023
8409,RANDOLPH,11/07/2023,voter,NM,UNA,A,UN,F,Age 26 - 40,1,11/27/2023
8457,RANDOLPH,11/07/2023,voter,LB,UNA,W,NL,M,Age Over 66,50,11/27/2023
8562,RANDOLPH,11/07/2023,voter,AW,REP,W,NL,M,Age 18 - 25,9,11/27/2023
8667,RANDOLPH,11/07/2023,voter,TR,DEM,A,UN,M,Age Over 66,2,11/27/2023
8710,RANDOLPH,11/07/2023,voter,TT,UNA,A,UN,M,Age 41 - 65,1,11/27/2023
8726,RANDOLPH,11/07/2023,voter,TT,DEM,O,HL,M,Age 18 - 25,1,11/27/2023
8746,RANDOLPH,11/07/2023,voter,AR,UNA,W,NL,M,Age 41 - 65,133,11/27/2023
8780,RANDOLPH,11/07/2023,voter,RN,REP,W,UN,F,Age 26 - 40,92,11/27/2023
8834,RANDOLPH,11/07/2023,voter,AN,UNA,O,HL,F,Age 41 - 65,6,11/27/2023
8865,RANDOLPH,11/07/2023,voter,SE,UNA,U,UN,M,Age 26 - 40,2,11/27/2023
8894,RANDOLPH,11/07/2023,voter,AN,DEM,I,UN,F,Age 41 - 65,1,11/27/2023
8911,RANDOLPH,11/07/2023,voter,TT,DEM,U,UN,M,Age 18 - 25,2,11/27/2023
9064,RANDOLPH,11/07/2023,voter,AN,UNA,B,NL,M,Age 26 - 40,4,11/27/2023
9191,RANDOLPH,11/07/2023,voter,DR,DEM,B,UN,F,Age 26 - 40,3,11/27/2023
9208,RANDOLPH,11/07/2023,voter,AE,DEM,B,UN,M,Age 18 - 25,7,11/27/2023
9223,RANDOLPH,11/07/2023,voter,UG,UNA,W,NL,M,Age 18 - 25,11,11/27/2023
9250,RANDOLPH,11/07/2023,voter,UG,DEM,O,HL,M,Age 41 - 65,4,11/27/2023
9251,RANDOLPH,11/07/2023,voter,RN,REP,U,UN,U,Age 41 - 65,38,11/27/2023
9280,RANDOLPH,11/07/2023,voter,AW,DEM,B,UN,F,Age 26 - 40,17,11/27/2023
9411,RANDOLPH,11/07/2023,voter,TB,DEM,B,UN,F,Age Over 66,1,11/27/2023
9438,RANDOLPH,11/07/2023,voter,,LIB,W,NL,F,Age 18 - 25,1,11/27/2023
9449,RANDOLPH,11/07/2023,voter,BC,UNA,U,UN,U,Age 18 - 25,8,11/27/2023
9490,RANDOLPH,11/07/2023,voter,TT,DEM,U,UN,F,Age 26 - 40,2,11/27/2023
9578,RANDOLPH,11/07/2023,voter,GR,REP,I,NL,F,Age Over 66,1,11/27/2023
9580,RANDOLPH,11/07/2023,voter,RN,DEM,W,UN,M,Age 41 - 65,12,11/27/2023
9629,RANDOLPH,11/07/2023,voter,AN,DEM,O,HL,M,Age 18 - 25,18,11/27/2023
9678,RANDOLPH,11/07/2023,voter,AR,UNA,U,HL,M,Age 18 - 25,1,11/27/2023
9680,RANDOLPH,11/07/2023,voter,,REP,U,HL,F,Age Over 66,1,11/27/2023
9739,RANDOLPH,11/07/2023,voter,AW,LIB,W,NL,F,Age 26 - 40,3,11/27/2023
9789,RANDOLPH,11/07/2023,voter,SW,UNA,O,UN,F,Age 18 - 25,1,11/27/2023
9835,RANDOLPH,11/07/2023,voter,SE,UNA,W,UN,M,Age Over 66,8,11/27/2023
9856,RANDOLPH,11/07/2023,voter,UG,UNA,B,NL,F,Age Over 66,1,11/27/2023
9916,RANDOLPH,11/07/2023,voter,AR,UNA,W,UN,U,Age 26 - 40,1,11/27/2023
10052,RANDOLPH,11/07/2023,voter,AS,DEM,W,UN,F,Age 41 - 65,11,11/27/2023
10193,RANDOLPH,11/07/2023,voter,AR,LIB,W,NL,F,Age 26 - 40,1,11/27/2023
10271,RANDOLPH,11/07/2023,voter,UG,REP,W,HL,M,Age 26 - 40,1,11/27/2023
10406,RANDOLPH,11/07/2023,voter,TR,REP,O,UN,M,Age 41 - 65,1,11/27/2023
10636,RANDOLPH,11/07/2023,voter,AW,UNA,U,UN,M,Age 18 - 25,6,11/27/2023
10662,RANDOLPH,11/07/2023,voter,TR,REP,O,HL,M,Age 18 - 25,1,11/27/2023
10681,RANDOLPH,11/07/2023,voter,,UNA,U,UN,U,Age 26 - 40,11,11/27/2023
10951,RANDOLPH,11/07/2023,voter,GR,DEM,U,UN,M,Age 18 - 25,3,11/27/2023
10954,RANDOLPH,11/07/2023,voter,SW,UNA,W,NL,F,Age 18 - 25,16,11/27/2023
11045,RANDOLPH,11/07/2023,voter,LB,UNA,U,HL,F,Age 26 - 40,3,11/27/2023
11046,RANDOLPH,11/07/2023,voter,SW,REP,W,UN,M,Age 18 - 25,32,11/27/2023
11089,RANDOLPH,11/07/2023,voter,AS,UNA,U,UN,U,Age 18 - 25,8,11/27/2023
11096,RANDOLPH,11/07/2023,voter,UG,DEM,U,HL,F,Age 18 - 25,4,11/27/2023
11126,RANDOLPH,11/07/2023,voter,BC,UNA,W,NL,M,Age 41 - 65,123,11/27/2023
11176,RANDOLPH,11/07/2023,voter,AE,DEM,B,NL,F,Age 26 - 40,35,11/27/2023
11212,RANDOLPH,11/07/2023,voter,LB,DEM,O,UN,M,Age 18 - 25,1,11/27/2023
11254,RANDOLPH,11/07/2023,voter,UG,REP,O,UN,M,Age Over 66,1,11/27/2023
11299,RANDOLPH,11/07/2023,voter,DR,UNA,U,UN,M,Age 41 - 65,2,11/27/2023
11350,RANDOLPH,11/07/2023,voter,SO,UNA,B,UN,F,Age 41 - 65,2,11/27/2023
11396,RANDOLPH,11/07/2023,voter,SO,REP,W,NL,U,Age 26 - 40,2,11/27/2023
11486,RANDOLPH,11/07/2023,voter,RN,REP,W,NL,F,Age Over 66,92,11/27/2023
11548,RANDOLPH,11/07/2023,voter,TR,DEM,B,UN,M,Age 26 - 40,7,11/27/2023
11594,RANDOLPH,11/07/2023,voter,AE,DEM,O,HL,M,Age Over 66,4,11/27/2023
11732,RANDOLPH,11/07/2023,voter,AS,DEM,A,NL,F,Age 41 - 65,1,11/27/2023
11899,RANDOLPH,11/07/2023,voter,RM,UNA,A,NL,F,Age 26 - 40,2,11/27/2023
11928,RANDOLPH,11/07/2023,voter,RN,UNA,A,UN,M,Age 18 - 25,1,11/27/2023
11990,RANDOLPH,11/07/2023,voter,,REP,A,UN,F,Age 41 - 65,1,11/27/2023
12007,RANDOLPH,11/07/2023,voter,AR,REP,W,UN,F,Age 41 - 65,31,11/27/2023
12024,RANDOLPH,11/07/2023,voter,AS,UNA,B,UN,F,Age 41 - 65,3,11/27/2023
12086,RANDOLPH,11/07/2023,voter,AS,DEM,W,UN,M,Age 41 - 65,7,11/27/2023
12350,RANDOLPH,11/07/2023,voter,AN,DEM,U,UN,U,Age Over 66,5,11/27/2023
12421,RANDOLPH,11/07/2023,voter,SO,UNA,O,HL,F,Age 26 - 40,3,11/27/2023
12544,RANDOLPH,11/07/2023,voter,DR,UNA,B,UN,F,Age 41 - 65,1,11/27/2023
12705,RANDOLPH,11/07/2023,voter,SE,REP,W,UN,M,Age 41 - 65,46,11/27/2023
12712,RANDOLPH,11/07/2023,voter,GR,UNA,O,NL,F,Age 41 - 65,2,11/27/2023
12794,RANDOLPH,11/07/2023,voter,UG,DEM,U,UN,U,Age 18 - 25,5,11/27/2023
12888,RANDOLPH,11/07/2023,voter,AR,UNA,W,UN,U,Age 41 - 65,2,11/27/2023
12894,RANDOLPH,11/07/2023,voter,AR,UNA,O,HL,M,Age 41 - 65,2,11/27/2023
12896,RANDOLPH,11/07/2023,voter,UG,REP,W,NL,M,Age 26 - 40,58,11/27/2023
13123,RANDOLPH,11/07/2023,voter,UG,REP,U,UN,U,Age 18 - 25,9,11/27/2023
13263,RANDOLPH,11/07/2023,voter,LC,REP,W,NL,U,Age 41 - 65,4,11/27/2023
13495,RANDOLPH,11/07/2023,voter,GR,UNA,W,HL,F,Age 41 - 65,6,11/27/2023
13510,RANDOLPH,11/07/2023,voter,AW,REP,B,UN,M,Age 18 - 25,2,11/27/2023
13600,RANDOLPH,11/07/2023,voter,TR,REP,A,UN,M,Age 26 - 40,2,11/27/2023
13613,RANDOLPH,11/07/2023,voter,SO,DEM,U,HL,F,Age 18 - 25,1,11/27/2023
13645,RANDOLPH,11/07/2023,voter,RN,DEM,B,UN,F,Age 18 - 25,7,11/27/2023
13664,RANDOLPH,11/07/2023,voter,AW,UNA,B,UN,M,Age 26 - 40,9,11/27/2023
13688,RANDOLPH,11/07/2023,voter,LC,UNA,O,UN,F,Age 41 - 65,2,11/27/2023
13691,RANDOLPH,11/07/2023,voter,AS,DEM,W,NL,M,Age 18 - 25,3,11/27/2023
13740,RANDOLPH,11/07/2023,voter,AS,REP,B,UN,M,Age 41 - 65,1,11/27/2023
13809,RANDOLPH,11/07/2023,voter,,REP,W,UN,U,Age 18 - 25,1,11/27/2023
13855,RANDOLPH,11/07/2023,voter,UG,UNA,W,NL,U,Age 41 - 65,4,11/27/2023
13857,RANDOLPH,11/07/2023,voter,AW,UNA,O,NL,M,Age Over 66,1,11/27/2023
13859,RANDOLPH,11/07/2023,voter,AR,DEM,O,HL,F,Age 26 - 40,1,11/27/2023
13913,RANDOLPH,11/07/2023,voter,NM,DEM,B,UN,F,Age 41 - 65,2,11/27/2023
13935,RANDOLPH,11/07/2023,voter,GR,DEM,W,UN,M,Age Over 66,14,11/27/2023
13937,RANDOLPH,11/07/2023,voter,BC,DEM,U,HL,M,Age Over 66,1,11/27/2023
13985,RANDOLPH,11/07/2023,voter,RN,DEM,O,HL,F,Age 26 - 40,11,11/27/2023
14024,RANDOLPH,11/07/2023,voter,AE,REP,W,UN,F,Age Over 66,35,11/27/2023
14046,RANDOLPH,11/07/2023,voter,,LIB,W,UN,M,Age 26 - 40,2,11/27/2023
14122,RANDOLPH,11/07/2023,voter,AN,DEM,O,UN,M,Age 41 - 65,1,11/27/2023
14132,RANDOLPH,11/07/2023,voter,LC,UNA,W,NL,U,Age 41 - 65,5,11/27/2023
14194,RANDOLPH,11/07/2023,voter,RN,REP,U,UN,U,Age Over 66,11,11/27/2023
14210,RANDOLPH,11/07/2023,voter,AR,UNA,I,UN,F,Age 41 - 65,1,11/27/2023
14215,RANDOLPH,11/07/2023,voter,AR,DEM,U,UN,U,Age 18 - 25,7,11/27/2023
14270,RANDOLPH,11/07/2023,voter,AE,DEM,B,UN,M,Age Over 66,2,11/27/2023
14431,RANDOLPH,11/07/2023,voter,SO,UNA,O,HL,F,Age 41 - 65,2,11/27/2023
14434,RANDOLPH,11/07/2023,voter,NM,REP,I,NL,F,Age Over 66,2,11/27/2023
14477,RANDOLPH,11/07/2023,voter,RN,REP,W,NL,M,Age Over 66,165,11/27/2023
14543,RANDOLPH,11/07/2023,voter,UG,REP,W,UN,M,Age Over 66,29,11/27/2023
14570,RANDOLPH,11/07/2023,voter,AR,DEM,W,UN,M,Age Over 66,5,11/27/2023
14691,RANDOLPH,11/07/2023,voter,AS,DEM,O,NL,F,Age Over 66,1,11/27/2023
14794,RANDOLPH,11/07/2023,voter,SE,DEM,B,UN,M,Age 18 - 25,1,11/27/2023
14855,RANDOLPH,11/07/2023,voter,TR,DEM,A,UN,M,Age Over 66,1,11/27/2023
14872,RANDOLPH,11/07/2023,voter,SW,UNA,B,NL,M,Age 18 - 25,2,11/27/2023
14906,RANDOLPH,11/07/2023,voter,AW,REP,O,NL,M,Age 41 - 65,1,11/27/2023
14915,RANDOLPH,11/07/2023,voter,AR,REP,W,NL,F,Age 18 - 25,38,11/27/2023
14980,RANDOLPH,11/07/2023,voter,TR,UNA,A,NL,F,Age 26 - 40,6,11/27/2023
14992,RANDOLPH,11/07/2023,voter,AE,REP,A,UN,F,Age 26 - 40,1,11/27/2023
15163,RANDOLPH,11/07/2023,voter,AS,UNA,O,HL,F,Age 26 - 40,8,11/27/2023
15225,RANDOLPH,11/07/2023,voter,SE,REP,U,NL,M,Age 41 - 65,1,11/27/2023
15350,RANDOLPH,11/07/2023,voter,SW,UNA,W,UN,F,Age 41 - 65,11,11/27/2023
15372,RANDOLPH,11/07/2023,voter,RN,DEM,B,NL,U,Age 41 - 65,2,11/27/2023
15427,RANDOLPH,11/07/2023,voter,RM,REP,B,NL,M,Age Over 66,1,11/27/2023
15578,RANDOLPH,11/07/2023,voter,DR,UNA,W,UN,M,Age 41 - 65,38,11/27/2023
15585,RANDOLPH,11/07/2023,voter,,DEM,U,HL,M,Age 41 - 65,1,11/27/2023
15609,RANDOLPH,11/07/2023,voter,TR,UNA,W,NL,M,Age 41 - 65,97,11/27/2023
15631,RANDOLPH,11/07/2023,voter,AN,REP,W,NL,M,Age Over 66,65,11/27/2023
15911,RANDOLPH,11/07/2023,voter,SO,UNA,W,NL,F,Age 18 - 25,5,11/27/2023
15976,RANDOLPH,11/07/2023,voter,NM,UNA,O,HL,F,Age 26 - 40,3,11/27/2023
16044,RANDOLPH,11/07/2023,voter,AS,UNA,B,NL,F,Age 18 - 25,1,11/27/2023
16117,RANDOLPH,11/07/2023,voter,UG,DEM,B,UN,M,Age 26 - 40,2,11/27/2023
16152,RANDOLPH,11/07/2023,voter,TR,DEM,B,UN,F,Age 18 - 25,1,11/27/2023
16187,RANDOLPH,11/07/2023,voter,NM,LIB,W,NL,F,Age 18 - 25,1,11/27/2023
16243,RANDOLPH,11/07/2023,voter,RM,REP,A,UN,M,Age 18 - 25,2,11/27/2023
16246,RANDOLPH,11/07/2023,voter,AR,LIB,U,UN,U,Age 26 - 40,1,11/27/2023
16349,RANDOLPH,11/07/2023,voter,BC,DEM,W,NL,M,Age 41 - 65,21,11/27/2023
16398,RANDOLPH,11/07/2023,voter,DR,REP,W,NL,F,Age 26 - 40,73,11/27/2023
16509,RANDOLPH,11/07/2023,voter,RN,UNA,A,NL,F,Age 41 - 65,1,11/27/2023
16531,RANDOLPH,11/07/2023,voter,SE,UNA,W,UN,M,Age 26 - 40,4,11/27/2023
16646,RANDOLPH,11/07/2023,voter,AS,REP,U,NL,F,Age Over 66,1,11/27/2023
16711,RANDOLPH,11/07/2023,voter,AS,UNA,W,UN,F,Age 26 - 40,33,11/27/2023
16762,RANDOLPH,11/07/2023,voter,,DEM,M,UN,U,Age 26 - 40,1,11/27/2023
16806,RANDOLPH,11/07/2023,voter,RN,LIB,O,NL,F,Age 18 - 25,1,11/27/2023
17027,RANDOLPH,11/07/2023,voter,UG,REP,W,NL,M,Age 41 - 65,154,11/27/2023
17183,RANDOLPH,11/07/2023,voter,AR,UNA,W,UN,F,Age 41 - 65,36,11/27/2023
17189,RANDOLPH,11/07/2023,voter,RN,UNA,U,HL,F,Age 18 - 25,1,11/27/2023
17241,RANDOLPH,11/07/2023,voter,AS,REP,A,NL,F,Age Over 66,1,11/27/2023
17333,RANDOLPH,11/07/2023,voter,,LIB,W,UN,F,Age 26 - 40,1,11/27/2023
17350,RANDOLPH,11/07/2023,voter,AW,REP,W,NL,M,Age Over 66,106,11/27/2023
17383,RANDOLPH,11/07/2023,voter,AW,UNA,U,UN,F,Age Over 66,1,11/27/2023
17413,RANDOLPH,11/07/2023,voter,AR,DEM,O,NL,M,Age 26 - 40,1,11/27/2023
17421,RANDOLPH,11/07/2023,voter,AS,UNA,W,NL,U,Age 41 - 65,1,11/27/2023
17427,RANDOLPH,11/07/2023,voter,AW,UNA,O,NL,F,Age 41 - 65,1,11/27/2023
17462,RANDOLPH,11/07/2023,voter,AN,DEM,B,UN,F,Age 18 - 25,6,11/27/2023
17586,RANDOLPH,11/07/2023,voter,RM,REP,W,UN,F,Age 18 - 25,25,11/27/2023
17795,RANDOLPH,11/07/2023,voter,DR,REP,W,UN,U,Age 41 - 65,1,11/27/2023
17809,RANDOLPH,11/07/2023,voter,AW,UNA,W,NL,F,Age 18 - 25,10,11/27/2023
17863,RANDOLPH,11/07/2023,voter,AN,DEM,O,HL,M,Age 18 - 25,11,11/27/2023
17903,RANDOLPH,11/07/2023,voter,SO,UNA,W,NL,M,Age Over 66,39,11/27/2023
17904,RANDOLPH,11/07/2023,voter,BC,REP,O,NL,M,Age 41 - 65,1,11/27/2023
18030,RANDOLPH,11/07/2023,voter,AS,UNA,U,UN,F,Age 26 - 40,2,11/27/2023
18150,RANDOLPH,11/07/2023,voter,TR,UNA,W,UN,M,Age 26 - 40,12,11/27/2023
18152,RANDOLPH,11/07/2023,voter,AR,DEM,B,UN,F,Age Over 66,1,11/27/2023
18309,RANDOLPH,11/07/2023,voter,TR,UNA,B,NL,F,Age 26 - 40,6,11/27/2023
18441,RANDOLPH,11/07/2023,voter,SW,UNA,W,UN,F,Age Over 66,11,11/27/2023
18472,RANDOLPH,11/07/2023,voter,,REP,W,HL,F,Age Over 66,1,11/27/2023
18577,RANDOLPH,11/07/2023,voter,UG,UNA,O,HL,F,Age 41 - 65,2,11/27/2023
18620,RANDOLPH,11/07/2023,voter,DR,DEM,W,UN,M,Age 41 - 65,12,11/27/2023
18628,RANDOLPH,11/07/2023,voter,DR,LIB,W,NL,F,Age 41 - 65,3,11/27/2023
18648,RANDOLPH,11/07/2023,voter,AR,REP,W,NL,F,Age Over 66,266,11/27/2023
18770,RANDOLPH,11/07/2023,voter,SE,DEM,O,NL,F,Age 18 - 25,1,11/27/2023
18783,RANDOLPH,11/07/2023,voter,SO,DEM,M,UN,M,Age 26 - 40,1,11/27/2023
18795,RANDOLPH,11/07/2023,voter,AR,DEM,O,HL,F,Age 26 - 40,3,11/27/2023
18810,RANDOLPH,11/07/2023,voter,NM,UNA,W,NL,F,Age 41 - 65,88,11/27/2023
18842,RANDOLPH,11/07/2023,voter,TR,DEM,W,UN,F,Age Over 66,6,11/27/2023
18857,RANDOLPH,11/07/2023,voter,NM,UNA,W,UN,F,Age 18 - 25,15,11/27/2023
18881,RANDOLPH,11/07/2023,voter,LB,DEM,U,UN,U,Age 18 - 25,3,11/27/2023
18925,RANDOLPH,11/07/2023,voter,SE,REP,W,NL,M,Age 26 - 40,9,11/27/2023
18998,RANDOLPH,11/07/2023,voter,AR,REP,U,UN,U,Age 41 - 65,14,11/27/2023
18999,RANDOLPH,11/07/2023,voter,RN,LIB,U,UN,M,Age 18 - 25,1,11/27/2023
19029,RANDOLPH,11/07/2023,voter,AW,REP,W,NL,F,Age 41 - 65,98,11/27/2023
19069,RANDOLPH,11/07/2023,voter,AW,REP,W,UN,U,Age 26 - 40,2,11/27/2023
19121,RANDOLPH,11/07/2023,voter,DR,REP,W,UN,U,Age 26 - 40,2,11/27/2023
19185,RANDOLPH,11/07/2023,voter,RM,UNA,W,NL,U,Age 26 - 40,2,11/27/2023
19242,RANDOLPH,11/07/2023,voter,RN,REP,W,UN,U,Age Over 66,1,11/27/2023
19314,RANDOLPH,11/07/2023,voter,AE,REP,O,HL,M,Age 41 - 65,2,11/27/2023
19616,RANDOLPH,11/07/2023,voter,NM,REP,O,NL,F,Age Over 66,1,11/27/2023
19699,RANDOLPH,11/07/2023,voter,AR,UNA,W,UN,M,Age 41 - 65,13,11/27/2023
19817,RANDOLPH,11/07/2023,voter,,REP,U,UN,U,Age Over 66,8,11/27/2023
19872,RANDOLPH,11/07/2023,voter,DR,UNA,U,UN,U,Age Over 66,4,11/27/2023
19993,RANDOLPH,11/07/2023,voter,LB,UNA,B,UN,F,Age Over 66,2,11/27/2023
20026,RANDOLPH,11/07/2023,voter,,UNA,W,NL,F,Age 26 - 40,71,11/27/2023
20098,RANDOLPH,11/07/2023,voter,AR,UNA,U,UN,F,Age 18 - 25,1,11/27/2023
20127,RANDOLPH,11/07/2023,voter,AR,UNA,U,HL,F,Age 18 - 25,4,11/27/2023
20373,RANDOLPH,11/07/2023,voter,DR,REP,M,UN,F,Age 26 - 40,1,11/27/2023
20478,RANDOLPH,11/07/2023,voter,TT,DEM,B,NL,U,Age 41 - 65,1,11/27/2023
20479,RANDOLPH,11/07/2023,voter,AN,DEM,B,NL,F,Age 41 - 65,15,11/27/2023
20539,RANDOLPH,11/07/2023,voter,NM,REP,U,HL,M,Age 18 - 25,1,11/27/2023
20627,RANDOLPH,11/07/2023,voter,AR,UNA,A,UN,M,Age 41 - 65,1,11/27/2023
20672,RANDOLPH,11/07/2023,voter,AW,DEM,O,NL,M,Age 41 - 65,4,11/27/2023
20721,RANDOLPH,11/07/2023,voter,TT,DEM,B,HL,F,Age 41 - 65,1,11/27/2023
20851,RANDOLPH,11/07/2023,voter,NM,LIB,O,HL,F,Age 26 - 40,1,11/27/2023
20853,RANDOLPH,11/07/2023,voter,AE,UNA,B,UN,M,Age 26 - 40,11,11/27/2023
20987,RANDOLPH,11/07/2023,voter,SO,UNA,B,NL,F,Age 26 - 40,1,11/27/2023
21192,RANDOLPH,11/07/2023,voter,GR,REP,U,UN,M,Age 26 - 40,3,11/27/2023
21253,RANDOLPH,11/07/2023,voter,RN,DEM,O,HL,F,Age 18 - 25,1,11/27/2023
21369,RANDOLPH,11/07/2023,voter,AW,REP,U,UN,F,Age 26 - 40,2,11/27/2023
21459,RANDOLPH,11/07/2023,voter,RM,DEM,U,HL,M,Age 26 - 40,1,11/27/2023
21486,RANDOLPH,11/07/2023,voter,SW,UNA,W,UN,F,Age 18 - 25,22,11/27/2023
21510,RANDOLPH,11/07/2023,voter,GR,DEM,W,NL,M,Age 18 - 25,1,11/27/2023
21805,RANDOLPH,11/07/2023,voter,TR,DEM,O,NL,M,Age Over 66,2,11/27/2023
21809,RANDOLPH,11/07/2023,voter,RN,DEM,W,NL,F,Age Over 66,17,11/27/2023
21819,RANDOLPH,11/07/2023,voter,AN,DEM,B,NL,F,Age 26 - 40,17,11/27/2023
21999,RANDOLPH,11/07/2023,voter,LC,UNA,W,UN,F,Age 26 - 40,40,11/27/2023
22021,RANDOLPH,11/07/2023,voter,SW,REP,A,UN,M,Age Over 66,4,11/27/2023
22144,RANDOLPH,11/07/2023,voter,UG,DEM,W,NL,F,Age 18 - 25,3,11/27/2023
22163,RANDOLPH,11/07/2023,voter,AR,DEM,W,UN,F,Age Over 66,7,11/27/2023
22199,RANDOLPH,11/07/2023,voter,ST,DEM,B,UN,F,Age 18 - 25,1,11/27/2023
22228,RANDOLPH,11/07/2023,voter,AW,REP,M,HL,F,Age Over 66,1,11/27/2023
22399,RANDOLPH,11/07/2023,voter,AW,REP,W,UN,F,Age 26 - 40,26,11/27/2023
22445,RANDOLPH,11/07/2023,voter,LB,REP,B,UN,F,Age 26 - 40,1,11/27/2023
22582,RANDOLPH,11/07/2023,voter,BC,DEM,B,NL,M,Age 41 - 65,3,11/27/2023
22609,RANDOLPH,11/07/2023,voter,GR,UNA,O,NL,F,Age 26 - 40,1,11/27/2023
22648,RANDOLPH,11/07/2023,voter,LB,UNA,W,HL,F,Age 41 - 65,2,11/27/2023
22657,RANDOLPH,11/07/2023,voter,TT,DEM,B,NL,U,Age 26 - 40,1,11/27/2023
22689,RANDOLPH,11/07/2023,voter,RN,UNA,O,NL,M,Age 41 - 65,2,11/27/2023
22731,RANDOLPH,11/07/2023,voter,RM,UNA,O,HL,M,Age 26 - 40,8,11/27/2023
22744,RANDOLPH,11/07/2023,voter,UG,UNA,O,HL,M,Age 41 - 65,1,11/27/2023
22979,RANDOLPH,11/07/2023,voter,DR,DEM,U,HL,F,Age 18 - 25,2,11/27/2023
22987,RANDOLPH,11/07/2023,voter,UG,LIB,W,NL,F,Age 18 - 25,1,11/27/2023
23017,RANDOLPH,11/07/2023,voter,TT,DEM,O,UN,F,Age Over 66,1,11/27/2023
23118,RANDOLPH,11/07/2023,voter,AN,REP,U,UN,F,Age 41 - 65,2,11/27/2023
23138,RANDOLPH,11/07/2023,voter,UG,REP,O,NL,F,Age Over 66,1,11/27/2023
23302,RANDOLPH,11/07/2023,voter,LC,UNA,B,UN,M,Age Over 66,1,11/27/2023
23467,RANDOLPH,11/07/2023,voter,AN,DEM,B,UN,M,Age 41 - 65,12,11/27/2023
23518,RANDOLPH,11/07/2023,voter,TR,UNA,B,NL,F,Age Over 66,1,11/27/2023
23636,RANDOLPH,11/07/2023,voter,AN,DEM,W,NL,M,Age 18 - 25,1,11/27/2023
23743,RANDOLPH,11/07/2023,voter,UG,DEM,W,UN,F,Age 26 - 40,5,11/27/2023
23792,RANDOLPH,11/07/2023,voter,AE,DEM,B,UN,F,Age 18 - 25,14,11/27/2023
23845,RANDOLPH,11/07/2023,voter,RN,UNA,U,NL,M,Age 18 - 25,1,11/27/2023
23864,RANDOLPH,11/07/2023,voter,NM,REP,W,UN,M,Age 18 - 25,30,11/27/2023
23868,RANDOLPH,11/07/2023,voter,,LIB,W,NL,M,Age Over 66,2,11/27/2023
23893,RANDOLPH,11/07/2023,voter,RN,REP,W,UN,M,Age 18 - 25,52,11/27/2023
24002,RANDOLPH,11/07/2023,voter,AS,REP,W,NL,F,Age 26 - 40,32,11/27/2023
24130,RANDOLPH,11/07/2023,voter,BC,REP,O,UN,F,Age 26 - 40,2,11/27/2023
24180,RANDOLPH,11/07/2023,voter,TR,REP,A,NL,F,Age 41 - 65,1,11/27/2023
24367,RANDOLPH,11/07/2023,voter,UG,REP,W,NL,F,Age 18 - 25,21,11/27/2023
24539,RANDOLPH,11/07/2023,voter,AR,UNA,O,NL,M,Age 18 - 25,3,11/27/2023
24609,RANDOLPH,11/07/2023,voter,TT,DEM,U,HL,M,Age 26 - 40,1,11/27/2023
24647,RANDOLPH,11/07/2023,voter,TT,UNA,U,HL,U,Age 26 - 40,1,11/27/2023
24648,RANDOLPH,11/07/2023,voter,SE,UNA,W,NL,M,Age 41 - 65,42,11/27/2023
24664,RANDOLPH,11/07/2023,voter,UG,UNA,B,NL,M,Age 41 - 65,1,11/27/2023
24682,RANDOLPH,11/07/2023,voter,RM,DEM,M,UN,U,Age 41 - 65,1,11/27/2023
24765,RANDOLPH,11/07/2023,voter,NM,REP,U,UN,U,Age Over 66,7,11/27/2023
25121,RANDOLPH,11/07/2023,voter,,REP,O,NL,M,Age 26 - 40,1,11/27/2023
25184,RANDOLPH,11/07/2023,voter,AS,DEM,W,NL,F,Age Over 66,48,11/27/2023
25383,RANDOLPH,11/07/2023,voter,SE,REP,B,NL,M,Age 41 - 65,1,11/27/2023
25474,RANDOLPH,11/07/2023,voter,TT,UNA,U,HL,M,Age 26 - 40,1,11/27/2023
25527,RANDOLPH,11/07/2023,voter,TR,UNA,O,UN,F,Age 26 - 40,1,11/27/2023
25588,RANDOLPH,11/07/2023,voter,TR,UNA,A,NL,M,Age Over 66,1,11/27/2023
25718,RANDOLPH,11/07/2023,voter,TR,UNA,O,HL,M,Age 26 - 40,2,11/27/2023
25773,RANDOLPH,11/07/2023,voter,TT,UNA,W,NL,U,Age 41 - 65,10,11/27/2023
25796,RANDOLPH,11/07/2023,voter,TR,UNA,B,UN,M,Age 26 - 40,2,11/27/2023
25829,RANDOLPH,11/07/2023,voter,AS,UNA,W,UN,M,Age 41 - 65,38,11/27/2023
26080,RANDOLPH,11/07/2023,voter,GR,UNA,B,UN,M,Age 18 - 25,4,11/27/2023
26160,RANDOLPH,11/07/2023,voter,DR,DEM,W,UN,F,Age 18 - 25,7,11/27/2023
26208,RANDOLPH,11/07/2023,voter,TR,UNA,B,UN,F,Age 41 - 65,4,11/27/2023
26264,RANDOLPH,11/07/2023,voter,,REP,U,NL,F,Age 26 - 40,1,11/27/2023
26293,RANDOLPH,11/07/2023,voter,AR,DEM,A,UN,F,Age 41 - 65,3,11/27/2023
26323,RANDOLPH,11/07/2023,voter,LB,REP,W,UN,F,Age Over 66,30,11/27/2023
26385,RANDOLPH,11/07/2023,voter,BC,REP,U,UN,F,Age 18 - 25,1,11/27/2023
26426,RANDOLPH,11/07/2023,voter,SW,REP,U,UN,U,Age Over 66,4,11/27/2023
26441,RANDOLPH,11/07/2023,voter,LC,UNA,B,NL,M,Age 41 - 65,7,11/27/2023
26448,RANDOLPH,11/07/2023,voter,LC,UNA,W,UN,F,Age Over 66,21,11/27/2023
26534,RANDOLPH,11/07/2023,voter,RM,UNA,W,NL,F,Age 26 - 40,49,11/27/2023
26774,RANDOLPH,11/07/2023,voter,AR,DEM,A,NL,M,Age 26 - 40,2,11/27/2023
26950,RANDOLPH,11/07/2023,voter,TR,DEM,O,HL,F,Age 26 - 40,1,11/27/2023
26982,RANDOLPH,11/07/2023,voter,AS,UNA,U,NL,F,Age 41 - 65,1,11/27/2023
27004,RANDOLPH,11/07/2023,voter,GR,DEM,O,UN,F,Age 18 - 25,1,11/27/2023
27226,RANDOLPH,11/07/2023,voter,TR,DEM,A,NL,M,Age 18 - 25,3,11/27/2023
27236,RANDOLPH,11/07/2023,voter,DR,REP,W,NL,F,Age Over 66,125,11/27/2023
27284,RANDOLPH,11/07/2023,voter,TR,DEM,A,NL,F,Age 26 - 40,3,11/27/2023
27325,RANDOLPH,11/07/2023,voter,AN,DEM,B,UN,F,Age 41 - 65,13,11/27/2023
27442,RANDOLPH,11/07/2023,voter,TR,REP,U,UN,F,Age Over 66,1,11/27/2023
27526,RANDOLPH,11/07/2023,voter,AN,DEM,U,HL,F,Age 26 - 40,8,11/27/2023
27559,RANDOLPH,11/07/2023,voter,AE,REP,O,UN,F,Age 41 - 65,1,11/27/2023
27575,RANDOLPH,11/07/2023,voter,AE,REP,U,NL,U,Age 18 - 25,1,11/27/2023
27593,RANDOLPH,11/07/2023,voter,NM,DEM,O,UN,M,Age Over 66,1,11/27/2023
28127,RANDOLPH,11/07/2023,voter,SO,REP,W,NL,F,Age 26 - 40,67,11/27/2023
28233,RANDOLPH,11/07/2023,voter,UG,DEM,U,UN,U,Age Over 66,4,11/27/2023
28357,RANDOLPH,11/07/2023,voter,TR,REP,U,UN,M,Age 26 - 40,1,11/27/2023
28547,RANDOLPH,11/07/2023,voter,SE,DEM,W,UN,F,Age 26 - 40,1,11/27/2023
28590,RANDOLPH,11/07/2023,voter,TB,UNA,W,UN,M,Age 26 - 40,31,11/27/2023
28634,RANDOLPH,11/07/2023,voter,TR,UNA,W,UN,M,Age Over 66,13,11/27/2023
28714,RANDOLPH,11/07/2023,voter,LB,REP,B,NL,M,Age 26 - 40,2,11/27/2023
28765,RANDOLPH,11/07/2023,voter,AE,LIB,W,UN,F,Age 26 - 40,2,11/27/2023
28766,RANDOLPH,11/07/2023,voter,AS,REP,W,NL,U,Age Over 66,1,11/27/2023
29099,RANDOLPH,11/07/2023,voter,AW,UNA,M,NL,M,Age 26 - 40,1,11/27/2023
29121,RANDOLPH,11/07/2023,voter,TT,UNA,W,NL,M,Age Over 66,65,11/27/2023
29139,RANDOLPH,11/07/2023,voter,UG,DEM,B,NL,M,Age Over 66,6,11/27/2023
29288,RANDOLPH,11/07/2023,voter,TR,REP,W,NL,M,Age Over 66,148,11/27/2023
29319,RANDOLPH,11/07/2023,voter,SW,REP,O,HL,M,Age 41 - 65,1,11/27/2023
29352,RANDOLPH,11/07/2023,voter,,UNA,W,NL,M,Age 18 - 25,22,11/27/2023
29442,RANDOLPH,11/07/2023,voter,AS,REP,W,UN,M,Age Over 66,27,11/27/2023
29443,RANDOLPH,11/07/2023,voter,ST,REP,W,UN,F,Age 26 - 40,32,11/27/2023
29468,RANDOLPH,11/07/2023,voter,AR,UNA,B,UN,F,Age 41 - 65,2,11/27/2023
29522,RANDOLPH,11/07/2023,voter,TR,REP,B,NL,F,Age Over 66,4,11/27/2023
29540,RANDOLPH,11/07/2023,voter,SW,REP,W,UN,U,Age 26 - 40,1,11/27/2023
29586,RANDOLPH,11/07/2023,voter,RM,DEM,U,HL,U,Age 26 - 40,1,11/27/2023
29668,RANDOLPH,11/07/2023,voter,TR,UNA,B,UN,F,Age 26 - 40,1,11/27/2023
29679,RANDOLPH,11/07/2023,voter,AN,UNA,O,HL,M,Age 41 - 65,6,11/27/2023
29705,RANDOLPH,11/07/2023,voter,AR,DEM,A,UN,M,Age 18 - 25,2,11/27/2023
29735,RANDOLPH,11/07/2023,voter,SE,DEM,W,NL,F,Age 26 - 40,5,11/27/2023
29816,RANDOLPH,11/07/2023,voter,AR,DEM,A,NL,M,Age Over 66,1,11/27/2023
30082,RANDOLPH,11/07/2023,voter,DR,DEM,B,UN,M,Age 41 - 65,13,11/27/2023
30093,RANDOLPH,11/07/2023,voter,AW,REP,B,NL,M,Age 41 - 65,1,11/27/2023
30113,RANDOLPH,11/07/2023,voter,AR,REP,A,NL,F,Age 41 - 65,1,11/27/2023
30163,RANDOLPH,11/07/2023,voter,SO,DEM,B,NL,F,Age 41 - 65,6,11/27/2023
30201,RANDOLPH,11/07/2023,voter,AE,UNA,U,NL,F,Age 18 - 25,1,11/27/2023
30207,RANDOLPH,11/07/2023,voter,LB,DEM,W,UN,M,Age 41 - 65,9,11/27/2023
30241,RANDOLPH,11/07/2023,voter,AE,LIB,W,HL,M,Age 41 - 65,1,11/27/2023
30247,RANDOLPH,11/07/2023,voter,TB,REP,B,NL,F,Age 41 - 65,1,11/27/2023
30313,RANDOLPH,11/07/2023,voter,AE,DEM,W,UN,F,Age 41 - 65,15,11/27/2023
30351,RANDOLPH,11/07/2023,voter,AE,REP,W,HL,F,Age 41 - 65,1,11/27/2023
30389,RANDOLPH,11/07/2023,voter,AS,DEM,O,UN,F,Age 41 - 65,1,11/27/2023
30449,RANDOLPH,11/07/2023,voter,AW,DEM,W,UN,F,Age Over 66,4,11/27/2023
30741,RANDOLPH,11/07/2023,voter,TT,REP,M,NL,F,Age 26 - 40,1,11/27/2023
30785,RANDOLPH,11/07/2023,voter,TR,DEM,B,UN,M,Age 41 - 65,16,11/27/2023
30885,RANDOLPH,11/07/2023,voter,AW,UNA,A,UN,F,Age Over 66,1,11/27/2023
31112,RANDOLPH,11/07/2023,voter,SW,REP,W,NL,F,Age 41 - 65,173,11/27/2023
31209,RANDOLPH,11/07/2023,voter,AE,UNA,B,NL,F,Age 41 - 65,17,11/27/2023
31532,RANDOLPH,11/07/2023,voter,NM,UNA,B,NL,F,Age 18 - 25,1,11/27/2023
31646,RANDOLPH,11/07/2023,voter,AN,UNA,W,NL,U,Age 41 - 65,3,11/27/2023
31736,RANDOLPH,11/07/2023,voter,LB,DEM,W,NL,F,Age 26 - 40,13,11/27/2023
31741,RANDOLPH,11/07/2023,voter,RM,DEM,M,NL,F,Age Over 66,1,11/27/2023
31743,RANDOLPH,11/07/2023,voter,AN,DEM,O,UN,M,Age 41 - 65,2,11/27/2023
31880,RANDOLPH,11/07/2023,voter,AE,REP,U,HL,M,Age 18 - 25,2,11/27/2023
31904,RANDOLPH,11/07/2023,voter,AW,REP,W,UN,U,Age 41 - 65,2,11/27/2023
32046,RANDOLPH,11/07/2023,voter,AE,UNA,W,UN,M,Age Over 66,18,11/27/2023
32185,RANDOLPH,11/07/2023,voter,AR,UNA,W,NL,U,Age 41 - 65,2,11/27/2023
32312,RANDOLPH,11/07/2023,voter,SO,REP,B,UN,M,Age 18 - 25,1,11/27/2023
32344,RANDOLPH,11/07/2023,voter,TR,UNA,W,NL,F,Age Over 66,43,11/27/2023
32384,RANDOLPH,11/07/2023,voter,AN,REP,B,NL,F,Age Over 66,2,11/27/2023
32416,RANDOLPH,11/07/2023,voter,BC,REP,W,HL,M,Age 26 - 40,1,11/27/2023
32431,RANDOLPH,11/07/2023,voter,SW,REP,I,NL,M,Age 41 - 65,1,11/27/2023
32446,RANDOLPH,11/07/2023,voter,AW,DEM,O,HL,M,Age 26 - 40,6,11/27/2023
32479,RANDOLPH,11/07/2023,voter,AN,UNA,U,NL,U,Age 41 - 65,1,11/27/2023
32484,RANDOLPH,11/07/2023,voter,GR,UNA,U,NL,M,Age 18 - 25,1,11/27/2023
32503,RANDOLPH,11/07/2023,voter,SW,UNA,W,NL,M,Age 26 - 40,13,11/27/2023
32511,RANDOLPH,11/07/2023,voter,RN,DEM,B,UN,M,Age Over 66,3,11/27/2023
32564,RANDOLPH,11/07/2023,voter,AE,UNA,I,NL,F,Age 41 - 65,1,11/27/2023
32964,RANDOLPH,11/07/2023,voter,NM,REP,W,NL,U,Age 26 - 40,2,11/27/2023
33007,RANDOLPH,11/07/2023,voter,TB,REP,U,UN,M,Age 18 - 25,1,11/27/2023
33020,RANDOLPH,11/07/2023,voter,SW,DEM,W,NL,U,Age 41 - 65,2,11/27/2023
33065,RANDOLPH,11/07/2023,voter,TR,DEM,B,UN,M,Age 41 - 65,2,11/27/2023
33290,RANDOLPH,11/07/2023,voter,AW,UNA,B,UN,F,Age 18 - 25,2,11/27/2023
33297,RANDOLPH,11/07/2023,voter,LC,UNA,M,UN,M,Age 41 - 65,1,11/27/2023
33325,RANDOLPH,11/07/2023,voter,TT,LIB,W,NL,M,Age Over 66,1,11/27/2023
33524,RANDOLPH,11/07/2023,voter,LC,UNA,U,HL,F,Age Over 66,1,11/27/2023
33600,RANDOLPH,11/07/2023,voter,AR,UNA,W,NL,U,Age 26 - 40,7,11/27/2023
33645,RANDOLPH,11/07/2023,voter,UG,UNA,U,UN,M,Age 26 - 40,1,11/27/2023
33746,RANDOLPH,11/07/2023,voter,AE,DEM,M,UN,M,Age 26 - 40,1,11/27/2023
33758,RANDOLPH,11/07/2023,voter,NM,REP,W,NL,M,Age 41 - 65,187,11/27/2023
33764,RANDOLPH,11/07/2023,voter,SO,UNA,W,NL,M,Age 41 - 65,105,11/27/2023
33811,RANDOLPH,11/07/2023,voter,RM,REP,B,UN,M,Age 26 - 40,1,11/27/2023
33900,RANDOLPH,11/07/2023,voter,NM,DEM,W,NL,M,Age 26 - 40,3,11/27/2023
33929,RANDOLPH,11/07/2023,voter,RN,REP,O,HL,F,Age 18 - 25,3,11/27/2023
33988,RANDOLPH,11/07/2023,voter,AR,DEM,U,UN,M,Age 41 - 65,2,11/27/2023
34092,RANDOLPH,11/07/2023,voter,SE,DEM,O,HL,F,Age 18 - 25,1,11/27/2023
34148,RANDOLPH,11/07/2023,voter,AN,DEM,U,UN,M,Age 18 - 25,6,11/27/2023
34300,RANDOLPH,11/07/2023,voter,RM,LIB,W,UN,M,Age 26 - 40,2,11/27/2023
34398,RANDOLPH,11/07/2023,voter,,DEM,W,NL,M,Age Over 66,38,11/27/2023
34441,RANDOLPH,11/07/2023,voter,,UNA,U,UN,U,Age 18 - 25,8,11/27/2023
34530,RANDOLPH,11/07/2023,voter,BC,REP,W,UN,F,Age 41 - 65,94,11/27/2023
34561,RANDOLPH,11/07/2023,voter,ST,UNA,M,NL,F,Age 26 - 40,1,11/27/2023
34630,RANDOLPH,11/07/2023,voter,AE,REP,W,HL,F,Age 26 - 40,2,11/27/2023
34631,RANDOLPH,11/07/2023,voter,GR,UNA,M,HL,M,Age 41 - 65,1,11/27/2023
34901,RANDOLPH,11/07/2023,voter,TR,REP,O,NL,F,Age Over 66,1,11/27/2023
34919,RANDOLPH,11/07/2023,voter,AW,REP,O,HL,M,Age 41 - 65,4,11/27/2023
34941,RANDOLPH,11/07/2023,voter,TR,DEM,W,UN,F,Age Over 66,3,11/27/2023
34970,RANDOLPH,11/07/2023,voter,TB,REP,M,NL,M,Age 41 - 65,1,11/27/2023
34986,RANDOLPH,11/07/2023,voter,LC,UNA,W,UN,M,Age 41 - 65,43,11/27/2023
35088,RANDOLPH,11/07/2023,voter,UG,DEM,W,NL,U,Age 41 - 65,1,11/27/2023
35133,RANDOLPH,11/07/2023,voter,GR,UNA,W,NL,M,Age 18 - 25,21,11/27/2023
35246,RANDOLPH,11/07/2023,voter,SW,LIB,W,UN,M,Age 41 - 65,2,11/27/2023
35254,RANDOLPH,11/07/2023,voter,AR,DEM,B,UN,F,Age 41 - 65,10,11/27/2023
35279,RANDOLPH,11/07/2023,voter,,REP,W,NL,M,Age 41 - 65,298,11/27/2023
35372,RANDOLPH,11/07/2023,voter,AN,UNA,M,NL,M,Age 26 - 40,1,11/27/2023
35439,RANDOLPH,11/07/2023,voter,LB,DEM,U,HL,F,Age 18 - 25,2,11/27/2023
35448,RANDOLPH,11/07/2023,voter,UG,LIB,W,NL,U,Age 26 - 40,1,11/27/2023
35452,RANDOLPH,11/07/2023,voter,AW,UNA,B,UN,F,Age Over 66,1,11/27/2023
35471,RANDOLPH,11/07/2023,voter,AR,REP,O,UN,M,Age 41 - 65,3,11/27/2023
35884,RANDOLPH,11/07/2023,voter,AE,DEM,W,HL,M,Age 26 - 40,1,11/27/2023
36111,RANDOLPH,11/07/2023,voter,TR,REP,W,NL,U,Age 41 - 65,13,11/27/2023
36182,RANDOLPH,11/07/2023,voter,AN,UNA,A,NL,F,Age 26 - 40,1,11/27/2023
36214,RANDOLPH,11/07/2023,voter,NM,DEM,O,UN,M,Age 26 - 40,1,11/27/2023
36308,RANDOLPH,11/07/2023,voter,RM,DEM,O,HL,F,Age 41 - 65,2,11/27/2023
36446,RANDOLPH,11/07/2023,voter,NM,UNA,B,NL,F,Age Over 66,1,11/27/2023
36473,RANDOLPH,11/07/2023,voter,LC,UNA,U,UN,M,Age 18 - 25,2,11/27/2023
36575,RANDOLPH,11/07/2023,voter,,DEM,U,UN,M,Age 41 - 65,1,11/27/2023
36778,RANDOLPH,11/07/2023,voter,BC,REP,B,UN,F,Age Over 66,1,11/27/2023
36851,RANDOLPH,11/07/2023,voter,UG,UNA,O,HL,F,Age 18 - 25,7,11/27/2023
36893,RANDOLPH,11/07/2023,voter,AR,UNA,I,NL,M,Age 41 - 65,3,11/27/2023
37079,RANDOLPH,11/07/2023,voter,UG,DEM,B,NL,F,Age Over 66,5,11/27/2023
37127,RANDOLPH,11/07/2023,voter,UG,REP,U,HL,M,Age 18 - 25,1,11/27/2023
37146,RANDOLPH,11/07/2023,voter,SE,REP,W,NL,M,Age 41 - 65,137,11/27/2023
37187,RANDOLPH,11/07/2023,voter,BC,REP,W,NL,F,Age 41 - 65,293,11/27/2023
37231,RANDOLPH,11/07/2023,voter,AW,REP,W,NL,U,Age 41 - 65,4,11/27/2023
37342,RANDOLPH,11/07/2023,voter,LB,LIB,W,UN,F,Age 41 - 65,1,11/27/2023
37369,RANDOLPH,11/07/2023,voter,SE,REP,W,NL,M,Age 26 - 40,57,11/27/2023
37379,RANDOLPH,11/07/2023,voter,DR,UNA,O,HL,M,Age Over 66,1,11/27/2023
37415,RANDOLPH,11/07/2023,voter,AW,REP,O,NL,M,Age Over 66,2,11/27/2023
37455,RANDOLPH,11/07/2023,voter,AN,LIB,W,NL,M,Age 26 - 40,1,11/27/2023
37514,RANDOLPH,11/07/2023,voter,RN,UNA,U,UN,U,Age 18 - 25,10,11/27/2023
37522,RANDOLPH,11/07/2023,voter,BC,REP,U,NL,F,Age 18 - 25,1,11/27/2023
37571,RANDOLPH,11/07/2023,voter,AN,UNA,O,UN,M,Age 26 - 40,3,11/27/2023
37587,RANDOLPH,11/07/2023,voter,GR,REP,U,UN,M,Age 41 - 65,3,11/27/2023
37729,RANDOLPH,11/07/2023,voter,AR,DEM,U,HL,F,Age 18 - 25,1,11/27/2023
38216,RANDOLPH,11/07/2023,voter,GR,DEM,U,HL,F,Age 26 - 40,3,11/27/2023
38224,RANDOLPH,11/07/2023,voter,NM,REP,W,NL,F,Age 26 - 40,112,11/27/2023
38364,RANDOLPH,11/07/2023,voter,AR,UNA,U,HL,F,Age 26 - 40,2,11/27/2023
38547,RANDOLPH,11/07/2023,voter,RN,REP,M,UN,M,Age 41 - 65,2,11/27/2023
38846,RANDOLPH,11/07/2023,voter,TR,LIB,W,UN,M,Age 26 - 40,1,11/27/2023
38857,RANDOLPH,11/07/2023,voter,AE,UNA,B,UN,M,Age 18 - 25,6,11/27/2023
38921,RANDOLPH,11/07/2023,voter,AE,REP,W,NL,M,Age 41 - 65,84,11/27/2023
38979,RANDOLPH,11/07/2023,voter,SO,UNA,W,UN,M,Age 18 - 25,35,11/27/2023
39019,RANDOLPH,11/07/2023,voter,TB,DEM,B,NL,M,Age 41 - 65,4,11/27/2023
39035,RANDOLPH,11/07/2023,voter,SO,UNA,W,NL,U,Age 41 - 65,3,11/27/2023
39051,RANDOLPH,11/07/2023,voter,RN,LIB,W,UN,M,Age 26 - 40,1,11/27/2023
39268,RANDOLPH,11/07/2023,voter,RN,REP,O,HL,F,Age Over 66,1,11/27/2023
39272,RANDOLPH,11/07/2023,voter,TT,DEM,U,NL,F,Age 26 - 40,1,11/27/2023
39297,RANDOLPH,11/07/2023,voter,AE,UNA,U,HL,M,Age 26 - 40,1,11/27/2023
39326,RANDOLPH,11/07/2023,voter,LB,UNA,U,UN,F,Age 41 - 65,1,11/27/2023
39372,RANDOLPH,11/07/2023,voter,AE,DEM,O,UN,F,Age 41 - 65,1,11/27/2023
39458,RANDOLPH,11/07/2023,voter,LB,DEM,B,UN,U,Age Over 66,1,11/27/2023
39484,RANDOLPH,11/07/2023,voter,NM,REP,W,UN,U,Age 41 - 65,2,11/27/2023
39500,RANDOLPH,11/07/2023,voter,RN,REP,U,HL,F,Age 26 - 40,1,11/27/2023
39545,RANDOLPH,11/07/2023,voter,AW,REP,U,UN,U,Age 18 - 25,8,11/27/2023
39663,RANDOLPH,11/07/2023,voter,AN,LIB,W,HL,M,Age 18 - 25,1,11/27/2023
39717,RANDOLPH,11/07/2023,voter,AR,UNA,W,UN,F,Age Over 66,13,11/27/2023
39752,RANDOLPH,11/07/2023,voter,BC,REP,W,NL,M,Age 26 - 40,101,11/27/2023
39784,RANDOLPH,11/07/2023,voter,RM,REP,O,UN,F,Age 26 - 40,1,11/27/2023
39825,RANDOLPH,11/07/2023,voter,RM,UNA,U,UN,U,Age 41 - 65,23,11/27/2023
39838,RANDOLPH,11/07/2023,voter,LC,DEM,B,NL,M,Age 41 - 65,16,11/27/2023
39974,RANDOLPH,11/07/2023,voter,UG,UNA,W,UN,F,Age 26 - 40,36,11/27/2023
40061,RANDOLPH,11/07/2023,voter,NM,REP,U,NL,F,Age Over 66,1,11/27/2023
40064,RANDOLPH,11/07/2023,voter,AW,DEM,W,NL,M,Age 18 - 25,1,11/27/2023
40113,RANDOLPH,11/07/2023,voter,UG,DEM,W,NL,F,Age 41 - 65,48,11/27/2023
40136,RANDOLPH,11/07/2023,voter,AE,UNA,A,NL,M,Age 26 - 40,1,11/27/2023
40433,RANDOLPH,11/07/2023,voter,AR,REP,U,UN,U,Age Over 66,7,11/27/2023
40486,RANDOLPH,11/07/2023,voter,AW,UNA,W,NL,F,Age 26 - 40,29,11/27/2023
40519,RANDOLPH,11/07/2023,voter,AN,DEM,B,UN,U,Age 18 - 25,1,11/27/2023
40579,RANDOLPH,11/07/2023,voter,,UNA,W,NL,M,Age 18 - 25,17,11/27/2023
40767,RANDOLPH,11/07/2023,voter,SO,DEM,B,UN,M,Age 26 - 40,3,11/27/2023
40845,RANDOLPH,11/07/2023,voter,AR,DEM,O,NL,M,Age 26 - 40,1,11/27/2023
40873,RANDOLPH,11/07/2023,voter,SW,REP,U,UN,M,Age 26 - 40,3,11/27/2023
40918,RANDOLPH,11/07/2023,voter,AN,DEM,U,UN,U,Age 26 - 40,11,11/27/2023
40945,RANDOLPH,11/07/2023,voter,LC,DEM,W,UN,F,Age Over 66,8,11/27/2023
40962,RANDOLPH,11/07/2023,voter,TR,REP,I,NL,F,Age Over 66,1,11/27/2023
40986,RANDOLPH,11/07/2023,voter,AR,DEM,B,NL,M,Age 18 - 25,2,11/27/2023
41023,RANDOLPH,11/07/2023,voter,AE,UNA,U,UN,U,Age 18 - 25,16,11/27/2023
41034,RANDOLPH,11/07/2023,voter,SE,UNA,B,UN,M,Age 41 - 65,3,11/27/2023
41095,RANDOLPH,11/07/2023,voter,TT,DEM,U,UN,U,Age 26 - 40,1,11/27/2023
41137,RANDOLPH,11/07/2023,voter,AE,REP,M,HL,M,Age 41 - 65,1,11/27/2023
41290,RANDOLPH,11/07/2023,voter,AW,UNA,O,UN,M,Age Over 66,1,11/27/2023
41531,RANDOLPH,11/07/2023,voter,AE,REP,O,HL,M,Age 41 - 65,3,11/27/2023
41670,RANDOLPH,11/07/2023,voter,SE,REP,U,UN,U,Age 18 - 25,3,11/27/2023
41800,RANDOLPH,11/07/2023,voter,ST,REP,B,NL,F,Age 41 - 65,2,11/27/2023
41841,RANDOLPH,11/07/2023,voter,AR,DEM,U,UN,U,Age Over 66,1,11/27/2023
41889,RANDOLPH,11/07/2023,voter,SW,DEM,M,UN,F,Age 26 - 40,1,11/27/2023
41903,RANDOLPH,11/07/2023,voter,AR,REP,U,UN,M,Age 41 - 65,2,11/27/2023
42029,RANDOLPH,11/07/2023,voter,TT,REP,W,NL,F,Age 41 - 65,1,11/27/2023
42052,RANDOLPH,11/07/2023,voter,SO,DEM,O,HL,M,Age 18 - 25,3,11/27/2023
42106,RANDOLPH,11/07/2023,voter,DR,REP,W,UN,M,Age Over 66,32,11/27/2023
42148,RANDOLPH,11/07/2023,voter,TR,DEM,U,UN,U,Age Over 66,3,11/27/2023
42258,RANDOLPH,11/07/2023,voter,DR,UNA,O,NL,F,Age Over 66,1,11/27/2023
42336,RANDOLPH,11/07/2023,voter,AS,REP,U,UN,M,Age 18 - 25,1,11/27/2023
42355,RANDOLPH,11/07/2023,voter,AR,REP,A,NL,F,Age 26 - 40,3,11/27/2023
42388,RANDOLPH,11/07/2023,voter,TB,DEM,W,NL,U,Age 41 - 65,1,11/27/2023
42535,RANDOLPH,11/07/2023,voter,AR,UNA,U,UN,F,Age 26 - 40,2,11/27/2023
42548,RANDOLPH,11/07/2023,voter,RN,DEM,W,NL,M,Age 41 - 65,40,11/27/2023
42582,RANDOLPH,11/07/2023,voter,AW,DEM,W,NL,F,Age Over 66,45,11/27/2023
42842,RANDOLPH,11/07/2023,voter,UG,DEM,W,UN,M,Age 18 - 25,5,11/27/2023
42881,RANDOLPH,11/07/2023,voter,SE,REP,O,NL,M,Age 18 - 25,1,11/27/2023
42892,RANDOLPH,11/07/2023,voter,TR,LIB,U,UN,U,Age 26 - 40,1,11/27/2023
42913,RANDOLPH,11/07/2023,voter,AR,REP,B,UN,F,Age Over 66,1,11/27/2023
43106,RANDOLPH,11/07/2023,voter,AR,UNA,W,NL,U,Age 18 - 25,1,11/27/2023
43169,RANDOLPH,11/07/2023,voter,AR,LIB,W,NL,M,Age Over 66,1,11/27/2023
43224,RANDOLPH,11/07/2023,voter,GR,REP,W,HL,M,Age 26 - 40,1,11/27/2023
43318,RANDOLPH,11/07/2023,voter,SO,UNA,W,UN,F,Age Over 66,11,11/27/2023
43396,RANDOLPH,11/07/2023,voter,RM,REP,U,UN,M,Age 18 - 25,1,11/27/2023
43662,RANDOLPH,11/07/2023,voter,RN,REP,W,HL,F,Age 18 - 25,1,11/27/2023
43678,RANDOLPH,11/07/2023,voter,AN,DEM,W,NL,F,Age Over 66,22,11/27/2023
43719,RANDOLPH,11/07/2023,voter,SW,UNA,O,HL,F,Age Over 66,1,11/27/2023
43731,RANDOLPH,11/07/2023,voter,ST,DEM,U,UN,F,Age Over 66,1,11/27/2023
43764,RANDOLPH,11/07/2023,voter,SO,UNA,O,HL,F,Age 41 - 65,1,11/27/2023
43931,RANDOLPH,11/07/2023,voter,BC,UNA,B,NL,M,Age 26 - 40,2,11/27/2023
43953,RANDOLPH,11/07/2023,voter,UG,REP,W,NL,U,Age 41 - 65,2,11/27/2023
44223,RANDOLPH,11/07/2023,voter,LB,DEM,B,NL,M,Age Over 66,37,11/27/2023
44364,RANDOLPH,11/07/2023,voter,DR,UNA,O,HL,F,Age 26 - 40,5,11/27/2023
44377,RANDOLPH,11/07/2023,voter,AS,REP,W,HL,M,Age 41 - 65,1,11/27/2023
44500,RANDOLPH,11/07/2023,voter,AN,DEM,U,UN,F,Age Over 66,2,11/27/2023
44604,RANDOLPH,11/07/2023,voter,,UNA,W,UN,M,Age Over 66,19,11/27/2023
44606,RANDOLPH,11/07/2023,voter,AS,DEM,U,UN,M,Age 26 - 40,1,11/27/2023
44727,RANDOLPH,11/07/2023,voter,SO,DEM,B,UN,M,Age 18 - 25,1,11/27/2023
44790,RANDOLPH,11/07/2023,voter,AN,UNA,B,NL,M,Age 26 - 40,4,11/27/2023
44877,RANDOLPH,11/07/2023,voter,LC,UNA,U,UN,U,Age Over 66,2,11/27/2023
45003,RANDOLPH,11/07/2023,voter,SE,DEM,W,NL,F,Age Over 66,33,11/27/2023
45060,RANDOLPH,11/07/2023,voter,AW,UNA,W,HL,F,Age Over 66,1,11/27/2023
45247,RANDOLPH,11/07/2023,voter,RN,UNA,U,UN,M,Age 41 - 65,2,11/27/2023
45334,RANDOLPH,11/07/2023,voter,UG,UNA,W,NL,F,Age 41 - 65,88,11/27/2023
45494,RANDOLPH,11/07/2023,voter,DR,LIB,W,UN,M,Age 41 - 65,1,11/27/2023
45495,RANDOLPH,11/07/2023,voter,BC,UNA,U,NL,F,Age Over 66,1,11/27/2023
45536,RANDOLPH,11/07/2023,voter,AW,UNA,B,NL,F,Age 26 - 40,1,11/27/2023
45615,RANDOLPH,11/07/2023,voter,DR,DEM,O,UN,M,Age 41 - 65,1,11/27/2023
45664,RANDOLPH,11/07/2023,voter,BC,DEM,W,HL,F,Age 26 - 40,1,11/27/2023
45716,RANDOLPH,11/07/2023,voter,RM,UNA,I,NL,M,Age 26 - 40,1,11/27/2023
45722,RANDOLPH,11/07/2023,voter,AE,REP,W,NL,M,Age 26 - 40,33,11/27/2023
45739,RANDOLPH,11/07/2023,voter,RM,DEM,B,UN,F,Age Over 66,9,11/27/2023
45746,RANDOLPH,11/07/2023,voter,TR,DEM,B,UN,M,Age Over 66,1,11/27/2023
45771,RANDOLPH,11/07/2023,voter,NM,UNA,W,UN,F,Age 18 - 25,14,11/27/2023
45927,RANDOLPH,11/07/2023,voter,UG,REP,O,HL,M,Age 41 - 65,1,11/27/2023
46033,RANDOLPH,11/07/2023,voter,AR,LIB,B,NL,F,Age 26 - 40,1,11/27/2023
46047,RANDOLPH,11/07/2023,voter,SE,LIB,W,UN,F,Age 26 - 40,2,11/27/2023
46259,RANDOLPH,11/07/2023,voter,AR,DEM,W,NL,M,Age Over 66,26,11/27/2023
46346,RANDOLPH,11/07/2023,voter,LC,DEM,W,UN,M,Age 18 - 25,7,11/27/2023
46371,RANDOLPH,11/07/2023,voter,AW,UNA,U,HL,M,Age 41 - 65,2,11/27/2023
46455,RANDOLPH,11/07/2023,voter,,DEM,U,NL,M,Age 41 - 65,1,11/27/2023
46516,RANDOLPH,11/07/2023,voter,AR,UNA,A,NL,M,Age 26 - 40,4,11/27/2023
46550,RANDOLPH,11/07/2023,voter,AE,UNA,U,UN,F,Age 41 - 65,2,11/27/2023
46554,RANDOLPH,11/07/2023,voter,DR,REP,I,NL,M,Age 41 - 65,1,11/27/2023
46614,RANDOLPH,11/07/2023,voter,AR,UNA,W,NL,M,Age 18 - 25,25,11/27/2023
46681,RANDOLPH,11/07/2023,voter,BC,UNA,O,NL,F,Age 41 - 65,1,11/27/2023
46949,RANDOLPH,11/07/2023,voter,BC,UNA,W,UN,F,Age 41 - 65,63,11/27/2023
46984,RANDOLPH,11/07/2023,voter,AN,UNA,W,UN,F,Age Over 66,14,11/27/2023
47031,RANDOLPH,11/07/2023,voter,AW,REP,W,HL,F,Age 26 - 40,2,11/27/2023
47063,RANDOLPH,11/07/2023,voter,AE,UNA,O,NL,M,Age Over 66,1,11/27/2023
47152,RANDOLPH,11/07/2023,voter,SE,REP,O,HL,M,Age 26 - 40,3,11/27/2023
47353,RANDOLPH,11/07/2023,voter,TR,REP,W,NL,M,Age Over 66,1,11/27/2023
47667,RANDOLPH,11/07/2023,voter,TR,UNA,O,HL,M,Age 26 - 40,7,11/27/2023
47668,RANDOLPH,11/07/2023,voter,SE,REP,O,UN,F,Age 41 - 65,1,11/27/2023
47840,RANDOLPH,11/07/2023,voter,GR,UNA,U,UN,U,Age 18 - 25,12,11/27/2023
47844,RANDOLPH,11/07/2023,voter,,REP,U,UN,M,Age Over 66,1,11/27/2023
47906,RANDOLPH,11/07/2023,voter,UG,UNA,O,UN,M,Age 26 - 40,1,11/27/2023
47927,RANDOLPH,11/07/2023,voter,AR,LIB,W,NL,M,Age 18 - 25,1,11/27/2023
47999,RANDOLPH,11/07/2023,voter,SW,DEM,U,UN,U,Age 26 - 40,1,11/27/2023
48142,RANDOLPH,11/07/2023,voter,AN,REP,O,NL,M,Age 18 - 25,1,11/27/2023
48343,RANDOLPH,11/07/2023,voter,UG,UNA,B,UN,F,Age 41 - 65,3,11/27/2023
48396,RANDOLPH,11/07/2023,voter,AR,UNA,U,UN,U,Age 41 - 65,24,11/27/2023
48410,RANDOLPH,11/07/2023,voter,LB,DEM,U,UN,M,Age 41 - 65,3,11/27/2023
48476,RANDOLPH,11/07/2023,voter,TB,REP,W,UN,M,Age 18 - 25,32,11/27/2023
48541,RANDOLPH,11/07/2023,voter,AN,UNA,B,UN,F,Age 41 - 65,4,11/27/2023
48625,RANDOLPH,11/07/2023,voter,AE,DEM,W,UN,M,Age 26 - 40,5,11/27/2023
48751,RANDOLPH,11/07/2023,voter,AS,UNA,I,UN,F,Age 41 - 65,1,11/27/2023
48833,RANDOLPH,11/07/2023,voter,DR,REP,A,UN,F,Age 41 - 65,1,11/27/2023
48876,RANDOLPH,11/07/2023,voter,LB,UNA,U,NL,U,Age 41 - 65,1,11/27/2023
48893,RANDOLPH,11/07/2023,voter,GR,REP,W,NL,M,Age Over 66,191,11/27/2023
48965,RANDOLPH,11/07/2023,voter,RM,REP,O,UN,F,Age 18 - 25,1,11/27/2023
49091,RANDOLPH,11/07/2023,voter,,REP,W,UN,F,Age Over 66,39,11/27/2023
49107,RANDOLPH,11/07/2023,voter,DR,DEM,U,UN,F,Age 18 - 25,6,11/27/2023
49255,RANDOLPH,11/07/2023,voter,RM,UNA,B,UN,M,Age 18 - 25,5,11/27/2023
49356,RANDOLPH,11/07/2023,voter,AN,DEM,B,UN,U,Age 26 - 40,2,11/27/2023
49465,RANDOLPH,11/07/2023,voter,AW,UNA,O,HL,F,Age 26 - 40,9,11/27/2023
49620,RANDOLPH,11/07/2023,voter,AE,REP,U,HL,M,Age 18 - 25,1,11/27/2023
49633,RANDOLPH,11/07/2023,voter,RN,UNA,B,UN,F,Age 18 - 25,2,11/27/2023
49669,RANDOLPH,11/07/2023,voter,AR,LIB,W,NL,F,Age 18 - 25,3,11/27/2023
49803,RANDOLPH,11/07/2023,voter,BC,DEM,O,UN,F,Age 18 - 25,1,11/27/2023
49806,RANDOLPH,11/07/2023,voter,DR,DEM,W,NL,M,Age 41 - 65,23,11/27/2023
49837,RANDOLPH,11/07/2023,voter,AW,REP,W,UN,M,Age 41 - 65,39,11/27/2023
49878,RANDOLPH,11/07/2023,voter,AW,REP,W,UN,U,Age Over 66,2,11/27/2023
49971,RANDOLPH,11/07/2023,voter,AR,DEM,M,NL,F,Age 26 - 40,1,11/27/2023
49994,RANDOLPH,11/07/2023,voter,AN,DEM,W,UN,F,Age Over 66,7,11/27/2023
50010,RANDOLPH,11/07/2023,voter,AR,REP,B,UN,F,Age 26 - 40,1,11/27/2023
50034,RANDOLPH,11/07/2023,voter,TB,UNA,W,HL,F,Age 18 - 25,2,11/27/2023
50045,RANDOLPH,11/07/2023,voter,ST,DEM,W,NL,M,Age 41 - 65,11,11/27/2023
50248,RANDOLPH,11/07/2023,voter,LB,REP,W,UN,M,Age Over 66,21,11/27/2023
50291,RANDOLPH,11/07/2023,voter,NM,DEM,U,UN,U,Age 41 - 65,2,11/27/2023
50383,RANDOLPH,11/07/2023,voter,RN,UNA,U,NL,F,Age 41 - 65,1,11/27/2023
50491,RANDOLPH,11/07/2023,voter,TT,DEM,A,NL,F,Age 41 - 65,2,11/27/2023
50627,RANDOLPH,11/07/2023,voter,ST,UNA,O,HL,M,Age 26 - 40,1,11/27/2023
50672,RANDOLPH,11/07/2023,voter,NM,DEM,W,NL,M,Age Over 66,21,11/27/2023
50791,RANDOLPH,11/07/2023,voter,UG,REP,W,HL,F,Age 26 - 40,1,11/27/2023
50825,RANDOLPH,11/07/2023,voter,UG,REP,W,NL,F,Age 41 - 65,135,11/27/2023
50829,RANDOLPH,11/07/2023,voter,TR,UNA,W,NL,M,Age 26 - 40,83,11/27/2023
50995,RANDOLPH,11/07/2023,voter,DR,REP,W,UN,M,Age Over 66,34,11/27/2023
50998,RANDOLPH,11/07/2023,voter,TT,DEM,W,NL,F,Age 41 - 65,72,11/27/2023
51084,RANDOLPH,11/07/2023,voter,AR,UNA,A,NL,F,Age 18 - 25,1,11/27/2023
51198,RANDOLPH,11/07/2023,voter,AR,REP,I,UN,M,Age 41 - 65,1,11/27/2023
51279,RANDOLPH,11/07/2023,voter,TR,REP,W,NL,F,Age 26 - 40,62,11/27/2023
51284,RANDOLPH,11/07/2023,voter,LC,DEM,O,NL,F,Age 18 - 25,1,11/27/2023
51354,RANDOLPH,11/07/2023,voter,NM,REP,U,NL,M,Age 26 - 40,2,11/27/2023
51449,RANDOLPH,11/07/2023,voter,AW,DEM,O,NL,M,Age 26 - 40,1,11/27/2023
51480,RANDOLPH,11/07/2023,voter,RN,DEM,U,NL,M,Age 41 - 65,1,11/27/2023
51548,RANDOLPH,11/07/2023,voter,RN,REP,W,NL,F,Age Over 66,209,11/27/2023
51549,RANDOLPH,11/07/2023,voter,UG,DEM,U,UN,U,Age 26 - 40,3,11/27/2023
51561,RANDOLPH,11/07/2023,voter,TR,REP,O,HL,M,Age 18 - 25,1,11/27/2023
51567,RANDOLPH,11/07/2023,voter,,DEM,W,NL,F,Age 26 - 40,4,11/27/2023
51619,RANDOLPH,11/07/2023,voter,RN,DEM,W,UN,M,Age 26 - 40,12,11/27/2023
51812,RANDOLPH,11/07/2023,voter,DR,UNA,B,NL,M,Age 18 - 25,1,11/27/2023
51821,RANDOLPH,11/07/2023,voter,SO,UNA,U,UN,M,Age 18 - 25,2,11/27/2023
52016,RANDOLPH,11/07/2023,voter,,UNA,W,HL,M,Age 26 - 40,1,11/27/2023
52118,RANDOLPH,11/07/2023,voter,AR,UNA,W,UN,F,Age 26 - 40,7,11/27/2023
52174,RANDOLPH,11/07/2023,voter,AW,DEM,U,UN,M,Age 18 - 25,4,11/27/2023
52449,RANDOLPH,11/07/2023,voter,BC,DEM,U,UN,U,Age 41 - 65,3,11/27/2023
52568,RANDOLPH,11/07/2023,voter,AE,UNA,W,HL,M,Age 41 - 65,2,11/27/2023
52692,RANDOLPH,11/07/2023,voter,LB,DEM,W,NL,M,Age 41 - 65,32,11/27/2023
52770,RANDOLPH,11/07/2023,voter,AE,REP,W,NL,F,Age Over 66,84,11/27/2023
52949,RANDOLPH,11/07/2023,voter,RN,REP,W,NL,U,Age 41 - 65,6,11/27/2023
53018,RANDOLPH,11/07/2023,voter,TR,REP,A,NL,F,Age 41 - 65,1,11/27/2023
53108,RANDOLPH,11/07/2023,voter,AW,DEM,B,UN,M,Age 41 - 65,18,11/27/2023
53206,RANDOLPH,11/07/2023,voter,TR,DEM,U,UN,U,Age 41 - 65,7,11/27/2023
53303,RANDOLPH,11/07/2023,voter,TB,REP,W,NL,F,Age 18 - 25,41,11/27/2023
53479,RANDOLPH,11/07/2023,voter,AW,DEM,W,UN,M,Age 41 - 65,14,11/27/2023
53518,RANDOLPH,11/07/2023,voter,UG,UNA,U,UN,F,Age Over 66,1,11/27/2023
53532,RANDOLPH,11/07/2023,voter,RN,UNA,O,HL,M,Age Over 66,2,11/27/2023
53534,RANDOLPH,11/07/2023,voter,UG,DEM,W,NL,M,Age 26 - 40,4,11/27/2023
53772,RANDOLPH,11/07/2023,voter,DR,UNA,W,UN,M,Age 26 - 40,36,11/27/2023
53795,RANDOLPH,11/07/2023,voter,UG,UNA,B,NL,F,Age 26 - 40,1,11/27/2023
53959,RANDOLPH,11/07/2023,voter,AE,UNA,I,UN,M,Age 26 - 40,1,11/27/2023
53969,RANDOLPH,11/07/2023,voter,AW,UNA,W,UN,M,Age 18 - 25,18,11/27/2023
54017,RANDOLPH,11/07/2023,voter,SW,UNA,U,NL,M,Age 26 - 40,1,11/27/2023
54206,RANDOLPH,11/07/2023,voter,AW,DEM,W,UN,F,Age Over 66,19,11/27/2023
54332,RANDOLPH,11/07/2023,voter,AE,UNA,W,UN,F,Age 18 - 25,15,11/27/2023
54391,RANDOLPH,11/07/2023,voter,BC,DEM,O,HL,F,Age Over 66,1,11/27/2023
54407,RANDOLPH,11/07/2023,voter,RM,DEM,U,HL,M,Age Over 66,1,11/27/2023
54456,RANDOLPH,11/07/2023,voter,,UNA,U,NL,M,Age Over 66,2,11/27/2023
54468,RANDOLPH,11/07/2023,voter,GR,DEM,W,NL,F,Age Over 66,69,11/27/2023
54480,RANDOLPH,11/07/2023,voter,SE,DEM,U,UN,M,Age Over 66,1,11/27/2023
54491,RANDOLPH,11/07/2023,voter,ST,UNA,U,UN,U,Age 26 - 40,16,11/27/2023
54505,RANDOLPH,11/07/2023,voter,AN,UNA,B,NL,M,Age 41 - 65,3,11/27/2023
54519,RANDOLPH,11/07/2023,voter,RN,DEM,W,UN,F,Age 41 - 65,4,11/27/2023
54528,RANDOLPH,11/07/2023,voter,SE,UNA,I,NL,M,Age Over 66,1,11/27/2023
54634,RANDOLPH,11/07/2023,voter,LC,DEM,W,NL,F,Age Over 66,34,11/27/2023
54672,RANDOLPH,11/07/2023,voter,DR,DEM,U,UN,F,Age Over 66,1,11/27/2023
54716,RANDOLPH,11/07/2023,voter,RM,REP,W,UN,M,Age 41 - 65,61,11/27/2023
54886,RANDOLPH,11/07/2023,voter,NM,REP,O,UN,M,Age 41 - 65,1,11/27/2023
54968,RANDOLPH,11/07/2023,voter,AN,UNA,O,UN,F,Age 41 - 65,3,11/27/2023
54995,RANDOLPH,11/07/2023,voter,AE,DEM,W,HL,M,Age 41 - 65,1,11/27/2023
55043,RANDOLPH,11/07/2023,voter,UG,UNA,O,HL,M,Age 26 - 40,2,11/27/2023
55058,RANDOLPH,11/07/2023,voter,DR,UNA,U,NL,M,Age 41 - 65,1,11/27/2023
55154,RANDOLPH,11/07/2023,voter,TT,DEM,B,NL,F,Age Over 66,2,11/27/2023
55166,RANDOLPH,11/07/2023,voter,RN,UNA,W,HL,M,Age 41 - 65,1,11/27/2023
55193,RANDOLPH,11/07/2023,voter,AS,DEM,B,UN,M,Age 26 - 40,4,11/27/2023
55231,RANDOLPH,11/07/2023,voter,NM,REP,W,UN,U,Age 26 - 40,4,11/27/2023
55266,RANDOLPH,11/07/2023,voter,AN,REP,U,UN,U,Age Over 66,3,11/27/2023
55343,RANDOLPH,11/07/2023,voter,LB,REP,U,NL,M,Age 41 - 65,1,11/27/2023
55369,RANDOLPH,11/07/2023,voter,SO,DEM,B,UN,M,Age 18 - 25,2,11/27/2023
55406,RANDOLPH,11/07/2023,voter,AW,UNA,O,NL,F,Age 26 - 40,1,11/27/2023
55459,RANDOLPH,11/07/2023,voter,DR,DEM,W,NL,M,Age 41 - 65,23,11/27/2023
55483,RANDOLPH,11/07/2023,voter,TR,UNA,W,NL,U,Age 18 - 25,1,11/27/2023
55497,RANDOLPH,11/07/2023,voter,SO,DEM,O,HL,M,Age 41 - 65,1,11/27/2023
55577,RANDOLPH,11/07/2023,voter,AW,DEM,O,UN,M,Age Over 66,1,11/27/2023
55579,RANDOLPH,11/07/2023,voter,AR,REP,O,HL,F,Age 41 - 65,1,11/27/2023
55820,RANDOLPH,11/07/2023,voter,UG,UNA,W,UN,F,Age 18 - 25,28,11/27/2023
55924,RANDOLPH,11/07/2023,voter,DR,LIB,W,NL,M,Age 26 - 40,2,11/27/2023
56008,RANDOLPH,11/07/2023,voter,AW,REP,O,UN,M,Age 41 - 65,2,11/27/2023
56095,RANDOLPH,11/07/2023,voter,AR,DEM,O,HL,F,Age 41 - 65,3,11/27/2023
56123,RANDOLPH,11/07/2023,voter,BC,REP,W,HL,F,Age 41 - 65,3,11/27/2023
56226,RANDOLPH,11/07/2023,voter,RM,DEM,W,NL,U,Age 26 - 40,1,11/27/2023
56296,RANDOLPH,11/07/2023,voter,SW,REP,W,NL,M,Age 26 - 40,24,11/27/2023
56362,RANDOLPH,11/07/2023,voter,DR,UNA,U,UN,M,Age 26 - 40,1,11/27/2023
56393,RANDOLPH,11/07/2023,voter,AE,DEM,U,HL,M,Age 18 - 25,2,11/27/2023
56523,RANDOLPH,11/07/2023,voter,LB,UNA,I,NL,U,Age Over 66,1,11/27/2023
56538,RANDOLPH,11/07/2023,voter,,DEM,W,UN,F,Age 41 - 65,6,11/27/2023
56541,RANDOLPH,11/07/2023,voter,AR,UNA,O,UN,F,Age 41 - 65,1,11/27/2023
56615,RANDOLPH,11/07/2023,voter,LC,REP,U,NL,F,Age 18 - 25,1,11/27/2023
56642,RANDOLPH,11/07/2023,voter,ST,UNA,I,NL,F,Age 41 - 65,1,11/27/2023
56645,RANDOLPH,11/07/2023,voter,TR,REP,W,HL,F,Age 41 - 65,2,11/27/2023
56739,RANDOLPH,11/07/2023,voter,DR,DEM,O,HL,F,Age 26 - 40,2,11/27/2023
56743,RANDOLPH,11/07/2023,voter,TT,REP,I,NL,M,Age 41 - 65,3,11/27/2023
56806,RANDOLPH,11/07/2023,voter,RN,REP,W,HL,F,Age 26 - 40,2,11/27/2023
57014,RANDOLPH,11/07/2023,voter,AE,REP,B,NL,M,Age 18 - 25,1,11/27/2023
57258,RANDOLPH,11/07/2023,voter,TR,REP,W,HL,F,Age 18 - 25,1,11/27/2023
57349,RANDOLPH,11/07/2023,voter,SE,UNA,O,HL,M,Age 18 - 25,1,11/27/2023
57380,RANDOLPH,11/07/2023,voter,TR,UNA,W,NL,U,Age 18 - 25,1,11/27/2023
57499,RANDOLPH,11/07/2023,voter,TR,UNA,W,NL,U,Age 26 - 40,3,11/27/2023
57628,RANDOLPH,11/07/2023,voter,AR,REP,I,UN,F,Age 41 - 65,1,11/27/2023
57659,RANDOLPH,11/07/2023,voter,DR,REP,W,UN,U,Age 41 - 65,5,11/27/2023
57726,RANDOLPH,11/07/2023,voter,TR,UNA,W,HL,U,Age 41 - 65,1,11/27/2023
57762,RANDOLPH,11/07/2023,voter,NM,REP,U,UN,M,Age 41 - 65,2,11/27/2023
57915,RANDOLPH,11/07/2023,voter,AR,UNA,W,NL,F,Age 18 - 25,34,11/27/2023
57946,RANDOLPH,11/07/2023,voter,AN,REP,A,UN,F,Age 41 - 65,2,11/27/2023
57976,RANDOLPH,11/07/2023,voter,AR,DEM,W,NL,U,Age 26 - 40,1,11/27/2023
57991,RANDOLPH,11/07/2023,voter,RN,LIB,W,NL,M,Age 26 - 40,1,11/27/2023
58006,RANDOLPH,11/07/2023,voter,,LIB,W,NL,F,Age 26 - 40,2,11/27/2023
58044,RANDOLPH,11/07/2023,voter,AE,DEM,W,NL,M,Age 41 - 65,12,11/27/2023
58068,RANDOLPH,11/07/2023,voter,AN,REP,U,HL,U,Age 18 - 25,1,11/27/2023
58145,RANDOLPH,11/07/2023,voter,RM,UNA,O,NL,F,Age 41 - 65,1,11/27/2023
58157,RANDOLPH,11/07/2023,voter,LB,UNA,U,NL,M,Age 18 - 25,1,11/27/2023
58288,RANDOLPH,11/07/2023,voter,AR,UNA,A,UN,F,Age Over 66,1,11/27/2023
58320,RANDOLPH,11/07/2023,voter,BC,UNA,O,HL,U,Age Over 66,1,11/27/2023
58324,RANDOLPH,11/07/2023,voter,UG,REP,U,UN,U,Age Over 66,2,11/27/2023
58427,RANDOLPH,11/07/2023,voter,AN,REP,U,UN,F,Age 41 - 65,1,11/27/2023
58605,RANDOLPH,11/07/2023,voter,SO,LIB,U,HL,U,Age 26 - 40,1,11/27/2023
58630,RANDOLPH,11/07/2023,voter,ST,UNA,B,NL,F,Age Over 66,1,11/27/2023
58668,RANDOLPH,11/07/2023,voter,NM,DEM,W,NL,U,Age Over 66,1,11/27/2023
58678,RANDOLPH,11/07/2023,voter,AR,DEM,A,UN,F,Age Over 66,1,11/27/2023
58839,RANDOLPH,11/07/2023,voter,BC,UNA,B,NL,F,Age 41 - 65,1,11/27/2023
58840,RANDOLPH,11/07/2023,voter,RN,REP,O,NL,M,Age 41 - 65,1,11/27/2023
58888,RANDOLPH,11/07/2023,voter,RM,DEM,A,NL,M,Age 26 - 40,1,11/27/2023
58894,RANDOLPH,11/07/2023,voter,TR,DEM,O,NL,F,Age 41 - 65,1,11/27/2023
58906,RANDOLPH,11/07/2023,voter,TR,REP,B,NL,F,Age 41 - 65,2,11/27/2023
59035,RANDOLPH,11/07/2023,voter,TT,UNA,W,HL,F,Age 18 - 25,1,11/27/2023
59110,RANDOLPH,11/07/2023,voter,AW,UNA,B,UN,M,Age 26 - 40,2,11/27/2023
59123,RANDOLPH,11/07/2023,voter,UG,REP,B,NL,F,Age Over 66,1,11/27/2023
59235,RANDOLPH,11/07/2023,voter,TR,REP,B,UN,F,Age 41 - 65,1,11/27/2023
59341,RANDOLPH,11/07/2023,voter,TR,UNA,I,NL,F,Age 41 - 65,2,11/27/2023
59372,RANDOLPH,11/07/2023,voter,GR,UNA,B,NL,F,Age 41 - 65,4,11/27/2023
59374,RANDOLPH,11/07/2023,voter,AE,REP,B,NL,M,Age 41 - 65,5,11/27/2023
59520,RANDOLPH,11/07/2023,voter,AR,REP,I,HL,F,Age 26 - 40,1,11/27/2023
59559,RANDOLPH,11/07/2023,voter,SO,DEM,O,NL,F,Age Over 66,1,11/27/2023
59668,RANDOLPH,11/07/2023,voter,AW,DEM,B,NL,U,Age 26 - 40,1,11/27/2023
59678,RANDOLPH,11/07/2023,voter,SO,REP,U,UN,U,Age 18 - 25,5,11/27/2023
59682,RANDOLPH,11/07/2023,voter,DR,DEM,O,NL,M,Age 26 - 40,1,11/27/2023
59804,RANDOLPH,11/07/2023,voter,,UNA,W,UN,F,Age 26 - 40,35,11/27/2023
60018,RANDOLPH,11/07/2023,voter,GR,LIB,W,NL,M,Age 41 - 65,2,11/27/2023
60050,RANDOLPH,11/07/2023,voter,AW,DEM,W,HL,F,Age Over 66,1,11/27/2023
60174,RANDOLPH,11/07/2023,voter,AS,REP,U,HL,F,Age 18 - 25,1,11/27/2023
60192,RANDOLPH,11/07/2023,voter,SO,REP,W,UN,F,Age Over 66,36,11/27/2023
60390,RANDOLPH,11/07/2023,voter,AR,DEM,W,NL,F,Age 18 - 25,3,11/27/2023
60426,RANDOLPH,11/07/2023,voter,,REP,W,NL,F,Age 18 - 25,26,11/27/2023
60607,RANDOLPH,11/07/2023,voter,AW,DEM,W,NL,F,Age 41 - 65,39,11/27/2023
60627,RANDOLPH,11/07/2023,voter,TR,REP,U,UN,U,Age 26 - 40,21,11/27/2023
60685,RANDOLPH,11/07/2023,voter,BC,REP,W,UN,U,Age 18 - 25,1,11/27/2023
60719,RANDOLPH,11/07/2023,voter,,REP,W,UN,M,Age 41 - 65,67,11/27/2023
60744,RANDOLPH,11/07/2023,voter,AR,UNA,B,NL,F,Age 26 - 40,6,11/27/2023
60911,RANDOLPH,11/07/2023,voter,LB,DEM,B,NL,F,Age Over 66,52,11/27/2023
60930,RANDOLPH,11/07/2023,voter,AE,LIB,W,NL,F,Age 26 - 40,2,11/27/2023
60933,RANDOLPH,11/07/2023,voter,NM,REP,W,NL,U,Age 26 - 40,5,11/27/2023
61195,RANDOLPH,11/07/2023,voter,NM,DEM,A,NL,M,Age 18 - 25,1,11/27/2023
61228,RANDOLPH,11/07/2023,voter,BC,UNA,O,UN,M,Age 18 - 25,1,11/27/2023
61282,RANDOLPH,11/07/2023,voter,AS,DEM,B,NL,F,Age Over 66,9,11/27/2023
61388,RANDOLPH,11/07/2023,voter,AW,DEM,B,NL,M,Age 41 - 65,19,11/27/2023
61632,RANDOLPH,11/07/2023,voter,RN,DEM,W,UN,M,Age 18 - 25,6,11/27/2023
61639,RANDOLPH,11/07/2023,voter,,DEM,U,UN,M,Age Over 66,1,11/27/2023
61784,RANDOLPH,11/07/2023,voter,AS,DEM,U,HL,F,Age 18 - 25,2,11/27/2023
61832,RANDOLPH,11/07/2023,voter,RN,REP,W,NL,M,Age 26 - 40,123,11/27/2023
61917,RANDOLPH,11/07/2023,voter,AS,DEM,B,UN,F,Age 41 - 65,7,11/27/2023
61928,RANDOLPH,11/07/2023,voter,DR,DEM,O,UN,F,Age 41 - 65,1,11/27/2023
61956,RANDOLPH,11/07/2023,voter,RN,UNA,U,HL,M,Age 41 - 65,2,11/27/2023
61979,RANDOLPH,11/07/2023,voter,RN,DEM,B,NL,F,Age Over 66,6,11/27/2023
62024,RANDOLPH,11/07/2023,voter,NM,DEM,M,NL,M,Age 26 - 40,1,11/27/2023
62093,RANDOLPH,11/07/2023,voter,DR,DEM,B,NL,F,Age Over 66,4,11/27/2023
62105,RANDOLPH,11/07/2023,voter,AW,UNA,W,HL,M,Age 26 - 40,2,11/27/2023
62134,RANDOLPH,11/07/2023,voter,TB,REP,W,HL,M,Age 41 - 65,1,11/27/2023
62247,RANDOLPH,11/07/2023,voter,AE,DEM,U,UN,M,Age 41 - 65,3,11/27/2023
62379,RANDOLPH,11/07/2023,voter,SO,DEM,B,NL,M,Age Over 66,6,11/27/2023
62432,RANDOLPH,11/07/2023,voter,SE,REP,W,NL,M,Age 18 - 25,6,11/27/2023
62467,RANDOLPH,11/07/2023,voter,TR,UNA,U,UN,U,Age 18 - 25,22,11/27/2023
62597,RANDOLPH,11/07/2023,voter,AR,REP,W,NL,M,Age 41 - 65,180,11/27/2023
62632,RANDOLPH,11/07/2023,voter,NM,UNA,W,UN,U,Age Over 66,2,11/27/2023
62741,RANDOLPH,11/07/2023,voter,AR,REP,I,NL,M,Age 26 - 40,1,11/27/2023
62750,RANDOLPH,11/07/2023,voter,GR,DEM,W,NL,M,Age Over 66,1,11/27/2023
62751,RANDOLPH,11/07/2023,voter,,REP,U,NL,M,Age 41 - 65,3,11/27/2023
62770,RANDOLPH,11/07/2023,voter,BC,DEM,W,NL,M,Age 18 - 25,1,11/27/2023
62825,RANDOLPH,11/07/2023,voter,NM,REP,A,UN,F,Age 26 - 40,1,11/27/2023
62827,RANDOLPH,11/07/2023,voter,AE,DEM,W,NL,F,Age 41 - 65,17,11/27/2023
62861,RANDOLPH,11/07/2023,voter,AW,DEM,B,NL,F,Age 26 - 40,6,11/27/2023
62871,RANDOLPH,11/07/2023,voter,DR,DEM,O,HL,M,Age 18 - 25,8,11/27/2023
62930,RANDOLPH,11/07/2023,voter,TR,UNA,O,NL,U,Age 26 - 40,1,11/27/2023
62969,RANDOLPH,11/07/2023,voter,AW,UNA,W,NL,U,Age 41 - 65,2,11/27/2023
63096,RANDOLPH,11/07/2023,voter,AR,REP,W,NL,M,Age 26 - 40,102,11/27/2023
63279,RANDOLPH,11/07/2023,voter,,DEM,O,NL,M,Age 26 - 40,1,11/27/2023
63409,RANDOLPH,11/07/2023,voter,BC,REP,U,UN,F,Age 26 - 40,2,11/27/2023
63654,RANDOLPH,11/07/2023,voter,TR,REP,A,NL,M,Age 41 - 65,1,11/27/2023
63711,RANDOLPH,11/07/2023,voter,SE,REP,W,UN,M,Age 26 - 40,8,11/27/2023
63715,RANDOLPH,11/07/2023,voter,TB,UNA,B,NL,M,Age 18 - 25,1,11/27/2023
63745,RANDOLPH,11/07/2023,voter,UG,REP,W,UN,F,Age 41 - 65,72,11/27/2023
63837,RANDOLPH,11/07/2023,voter,RM,DEM,U,HL,F,Age 26 - 40,2,11/27/2023
63962,RANDOLPH,11/07/2023,voter,TB,UNA,O,HL,F,Age 41 - 65,1,11/27/2023
64000,RANDOLPH,11/07/2023,voter,RN,REP,U,NL,F,Age Over 66,2,11/27/2023
64026,RANDOLPH,11/07/2023,voter,RN,REP,A,UN,F,Age 41 - 65,1,11/27/2023
64037,RANDOLPH,11/07/2023,voter,TB,UNA,A,NL,F,Age 41 - 65,1,11/27/2023
64166,RANDOLPH,11/07/2023,voter,AN,REP,W,HL,F,Age 41 - 65,1,11/27/2023
64300,RANDOLPH,11/07/2023,voter,UG,DEM,B,NL,F,Age 41 - 65,1,11/27/2023
64324,RANDOLPH,11/07/2023,voter,TB,DEM,U,HL,M,Age 18 - 25,1,11/27/2023
64402,RANDOLPH,11/07/2023,voter,AN,REP,B,NL,M,Age 26 - 40,1,11/27/2023
64427,RANDOLPH,11/07/2023,voter,ST,REP,U,UN,U,Age 18 - 25,5,11/27/2023
64436,RANDOLPH,11/07/2023,voter,RN,REP,W,HL,M,Age 41 - 65,2,11/27/2023
64518,RANDOLPH,11/07/2023,voter,RM,REP,U,UN,U,Age 41 - 65,22,11/27/2023
64548,RANDOLPH,11/07/2023,voter,SW,UNA,U,UN,F,Age 18 - 25,2,11/27/2023
64556,RANDOLPH,11/07/2023,voter,AW,DEM,B,HL,M,Age 26 - 40,1,11/27/2023
64838,RANDOLPH,11/07/2023,voter,AE,UNA,U,UN,M,Age 26 - 40,2,11/27/2023
64978,RANDOLPH,11/07/2023,voter,ST,LIB,W,NL,F,Age 41 - 65,1,11/27/2023
65063,RANDOLPH,11/07/2023,voter,AE,DEM,A,NL,M,Age 41 - 65,1,11/27/2023
65071,RANDOLPH,11/07/2023,voter,TB,UNA,O,UN,F,Age 26 - 40,1,11/27/2023
65091,RANDOLPH,11/07/2023,voter,AS,UNA,B,UN,F,Age Over 66,2,11/27/2023
65341,RANDOLPH,11/07/2023,voter,TT,UNA,W,NL,U,Age 26 - 40,9,11/27/2023
65363,RANDOLPH,11/07/2023,voter,AE,REP,O,NL,M,Age 41 - 65,2,11/27/2023
65427,RANDOLPH,11/07/2023,voter,TR,REP,I,NL,M,Age 41 - 65,1,11/27/2023
65517,RANDOLPH,11/07/2023,voter,SW,UNA,W,NL,U,Age 41 - 65,2,11/27/2023
65522,RANDOLPH,11/07/2023,voter,GR,REP,U,NL,M,Age 26 - 40,1,11/27/2023
65544,RANDOLPH,11/07/2023,voter,AR,DEM,W,UN,U,Age 18 - 25,1,11/27/2023
65559,RANDOLPH,11/07/2023,voter,BC,REP,U,NL,F,Age 41 - 65,1,11/27/2023
65652,RANDOLPH,11/07/2023,voter,RN,DEM,B,NL,F,Age 18 - 25,2,11/27/2023
65794,RANDOLPH,11/07/2023,voter,SO,DEM,W,UN,M,Age 26 - 40,1,11/27/2023
65845,RANDOLPH,11/07/2023,voter,TB,DEM,W,UN,F,Age 26 - 40,3,11/27/2023
65965,RANDOLPH,11/07/2023,voter,NM,REP,A,UN,M,Age 41 - 65,1,11/27/2023
66117,RANDOLPH,11/07/2023,voter,AR,DEM,W,UN,F,Age 26 - 40,1,11/27/2023
66191,RANDOLPH,11/07/2023,voter,ST,REP,M,HL,F,Age 26 - 40,1,11/27/2023
66262,RANDOLPH,11/07/2023,voter,SW,UNA,U,UN,U,Age 18 - 25,1,11/27/2023
66329,RANDOLPH,11/07/2023,voter,AS,DEM,U,UN,U,Age 26 - 40,3,11/27/2023
66360,RANDOLPH,11/07/2023,voter,SW,UNA,U,UN,F,Age Over 66,1,11/27/2023
66463,RANDOLPH,11/07/2023,voter,,UNA,I,UN,F,Age Over 66,1,11/27/2023
66473,RANDOLPH,11/07/2023,voter,AW,UNA,O,UN,M,Age 18 - 25,2,11/27/2023
66478,RANDOLPH,11/07/2023,voter,TT,REP,W,NL,M,Age 18 - 25,1,11/27/2023
66500,RANDOLPH,11/07/2023,voter,DR,REP,W,UN,F,Age Over 66,26,11/27/2023
66505,RANDOLPH,11/07/2023,voter,SO,DEM,W,HL,M,Age 26 - 40,2,11/27/2023
66511,RANDOLPH,11/07/2023,voter,ST,UNA,W,NL,F,Age 41 - 65,94,11/27/2023
66567,RANDOLPH,11/07/2023,voter,GR,DEM,W,NL,F,Age 18 - 25,2,11/27/2023
66647,RANDOLPH,11/07/2023,voter,ST,DEM,I,NL,F,Age 41 - 65,1,11/27/2023
66737,RANDOLPH,11/07/2023,voter,TR,DEM,W,NL,F,Age 41 - 65,36,11/27/2023
66752,RANDOLPH,11/07/2023,voter,LB,DEM,U,HL,F,Age 41 - 65,2,11/27/2023
66761,RANDOLPH,11/07/2023,voter,AN,DEM,O,HL,F,Age 18 - 25,18,11/27/2023
66781,RANDOLPH,11/07/2023,voter,AS,UNA,B,NL,U,Age 26 - 40,1,11/27/2023
66785,RANDOLPH,11/07/2023,voter,AW,UNA,U,UN,U,Age 18 - 25,16,11/27/2023
66806,RANDOLPH,11/07/2023,voter,UG,UNA,W,NL,U,Age 26 - 40,1,11/27/2023
66902,RANDOLPH,11/07/2023,voter,AW,DEM,U,UN,U,Age 26 - 40,3,11/27/2023
67193,RANDOLPH,11/07/2023,voter,SE,REP,W,NL,F,Age 18 - 25,15,11/27/2023
67432,RANDOLPH,11/07/2023,voter,,UNA,I,UN,F,Age 18 - 25,1,11/27/2023
67444,RANDOLPH,11/07/2023,voter,ST,DEM,U,UN,U,Age 41 - 65,2,11/27/2023
67609,RANDOLPH,11/07/2023,voter,,REP,U,UN,U,Age 41 - 65,42,11/27/2023
67668,RANDOLPH,11/07/2023,voter,AW,REP,U,UN,U,Age 26 - 40,8,11/27/2023
67678,RANDOLPH,11/07/2023,voter,TR,REP,O,HL,M,Age 41 - 65,1,11/27/2023
67696,RANDOLPH,11/07/2023,voter,SW,UNA,W,UN,M,Age 18 - 25,14,11/27/2023
67769,RANDOLPH,11/07/2023,voter,AW,DEM,B,NL,M,Age 26 - 40,5,11/27/2023
67942,RANDOLPH,11/07/2023,voter,UG,DEM,B,UN,M,Age 18 - 25,1,11/27/2023
67969,RANDOLPH,11/07/2023,voter,AW,DEM,W,NL,U,Age 41 - 65,1,11/27/2023
68345,RANDOLPH,11/07/2023,voter,BC,REP,O,HL,F,Age 26 - 40,1,11/27/2023
68350,RANDOLPH,11/07/2023,voter,GR,LIB,O,HL,F,Age 18 - 25,2,11/27/2023
68436,RANDOLPH,11/07/2023,voter,UG,REP,W,UN,F,Age Over 66,41,11/27/2023
68526,RANDOLPH,11/07/2023,voter,TB,UNA,W,UN,F,Age 41 - 65,39,11/27/2023
68676,RANDOLPH,11/07/2023,voter,UG,UNA,B,UN,M,Age 41 - 65,1,11/27/2023
68732,RANDOLPH,11/07/2023,voter,,UNA,U,HL,M,Age 26 - 40,2,11/27/2023
68746,RANDOLPH,11/07/2023,voter,AS,UNA,W,NL,U,Age 26 - 40,3,11/27/2023
68913,RANDOLPH,11/07/2023,voter,AR,REP,B,UN,M,Age 18 - 25,1,11/27/2023
69062,RANDOLPH,11/07/2023,voter,RN,UNA,I,UN,F,Age 26 - 40,1,11/27/2023
69072,RANDOLPH,11/07/2023,voter,AN,DEM,U,HL,F,Age 26 - 40,1,11/27/2023
69127,RANDOLPH,11/07/2023,voter,NM,LIB,B,UN,F,Age 26 - 40,1,11/27/2023
69190,RANDOLPH,11/07/2023,voter,LC,LIB,W,UN,F,Age 18 - 25,1,11/27/2023
69211,RANDOLPH,11/07/2023,voter,UG,DEM,W,NL,M,Age 18 - 25,3,11/27/2023
69226,RANDOLPH,11/07/2023,voter,AE,UNA,U,HL,F,Age 18 - 25,5,11/27/2023
69288,RANDOLPH,11/07/2023,voter,GR,LIB,W,NL,F,Age 41 - 65,1,11/27/2023
69305,RANDOLPH,11/07/2023,voter,RM,REP,O,HL,M,Age 26 - 40,2,11/27/2023
69432,RANDOLPH,11/07/2023,voter,SO,DEM,B,UN,F,Age 41 - 65,2,11/27/2023
69480,RANDOLPH,11/07/2023,voter,LB,UNA,W,HL,F,Age 26 - 40,2,11/27/2023
69496,RANDOLPH,11/07/2023,voter,AR,DEM,W,NL,M,Age 26 - 40,11,11/27/2023
69538,RANDOLPH,11/07/2023,voter,UG,DEM,I,NL,M,Age Over 66,1,11/27/2023
69769,RANDOLPH,11/07/2023,voter,SE,REP,W,UN,F,Age 41 - 65,15,11/27/2023
69774,RANDOLPH,11/07/2023,voter,AE,DEM,W,UN,M,Age 18 - 25,1,11/27/2023
69804,RANDOLPH,11/07/2023,voter,LC,UNA,W,NL,M,Age 26 - 40,46,11/27/2023
69877,RANDOLPH,11/07/2023,voter,DR,UNA,O,HL,F,Age 41 - 65,1,11/27/2023
69929,RANDOLPH,11/07/2023,voter,,LIB,W,NL,U,Age 26 - 40,1,11/27/2023
69942,RANDOLPH,11/07/2023,voter,AW,REP,O,NL,F,Age Over 66,1,11/27/2023
70066,RANDOLPH,11/07/2023,voter,AS,UNA,U,UN,M,Age 18 - 25,3,11/27/2023
70085,RANDOLPH,11/07/2023,voter,UG,DEM,I,UN,F,Age 26 - 40,1,11/27/2023
70096,RANDOLPH,11/07/2023,voter,,REP,O,NL,M,Age Over 66,1,11/27/2023
70099,RANDOLPH,11/07/2023,voter,AW,LIB,W,UN,F,Age 18 - 25,1,11/27/2023
70181,RANDOLPH,11/07/2023,voter,GR,UNA,W,UN,F,Age Over 66,28,11/27/2023
70232,RANDOLPH,11/07/2023,voter,LC,UNA,M,HL,M,Age 26 - 40,1,11/27/2023
70236,RANDOLPH,11/07/2023,voter,,DEM,I,NL,F,Age 18 - 25,1,11/27/2023
70400,RANDOLPH,11/07/2023,voter,RN,REP,W,UN,M,Age 18 - 25,32,11/27/2023
70410,RANDOLPH,11/07/2023,voter,RN,REP,U,UN,M,Age 18 - 25,1,11/27/2023
70458,RANDOLPH,11/07/2023,voter,SO,UNA,A,NL,M,Age 41 - 65,2,11/27/2023
70498,RANDOLPH,11/07/2023,voter,AR,REP,M,UN,M,Age 26 - 40,1,11/27/2023
70500,RANDOLPH,11/07/2023,voter,GR,UNA,A,NL,F,Age Over 66,2,11/27/2023
70571,RANDOLPH,11/07/2023,voter,SE,UNA,W,UN,M,Age 26 - 40,9,11/27/2023
70581,RANDOLPH,11/07/2023,voter,SW,DEM,W,UN,F,Age Over 66,3,11/27/2023
70609,RANDOLPH,11/07/2023,voter,RN,UNA,O,UN,F,Age 18 - 25,2,11/27/2023
70633,RANDOLPH,11/07/2023,voter,AS,DEM,U,UN,F,Age 18 - 25,4,11/27/2023
70635,RANDOLPH,11/07/2023,voter,LB,UNA,M,UN,M,Age 41 - 65,1,11/27/2023
70683,RANDOLPH,11/07/2023,voter,,UNA,O,HL,M,Age 18 - 25,5,11/27/2023
70918,RANDOLPH,11/07/2023,voter,LB,LIB,W,UN,M,Age 26 - 40,1,11/27/2023
71041,RANDOLPH,11/07/2023,voter,LB,REP,O,NL,M,Age Over 66,1,11/27/2023
71090,RANDOLPH,11/07/2023,voter,TR,REP,U,HL,M,Age 18 - 25,2,11/27/2023
71100,RANDOLPH,11/07/2023,voter,TR,DEM,O,NL,F,Age 41 - 65,2,11/27/2023
71149,RANDOLPH,11/07/2023,voter,AR,DEM,B,NL,F,Age Over 66,5,11/27/2023
71273,RANDOLPH,11/07/2023,voter,AW,LIB,W,NL,U,Age 41 - 65,1,11/27/2023
71401,RANDOLPH,11/07/2023,voter,AS,REP,W,UN,U,Age Over 66,2,11/27/2023
71488,RANDOLPH,11/07/2023,voter,RM,UNA,W,HL,F,Age 26 - 40,2,11/27/2023
71518,RANDOLPH,11/07/2023,voter,AE,UNA,U,HL,F,Age 18 - 25,4,11/27/2023
71542,RANDOLPH,11/07/2023,voter,LB,DEM,I,UN,F,Age Over 66,1,11/27/2023
71558,RANDOLPH,11/07/2023,voter,TR,REP,W,NL,M,Age 18 - 25,93,11/27/2023
71876,RANDOLPH,11/07/2023,voter,TR,DEM,O,HL,M,Age 26 - 40,1,11/27/2023
71944,RANDOLPH,11/07/2023,voter,UG,REP,A,UN,M,Age 41 - 65,1,11/27/2023
72000,RANDOLPH,11/07/2023,voter,AN,REP,O,HL,F,Age Over 66,1,11/27/2023
72324,RANDOLPH,11/07/2023,voter,UG,REP,O,UN,M,Age 41 - 65,1,11/27/2023
72474,RANDOLPH,11/07/2023,voter,NM,UNA,W,NL,F,Age 26 - 40,44,11/27/2023
72513,RANDOLPH,11/07/2023,voter,RN,UNA,W,NL,F,Age 41 - 65,163,11/27/2023
72517,RANDOLPH,11/07/2023,voter,SE,REP,O,NL,F,Age 41 - 65,1,11/27/2023
72610,RANDOLPH,11/07/2023,voter,AR,DEM,U,UN,M,Age 26 - 40,1,11/27/2023
72651,RANDOLPH,11/07/2023,voter,RN,DEM,U,UN,F,Age Over 66,2,11/27/2023
72721,RANDOLPH,11/07/2023,voter,SO,REP,O,HL,M,Age 18 - 25,2,11/27/2023
72817,RANDOLPH,11/07/2023,voter,DR,DEM,B,UN,F,Age 41 - 65,9,11/27/2023
72832,RANDOLPH,11/07/2023,voter,ST,REP,O,UN,M,Age 18 - 25,3,11/27/2023
72930,RANDOLPH,11/07/2023,voter,AW,DEM,W,NL,F,Age 41 - 65,21,11/27/2023
72935,RANDOLPH,11/07/2023,voter,ST,REP,W,UN,F,Age 41 - 65,46,11/27/2023
73099,RANDOLPH,11/07/2023,voter,BC,LIB,W,NL,M,Age 41 - 65,3,11/27/2023
73132,RANDOLPH,11/07/2023,voter,AN,REP,U,UN,U,Age 41 - 65,11,11/27/2023
73285,RANDOLPH,11/07/2023,voter,GR,UNA,O,UN,F,Age 18 - 25,3,11/27/2023
73449,RANDOLPH,11/07/2023,voter,TT,REP,I,UN,M,Age 26 - 40,1,11/27/2023
73459,RANDOLPH,11/07/2023,voter,TR,UNA,O,UN,M,Age 41 - 65,1,11/27/2023
73497,RANDOLPH,11/07/2023,voter,TT,DEM,W,NL,M,Age 26 - 40,17,11/27/2023
73562,RANDOLPH,11/07/2023,voter,,DEM,I,NL,M,Age 41 - 65,2,11/27/2023
73567,RANDOLPH,11/07/2023,voter,AE,DEM,B,UN,M,Age 26 - 40,19,11/27/2023
73775,RANDOLPH,11/07/2023,voter,RN,UNA,M,HL,F,Age 26 - 40,1,11/27/2023
74003,RANDOLPH,11/07/2023,voter,AR,REP,A,NL,M,Age Over 66,2,11/27/2023
74032,RANDOLPH,11/07/2023,voter,GR,UNA,O,HL,M,Age 41 - 65,6,11/27/2023
74151,RANDOLPH,11/07/2023,voter,NM,REP,I,NL,F,Age 41 - 65,2,11/27/2023
74202,RANDOLPH,11/07/2023,voter,UG,DEM,W,UN,M,Age 26 - 40,4,11/27/2023
74335,RANDOLPH,11/07/2023,voter,AR,LIB,U,NL,F,Age 18 - 25,1,11/27/2023
74356,RANDOLPH,11/07/2023,voter,,DEM,W,NL,M,Age 26 - 40,18,11/27/2023
74552,RANDOLPH,11/07/2023,voter,,UNA,W,NL,F,Age 41 - 65,130,11/27/2023
74553,RANDOLPH,11/07/2023,voter,BC,REP,O,UN,M,Age Over 66,1,11/27/2023
74561,RANDOLPH,11/07/2023,voter,,DEM,O,HL,M,Age 18 - 25,1,11/27/2023
74586,RANDOLPH,11/07/2023,voter,AW,UNA,O,NL,M,Age 26 - 40,1,11/27/2023
74663,RANDOLPH,11/07/2023,voter,,UNA,B,UN,M,Age 18 - 25,5,11/27/2023
74733,RANDOLPH,11/07/2023,voter,SW,REP,U,NL,F,Age Over 66,1,11/27/2023
74755,RANDOLPH,11/07/2023,voter,AS,UNA,A,NL,M,Age 41 - 65,2,11/27/2023
74758,RANDOLPH,11/07/2023,voter,RM,UNA,U,UN,U,Age 18 - 25,11,11/27/2023
74859,RANDOLPH,11/07/2023,voter,AR,DEM,U,HL,F,Age 26 - 40,1,11/27/2023
75024,RANDOLPH,11/07/2023,voter,TR,REP,W,NL,U,Age 26 - 40,11,11/27/2023
75217,RANDOLPH,11/07/2023,voter,AN,DEM,B,NL,U,Age 18 - 25,1,11/27/2023
75296,RANDOLPH,11/07/2023,voter,AE,UNA,A,UN,F,Age 26 - 40,1,11/27/2023
75731,RANDOLPH,11/07/2023,voter,SO,DEM,O,UN,F,Age 26 - 40,1,11/27/2023
75742,RANDOLPH,11/07/2023,voter,RN,DEM,U,HL,M,Age 26 - 40,3,11/27/2023
75887,RANDOLPH,11/07/2023,voter,SW,LIB,W,NL,F,Age 41 - 65,1,11/27/2023
75907,RANDOLPH,11/07/2023,voter,AS,DEM,O,HL,F,Age 26 - 40,2,11/27/2023
75920,RANDOLPH,11/07/2023,voter,LB,UNA,W,NL,U,Age 41 - 65,4,11/27/2023
75951,RANDOLPH,11/07/2023,voter,RM,REP,O,HL,F,Age 41 - 65,4,11/27/2023
76053,RANDOLPH,11/07/2023,voter,LC,DEM,U,UN,U,Age 41 - 65,4,11/27/2023
76247,RANDOLPH,11/07/2023,voter,,REP,O,NL,F,Age 41 - 65,1,11/27/2023
76256,RANDOLPH,11/07/2023,voter,LB,UNA,W,UN,M,Age Over 66,10,11/27/2023
76382,RANDOLPH,11/07/2023,voter,RN,REP,U,UN,U,Age 26 - 40,28,11/27/2023
76402,RANDOLPH,11/07/2023,voter,LB,DEM,W,HL,M,Age Over 66,1,11/27/2023
76486,RANDOLPH,11/07/2023,voter,NM,DEM,W,NL,F,Age 41 - 65,33,11/27/2023
76488,RANDOLPH,11/07/2023,voter,TT,UNA,B,NL,M,Age 18 - 25,3,11/27/2023
76595,RANDOLPH,11/07/2023,voter,UG,REP,O,HL,M,Age 18 - 25,10,11/27/2023
76701,RANDOLPH,11/07/2023,voter,AE,REP,A,UN,M,Age 26 - 40,1,11/27/2023
76813,RANDOLPH,11/07/2023,voter,AR,REP,A,NL,U,Age 41 - 65,1,11/27/2023
76837,RANDOLPH,11/07/2023,voter,TR,UNA,I,UN,M,Age 26 - 40,1,11/27/2023
76864,RANDOLPH,11/07/2023,voter,AE,UNA,U,UN,U,Age 18 - 25,5,11/27/2023
76940,RANDOLPH,11/07/2023,voter,TB,DEM,W,UN,M,Age Over 66,6,11/27/2023
76944,RANDOLPH,11/07/2023,voter,RN,UNA,A,UN,F,Age Over 66,1,11/27/2023
77203,RANDOLPH,11/07/2023,voter,LB,REP,W,NL,M,Age 41 - 65,155,11/27/2023
77265,RANDOLPH,11/07/2023,voter,TR,REP,U,UN,F,Age 26 - 40,1,11/27/2023
77327,RANDOLPH,11/07/2023,voter,AS,UNA,U,UN,M,Age 41 - 65,3,11/27/2023
77382,RANDOLPH,11/07/2023,voter,RN,LIB,U,UN,F,Age 41 - 65,1,11/27/2023
77595,RANDOLPH,11/07/2023,voter,AR,UNA,U,UN,M,Age 41 - 65,2,11/27/2023
77632,RANDOLPH,11/07/2023,voter,AE,DEM,W,UN,F,Age 26 - 40,12,11/27/2023
77652,RANDOLPH,11/07/2023,voter,AS,DEM,U,UN,M,Age 18 - 25,3,11/27/2023
77711,RANDOLPH,11/07/2023,voter,AN,REP,W,NL,U,Age 41 - 65,2,11/27/2023
77966,RANDOLPH,11/07/2023,voter,TR,UNA,I,NL,M,Age 18 - 25,1,11/27/2023
78008,RANDOLPH,11/07/2023,voter,AE,UNA,B,NL,F,Age 26 - 40,18,11/27/2023
78009,RANDOLPH,11/07/2023,voter,AS,UNA,W,HL,F,Age 18 - 25,1,11/27/2023
78019,RANDOLPH,11/07/2023,voter,AR,REP,W,UN,U,Age 26 - 40,2,11/27/2023
78100,RANDOLPH,11/07/2023,voter,AW,UNA,U,HL,F,Age 18 - 25,2,11/27/2023
78111,RANDOLPH,11/07/2023,voter,AW,DEM,O,HL,M,Age 41 - 65,2,11/27/2023
78206,RANDOLPH,11/07/2023,voter,AE,REP,O,HL,F,Age 18 - 25,2,11/27/2023
78280,RANDOLPH,11/07/2023,voter,AN,UNA,M,UN,M,Age 41 - 65,1,11/27/2023
78343,RANDOLPH,11/07/2023,voter,SO,REP,W,UN,F,Age 41 - 65,82,11/27/2023
78356,RANDOLPH,11/07/2023,voter,RN,REP,W,UN,F,Age 18 - 25,20,11/27/2023
78386,RANDOLPH,11/07/2023,voter,AW,REP,W,NL,U,Age 26 - 40,1,11/27/2023
78416,RANDOLPH,11/07/2023,voter,SW,UNA,O,HL,F,Age 26 - 40,1,11/27/2023
78427,RANDOLPH,11/07/2023,voter,NM,DEM,U,NL,U,Age Over 66,1,11/27/2023
78449,RANDOLPH,11/07/2023,voter,AW,UNA,A,NL,F,Age 18 - 25,1,11/27/2023
78546,RANDOLPH,11/07/2023,voter,ST,REP,W,NL,U,Age 41 - 65,8,11/27/2023
78553,RANDOLPH,11/07/2023,voter,TR,UNA,W,UN,M,Age 41 - 65,2,11/27/2023
78588,RANDOLPH,11/07/2023,voter,UG,UNA,W,UN,F,Age Over 66,17,11/27/2023
78606,RANDOLPH,11/07/2023,voter,UG,UNA,O,HL,F,Age 26 - 40,12,11/27/2023
78661,RANDOLPH,11/07/2023,voter,LB,UNA,B,NL,M,Age Over 66,3,11/27/2023
78830,RANDOLPH,11/07/2023,voter,RM,UNA,W,UN,M,Age Over 66,16,11/27/2023
78898,RANDOLPH,11/07/2023,voter,DR,REP,U,NL,M,Age 18 - 25,1,11/27/2023
78922,RANDOLPH,11/07/2023,voter,TR,REP,U,UN,M,Age 26 - 40,3,11/27/2023
78924,RANDOLPH,11/07/2023,voter,DR,UNA,W,NL,U,Age 41 - 65,1,11/27/2023
78956,RANDOLPH,11/07/2023,voter,AR,DEM,A,NL,F,Age 41 - 65,4,11/27/2023
78961,RANDOLPH,11/07/2023,voter,ST,DEM,O,HL,M,Age 41 - 65,1,11/27/2023
79140,RANDOLPH,11/07/2023,voter,TR,UNA,W,NL,M,Age 41 - 65,142,11/27/2023
79144,RANDOLPH,11/07/2023,voter,AR,DEM,B,NL,F,Age 41 - 65,19,11/27/2023
79169,RANDOLPH,11/07/2023,voter,TB,REP,W,NL,M,Age 41 - 65,286,11/27/2023
79207,RANDOLPH,11/07/2023,voter,AW,UNA,O,HL,M,Age 26 - 40,10,11/27/2023
79297,RANDOLPH,11/07/2023,voter,AE,REP,W,UN,F,Age 26 - 40,24,11/27/2023
79328,RANDOLPH,11/07/2023,voter,LC,UNA,M,NL,M,Age 26 - 40,1,11/27/2023
79354,RANDOLPH,11/07/2023,voter,UG,UNA,O,HL,U,Age 26 - 40,1,11/27/2023
79387,RANDOLPH,11/07/2023,voter,AW,REP,A,UN,M,Age 41 - 65,1,11/27/2023
79603,RANDOLPH,11/07/2023,voter,AN,DEM,A,UN,F,Age 41 - 65,1,11/27/2023
79684,RANDOLPH,11/07/2023,voter,AE,UNA,W,NL,F,Age 18 - 25,2,11/27/2023
79694,RANDOLPH,11/07/2023,voter,TR,UNA,W,NL,M,Age 41 - 65,1,11/27/2023
79787,RANDOLPH,11/07/2023,voter,UG,DEM,W,UN,F,Age 18 - 25,4,11/27/2023
79994,RANDOLPH,11/07/2023,voter,NM,DEM,B,NL,M,Age 41 - 65,3,11/27/2023
79996,RANDOLPH,11/07/2023,voter,TR,UNA,W,UN,M,Age Over 66,7,11/27/2023
80164,RANDOLPH,11/07/2023,voter,LC,UNA,O,HL,M,Age 26 - 40,6,11/27/2023
80168,RANDOLPH,11/07/2023,voter,AS,REP,U,UN,U,Age 26 - 40,7,11/27/2023
80206,RANDOLPH,11/07/2023,voter,TT,DEM,U,NL,F,Age 41 - 65,1,11/27/2023
80228,RANDOLPH,11/07/2023,voter,RN,DEM,O,HL,F,Age 41 - 65,2,11/27/2023
80283,RANDOLPH,11/07/2023,voter,LC,REP,W,UN,F,Age Over 66,32,11/27/2023
80298,RANDOLPH,11/07/2023,voter,TB,DEM,W,NL,F,Age Over 66,39,11/27/2023
80415,RANDOLPH,11/07/2023,voter,LB,REP,U,UN,F,Age 18 - 25,1,11/27/2023
80416,RANDOLPH,11/07/2023,voter,,UNA,M,NL,F,Age 41 - 65,1,11/27/2023
80540,RANDOLPH,11/07/2023,voter,AW,REP,A,NL,F,Age 26 - 40,1,11/27/2023
80552,RANDOLPH,11/07/2023,voter,AW,DEM,A,UN,F,Age 41 - 65,1,11/27/2023
80564,RANDOLPH,11/07/2023,voter,TT,REP,U,UN,F,Age Over 66,2,11/27/2023
80570,RANDOLPH,11/07/2023,voter,RN,UNA,U,HL,F,Age 26 - 40,2,11/27/2023
80812,RANDOLPH,11/07/2023,voter,SW,DEM,W,NL,F,Age Over 66,17,11/27/2023
80926,RANDOLPH,11/07/2023,voter,AW,REP,U,NL,M,Age Over 66,2,11/27/2023
81073,RANDOLPH,11/07/2023,voter,AR,UNA,A,NL,F,Age 41 - 65,3,11/27/2023
81133,RANDOLPH,11/07/2023,voter,AW,REP,U,HL,M,Age 26 - 40,1,11/27/2023
81262,RANDOLPH,11/07/2023,voter,GR,DEM,U,UN,F,Age 41 - 65,7,11/27/2023
81379,RANDOLPH,11/07/2023,voter,BC,LIB,W,UN,F,Age 26 - 40,1,11/27/2023
81401,RANDOLPH,11/07/2023,voter,AR,UNA,O,NL,F,Age 41 - 65,1,11/27/2023
81470,RANDOLPH,11/07/2023,voter,UG,DEM,O,UN,M,Age 26 - 40,2,11/27/2023
81678,RANDOLPH,11/07/2023,voter,AW,DEM,B,NL,F,Age 41 - 65,12,11/27/2023
81749,RANDOLPH,11/07/2023,voter,AW,DEM,O,HL,M,Age Over 66,2,11/27/2023
81781,RANDOLPH,11/07/2023,voter,UG,REP,M,UN,M,Age 26 - 40,1,11/27/2023
81801,RANDOLPH,11/07/2023,voter,,UNA,U,HL,U,Age 18 - 25,1,11/27/2023
81941,RANDOLPH,11/07/2023,voter,AS,REP,W,NL,M,Age 26 - 40,25,11/27/2023
82059,RANDOLPH,11/07/2023,voter,AN,REP,W,UN,F,Age 41 - 65,38,11/27/2023
82254,RANDOLPH,11/07/2023,voter,AW,DEM,U,HL,M,Age 26 - 40,2,11/27/2023
82337,RANDOLPH,11/07/2023,voter,AW,UNA,W,HL,F,Age 18 - 25,2,11/27/2023
82367,RANDOLPH,11/07/2023,voter,AE,UNA,W,NL,U,Age 26 - 40,3,11/27/2023
82463,RANDOLPH,11/07/2023,voter,DR,UNA,W,NL,F,Age 41 - 65,77,11/27/2023
82731,RANDOLPH,11/07/2023,voter,RM,DEM,W,HL,F,Age 41 - 65,1,11/27/2023
82818,RANDOLPH,11/07/2023,voter,AS,REP,O,UN,M,Age 26 - 40,1,11/27/2023
82835,RANDOLPH,11/07/2023,voter,RN,UNA,W,UN,M,Age Over 66,7,11/27/2023
82967,RANDOLPH,11/07/2023,voter,BC,DEM,W,UN,M,Age Over 66,8,11/27/2023
83076,RANDOLPH,11/07/2023,voter,AR,REP,O,NL,F,Age Over 66,1,11/27/2023
83194,RANDOLPH,11/07/2023,voter,DR,LIB,W,UN,F,Age 41 - 65,2,11/27/2023
83219,RANDOLPH,11/07/2023,voter,AS,REP,O,HL,F,Age 41 - 65,1,11/27/2023
83242,RANDOLPH,11/07/2023,voter,RN,UNA,W,UN,F,Age 41 - 65,26,11/27/2023
83402,RANDOLPH,11/07/2023,voter,AE,UNA,W,NL,M,Age 41 - 65,25,11/27/2023
83774,RANDOLPH,11/07/2023,voter,AR,REP,U,UN,M,Age 26 - 40,1,11/27/2023
83794,RANDOLPH,11/07/2023,voter,SE,UNA,U,UN,U,Age 41 - 65,13,11/27/2023
83796,RANDOLPH,11/07/2023,voter,AW,UNA,U,HL,F,Age Over 66,1,11/27/2023
83870,RANDOLPH,11/07/2023,voter,AS,REP,B,NL,F,Age 26 - 40,1,11/27/2023
83916,RANDOLPH,11/07/2023,voter,,REP,I,UN,U,Age 41 - 65,1,11/27/2023
83931,RANDOLPH,11/07/2023,voter,UG,REP,M,UN,M,Age 18 - 25,1,11/27/2023
84127,RANDOLPH,11/07/2023,voter,AE,REP,W,HL,F,Age Over 66,1,11/27/2023
84143,RANDOLPH,11/07/2023,voter,RM,LIB,W,UN,F,Age 41 - 65,2,11/27/2023
84152,RANDOLPH,11/07/2023,voter,AN,REP,O,UN,F,Age 26 - 40,1,11/27/2023
84445,RANDOLPH,11/07/2023,voter,AW,DEM,B,NL,F,Age Over 66,11,11/27/2023
84461,RANDOLPH,11/07/2023,voter,TR,UNA,W,NL,F,Age 18 - 25,54,11/27/2023
84570,RANDOLPH,11/07/2023,voter,AW,UNA,B,UN,M,Age Over 66,1,11/27/2023
84729,RANDOLPH,11/07/2023,voter,DR,DEM,U,UN,U,Age Over 66,1,11/27/2023
84734,RANDOLPH,11/07/2023,voter,TB,REP,U,UN,F,Age Over 66,1,11/27/2023
84786,RANDOLPH,11/07/2023,voter,GR,LIB,W,UN,M,Age 18 - 25,2,11/27/2023
84872,RANDOLPH,11/07/2023,voter,SO,DEM,U,UN,M,Age 18 - 25,1,11/27/2023
84937,RANDOLPH,11/07/2023,voter,AE,UNA,W,HL,F,Age 41 - 65,2,11/27/2023
85355,RANDOLPH,11/07/2023,voter,RN,UNA,O,UN,F,Age 26 - 40,2,11/27/2023
85538,RANDOLPH,11/07/2023,voter,AR,UNA,O,NL,M,Age 41 - 65,1,11/27/2023
85548,RANDOLPH,11/07/2023,voter,,DEM,W,UN,F,Age 26 - 40,7,11/27/2023
85599,RANDOLPH,11/07/2023,voter,RN,REP,O,NL,M,Age 41 - 65,1,11/27/2023
85663,RANDOLPH,11/07/2023,voter,AR,REP,W,HL,M,Age 26 - 40,1,11/27/2023
85900,RANDOLPH,11/07/2023,voter,TB,DEM,U,UN,U,Age 18 - 25,4,11/27/2023
85990,RANDOLPH,11/07/2023,voter,LC,UNA,B,NL,M,Age 26 - 40,4,11/27/2023
86080,RANDOLPH,11/07/2023,voter,LC,DEM,O,UN,F,Age 18 - 25,1,11/27/2023
86113,RANDOLPH,11/07/2023,voter,AR,REP,U,HL,F,Age 18 - 25,1,11/27/2023
86367,RANDOLPH,11/07/2023,voter,,NLB,W,NL,F,Age 18 - 25,1,11/27/2023
86413,RANDOLPH,11/07/2023,voter,AR,DEM,M,HL,F,Age 18 - 25,1,11/27/2023
86414,RANDOLPH,11/07/2023,voter,TT,DEM,W,UN,F,Age 18 - 25,5,11/27/2023
86422,RANDOLPH,11/07/2023,voter,AR,REP,B,NL,M,Age 26 - 40,1,11/27/2023
86453,RANDOLPH,11/07/2023,voter,LB,UNA,B,NL,M,Age 18 - 25,7,11/27/2023
86458,RANDOLPH,11/07/2023,voter,AE,REP,B,UN,F,Age Over 66,1,11/27/2023
86476,RANDOLPH,11/07/2023,voter,AR,UNA,W,UN,U,Age Over 66,1,11/27/2023
86521,RANDOLPH,11/07/2023,voter,AE,REP,O,HL,M,Age 26 - 40,2,11/27/2023
86548,RANDOLPH,11/07/2023,voter,AS,UNA,W,HL,F,Age 41 - 65,1,11/27/2023
86576,RANDOLPH,11/07/2023,voter,RN,REP,O,UN,F,Age 41 - 65,1,11/27/2023
86637,RANDOLPH,11/07/2023,voter,AN,DEM,U,HL,U,Age 41 - 65,1,11/27/2023
86787,RANDOLPH,11/07/2023,voter,ST,DEM,U,HL,F,Age 18 - 25,2,11/27/2023
86810,RANDOLPH,11/07/2023,voter,AN,REP,W,UN,U,Age 18 - 25,1,11/27/2023
86814,RANDOLPH,11/07/2023,voter,AS,UNA,U,HL,F,Age 41 - 65,2,11/27/2023
87022,RANDOLPH,11/07/2023,voter,RN,UNA,B,NL,M,Age 18 - 25,1,11/27/2023
87057,RANDOLPH,11/07/2023,voter,BC,DEM,W,HL,F,Age 41 - 65,1,11/27/2023
87077,RANDOLPH,11/07/2023,voter,NM,UNA,I,UN,F,Age 41 - 65,1,11/27/2023
87193,RANDOLPH,11/07/2023,voter,AR,UNA,U,NL,F,Age 18 - 25,1,11/27/2023
87197,RANDOLPH,11/07/2023,voter,AW,UNA,W,HL,F,Age 26 - 40,1,11/27/2023
87266,RANDOLPH,11/07/2023,voter,AW,DEM,U,HL,M,Age 18 - 25,2,11/27/2023
87318,RANDOLPH,11/07/2023,voter,TR,DEM,B,UN,F,Age 26 - 40,1,11/27/2023
87448,RANDOLPH,11/07/2023,voter,AN,DEM,B,NL,M,Age 26 - 40,5,11/27/2023
87597,RANDOLPH,11/07/2023,voter,AE,UNA,W,NL,M,Age 18 - 25,13,11/27/2023
87833,RANDOLPH,11/07/2023,voter,UG,LIB,W,NL,M,Age 26 - 40,4,11/27/2023
87945,RANDOLPH,11/07/2023,voter,GR,REP,W,NL,F,Age 41 - 65,281,11/27/2023
88051,RANDOLPH,11/07/2023,voter,TR,REP,W,NL,F,Age 26 - 40,126,11/27/2023
88069,RANDOLPH,11/07/2023,voter,TR,LIB,W,NL,M,Age 41 - 65,1,11/27/2023
88102,RANDOLPH,11/07/2023,voter,GR,LIB,W,NL,F,Age 18 - 25,1,11/27/2023
88132,RANDOLPH,11/07/2023,voter,GR,REP,W,HL,M,Age 41 - 65,1,11/27/2023
88280,RANDOLPH,11/07/2023,voter,TT,UNA,U,UN,F,Age 41 - 65,3,11/27/2023
88282,RANDOLPH,11/07/2023,voter,NM,REP,W,UN,F,Age Over 66,28,11/27/2023
88295,RANDOLPH,11/07/2023,voter,GR,REP,O,HL,F,Age 26 - 40,2,11/27/2023
88403,RANDOLPH,11/07/2023,voter,AN,REP,O,HL,M,Age 41 - 65,1,11/27/2023
88488,RANDOLPH,11/07/2023,voter,AE,DEM,O,HL,F,Age 41 - 65,7,11/27/2023
88573,RANDOLPH,11/07/2023,voter,TR,DEM,O,HL,M,Age 18 - 25,2,11/27/2023
88616,RANDOLPH,11/07/2023,voter,NM,REP,W,UN,M,Age Over 66,30,11/27/2023
88663,RANDOLPH,11/07/2023,voter,SO,REP,W,UN,F,Age 41 - 65,33,11/27/2023
88677,RANDOLPH,11/07/2023,voter,UG,UNA,O,UN,F,Age 18 - 25,3,11/27/2023
88678,RANDOLPH,11/07/2023,voter,SO,DEM,B,NL,F,Age 41 - 65,9,11/27/2023
88959,RANDOLPH,11/07/2023,voter,TR,UNA,W,NL,F,Age 41 - 65,88,11/27/2023
89072,RANDOLPH,11/07/2023,voter,AW,REP,W,UN,F,Age 41 - 65,45,11/27/2023
89125,RANDOLPH,11/07/2023,voter,AR,REP,W,UN,F,Age 18 - 25,7,11/27/2023
89250,RANDOLPH,11/07/2023,voter,AW,REP,W,HL,M,Age Over 66,1,11/27/2023
89258,RANDOLPH,11/07/2023,voter,UG,UNA,A,NL,F,Age 18 - 25,1,11/27/2023
89267,RANDOLPH,11/07/2023,voter,,REP,W,UN,M,Age 18 - 25,55,11/27/2023
89277,RANDOLPH,11/07/2023,voter,RM,DEM,U,UN,U,Age 18 - 25,6,11/27/2023
89336,RANDOLPH,11/07/2023,voter,AW,UNA,B,NL,M,Age Over 66,1,11/27/2023
89355,RANDOLPH,11/07/2023,voter,DR,REP,O,NL,M,Age 41 - 65,1,11/27/2023
89541,RANDOLPH,11/07/2023,voter,TR,DEM,O,HL,F,Age 41 - 65,1,11/27/2023
89560,RANDOLPH,11/07/2023,voter,SO,LIB,O,NL,F,Age 26 - 40,1,11/27/2023
89562,RANDOLPH,11/07/2023,voter,DR,DEM,M,HL,F,Age 41 - 65,1,11/27/2023
89585,RANDOLPH,11/07/2023,voter,TR,REP,A,UN,M,Age 41 - 65,1,11/27/2023
89692,RANDOLPH,11/07/2023,voter,DR,DEM,O,HL,F,Age 26 - 40,2,11/27/2023
89848,RANDOLPH,11/07/2023,voter,TR,REP,U,UN,F,Age 41 - 65,3,11/27/2023
89859,RANDOLPH,11/07/2023,voter,NM,REP,W,UN,F,Age 41 - 65,67,11/27/2023
89964,RANDOLPH,11/07/2023,voter,SW,REP,U,UN,U,Age 26 - 40,9,11/27/2023
89991,RANDOLPH,11/07/2023,voter,RN,DEM,U,UN,U,Age Over 66,4,11/27/2023
90110,RANDOLPH,11/07/2023,voter,AR,DEM,O,NL,M,Age Over 66,3,11/27/2023
90157,RANDOLPH,11/07/2023,voter,AS,UNA,W,NL,F,Age 26 - 40,23,11/27/2023
90173,RANDOLPH,11/07/2023,voter,SE,REP,W,UN,F,Age 18 - 25,20,11/27/2023
90177,RANDOLPH,11/07/2023,voter,LB,REP,W,NL,F,Age 18 - 25,15,11/27/2023
90304,RANDOLPH,11/07/2023,voter,LC,UNA,O,HL,F,Age 18 - 25,3,11/27/2023
90344,RANDOLPH,11/07/2023,voter,SO,DEM,B,NL,F,Age Over 66,10,11/27/2023
90624,RANDOLPH,11/07/2023,voter,TR,DEM,B,UN,M,Age 26 - 40,1,11/27/2023
90646,RANDOLPH,11/07/2023,voter,AR,DEM,A,NL,F,Age Over 66,3,11/27/2023
90697,RANDOLPH,11/07/2023,voter,SW,REP,W,UN,F,Age Over 66,9,11/27/2023
90723,RANDOLPH,11/07/2023,voter,AE,LIB,W,NL,M,Age 26 - 40,1,11/27/2023
90848,RANDOLPH,11/07/2023,voter,SE,DEM,I,UN,F,Age Over 66,1,11/27/2023
90927,RANDOLPH,11/07/2023,voter,LB,UNA,U,UN,U,Age 41 - 65,20,11/27/2023
90936,RANDOLPH,11/07/2023,voter,AN,REP,W,UN,F,Age 41 - 65,55,11/27/2023
90962,RANDOLPH,11/07/2023,voter,NM,UNA,O,HL,F,Age 41 - 65,1,11/27/2023
91192,RANDOLPH,11/07/2023,voter,SO,REP,W,NL,U,Age 41 - 65,3,11/27/2023
91199,RANDOLPH,11/07/2023,voter,TR,UNA,U,HL,M,Age 18 - 25,1,11/27/2023
91216,RANDOLPH,11/07/2023,voter,TT,REP,O,HL,M,Age 26 - 40,2,11/27/2023
91222,RANDOLPH,11/07/2023,voter,AW,DEM,W,HL,M,Age 26 - 40,1,11/27/2023
91296,RANDOLPH,11/07/2023,voter,AW,UNA,W,NL,F,Age 18 - 25,14,11/27/2023
91523,RANDOLPH,11/07/2023,voter,UG,UNA,U,UN,F,Age 18 - 25,2,11/27/2023
91624,RANDOLPH,11/07/2023,voter,,UNA,B,NL,F,Age 41 - 65,3,11/27/2023
91809,RANDOLPH,11/07/2023,voter,AS,REP,U,UN,U,Age Over 66,9,11/27/2023
91922,RANDOLPH,11/07/2023,voter,NM,UNA,B,UN,F,Age 26 - 40,1,11/27/2023
91923,RANDOLPH,11/07/2023,voter,AR,UNA,U,UN,U,Age 26 - 40,17,11/27/2023
92008,RANDOLPH,11/07/2023,voter,AR,DEM,B,NL,F,Age 26 - 40,30,11/27/2023
92045,RANDOLPH,11/07/2023,voter,UG,REP,W,UN,F,Age 26 - 40,36,11/27/2023
92100,RANDOLPH,11/07/2023,voter,AS,UNA,U,UN,F,Age 41 - 65,1,11/27/2023
92113,RANDOLPH,11/07/2023,voter,UG,DEM,O,HL,F,Age 26 - 40,11,11/27/2023
92278,RANDOLPH,11/07/2023,voter,BC,REP,A,NL,F,Age Over 66,1,11/27/2023
92317,RANDOLPH,11/07/2023,voter,TR,UNA,O,HL,M,Age 41 - 65,2,11/27/2023
92353,RANDOLPH,11/07/2023,voter,TR,LIB,W,NL,M,Age 26 - 40,4,11/27/2023
92386,RANDOLPH,11/07/2023,voter,TT,UNA,W,UN,F,Age 41 - 65,35,11/27/2023
92419,RANDOLPH,11/07/2023,voter,AN,UNA,O,UN,F,Age 18 - 25,3,11/27/2023
92462,RANDOLPH,11/07/2023,voter,,UNA,W,UN,U,Age 41 - 65,1,11/27/2023
92536,RANDOLPH,11/07/2023,voter,RN,UNA,A,UN,M,Age 41 - 65,1,11/27/2023
92575,RANDOLPH,11/07/2023,voter,AW,DEM,B,HL,F,Age 18 - 25,1,11/27/2023
92630,RANDOLPH,11/07/2023,voter,AE,DEM,B,UN,F,Age 26 - 40,7,11/27/2023
92685,RANDOLPH,11/07/2023,voter,,REP,W,UN,U,Age 26 - 40,2,11/27/2023
92708,RANDOLPH,11/07/2023,voter,AR,DEM,W,NL,M,Age 18 - 25,2,11/27/2023
92818,RANDOLPH,11/07/2023,voter,AN,REP,U,UN,M,Age 26 - 40,3,11/27/2023
93135,RANDOLPH,11/07/2023,voter,AN,UNA,B,NL,M,Age 41 - 65,7,11/27/2023
93143,RANDOLPH,11/07/2023,voter,AR,REP,W,HL,F,Age 41 - 65,2,11/27/2023
93181,RANDOLPH,11/07/2023,voter,AN,DEM,M,HL,M,Age 41 - 65,1,11/27/2023
93360,RANDOLPH,11/07/2023,voter,LC,DEM,B,NL,F,Age 18 - 25,2,11/27/2023
93363,RANDOLPH,11/07/2023,voter,UG,REP,W,UN,F,Age 41 - 65,71,11/27/2023
93440,RANDOLPH,11/07/2023,voter,AE,DEM,W,UN,U,Age Over 66,1,11/27/2023
93549,RANDOLPH,11/07/2023,voter,TR,UNA,M,NL,F,Age 26 - 40,1,11/27/2023
93643,RANDOLPH,11/07/2023,voter,LC,DEM,U,UN,U,Age 26 - 40,7,11/27/2023
93664,RANDOLPH,11/07/2023,voter,AR,LIB,B,UN,M,Age 41 - 65,1,11/27/2023
93678,RANDOLPH,11/07/2023,voter,UG,LIB,W,NL,F,Age Over 66,1,11/27/2023
94057,RANDOLPH,11/07/2023,voter,RN,DEM,W,NL,M,Age Over 66,18,11/27/2023
94404,RANDOLPH,11/07/2023,voter,AS,UNA,W,NL,M,Age 26 - 40,19,11/27/2023
94416,RANDOLPH,11/07/2023,voter,AW,UNA,U,HL,M,Age 26 - 40,2,11/27/2023
94421,RANDOLPH,11/07/2023,voter,GR,UNA,O,UN,M,Age 41 - 65,2,11/27/2023
94424,RANDOLPH,11/07/2023,voter,,DEM,O,UN,M,Age 18 - 25,1,11/27/2023
94426,RANDOLPH,11/07/2023,voter,TR,UNA,O,NL,F,Age 41 - 65,2,11/27/2023
94431,RANDOLPH,11/07/2023,voter,AS,UNA,A,NL,M,Age 26 - 40,1,11/27/2023
94477,RANDOLPH,11/07/2023,voter,SE,DEM,U,UN,U,Age 26 - 40,1,11/27/2023
94729,RANDOLPH,11/07/2023,voter,AW,REP,W,HL,F,Age 41 - 65,3,11/27/2023
94937,RANDOLPH,11/07/2023,voter,AR,UNA,A,NL,M,Age Over 66,3,11/27/2023
95052,RANDOLPH,11/07/2023,voter,AS,DEM,O,HL,F,Age 41 - 65,1,11/27/2023
95113,RANDOLPH,11/07/2023,voter,TR,UNA,U,HL,F,Age Over 66,1,11/27/2023
95138,RANDOLPH,11/07/2023,voter,AW,DEM,O,HL,F,Age 18 - 25,1,11/27/2023
95174,RANDOLPH,11/07/2023,voter,RM,DEM,W,NL,F,Age Over 66,45,11/27/2023
95207,RANDOLPH,11/07/2023,voter,AR,REP,O,HL,M,Age 41 - 65,2,11/27/2023
95261,RANDOLPH,11/07/2023,voter,TR,UNA,B,NL,F,Age 26 - 40,3,11/27/2023
95334,RANDOLPH,11/07/2023,voter,LC,DEM,W,HL,M,Age Over 66,1,11/27/2023
95459,RANDOLPH,11/07/2023,voter,,UNA,W,UN,F,Age 26 - 40,23,11/27/2023
95485,RANDOLPH,11/07/2023,voter,DR,DEM,I,UN,F,Age 41 - 65,1,11/27/2023
95523,RANDOLPH,11/07/2023,voter,AS,DEM,W,HL,F,Age 41 - 65,1,11/27/2023
95603,RANDOLPH,11/07/2023,voter,AW,DEM,W,HL,M,Age 41 - 65,1,11/27/2023
95648,RANDOLPH,11/07/2023,voter,SE,DEM,W,NL,F,Age Over 66,10,11/27/2023
95662,RANDOLPH,11/07/2023,voter,TR,REP,W,NL,F,Age 41 - 65,210,11/27/2023
95710,RANDOLPH,11/07/2023,voter,SO,REP,W,UN,F,Age Over 66,15,11/27/2023
95766,RANDOLPH,11/07/2023,voter,AS,DEM,W,NL,M,Age Over 66,22,11/27/2023
95889,RANDOLPH,11/07/2023,voter,RM,REP,U,UN,F,Age Over 66,2,11/27/2023
95950,RANDOLPH,11/07/2023,voter,NM,REP,O,NL,M,Age 41 - 65,2,11/27/2023
96208,RANDOLPH,11/07/2023,voter,GR,REP,U,UN,U,Age 18 - 25,11,11/27/2023
96291,RANDOLPH,11/07/2023,voter,DR,REP,U,UN,U,Age 26 - 40,15,11/27/2023
96319,RANDOLPH,11/07/2023,voter,GR,REP,U,HL,F,Age 41 - 65,1,11/27/2023
96356,RANDOLPH,11/07/2023,voter,DR,UNA,B,NL,M,Age Over 66,1,11/27/2023
96439,RANDOLPH,11/07/2023,voter,UG,UNA,W,NL,F,Age Over 66,47,11/27/2023
96554,RANDOLPH,11/07/2023,voter,,DEM,A,UN,F,Age 18 - 25,1,11/27/2023
96645,RANDOLPH,11/07/2023,voter,TB,LIB,W,UN,F,Age 41 - 65,2,11/27/2023
96782,RANDOLPH,11/07/2023,voter,,UNA,O,NL,F,Age Over 66,1,11/27/2023
96847,RANDOLPH,11/07/2023,voter,BC,UNA,U,UN,U,Age 26 - 40,18,11/27/2023
96886,RANDOLPH,11/07/2023,voter,AN,REP,W,NL,F,Age 26 - 40,36,11/27/2023
96902,RANDOLPH,11/07/2023,voter,AE,UNA,O,HL,F,Age 26 - 40,9,11/27/2023
97002,RANDOLPH,11/07/2023,voter,RN,UNA,U,NL,F,Age 26 - 40,1,11/27/2023
97201,RANDOLPH,11/07/2023,voter,SO,UNA,O,UN,F,Age 41 - 65,2,11/27/2023
97228,RANDOLPH,11/07/2023,voter,SO,DEM,O,UN,F,Age 18 - 25,2,11/27/2023
97289,RANDOLPH,11/07/2023,voter,AE,LIB,W,UN,M,Age 41 - 65,1,11/27/2023
97294,RANDOLPH,11/07/2023,voter,TT,UNA,W,NL,F,Age 41 - 65,196,11/27/2023
97348,RANDOLPH,11/07/2023,voter,AS,REP,O,NL,M,Age 41 - 65,2,11/27/2023
97358,RANDOLPH,11/07/2023,voter,AS,LIB,W,NL,F,Age 41 - 65,1,11/27/2023
97407,RANDOLPH,11/07/2023,voter,AW,DEM,B,UN,F,Age 41 - 65,4,11/27/2023
97607,RANDOLPH,11/07/2023,voter,AN,LIB,O,HL,M,Age 26 - 40,1,11/27/2023
97805,RANDOLPH,11/07/2023,voter,TR,UNA,M,HL,F,Age 26 - 40,1,11/27/2023
97860,RANDOLPH,11/07/2023,voter,,UNA,B,NL,F,Age Over 66,1,11/27/2023
97864,RANDOLPH,11/07/2023,voter,SE,DEM,B,UN,F,Age Over 66,1,11/27/2023
97952,RANDOLPH,11/07/2023,voter,SE,DEM,W,UN,M,Age Over 66,4,11/27/2023
98223,RANDOLPH,11/07/2023,voter,AE,REP,U,UN,U,Age Over 66,1,11/27/2023
98224,RANDOLPH,11/07/2023,voter,AE,UNA,W,UN,F,Age 41 - 65,30,11/27/2023
98331,RANDOLPH,11/07/2023,voter,ST,UNA,U,NL,F,Age 41 - 65,1,11/27/2023
98415,RANDOLPH,11/07/2023,voter,,DEM,W,UN,M,Age 26 - 40,5,11/27/2023
98499,RANDOLPH,11/07/2023,voter,LC,UNA,O,NL,M,Age 41 - 65,2,11/27/2023
98654,RANDOLPH,11/07/2023,voter,LB,DEM,W,NL,F,Age 41 - 65,58,11/27/2023
98766,RANDOLPH,11/07/2023,voter,NM,DEM,W,NL,U,Age 18 - 25,1,11/27/2023
98856,RANDOLPH,11/07/2023,voter,DR,DEM,W,NL,F,Age 18 - 25,2,11/27/2023
98952,RANDOLPH,11/07/2023,voter,,LIB,U,NL,F,Age 41 - 65,1,11/27/2023
99035,RANDOLPH,11/07/2023,voter,AR,DEM,W,NL,U,Age Over 66,1,11/27/2023
99057,RANDOLPH,11/07/2023,voter,DR,REP,W,NL,M,Age 18 - 25,20,11/27/2023
99120,RANDOLPH,11/07/2023,voter,TR,REP,U,UN,U,Age 41 - 65,58,11/27/2023
99138,RANDOLPH,11/07/2023,voter,TR,DEM,W,NL,F,Age 18 - 25,13,11/27/2023
99167,RANDOLPH,11/07/2023,voter,NM,DEM,W,NL,M,Age 26 - 40,3,11/27/2023
99179,RANDOLPH,11/07/2023,voter,AR,DEM,B,NL,F,Age 41 - 65,22,11/27/2023
99189,RANDOLPH,11/07/2023,voter,RM,REP,U,NL,F,Age Over 66,1,11/27/2023
99237,RANDOLPH,11/07/2023,voter,SW,LIB,W,UN,F,Age 18 - 25,1,11/27/2023
99268,RANDOLPH,11/07/2023,voter,UG,UNA,U,NL,F,Age 26 - 40,1,11/27/2023
99300,RANDOLPH,11/07/2023,voter,AR,DEM,W,NL,F,Age 26 - 40,13,11/27/2023
99532,RANDOLPH,11/07/2023,voter,RN,LIB,W,NL,F,Age 26 - 40,3,11/27/2023
99539,RANDOLPH,11/07/2023,voter,AS,UNA,W,HL,F,Age 26 - 40,3,11/27/2023
99542,RANDOLPH,11/07/2023,voter,RN,REP,W,UN,U,Age 26 - 40,3,11/27/2023
99568,RANDOLPH,11/07/2023,voter,AN,UNA,O,UN,F,Age 18 - 25,1,11/27/2023
99692,RANDOLPH,11/07/2023,voter,AW,DEM,W,NL,F,Age Over 66,51,11/27/2023
99762,RANDOLPH,11/07/2023,voter,TR,UNA,W,NL,M,Age Over 66,55,11/27/2023
99894,RANDOLPH,11/07/2023,voter,AN,UNA,O,HL,F,Age 18 - 25,19,11/27/2023
99929,RANDOLPH,11/07/2023,voter,AS,REP,B,NL,F,Age 41 - 65,1,11/27/2023
100035,RANDOLPH,11/07/2023,voter,TB,DEM,W,UN,U,Age 18 - 25,1,11/27/2023
100133,RANDOLPH,11/07/2023,voter,NM,DEM,W,UN,F,Age 26 - 40,8,11/27/2023
100148,RANDOLPH,11/07/2023,voter,DR,UNA,O,UN,M,Age 41 - 65,2,11/27/2023
100300,RANDOLPH,11/07/2023,voter,AN,UNA,W,NL,F,Age 18 - 25,9,11/27/2023
100459,RANDOLPH,11/07/2023,voter,AW,DEM,B,NL,F,Age 41 - 65,31,11/27/2023
100473,RANDOLPH,11/07/2023,voter,DR,DEM,U,HL,M,Age 18 - 25,4,11/27/2023
100476,RANDOLPH,11/07/2023,voter,AN,REP,U,HL,M,Age 26 - 40,1,11/27/2023
100481,RANDOLPH,11/07/2023,voter,TR,DEM,W,NL,M,Age 41 - 65,28,11/27/2023
100500,RANDOLPH,11/07/2023,voter,UG,REP,W,UN,M,Age 18 - 25,35,11/27/2023
100637,RANDOLPH,11/07/2023,voter,TT,DEM,W,UN,M,Age 26 - 40,3,11/27/2023
100933,RANDOLPH,11/07/2023,voter,SE,UNA,W,UN,F,Age 26 - 40,12,11/27/2023
100953,RANDOLPH,11/07/2023,voter,AE,UNA,B,NL,M,Age 18 - 25,2,11/27/2023
101009,RANDOLPH,11/07/2023,voter,LC,REP,U,UN,M,Age 41 - 65,1,11/27/2023
101128,RANDOLPH,11/07/2023,voter,AW,DEM,W,NL,M,Age 41 - 65,17,11/27/2023
101132,RANDOLPH,11/07/2023,voter,AW,DEM,O,HL,F,Age 26 - 40,8,11/27/2023
101200,RANDOLPH,11/07/2023,voter,TR,UNA,O,NL,F,Age Over 66,1,11/27/2023
101273,RANDOLPH,11/07/2023,voter,AR,UNA,I,NL,F,Age 18 - 25,2,11/27/2023
101349,RANDOLPH,11/07/2023,voter,BC,UNA,O,HL,M,Age 41 - 65,3,11/27/2023
101364,RANDOLPH,11/07/2023,voter,UG,UNA,B,NL,U,Age 41 - 65,1,11/27/2023
101379,RANDOLPH,11/07/2023,voter,NM,REP,U,UN,M,Age Over 66,2,11/27/2023
101390,RANDOLPH,11/07/2023,voter,SO,UNA,W,NL,F,Age 18 - 25,27,11/27/2023
101393,RANDOLPH,11/07/2023,voter,RN,REP,U,UN,F,Age Over 66,2,11/27/2023
101427,RANDOLPH,11/07/2023,voter,AR,DEM,O,NL,F,Age 26 - 40,3,11/27/2023
101630,RANDOLPH,11/07/2023,voter,AN,UNA,M,UN,M,Age 26 - 40,1,11/27/2023
101688,RANDOLPH,11/07/2023,voter,AS,LIB,O,HL,M,Age 18 - 25,2,11/27/2023
101751,RANDOLPH,11/07/2023,voter,TT,DEM,W,NL,U,Age 41 - 65,1,11/27/2023
101783,RANDOLPH,11/07/2023,voter,DR,UNA,W,UN,F,Age 26 - 40,42,11/27/2023
101970,RANDOLPH,11/07/2023,voter,TR,DEM,W,NL,F,Age Over 66,51,11/27/2023
102023,RANDOLPH,11/07/2023,voter,AW,DEM,B,NL,M,Age Over 66,4,11/27/2023
102129,RANDOLPH,11/07/2023,voter,AR,REP,W,NL,M,Age Over 66,113,11/27/2023
102168,RANDOLPH,11/07/2023,voter,AS,REP,A,UN,F,Age 26 - 40,1,11/27/2023
102236,RANDOLPH,11/07/2023,voter,,DEM,O,HL,F,Age 26 - 40,1,11/27/2023
102247,RANDOLPH,11/07/2023,voter,AS,UNA,W,HL,M,Age 26 - 40,1,11/27/2023
102280,RANDOLPH,11/07/2023,voter,SW,UNA,B,UN,M,Age Over 66,1,11/27/2023
102326,RANDOLPH,11/07/2023,voter,LC,UNA,O,NL,M,Age 26 - 40,2,11/27/2023
102367,RANDOLPH,11/07/2023,voter,AW,DEM,B,UN,M,Age Over 66,4,11/27/2023
102473,RANDOLPH,11/07/2023,voter,AW,UNA,U,UN,F,Age 41 - 65,2,11/27/2023
102513,RANDOLPH,11/07/2023,voter,SW,REP,W,NL,M,Age Over 66,42,11/27/2023
102655,RANDOLPH,11/07/2023,voter,,UNA,W,NL,F,Age 26 - 40,44,11/27/2023
102755,RANDOLPH,11/07/2023,voter,NM,REP,O,HL,M,Age 18 - 25,1,11/27/2023
102995,RANDOLPH,11/07/2023,voter,AR,UNA,U,HL,M,Age 26 - 40,2,11/27/2023
103073,RANDOLPH,11/07/2023,voter,AW,REP,W,NL,F,Age 26 - 40,28,11/27/2023
103112,RANDOLPH,11/07/2023,voter,TB,REP,U,NL,M,Age 41 - 65,1,11/27/2023
103221,RANDOLPH,11/07/2023,voter,AS,UNA,W,NL,F,Age 41 - 65,41,11/27/2023
103334,RANDOLPH,11/07/2023,voter,AW,DEM,U,NL,M,Age 41 - 65,1,11/27/2023
103339,RANDOLPH,11/07/2023,voter,TT,REP,U,NL,U,Age Over 66,1,11/27/2023
103473,RANDOLPH,11/07/2023,voter,UG,REP,W,UN,U,Age 41 - 65,2,11/27/2023
103612,RANDOLPH,11/07/2023,voter,GR,REP,O,HL,U,Age 26 - 40,1,11/27/2023
103720,RANDOLPH,11/07/2023,voter,SW,UNA,W,NL,F,Age 26 - 40,19,11/27/2023
103804,RANDOLPH,11/07/2023,voter,AR,UNA,O,HL,M,Age Over 66,1,11/27/2023
103810,RANDOLPH,11/07/2023,voter,AW,UNA,B,UN,F,Age 41 - 65,7,11/27/2023
103842,RANDOLPH,11/07/2023,voter,AW,UNA,B,NL,F,Age 41 - 65,6,11/27/2023
103908,RANDOLPH,11/07/2023,voter,AR,DEM,B,NL,F,Age Over 66,7,11/27/2023
104092,RANDOLPH,11/07/2023,voter,AW,REP,B,UN,F,Age 18 - 25,1,11/27/2023
104098,RANDOLPH,11/07/2023,voter,AE,UNA,B,UN,F,Age 26 - 40,5,11/27/2023
104104,RANDOLPH,11/07/2023,voter,AE,REP,B,NL,F,Age 26 - 40,2,11/27/2023
104159,RANDOLPH,11/07/2023,voter,GR,UNA,W,NL,F,Age 18 - 25,23,11/27/2023
104165,RANDOLPH,11/07/2023,voter,LC,UNA,U,HL,M,Age 18 - 25,1,11/27/2023
104215,RANDOLPH,11/07/2023,voter,SO,REP,U,UN,M,Age 26 - 40,1,11/27/2023
104224,RANDOLPH,11/07/2023,voter,SW,DEM,W,NL,F,Age 41 - 65,8,11/27/2023
104238,RANDOLPH,11/07/2023,voter,,REP,O,HL,F,Age 41 - 65,1,11/27/2023
104263,RANDOLPH,11/07/2023,voter,UG,UNA,O,HL,F,Age 41 - 65,1,11/27/2023
104310,RANDOLPH,11/07/2023,voter,DR,UNA,O,UN,F,Age 41 - 65,2,11/27/2023
104362,RANDOLPH,11/07/2023,voter,TR,UNA,W,NL,M,Age 26 - 40,1,11/27/2023
104378,RANDOLPH,11/07/2023,voter,LB,UNA,W,UN,F,Age 41 - 65,40,11/27/2023
104432,RANDOLPH,11/07/2023,voter,AN,REP,O,UN,M,Age 18 - 25,1,11/27/2023
104440,RANDOLPH,11/07/2023,voter,AN,UNA,O,NL,F,Age 26 - 40,1,11/27/2023
104547,RANDOLPH,11/07/2023,voter,RN,UNA,A,UN,M,Age Over 66,1,11/27/2023
104659,RANDOLPH,11/07/2023,voter,AR,REP,W,NL,F,Age 41 - 65,232,11/27/2023
104685,RANDOLPH,11/07/2023,voter,AE,UNA,O,UN,M,Age 18 - 25,2,11/27/2023
104940,RANDOLPH,11/07/2023,voter,RM,DEM,W,UN,F,Age 18 - 25,6,11/27/2023
105197,RANDOLPH,11/07/2023,voter,,REP,U,UN,M,Age 18 - 25,1,11/27/2023
105234,RANDOLPH,11/07/2023,voter,AW,UNA,W,NL,M,Age 26 - 40,18,11/27/2023
105271,RANDOLPH,11/07/2023,voter,AR,REP,O,NL,M,Age 26 - 40,5,11/27/2023
105347,RANDOLPH,11/07/2023,voter,RN,UNA,U,HL,U,Age 18 - 25,1,11/27/2023
105351,RANDOLPH,11/07/2023,voter,AN,DEM,O,HL,F,Age 18 - 25,7,11/27/2023
105365,RANDOLPH,11/07/2023,voter,SO,DEM,W,NL,F,Age 18 - 25,2,11/27/2023
105398,RANDOLPH,11/07/2023,voter,AW,UNA,A,UN,F,Age 26 - 40,1,11/27/2023
105642,RANDOLPH,11/07/2023,voter,LB,REP,U,HL,F,Age 18 - 25,1,11/27/2023
105651,RANDOLPH,11/07/2023,voter,UG,UNA,A,UN,F,Age Over 66,1,11/27/2023
105692,RANDOLPH,11/07/2023,voter,TT,UNA,B,NL,F,Age Over 66,1,11/27/2023
105944,RANDOLPH,11/07/2023,voter,LC,UNA,W,NL,M,Age Over 66,29,11/27/2023
105976,RANDOLPH,11/07/2023,voter,TB,REP,W,UN,F,Age Over 66,44,11/27/2023
106006,RANDOLPH,11/07/2023,voter,TB,DEM,W,NL,F,Age 26 - 40,13,11/27/2023
106030,RANDOLPH,11/07/2023,voter,TT,REP,O,HL,M,Age 41 - 65,2,11/27/2023
106160,RANDOLPH,11/07/2023,voter,TR,UNA,U,HL,M,Age 18 - 25,1,11/27/2023
106266,RANDOLPH,11/07/2023,voter,TB,REP,B,UN,F,Age 41 - 65,1,11/27/2023
106335,RANDOLPH,11/07/2023,voter,AN,REP,O,HL,M,Age 18 - 25,6,11/27/2023
106472,RANDOLPH,11/07/2023,voter,AR,UNA,W,NL,U,Age Over 66,1,11/27/2023
106520,RANDOLPH,11/07/2023,voter,RN,UNA,B,UN,F,Age 41 - 65,2,11/27/2023
106550,RANDOLPH,11/07/2023,voter,SE,UNA,U,UN,F,Age 26 - 40,1,11/27/2023
106814,RANDOLPH,11/07/2023,voter,AR,DEM,B,NL,F,Age 26 - 40,5,11/27/2023
106816,RANDOLPH,11/07/2023,voter,RN,UNA,B,UN,F,Age 26 - 40,7,11/27/2023
107074,RANDOLPH,11/07/2023,voter,TB,REP,W,NL,F,Age Over 66,201,11/27/2023
107101,RANDOLPH,11/07/2023,voter,AN,DEM,U,UN,M,Age Over 66,1,11/27/2023
107183,RANDOLPH,11/07/2023,voter,SO,DEM,W,UN,M,Age 18 - 25,2,11/27/2023
107248,RANDOLPH,11/07/2023,voter,AN,DEM,W,NL,M,Age 18 - 25,1,11/27/2023
107333,RANDOLPH,11/07/2023,voter,AN,UNA,U,UN,F,Age 26 - 40,2,11/27/2023
107339,RANDOLPH,11/07/2023,voter,AR,UNA,U,NL,F,Age 18 - 25,2,11/27/2023
107343,RANDOLPH,11/07/2023,voter,RM,UNA,O,UN,M,Age 18 - 25,4,11/27/2023
107422,RANDOLPH,11/07/2023,voter,AR,UNA,W,NL,M,Age Over 66,36,11/27/2023
107498,RANDOLPH,11/07/2023,voter,TR,DEM,W,NL,F,Age 18 - 25,5,11/27/2023
107705,RANDOLPH,11/07/2023,voter,SO,UNA,W,UN,F,Age 26 - 40,37,11/27/2023
107788,RANDOLPH,11/07/2023,voter,AW,UNA,W,UN,F,Age Over 66,12,11/27/2023
107816,RANDOLPH,11/07/2023,voter,LC,DEM,W,UN,F,Age 41 - 65,11,11/27/2023
107833,RANDOLPH,11/07/2023,voter,TR,REP,W,NL,F,Age 41 - 65,2,11/27/2023
108011,RANDOLPH,11/07/2023,voter,TT,REP,O,NL,F,Age 41 - 65,1,11/27/2023
108035,RANDOLPH,11/07/2023,voter,GR,DEM,B,UN,M,Age 41 - 65,11,11/27/2023
108065,RANDOLPH,11/07/2023,voter,TT,LIB,W,NL,F,Age 26 - 40,3,11/27/2023
108093,RANDOLPH,11/07/2023,voter,RM,UNA,U,HL,M,Age 41 - 65,2,11/27/2023
108322,RANDOLPH,11/07/2023,voter,AW,DEM,W,HL,M,Age 41 - 65,1,11/27/2023
108340,RANDOLPH,11/07/2023,voter,TR,UNA,U,HL,F,Age 18 - 25,2,11/27/2023
108412,RANDOLPH,11/07/2023,voter,LC,UNA,U,UN,F,Age 26 - 40,1,11/27/2023
108599,RANDOLPH,11/07/2023,voter,GR,DEM,O,HL,F,Age Over 66,1,11/27/2023
108617,RANDOLPH,11/07/2023,voter,SO,UNA,U,UN,F,Age 26 - 40,1,11/27/2023
108646,RANDOLPH,11/07/2023,voter,SO,REP,U,UN,F,Age Over 66,1,11/27/2023
108712,RANDOLPH,11/07/2023,voter,AE,DEM,W,NL,F,Age 18 - 25,4,11/27/2023
108757,RANDOLPH,11/07/2023,voter,AW,REP,O,HL,M,Age 18 - 25,3,11/27/2023
108943,RANDOLPH,11/07/2023,voter,TB,UNA,U,UN,U,Age 41 - 65,19,11/27/2023
109029,RANDOLPH,11/07/2023,voter,AW,UNA,W,UN,M,Age 41 - 65,40,11/27/2023
109097,RANDOLPH,11/07/2023,voter,RM,UNA,A,UN,M,Age 18 - 25,1,11/27/2023
109110,RANDOLPH,11/07/2023,voter,AS,DEM,B,UN,M,Age 18 - 25,2,11/27/2023
109143,RANDOLPH,11/07/2023,voter,NM,DEM,W,UN,M,Age 26 - 40,2,11/27/2023
109193,RANDOLPH,11/07/2023,voter,TT,DEM,U,UN,F,Age 18 - 25,1,11/27/2023
109213,RANDOLPH,11/07/2023,voter,DR,UNA,W,UN,U,Age Over 66,2,11/27/2023
109288,RANDOLPH,11/07/2023,voter,AR,REP,I,NL,M,Age 18 - 25,1,11/27/2023
109291,RANDOLPH,11/07/2023,voter,NM,REP,B,UN,F,Age 18 - 25,1,11/27/2023
109303,RANDOLPH,11/07/2023,voter,,UNA,W,NL,F,Age 41 - 65,94,11/27/2023
109414,RANDOLPH,11/07/2023,voter,AW,UNA,W,UN,F,Age Over 66,34,11/27/2023
109439,RANDOLPH,11/07/2023,voter,NM,REP,O,NL,F,Age 18 - 25,1,11/27/2023
109534,RANDOLPH,11/07/2023,voter,UG,REP,W,NL,M,Age 18 - 25,21,11/27/2023
109560,RANDOLPH,11/07/2023,voter,UG,REP,U,UN,U,Age 26 - 40,16,11/27/2023
109839,RANDOLPH,11/07/2023,voter,AW,REP,W,UN,M,Age 26 - 40,35,11/27/2023
109852,RANDOLPH,11/07/2023,voter,SE,DEM,W,NL,M,Age 18 - 25,1,11/27/2023
110167,RANDOLPH,11/07/2023,voter,GR,REP,W,NL,M,Age 18 - 25,44,11/27/2023
110169,RANDOLPH,11/07/2023,voter,RN,UNA,U,UN,M,Age 41 - 65,1,11/27/2023
110229,RANDOLPH,11/07/2023,voter,UG,REP,W,UN,U,Age 26 - 40,1,11/27/2023
110322,RANDOLPH,11/07/2023,voter,BC,UNA,O,UN,M,Age 26 - 40,2,11/27/2023
110380,RANDOLPH,11/07/2023,voter,AN,REP,U,UN,M,Age 26 - 40,1,11/27/2023
110465,RANDOLPH,11/07/2023,voter,UG,UNA,A,NL,F,Age Over 66,1,11/27/2023
110598,RANDOLPH,11/07/2023,voter,AE,REP,O,UN,M,Age 18 - 25,2,11/27/2023
110609,RANDOLPH,11/07/2023,voter,DR,UNA,U,UN,U,Age Over 66,4,11/27/2023
110726,RANDOLPH,11/07/2023,voter,RN,LIB,W,UN,M,Age 26 - 40,1,11/27/2023
110743,RANDOLPH,11/07/2023,voter,AE,DEM,W,HL,F,Age 41 - 65,2,11/27/2023
110919,RANDOLPH,11/07/2023,voter,NM,DEM,B,NL,M,Age Over 66,6,11/27/2023
111179,RANDOLPH,11/07/2023,voter,ST,REP,B,NL,F,Age 18 - 25,1,11/27/2023
111455,RANDOLPH,11/07/2023,voter,GR,UNA,B,NL,M,Age Over 66,2,11/27/2023
111633,RANDOLPH,11/07/2023,voter,AN,UNA,U,UN,F,Age Over 66,2,11/27/2023
111659,RANDOLPH,11/07/2023,voter,AW,UNA,B,UN,M,Age 41 - 65,1,11/27/2023
111712,RANDOLPH,11/07/2023,voter,LB,DEM,B,NL,F,Age 18 - 25,4,11/27/2023
111740,RANDOLPH,11/07/2023,voter,TR,UNA,A,NL,M,Age 18 - 25,1,11/27/2023
111807,RANDOLPH,11/07/2023,voter,RN,DEM,W,NL,U,Age 41 - 65,1,11/27/2023
111916,RANDOLPH,11/07/2023,voter,TT,UNA,W,NL,F,Age 26 - 40,91,11/27/2023
112001,RANDOLPH,11/07/2023,voter,AR,DEM,O,HL,F,Age Over 66,1,11/27/2023
112363,RANDOLPH,11/07/2023,voter,TR,REP,W,HL,F,Age 26 - 40,1,11/27/2023
112514,RANDOLPH,11/07/2023,voter,TR,UNA,U,UN,M,Age Over 66,5,11/27/2023
112650,RANDOLPH,11/07/2023,voter,AW,REP,U,UN,F,Age 41 - 65,2,11/27/2023
112796,RANDOLPH,11/07/2023,voter,UG,REP,W,NL,F,Age 18 - 25,26,11/27/2023
112814,RANDOLPH,11/07/2023,voter,RN,UNA,O,UN,M,Age 26 - 40,4,11/27/2023
112944,RANDOLPH,11/07/2023,voter,LB,REP,W,UN,F,Age 18 - 25,19,11/27/2023
112971,RANDOLPH,11/07/2023,voter,AR,UNA,B,UN,F,Age 41 - 65,2,11/27/2023
113157,RANDOLPH,11/07/2023,voter,AN,UNA,A,UN,F,Age 26 - 40,1,11/27/2023
113260,RANDOLPH,11/07/2023,voter,RN,GRE,W,UN,F,Age 26 - 40,1,11/27/2023
113283,RANDOLPH,11/07/2023,voter,TR,UNA,O,NL,U,Age 26 - 40,1,11/27/2023
113284,RANDOLPH,11/07/2023,voter,LC,DEM,W,UN,F,Age 26 - 40,4,11/27/2023
113307,RANDOLPH,11/07/2023,voter,AR,REP,W,UN,F,Age 26 - 40,30,11/27/2023
113329,RANDOLPH,11/07/2023,voter,AN,DEM,U,UN,U,Age 26 - 40,8,11/27/2023
113380,RANDOLPH,11/07/2023,voter,,UNA,O,HL,M,Age 18 - 25,1,11/27/2023
113427,RANDOLPH,11/07/2023,voter,DR,REP,W,NL,U,Age 26 - 40,6,11/27/2023
113498,RANDOLPH,11/07/2023,voter,LB,UNA,A,UN,M,Age Over 66,1,11/27/2023
113547,RANDOLPH,11/07/2023,voter,TR,REP,W,UN,U,Age 41 - 65,2,11/27/2023
113554,RANDOLPH,11/07/2023,voter,AS,DEM,U,HL,F,Age 18 - 25,3,11/27/2023
113567,RANDOLPH,11/07/2023,voter,UG,DEM,B,UN,F,Age 18 - 25,2,11/27/2023
113578,RANDOLPH,11/07/2023,voter,TR,REP,W,UN,M,Age Over 66,1,11/27/2023
113608,RANDOLPH,11/07/2023,voter,AR,REP,A,UN,M,Age 41 - 65,1,11/27/2023
113649,RANDOLPH,11/07/2023,voter,DR,DEM,W,UN,F,Age 18 - 25,8,11/27/2023
113730,RANDOLPH,11/07/2023,voter,AR,REP,W,UN,M,Age 26 - 40,12,11/27/2023
113813,RANDOLPH,11/07/2023,voter,BC,LIB,O,HL,M,Age 26 - 40,1,11/27/2023
113991,RANDOLPH,11/07/2023,voter,AS,REP,U,UN,F,Age Over 66,1,11/27/2023
114031,RANDOLPH,11/07/2023,voter,AW,REP,A,NL,F,Age 18 - 25,1,11/27/2023
114156,RANDOLPH,11/07/2023,voter,SO,UNA,W,UN,F,Age Over 66,21,11/27/2023
114301,RANDOLPH,11/07/2023,voter,RM,UNA,B,UN,F,Age Over 66,1,11/27/2023
114498,RANDOLPH,11/07/2023,voter,NM,UNA,O,HL,M,Age 18 - 25,3,11/27/2023
114502,RANDOLPH,11/07/2023,voter,SE,REP,B,UN,F,Age 41 - 65,1,11/27/2023
114922,RANDOLPH,11/07/2023,voter,AE,UNA,W,UN,U,Age Over 66,1,11/27/2023
114963,RANDOLPH,11/07/2023,voter,AW,REP,U,HL,F,Age Over 66,1,11/27/2023
114984,RANDOLPH,11/07/2023,voter,,REP,I,NL,F,Age 26 - 40,1,11/27/2023
115118,RANDOLPH,11/07/2023,voter,AR,UNA,B,NL,F,Age Over 66,2,11/27/2023
115158,RANDOLPH,11/07/2023,voter,AW,UNA,B,HL,F,Age Over 66,1,11/27/2023
115222,RANDOLPH,11/07/2023,voter,DR,REP,W,UN,F,Age 26 - 40,47,11/27/2023
115241,RANDOLPH,11/07/2023,voter,RM,DEM,B,NL,F,Age Over 66,47,11/27/2023
115294,RANDOLPH,11/07/2023,voter,AW,DEM,W,UN,M,Age Over 66,1,11/27/2023
115385,RANDOLPH,11/07/2023,voter,RN,DEM,U,HL,F,Age 41 - 65,1,11/27/2023
115494,RANDOLPH,11/07/2023,voter,LC,DEM,B,UN,F,Age 18 - 25,2,11/27/2023
115556,RANDOLPH,11/07/2023,voter,AS,UNA,W,NL,M,Age Over 66,33,11/27/2023
115600,RANDOLPH,11/07/2023,voter,RN,UNA,I,NL,F,Age 41 - 65,2,11/27/2023
115758,RANDOLPH,11/07/2023,voter,AE,DEM,B,NL,M,Age 18 - 25,1,11/27/2023
115854,RANDOLPH,11/07/2023,voter,AN,DEM,W,UN,M,Age Over 66,2,11/27/2023
115870,RANDOLPH,11/07/2023,voter,RN,REP,W,NL,U,Age 26 - 40,8,11/27/2023
115947,RANDOLPH,11/07/2023,voter,TT,DEM,W,UN,M,Age 41 - 65,10,11/27/2023
116015,RANDOLPH,11/07/2023,voter,AE,DEM,A,NL,M,Age 18 - 25,1,11/27/2023
116111,RANDOLPH,11/07/2023,voter,LC,LIB,W,UN,M,Age 41 - 65,1,11/27/2023
116336,RANDOLPH,11/07/2023,voter,AW,REP,B,UN,F,Age Over 66,2,11/27/2023
116441,RANDOLPH,11/07/2023,voter,TT,LIB,U,UN,U,Age 18 - 25,1,11/27/2023
116483,RANDOLPH,11/07/2023,voter,GR,DEM,B,UN,F,Age 18 - 25,1,11/27/2023
116509,RANDOLPH,11/07/2023,voter,TT,DEM,B,NL,M,Age 18 - 25,2,11/27/2023
116536,RANDOLPH,11/07/2023,voter,GR,UNA,B,NL,F,Age 18 - 25,1,11/27/2023
116540,RANDOLPH,11/07/2023,voter,AN,DEM,O,NL,F,Age 26 - 40,1,11/27/2023
116572,RANDOLPH,11/07/2023,voter,NM,DEM,W,NL,F,Age Over 66,33,11/27/2023
116655,RANDOLPH,11/07/2023,voter,BC,REP,W,UN,M,Age 41 - 65,89,11/27/2023
116691,RANDOLPH,11/07/2023,voter,UG,UNA,B,UN,F,Age 18 - 25,3,11/27/2023
116887,RANDOLPH,11/07/2023,voter,AE,REP,M,HL,M,Age 41 - 65,1,11/27/2023
116900,RANDOLPH,11/07/2023,voter,,REP,W,UN,U,Age Over 66,1,11/27/2023
116924,RANDOLPH,11/07/2023,voter,UG,REP,U,UN,F,Age 26 - 40,2,11/27/2023
117022,RANDOLPH,11/07/2023,voter,AE,REP,W,UN,M,Age 18 - 25,22,11/27/2023
117146,RANDOLPH,11/07/2023,voter,GR,DEM,B,NL,M,Age 26 - 40,6,11/27/2023
117213,RANDOLPH,11/07/2023,voter,NM,UNA,W,UN,U,Age 41 - 65,2,11/27/2023
117274,RANDOLPH,11/07/2023,voter,NM,UNA,W,NL,M,Age 41 - 65,78,11/27/2023
117352,RANDOLPH,11/07/2023,voter,AR,REP,W,NL,F,Age 26 - 40,55,11/27/2023
117507,RANDOLPH,11/07/2023,voter,SE,UNA,W,UN,M,Age Over 66,4,11/27/2023
117677,RANDOLPH,11/07/2023,voter,AR,DEM,B,UN,F,Age 18 - 25,1,11/27/2023
117720,RANDOLPH,11/07/2023,voter,SE,UNA,W,NL,M,Age 18 - 25,1,11/27/2023
117752,RANDOLPH,11/07/2023,voter,NM,UNA,O,UN,M,Age 26 - 40,2,11/27/2023
117908,RANDOLPH,11/07/2023,voter,AE,UNA,B,UN,U,Age 41 - 65,1,11/27/2023
117923,RANDOLPH,11/07/2023,voter,DR,REP,O,HL,M,Age 41 - 65,1,11/27/2023
117966,RANDOLPH,11/07/2023,voter,AS,UNA,W,NL,F,Age 18 - 25,13,11/27/2023
118232,RANDOLPH,11/07/2023,voter,AW,REP,W,NL,F,Age 41 - 65,109,11/27/2023
118252,RANDOLPH,11/07/2023,voter,AN,UNA,W,HL,F,Age Over 66,1,11/27/2023
118327,RANDOLPH,11/07/2023,voter,RN,REP,O,UN,M,Age 41 - 65,1,11/27/2023
118355,RANDOLPH,11/07/2023,voter,RN,REP,B,UN,M,Age 41 - 65,1,11/27/2023
118494,RANDOLPH,11/07/2023,voter,SO,UNA,B,NL,M,Age Over 66,2,11/27/2023
118526,RANDOLPH,11/07/2023,voter,,DEM,U,UN,U,Age 41 - 65,3,11/27/2023
118712,RANDOLPH,11/07/2023,voter,TR,UNA,B,NL,F,Age 41 - 65,1,11/27/2023
118744,RANDOLPH,11/07/2023,voter,RN,DEM,B,UN,F,Age Over 66,3,11/27/2023
118750,RANDOLPH,11/07/2023,voter,RM,UNA,U,HL,F,Age 26 - 40,2,11/27/2023
118927,RANDOLPH,11/07/2023,voter,LB,DEM,O,NL,F,Age 41 - 65,3,11/27/2023
118938,RANDOLPH,11/07/2023,voter,LB,UNA,B,UN,M,Age 41 - 65,9,11/27/2023
119014,RANDOLPH,11/07/2023,voter,RN,REP,A,NL,F,Age 41 - 65,2,11/27/2023
119117,RANDOLPH,11/07/2023,voter,LC,UNA,I,UN,M,Age 41 - 65,2,11/27/2023
119161,RANDOLPH,11/07/2023,voter,UG,UNA,O,NL,M,Age Over 66,1,11/27/2023
119166,RANDOLPH,11/07/2023,voter,UG,DEM,U,UN,F,Age Over 66,1,11/27/2023
119202,RANDOLPH,11/07/2023,voter,NM,UNA,W,UN,M,Age 18 - 25,23,11/27/2023
119222,RANDOLPH,11/07/2023,voter,AR,DEM,U,UN,U,Age Over 66,3,11/27/2023
119316,RANDOLPH,11/07/2023,voter,AN,REP,W,NL,F,Age 18 - 25,7,11/27/2023
119336,RANDOLPH,11/07/2023,voter,LB,DEM,U,HL,U,Age 18 - 25,1,11/27/2023
119390,RANDOLPH,11/07/2023,voter,UG,DEM,O,UN,M,Age 41 - 65,1,11/27/2023
119396,RANDOLPH,11/07/2023,voter,,UNA,U,UN,F,Age 18 - 25,1,11/27/2023
119660,RANDOLPH,11/07/2023,voter,SO,REP,U,UN,F,Age 41 - 65,2,11/27/2023
119870,RANDOLPH,11/07/2023,voter,TR,DEM,W,NL,M,Age 18 - 25,6,11/27/2023
119947,RANDOLPH,11/07/2023,voter,AW,DEM,O,HL,F,Age 18 - 25,13,11/27/2023
120246,RANDOLPH,11/07/2023,voter,TR,REP,O,NL,F,Age 41 - 65,1,11/27/2023
120274,RANDOLPH,11/07/2023,voter,SO,REP,O,HL,M,Age 18 - 25,1,11/27/2023
120311,RANDOLPH,11/07/2023,voter,AN,UNA,U,UN,M,Age 18 - 25,8,11/27/2023
120422,RANDOLPH,11/07/2023,voter,AW,LIB,W,NL,M,Age 26 - 40,2,11/27/2023
120462,RANDOLPH,11/07/2023,voter,RM,DEM,U,UN,F,Age 18 - 25,6,11/27/2023
120506,RANDOLPH,11/07/2023,voter,TR,DEM,O,NL,U,Age 41 - 65,1,11/27/2023
120554,RANDOLPH,11/07/2023,voter,AN,DEM,U,UN,M,Age 26 - 40,1,11/27/2023
120604,RANDOLPH,11/07/2023,voter,AS,UNA,W,UN,U,Age 18 - 25,1,11/27/2023
120679,RANDOLPH,11/07/2023,voter,AE,DEM,O,UN,F,Age 26 - 40,2,11/27/2023
121073,RANDOLPH,11/07/2023,voter,AN,DEM,I,UN,F,Age 41 - 65,1,11/27/2023
121141,RANDOLPH,11/07/2023,voter,AR,DEM,U,UN,F,Age 41 - 65,2,11/27/2023
121154,RANDOLPH,11/07/2023,voter,SO,DEM,O,UN,F,Age 18 - 25,1,11/27/2023
121155,RANDOLPH,11/07/2023,voter,AR,UNA,O,UN,M,Age 41 - 65,1,11/27/2023
121198,RANDOLPH,11/07/2023,voter,TB,REP,U,UN,U,Age Over 66,9,11/27/2023
121217,RANDOLPH,11/07/2023,voter,UG,REP,I,UN,M,Age 41 - 65,2,11/27/2023
121312,RANDOLPH,11/07/2023,voter,SW,UNA,U,UN,U,Age 26 - 40,9,11/27/2023
121332,RANDOLPH,11/07/2023,voter,AE,DEM,W,HL,M,Age 41 - 65,1,11/27/2023
121379,RANDOLPH,11/07/2023,voter,SW,LIB,M,NL,F,Age 26 - 40,1,11/27/2023
121437,RANDOLPH,11/07/2023,voter,AR,UNA,B,NL,U,Age 26 - 40,1,11/27/2023
121479,RANDOLPH,11/07/2023,voter,RN,LIB,W,UN,F,Age 26 - 40,2,11/27/2023
121484,RANDOLPH,11/07/2023,voter,BC,UNA,U,HL,U,Age 26 - 40,1,11/27/2023
121493,RANDOLPH,11/07/2023,voter,TT,UNA,W,UN,M,Age 26 - 40,24,11/27/2023
121521,RANDOLPH,11/07/2023,voter,UG,LIB,W,NL,M,Age 26 - 40,1,11/27/2023
121941,RANDOLPH,11/07/2023,voter,AW,REP,U,UN,U,Age 41 - 65,5,11/27/2023
121963,RANDOLPH,11/07/2023,voter,AS,DEM,W,UN,F,Age 18 - 25,4,11/27/2023
122035,RANDOLPH,11/07/2023,voter,,DEM,W,NL,M,Age 18 - 25,2,11/27/2023
122110,RANDOLPH,11/07/2023,voter,LC,DEM,O,HL,F,Age 18 - 25,3,11/27/2023
122464,RANDOLPH,11/07/2023,voter,DR,UNA,O,HL,M,Age 18 - 25,12,11/27/2023
122540,RANDOLPH,11/07/2023,voter,,REP,U,NL,M,Age 41 - 65,1,11/27/2023
122596,RANDOLPH,11/07/2023,voter,TR,LIB,W,NL,F,Age 18 - 25,2,11/27/2023
122710,RANDOLPH,11/07/2023,voter,SO,UNA,W,NL,U,Age 41 - 65,2,11/27/2023
122819,RANDOLPH,11/07/2023,voter,AR,UNA,W,UN,M,Age Over 66,10,11/27/2023
122864,RANDOLPH,11/07/2023,voter,LB,REP,A,NL,F,Age 26 - 40,1,11/27/2023
122933,RANDOLPH,11/07/2023,voter,AR,DEM,B,NL,F,Age 18 - 25,2,11/27/2023
122951,RANDOLPH,11/07/2023,voter,AW,DEM,O,HL,F,Age 41 - 65,6,11/27/2023
123034,RANDOLPH,11/07/2023,voter,LB,UNA,A,NL,M,Age 26 - 40,1,11/27/2023
123106,RANDOLPH,11/07/2023,voter,AN,LIB,U,UN,F,Age 18 - 25,1,11/27/2023
123112,RANDOLPH,11/07/2023,voter,AS,DEM,U,HL,M,Age 41 - 65,1,11/27/2023
123126,RANDOLPH,11/07/2023,voter,UG,REP,U,UN,F,Age 26 - 40,2,11/27/2023
123195,RANDOLPH,11/07/2023,voter,TR,UNA,U,UN,U,Age 26 - 40,17,11/27/2023
123198,RANDOLPH,11/07/2023,voter,RM,DEM,A,UN,M,Age 26 - 40,1,11/27/2023
123222,RANDOLPH,11/07/2023,voter,AN,UNA,U,UN,M,Age 18 - 25,13,11/27/2023
123387,RANDOLPH,11/07/2023,voter,AW,REP,U,UN,M,Age 18 - 25,3,11/27/2023
123427,RANDOLPH,11/07/2023,voter,RN,DEM,B,NL,M,Age Over 66,3,11/27/2023
123448,RANDOLPH,11/07/2023,voter,SO,REP,W,NL,U,Age 26 - 40,2,11/27/2023
123546,RANDOLPH,11/07/2023,voter,AN,UNA,B,UN,M,Age Over 66,1,11/27/2023
123548,RANDOLPH,11/07/2023,voter,AR,DEM,W,HL,F,Age 41 - 65,2,11/27/2023
123884,RANDOLPH,11/07/2023,voter,UG,REP,W,HL,M,Age 18 - 25,1,11/27/2023
123919,RANDOLPH,11/07/2023,voter,RN,UNA,W,NL,F,Age 26 - 40,86,11/27/2023
123948,RANDOLPH,11/07/2023,voter,AW,DEM,U,HL,M,Age 41 - 65,4,11/27/2023
124247,RANDOLPH,11/07/2023,voter,TR,UNA,U,HL,M,Age 26 - 40,1,11/27/2023
124296,RANDOLPH,11/07/2023,voter,DR,REP,O,HL,M,Age 18 - 25,1,11/27/2023
124408,RANDOLPH,11/07/2023,voter,AS,UNA,B,UN,M,Age 18 - 25,4,11/27/2023
124537,RANDOLPH,11/07/2023,voter,TB,REP,W,UN,U,Age Over 66,2,11/27/2023
124669,RANDOLPH,11/07/2023,voter,UG,UNA,O,NL,M,Age 18 - 25,1,11/27/2023
124680,RANDOLPH,11/07/2023,voter,AS,DEM,W,NL,F,Age 26 - 40,9,11/27/2023
124688,RANDOLPH,11/07/2023,voter,AR,UNA,W,NL,F,Age 26 - 40,62,11/27/2023
124736,RANDOLPH,11/07/2023,voter,AN,REP,W,UN,F,Age 18 - 25,13,11/27/2023
124797,RANDOLPH,11/07/2023,voter,AR,REP,W,UN,U,Age 18 - 25,1,11/27/2023
124928,RANDOLPH,11/07/2023,voter,NM,REP,B,UN,M,Age Over 66,1,11/27/2023
124983,RANDOLPH,11/07/2023,voter,UG,UNA,U,UN,U,Age 26 - 40,9,11/27/2023
125053,RANDOLPH,11/07/2023,voter,BC,UNA,O,HL,F,Age 18 - 25,4,11/27/2023
125130,RANDOLPH,11/07/2023,voter,BC,REP,W,UN,U,Age 41 - 65,1,11/27/2023
125231,RANDOLPH,11/07/2023,voter,AW,UNA,O,UN,F,Age 26 - 40,2,11/27/2023
125463,RANDOLPH,11/07/2023,voter,AW,REP,W,NL,M,Age Over 66,86,11/27/2023
125516,RANDOLPH,11/07/2023,voter,GR,DEM,U,NL,F,Age Over 66,1,11/27/2023
125612,RANDOLPH,11/07/2023,voter,AW,DEM,M,HL,F,Age 18 - 25,1,11/27/2023
125723,RANDOLPH,11/07/2023,voter,AS,REP,I,NL,F,Age 41 - 65,1,11/27/2023
125726,RANDOLPH,11/07/2023,voter,AR,REP,W,NL,U,Age 26 - 40,12,11/27/2023
125734,RANDOLPH,11/07/2023,voter,SW,LIB,W,NL,M,Age 26 - 40,1,11/27/2023
126009,RANDOLPH,11/07/2023,voter,AE,DEM,B,UN,F,Age Over 66,4,11/27/2023
126109,RANDOLPH,11/07/2023,voter,RN,DEM,U,UN,M,Age 41 - 65,3,11/27/2023
126136,RANDOLPH,11/07/2023,voter,UG,DEM,U,UN,M,Age Over 66,1,11/27/2023
126169,RANDOLPH,11/07/2023,voter,AS,REP,O,HL,M,Age 26 - 40,3,11/27/2023
126235,RANDOLPH,11/07/2023,voter,NM,DEM,B,NL,F,Age 41 - 65,4,11/27/2023
126275,RANDOLPH,11/07/2023,voter,UG,REP,O,HL,F,Age 26 - 40,2,11/27/2023
126379,RANDOLPH,11/07/2023,voter,SO,UNA,U,HL,M,Age 18 - 25,3,11/27/2023
126386,RANDOLPH,11/07/2023,voter,,REP,W,HL,F,Age 18 - 25,2,11/27/2023
126494,RANDOLPH,11/07/2023,voter,AR,REP,O,NL,U,Age Over 66,1,11/27/2023
126668,RANDOLPH,11/07/2023,voter,TR,DEM,W,NL,U,Age 18 - 25,1,11/27/2023
126944,RANDOLPH,11/07/2023,voter,SO,REP,U,HL,U,Age 41 - 65,1,11/27/2023
127044,RANDOLPH,11/07/2023,voter,AW,UNA,U,HL,M,Age 18 - 25,4,11/27/2023
127149,RANDOLPH,11/07/2023,voter,UG,DEM,O,NL,M,Age 26 - 40,1,11/27/2023
127335,RANDOLPH,11/07/2023,voter,NM,UNA,W,HL,F,Age 18 - 25,2,11/27/2023
127406,RANDOLPH,11/07/2023,voter,TB,DEM,B,NL,F,Age 18 - 25,1,11/27/2023
127439,RANDOLPH,11/07/2023,voter,LC,REP,U,UN,U,Age 18 - 25,7,11/27/2023
127459,RANDOLPH,11/07/2023,voter,UG,UNA,W,NL,M,Age Over 66,41,11/27/2023
127477,RANDOLPH,11/07/2023,voter,AR,DEM,M,HL,M,Age 41 - 65,2,11/27/2023
127607,RANDOLPH,11/07/2023,voter,AE,UNA,A,UN,F,Age 18 - 25,1,11/27/2023
127648,RANDOLPH,11/07/2023,voter,NM,UNA,U,HL,M,Age 18 - 25,1,11/27/2023
127727,RANDOLPH,11/07/2023,voter,AN,UNA,O,HL,M,Age 41 - 65,3,11/27/2023
127771,RANDOLPH,11/07/2023,voter,DR,UNA,W,UN,M,Age 26 - 40,26,11/27/2023
127838,RANDOLPH,11/07/2023,voter,AN,LIB,W,UN,M,Age 18 - 25,1,11/27/2023
127860,RANDOLPH,11/07/2023,voter,DR,UNA,I,UN,F,Age 41 - 65,1,11/27/2023
127994,RANDOLPH,11/07/2023,voter,SW,UNA,W,UN,F,Age 18 - 25,9,11/27/2023
128189,RANDOLPH,11/07/2023,voter,,REP,W,HL,F,Age 41 - 65,1,11/27/2023
128449,RANDOLPH,11/07/2023,voter,AW,UNA,W,UN,M,Age 26 - 40,44,11/27/2023
128647,RANDOLPH,11/07/2023,voter,AR,LIB,O,HL,M,Age 26 - 40,1,11/27/2023
128799,RANDOLPH,11/07/2023,voter,UG,UNA,W,UN,M,Age 18 - 25,31,11/27/2023
128828,RANDOLPH,11/07/2023,voter,NM,REP,O,HL,M,Age 26 - 40,1,11/27/2023
128851,RANDOLPH,11/07/2023,voter,,DEM,B,NL,M,Age Over 66,1,11/27/2023
129055,RANDOLPH,11/07/2023,voter,SE,UNA,U,NL,M,Age 18 - 25,1,11/27/2023
129180,RANDOLPH,11/07/2023,voter,AW,LIB,W,UN,M,Age 18 - 25,2,11/27/2023
129186,RANDOLPH,11/07/2023,voter,AR,UNA,W,HL,M,Age 41 - 65,2,11/27/2023
129191,RANDOLPH,11/07/2023,voter,AE,REP,U,UN,M,Age 18 - 25,4,11/27/2023
129195,RANDOLPH,11/07/2023,voter,,REP,U,NL,F,Age Over 66,2,11/27/2023
129299,RANDOLPH,11/07/2023,voter,NM,REP,U,UN,U,Age 41 - 65,20,11/27/2023
129505,RANDOLPH,11/07/2023,voter,AR,DEM,A,NL,F,Age 41 - 65,2,11/27/2023
129511,RANDOLPH,11/07/2023,voter,AN,UNA,A,UN,F,Age Over 66,2,11/27/2023
129634,RANDOLPH,11/07/2023,voter,AR,DEM,W,NL,F,Age Over 66,46,11/27/2023
129782,RANDOLPH,11/07/2023,voter,TT,UNA,U,UN,U,Age 18 - 25,10,11/27/2023
129789,RANDOLPH,11/07/2023,voter,TB,DEM,U,UN,F,Age 41 - 65,1,11/27/2023
129922,RANDOLPH,11/07/2023,voter,TR,REP,O,HL,F,Age 26 - 40,1,11/27/2023
129961,RANDOLPH,11/07/2023,voter,TR,UNA,W,UN,U,Age 26 - 40,1,11/27/2023
130061,RANDOLPH,11/07/2023,voter,AW,DEM,U,HL,F,Age 18 - 25,3,11/27/2023
130099,RANDOLPH,11/07/2023,voter,TB,DEM,W,UN,F,Age 41 - 65,4,11/27/2023
130145,RANDOLPH,11/07/2023,voter,BC,UNA,W,UN,M,Age Over 66,11,11/27/2023
130155,RANDOLPH,11/07/2023,voter,NM,UNA,B,NL,M,Age 41 - 65,3,11/27/2023
130202,RANDOLPH,11/07/2023,voter,AW,UNA,O,HL,F,Age 41 - 65,7,11/27/2023
130286,RANDOLPH,11/07/2023,voter,SE,UNA,W,NL,U,Age 26 - 40,3,11/27/2023
130382,RANDOLPH,11/07/2023,voter,SO,REP,U,UN,M,Age 26 - 40,1,11/27/2023
130427,RANDOLPH,11/07/2023,voter,BC,REP,U,UN,M,Age 41 - 65,2,11/27/2023
130575,RANDOLPH,11/07/2023,voter,SW,DEM,W,UN,M,Age 41 - 65,3,11/27/2023
130605,RANDOLPH,11/07/2023,voter,,DEM,U,HL,F,Age 18 - 25,1,11/27/2023
130613,RANDOLPH,11/07/2023,voter,UG,DEM,B,UN,M,Age 41 - 65,7,11/27/2023
130637,RANDOLPH,11/07/2023,voter,GR,UNA,B,NL,M,Age 26 - 40,3,11/27/2023
130683,RANDOLPH,11/07/2023,voter,GR,NLB,W,UN,F,Age 26 - 40,1,11/27/2023
130773,RANDOLPH,11/07/2023,voter,TR,REP,W,NL,F,Age 26 - 40,1,11/27/2023
130775,RANDOLPH,11/07/2023,voter,SO,REP,W,NL,F,Age 41 - 65,201,11/27/2023
130802,RANDOLPH,11/07/2023,voter,,UNA,W,NL,U,Age 26 - 40,6,11/27/2023
130869,RANDOLPH,11/07/2023,voter,AW,REP,W,UN,U,Age 41 - 65,1,11/27/2023
130907,RANDOLPH,11/07/2023,voter,UG,REP,I,UN,F,Age 18 - 25,1,11/27/2023
130945,RANDOLPH,11/07/2023,voter,AR,REP,O,UN,F,Age 18 - 25,2,11/27/2023
131070,RANDOLPH,11/07/2023,voter,AE,REP,B,NL,M,Age 26 - 40,1,11/27/2023
131089,RANDOLPH,11/07/2023,voter,AW,DEM,U,UN,M,Age 18 - 25,1,11/27/2023
131091,RANDOLPH,11/07/2023,voter,UG,REP,W,UN,F,Age Over 66,55,11/27/2023
131093,RANDOLPH,11/07/2023,voter,DR,DEM,O,HL,M,Age 26 - 40,7,11/27/2023
131157,RANDOLPH,11/07/2023,voter,UG,UNA,W,NL,M,Age 26 - 40,45,11/27/2023
131158,RANDOLPH,11/07/2023,voter,,DEM,W,UN,U,Age 41 - 65,2,11/27/2023
131180,RANDOLPH,11/07/2023,voter,RN,REP,O,NL,F,Age 41 - 65,1,11/27/2023
131229,RANDOLPH,11/07/2023,voter,TR,REP,U,NL,M,Age Over 66,1,11/27/2023
131232,RANDOLPH,11/07/2023,voter,TT,REP,I,NL,F,Age 41 - 65,2,11/27/2023
131281,RANDOLPH,11/07/2023,voter,AR,REP,A,UN,M,Age 41 - 65,3,11/27/2023
131284,RANDOLPH,11/07/2023,voter,AN,DEM,W,UN,M,Age 26 - 40,4,11/27/2023
131470,RANDOLPH,11/07/2023,voter,UG,UNA,U,NL,M,Age Over 66,1,11/27/2023
131504,RANDOLPH,11/07/2023,voter,SO,DEM,W,NL,F,Age 41 - 65,7,11/27/2023
131580,RANDOLPH,11/07/2023,voter,AW,UNA,U,UN,M,Age 41 - 65,3,11/27/2023
131683,RANDOLPH,11/07/2023,voter,GR,DEM,B,NL,F,Age 41 - 65,22,11/27/2023
131748,RANDOLPH,11/07/2023,voter,AN,UNA,U,UN,U,Age 26 - 40,19,11/27/2023
131803,RANDOLPH,11/07/2023,voter,TR,UNA,B,UN,M,Age 41 - 65,3,11/27/2023
131811,RANDOLPH,11/07/2023,voter,UG,DEM,B,NL,U,Age 41 - 65,1,11/27/2023
131834,RANDOLPH,11/07/2023,voter,AE,UNA,U,UN,F,Age 18 - 25,5,11/27/2023
131846,RANDOLPH,11/07/2023,voter,SO,UNA,A,NL,M,Age 18 - 25,1,11/27/2023
131848,RANDOLPH,11/07/2023,voter,LB,REP,U,HL,M,Age 18 - 25,1,11/27/2023
131882,RANDOLPH,11/07/2023,voter,UG,REP,U,UN,M,Age Over 66,1,11/27/2023
131893,RANDOLPH,11/07/2023,voter,UG,REP,U,UN,F,Age Over 66,3,11/27/2023
132042,RANDOLPH,11/07/2023,voter,AS,REP,U,HL,M,Age 18 - 25,3,11/27/2023
132084,RANDOLPH,11/07/2023,voter,RN,UNA,U,NL,F,Age 18 - 25,1,11/27/2023
132211,RANDOLPH,11/07/2023,voter,LB,UNA,U,NL,F,Age 41 - 65,1,11/27/2023
132303,RANDOLPH,11/07/2023,voter,NM,UNA,O,HL,F,Age 26 - 40,5,11/27/2023
132364,RANDOLPH,11/07/2023,voter,NM,REP,U,NL,M,Age 18 - 25,1,11/27/2023
132499,RANDOLPH,11/07/2023,voter,SO,LIB,U,UN,U,Age Over 66,1,11/27/2023
132512,RANDOLPH,11/07/2023,voter,LB,UNA,B,UN,U,Age 26 - 40,1,11/27/2023
132651,RANDOLPH,11/07/2023,voter,SO,UNA,B,UN,M,Age 26 - 40,1,11/27/2023
132708,RANDOLPH,11/07/2023,voter,RN,UNA,U,UN,M,Age 18 - 25,10,11/27/2023
132759,RANDOLPH,11/07/2023,voter,RN,UNA,U,HL,M,Age 18 - 25,7,11/27/2023
132766,RANDOLPH,11/07/2023,voter,AR,UNA,B,UN,M,Age 18 - 25,1,11/27/2023
132871,RANDOLPH,11/07/2023,voter,LC,REP,A,NL,F,Age 41 - 65,1,11/27/2023
132896,RANDOLPH,11/07/2023,voter,LB,UNA,W,UN,U,Age 41 - 65,1,11/27/2023
132942,RANDOLPH,11/07/2023,voter,UG,REP,W,UN,M,Age Over 66,37,11/27/2023
133049,RANDOLPH,11/07/2023,voter,,UNA,W,NL,U,Age 41 - 65,3,11/27/2023
133056,RANDOLPH,11/07/2023,voter,UG,REP,I,UN,M,Age 41 - 65,1,11/27/2023
133204,RANDOLPH,11/07/2023,voter,LB,REP,B,UN,M,Age 41 - 65,4,11/27/2023
133226,RANDOLPH,11/07/2023,voter,SO,REP,U,UN,M,Age Over 66,2,11/27/2023
133495,RANDOLPH,11/07/2023,voter,TR,REP,W,NL,M,Age Over 66,215,11/27/2023
133538,RANDOLPH,11/07/2023,voter,BC,REP,U,HL,M,Age 18 - 25,1,11/27/2023
133640,RANDOLPH,11/07/2023,voter,AW,LIB,W,NL,F,Age 41 - 65,3,11/27/2023
133749,RANDOLPH,11/07/2023,voter,RN,DEM,B,UN,M,Age 41 - 65,19,11/27/2023
133768,RANDOLPH,11/07/2023,voter,LC,DEM,W,NL,F,Age 18 - 25,4,11/27/2023
133830,RANDOLPH,11/07/2023,voter,UG,REP,W,NL,M,Age 41 - 65,192,11/27/2023
133873,RANDOLPH,11/07/2023,voter,UG,UNA,W,UN,U,Age 26 - 40,1,11/27/2023
133930,RANDOLPH,11/07/2023,voter,UG,REP,U,UN,U,Age 41 - 65,18,11/27/2023
133935,RANDOLPH,11/07/2023,voter,SE,DEM,O,HL,M,Age 18 - 25,1,11/27/2023
134237,RANDOLPH,11/07/2023,voter,TR,REP,W,NL,M,Age 18 - 25,3,11/27/2023
134364,RANDOLPH,11/07/2023,voter,NM,REP,U,UN,U,Age 26 - 40,13,11/27/2023
134379,RANDOLPH,11/07/2023,voter,AE,DEM,W,UN,F,Age 18 - 25,4,11/27/2023
134451,RANDOLPH,11/07/2023,voter,RM,REP,B,NL,M,Age 18 - 25,1,11/27/2023
134495,RANDOLPH,11/07/2023,voter,AW,DEM,W,UN,F,Age 26 - 40,3,11/27/2023
134570,RANDOLPH,11/07/2023,voter,RM,REP,W,NL,M,Age 26 - 40,55,11/27/2023
134637,RANDOLPH,11/07/2023,voter,NM,REP,W,NL,F,Age Over 66,162,11/27/2023
134664,RANDOLPH,11/07/2023,voter,TR,DEM,O,UN,M,Age 26 - 40,1,11/27/2023
134696,RANDOLPH,11/07/2023,voter,AR,DEM,B,UN,U,Age 41 - 65,1,11/27/2023
134869,RANDOLPH,11/07/2023,voter,AR,LIB,W,UN,M,Age 26 - 40,4,11/27/2023
134977,RANDOLPH,11/07/2023,voter,ST,REP,W,NL,M,Age 41 - 65,172,11/27/2023
134989,RANDOLPH,11/07/2023,voter,AR,REP,W,UN,F,Age 41 - 65,37,11/27/2023
134996,RANDOLPH,11/07/2023,voter,RN,REP,O,NL,F,Age Over 66,2,11/27/2023
135040,RANDOLPH,11/07/2023,voter,SO,REP,W,NL,M,Age 18 - 25,23,11/27/2023
135222,RANDOLPH,11/07/2023,voter,NM,REP,W,NL,F,Age Over 66,177,11/27/2023
135257,RANDOLPH,11/07/2023,voter,UG,UNA,O,NL,M,Age Over 66,1,11/27/2023
135312,RANDOLPH,11/07/2023,voter,AN,UNA,A,UN,M,Age 26 - 40,1,11/27/2023
135409,RANDOLPH,11/07/2023,voter,AE,DEM,B,UN,F,Age 41 - 65,42,11/27/2023
135509,RANDOLPH,11/07/2023,voter,GR,REP,W,HL,F,Age 41 - 65,1,11/27/2023
135559,RANDOLPH,11/07/2023,voter,AS,DEM,O,UN,M,Age 18 - 25,2,11/27/2023
135591,RANDOLPH,11/07/2023,voter,AN,REP,U,UN,U,Age 18 - 25,3,11/27/2023
135828,RANDOLPH,11/07/2023,voter,UG,REP,I,NL,M,Age 41 - 65,3,11/27/2023
136041,RANDOLPH,11/07/2023,voter,TT,DEM,M,UN,F,Age 26 - 40,1,11/27/2023
136085,RANDOLPH,11/07/2023,voter,AR,REP,U,UN,U,Age 18 - 25,7,11/27/2023
136176,RANDOLPH,11/07/2023,voter,DR,REP,W,NL,F,Age Over 66,127,11/27/2023
136205,RANDOLPH,11/07/2023,voter,AR,DEM,B,NL,M,Age 41 - 65,12,11/27/2023
136222,RANDOLPH,11/07/2023,voter,SW,DEM,W,NL,M,Age Over 66,16,11/27/2023
136287,RANDOLPH,11/07/2023,voter,TT,DEM,B,UN,M,Age 41 - 65,1,11/27/2023
136322,RANDOLPH,11/07/2023,voter,TR,UNA,W,UN,F,Age 26 - 40,20,11/27/2023
136342,RANDOLPH,11/07/2023,voter,UG,DEM,W,HL,M,Age 26 - 40,2,11/27/2023
136379,RANDOLPH,11/07/2023,voter,AW,LIB,B,NL,M,Age Over 66,1,11/27/2023
136446,RANDOLPH,11/07/2023,voter,SE,UNA,W,NL,F,Age Over 66,23,11/27/2023
136465,RANDOLPH,11/07/2023,voter,UG,REP,W,NL,M,Age Over 66,151,11/27/2023
136536,RANDOLPH,11/07/2023,voter,TR,GRE,W,NL,M,Age 26 - 40,1,11/27/2023
136555,RANDOLPH,11/07/2023,voter,UG,DEM,W,UN,F,Age Over 66,9,11/27/2023
136754,RANDOLPH,11/07/2023,voter,AN,DEM,O,HL,M,Age 41 - 65,4,11/27/2023
136958,RANDOLPH,11/07/2023,voter,AS,DEM,B,UN,F,Age Over 66,4,11/27/2023
137159,RANDOLPH,11/07/2023,voter,TR,UNA,U,UN,F,Age Over 66,1,11/27/2023
137176,RANDOLPH,11/07/2023,voter,TR,REP,W,UN,U,Age 26 - 40,1,11/27/2023
137243,RANDOLPH,11/07/2023,voter,TR,UNA,O,NL,M,Age Over 66,1,11/27/2023
137291,RANDOLPH,11/07/2023,voter,TR,DEM,W,NL,M,Age 26 - 40,11,11/27/2023
137293,RANDOLPH,11/07/2023,voter,AW,UNA,U,UN,M,Age 41 - 65,2,11/27/2023
137352,RANDOLPH,11/07/2023,voter,TR,REP,W,HL,F,Age 26 - 40,1,11/27/2023
137688,RANDOLPH,11/07/2023,voter,GR,LIB,W,UN,F,Age 26 - 40,1,11/27/2023
137818,RANDOLPH,11/07/2023,voter,LC,LIB,O,HL,M,Age 26 - 40,1,11/27/2023
137981,RANDOLPH,11/07/2023,voter,NM,REP,U,UN,U,Age 18 - 25,5,11/27/2023
138005,RANDOLPH,11/07/2023,voter,AS,UNA,A,UN,M,Age 41 - 65,2,11/27/2023
138073,RANDOLPH,11/07/2023,voter,SE,REP,U,UN,U,Age 18 - 25,2,11/27/2023
138261,RANDOLPH,11/07/2023,voter,AR,REP,A,UN,U,Age 41 - 65,1,11/27/2023
138332,RANDOLPH,11/07/2023,voter,AR,UNA,I,UN,M,Age 41 - 65,1,11/27/2023
138410,RANDOLPH,11/07/2023,voter,GR,DEM,W,UN,M,Age 18 - 25,7,11/27/2023
138511,RANDOLPH,11/07/2023,voter,AN,UNA,U,HL,M,Age 18 - 25,10,11/27/2023
138519,RANDOLPH,11/07/2023,voter,LB,DEM,B,UN,F,Age Over 66,21,11/27/2023
138566,RANDOLPH,11/07/2023,voter,BC,REP,O,HL,F,Age 41 - 65,1,11/27/2023
138578,RANDOLPH,11/07/2023,voter,UG,UNA,W,NL,F,Age 41 - 65,91,11/27/2023
138660,RANDOLPH,11/07/2023,voter,AS,UNA,O,HL,M,Age 26 - 40,4,11/27/2023
138663,RANDOLPH,11/07/2023,voter,DR,UNA,W,NL,M,Age Over 66,36,11/27/2023
138785,RANDOLPH,11/07/2023,voter,SE,DEM,O,UN,F,Age Over 66,1,11/27/2023
138861,RANDOLPH,11/07/2023,voter,AW,DEM,O,NL,M,Age Over 66,1,11/27/2023
138889,RANDOLPH,11/07/2023,voter,RM,DEM,A,NL,F,Age 26 - 40,1,11/27/2023
139023,RANDOLPH,11/07/2023,voter,AR,UNA,O,UN,M,Age 18 - 25,1,11/27/2023
139119,RANDOLPH,11/07/2023,voter,LC,UNA,O,HL,M,Age 41 - 65,1,11/27/2023
139176,RANDOLPH,11/07/2023,voter,AR,UNA,A,UN,U,Age 41 - 65,2,11/27/2023
139230,RANDOLPH,11/07/2023,voter,SE,REP,U,UN,U,Age 41 - 65,4,11/27/2023
139250,RANDOLPH,11/07/2023,voter,AR,REP,W,NL,F,Age 26 - 40,69,11/27/2023
139287,RANDOLPH,11/07/2023,voter,TR,DEM,W,NL,F,Age 26 - 40,15,11/27/2023
139309,RANDOLPH,11/07/2023,voter,TT,REP,O,UN,F,Age 41 - 65,1,11/27/2023
139444,RANDOLPH,11/07/2023,voter,NM,REP,U,UN,F,Age 41 - 65,1,11/27/2023
139456,RANDOLPH,11/07/2023,voter,TR,UNA,A,UN,U,Age 41 - 65,1,11/27/2023
139694,RANDOLPH,11/07/2023,voter,UG,DEM,U,HL,M,Age 26 - 40,8,11/27/2023
140198,RANDOLPH,11/07/2023,voter,,DEM,B,UN,U,Age 26 - 40,1,11/27/2023
140356,RANDOLPH,11/07/2023,voter,RM,DEM,O,NL,M,Age 18 - 25,1,11/27/2023
140411,RANDOLPH,11/07/2023,voter,AR,REP,W,UN,M,Age Over 66,35,11/27/2023
140428,RANDOLPH,11/07/2023,voter,AW,UNA,W,HL,M,Age 41 - 65,2,11/27/2023
140434,RANDOLPH,11/07/2023,voter,AS,REP,O,UN,M,Age 41 - 65,2,11/27/2023
140494,RANDOLPH,11/07/2023,voter,AR,LIB,W,UN,M,Age 41 - 65,1,11/27/2023
140515,RANDOLPH,11/07/2023,voter,LC,UNA,U,UN,F,Age Over 66,1,11/27/2023
140575,RANDOLPH,11/07/2023,voter,LB,REP,O,HL,F,Age 26 - 40,1,11/27/2023
140671,RANDOLPH,11/07/2023,voter,AN,REP,W,UN,U,Age Over 66,1,11/27/2023
140794,RANDOLPH,11/07/2023,voter,TT,UNA,W,HL,F,Age 41 - 65,1,11/27/2023
140797,RANDOLPH,11/07/2023,voter,LB,DEM,W,UN,M,Age 26 - 40,4,11/27/2023
140839,RANDOLPH,11/07/2023,voter,UG,REP,O,HL,F,Age 18 - 25,1,11/27/2023
140851,RANDOLPH,11/07/2023,voter,TR,DEM,B,NL,F,Age 41 - 65,23,11/27/2023
140960,RANDOLPH,11/07/2023,voter,SO,DEM,O,HL,M,Age 41 - 65,1,11/27/2023
141009,RANDOLPH,11/07/2023,voter,AS,UNA,U,UN,U,Age 41 - 65,11,11/27/2023
141129,RANDOLPH,11/07/2023,voter,SE,REP,I,NL,F,Age 41 - 65,1,11/27/2023
141369,RANDOLPH,11/07/2023,voter,RM,UNA,U,HL,F,Age 18 - 25,1,11/27/2023
141389,RANDOLPH,11/07/2023,voter,AE,UNA,U,HL,M,Age 41 - 65,4,11/27/2023
141845,RANDOLPH,11/07/2023,voter,AN,DEM,W,NL,U,Age 26 - 40,1,11/27/2023
141939,RANDOLPH,11/07/2023,voter,SE,REP,B,UN,M,Age Over 66,1,11/27/2023
141964,RANDOLPH,11/07/2023,voter,AR,DEM,I,NL,F,Age Over 66,1,11/27/2023
142192,RANDOLPH,11/07/2023,voter,UG,REP,W,HL,F,Age 41 - 65,1,11/27/2023
142543,RANDOLPH,11/07/2023,voter,AR,DEM,W,NL,F,Age 41 - 65,58,11/27/2023
142591,RANDOLPH,11/07/2023,voter,UG,REP,A,NL,M,Age 26 - 40,1,11/27/2023
142627,RANDOLPH,11/07/2023,voter,AN,UNA,W,UN,U,Age Over 66,1,11/27/2023
142719,RANDOLPH,11/07/2023,voter,UG,UNA,I,NL,M,Age 41 - 65,1,11/27/2023
142731,RANDOLPH,11/07/2023,voter,AN,UNA,O,NL,F,Age 26 - 40,3,11/27/2023
142764,RANDOLPH,11/07/2023,voter,LB,UNA,B,NL,M,Age 26 - 40,9,11/27/2023
143002,RANDOLPH,11/07/2023,voter,AR,REP,A,UN,F,Age 41 - 65,1,11/27/2023
143104,RANDOLPH,11/07/2023,voter,NM,DEM,O,NL,M,Age 18 - 25,1,11/27/2023
143111,RANDOLPH,11/07/2023,voter,TT,DEM,B,UN,F,Age 41 - 65,2,11/27/2023
143248,RANDOLPH,11/07/2023,voter,TR,DEM,B,UN,F,Age Over 66,3,11/27/2023
143346,RANDOLPH,11/07/2023,voter,SO,DEM,W,NL,M,Age 18 - 25,2,11/27/2023
143484,RANDOLPH,11/07/2023,voter,BC,DEM,U,HL,M,Age 18 - 25,1,11/27/2023
143631,RANDOLPH,11/07/2023,voter,AN,UNA,W,UN,M,Age 18 - 25,20,11/27/2023
143660,RANDOLPH,11/07/2023,voter,RN,REP,B,NL,M,Age 41 - 65,1,11/27/2023
143668,RANDOLPH,11/07/2023,voter,NM,REP,U,UN,M,Age 18 - 25,2,11/27/2023
143761,RANDOLPH,11/07/2023,voter,AW,REP,U,HL,F,Age Over 66,2,11/27/2023
143782,RANDOLPH,11/07/2023,voter,AS,DEM,B,NL,F,Age 18 - 25,1,11/27/2023
143923,RANDOLPH,11/07/2023,voter,LB,REP,I,UN,M,Age 41 - 65,1,11/27/2023
144060,RANDOLPH,11/07/2023,voter,UG,UNA,B,UN,M,Age 18 - 25,1,11/27/2023
144063,RANDOLPH,11/07/2023,voter,UG,DEM,W,UN,M,Age Over 66,7,11/27/2023
144553,RANDOLPH,11/07/2023,voter,RM,UNA,B,NL,M,Age 41 - 65,6,11/27/2023
144691,RANDOLPH,11/07/2023,voter,AN,DEM,W,NL,M,Age 41 - 65,14,11/27/2023
144726,RANDOLPH,11/07/2023,voter,AR,DEM,U,NL,F,Age 41 - 65,1,11/27/2023
144859,RANDOLPH,11/07/2023,voter,SW,REP,U,UN,F,Age 26 - 40,1,11/27/2023
144883,RANDOLPH,11/07/2023,voter,AW,DEM,U,UN,F,Age Over 66,1,11/27/2023
144939,RANDOLPH,11/07/2023,voter,ST,REP,W,NL,F,Age 26 - 40,61,11/27/2023
145087,RANDOLPH,11/07/2023,voter,AS,DEM,B,UN,M,Age Over 66,4,11/27/2023
145135,RANDOLPH,11/07/2023,voter,DR,UNA,U,UN,F,Age Over 66,1,11/27/2023
145140,RANDOLPH,11/07/2023,voter,AS,LIB,W,HL,F,Age 41 - 65,1,11/27/2023
145208,RANDOLPH,11/07/2023,voter,LC,LIB,W,UN,F,Age 26 - 40,1,11/27/2023
145416,RANDOLPH,11/07/2023,voter,TR,REP,A,NL,M,Age 26 - 40,1,11/27/2023
145421,RANDOLPH,11/07/2023,voter,RN,UNA,O,HL,F,Age 26 - 40,15,11/27/2023
145525,RANDOLPH,11/07/2023,voter,AR,REP,O,HL,M,Age Over 66,1,11/27/2023
145550,RANDOLPH,11/07/2023,voter,LC,REP,W,UN,F,Age 18 - 25,33,11/27/2023
145599,RANDOLPH,11/07/2023,voter,NM,DEM,W,UN,F,Age Over 66,6,11/27/2023
145612,RANDOLPH,11/07/2023,voter,AE,DEM,U,UN,U,Age 18 - 25,2,11/27/2023
145742,RANDOLPH,11/07/2023,voter,NM,REP,W,UN,M,Age 18 - 25,19,11/27/2023
145837,RANDOLPH,11/07/2023,voter,AW,DEM,U,UN,F,Age 18 - 25,6,11/27/2023
145881,RANDOLPH,11/07/2023,voter,AN,REP,U,NL,F,Age 41 - 65,1,11/27/2023
145924,RANDOLPH,11/07/2023,voter,UG,DEM,U,HL,M,Age 18 - 25,1,11/27/2023
146057,RANDOLPH,11/07/2023,voter,TR,REP,O,HL,F,Age Over 66,1,11/27/2023
146091,RANDOLPH,11/07/2023,voter,ST,UNA,O,HL,M,Age 41 - 65,1,11/27/2023
146143,RANDOLPH,11/07/2023,voter,AE,UNA,W,UN,M,Age 41 - 65,32,11/27/2023
146187,RANDOLPH,11/07/2023,voter,AR,UNA,U,HL,M,Age 41 - 65,2,11/27/2023
146239,RANDOLPH,11/07/2023,voter,AR,UNA,I,NL,F,Age Over 66,1,11/27/2023
146294,RANDOLPH,11/07/2023,voter,BC,LIB,W,UN,M,Age 18 - 25,3,11/27/2023
146480,RANDOLPH,11/07/2023,voter,AN,UNA,W,NL,M,Age 18 - 25,8,11/27/2023
146690,RANDOLPH,11/07/2023,voter,DR,UNA,U,HL,M,Age 41 - 65,1,11/27/2023
146724,RANDOLPH,11/07/2023,voter,DR,REP,W,HL,M,Age Over 66,1,11/27/2023
146844,RANDOLPH,11/07/2023,voter,,REP,U,UN,U,Age Over 66,11,11/27/2023
146941,RANDOLPH,11/07/2023,voter,GR,REP,U,HL,M,Age 26 - 40,1,11/27/2023
147005,RANDOLPH,11/07/2023,voter,LB,REP,M,UN,M,Age 41 - 65,1,11/27/2023
147146,RANDOLPH,11/07/2023,voter,SO,LIB,W,NL,F,Age 41 - 65,2,11/27/2023
147150,RANDOLPH,11/07/2023,voter,RN,UNA,W,UN,M,Age 41 - 65,78,11/27/2023
147264,RANDOLPH,11/07/2023,voter,SW,UNA,W,NL,M,Age 26 - 40,25,11/27/2023
147333,RANDOLPH,11/07/2023,voter,SW,UNA,W,UN,M,Age 26 - 40,10,11/27/2023
147371,RANDOLPH,11/07/2023,voter,AR,UNA,B,HL,F,Age 18 - 25,1,11/27/2023
147420,RANDOLPH,11/07/2023,voter,AR,UNA,A,HL,M,Age 18 - 25,2,11/27/2023
147475,RANDOLPH,11/07/2023,voter,UG,UNA,U,UN,U,Age 18 - 25,5,11/27/2023
147477,RANDOLPH,11/07/2023,voter,AE,UNA,O,HL,F,Age 41 - 65,8,11/27/2023
147719,RANDOLPH,11/07/2023,voter,TR,DEM,O,NL,M,Age 18 - 25,1,11/27/2023
147741,RANDOLPH,11/07/2023,voter,TR,DEM,W,UN,M,Age 26 - 40,3,11/27/2023
147839,RANDOLPH,11/07/2023,voter,GR,DEM,O,UN,U,Age Over 66,1,11/27/2023
148037,RANDOLPH,11/07/2023,voter,GR,DEM,U,UN,U,Age 26 - 40,8,11/27/2023
148046,RANDOLPH,11/07/2023,voter,LB,DEM,B,UN,F,Age 26 - 40,18,11/27/2023
148064,RANDOLPH,11/07/2023,voter,TR,REP,U,UN,M,Age 18 - 25,3,11/27/2023
148083,RANDOLPH,11/07/2023,voter,AE,UNA,U,UN,U,Age Over 66,3,11/27/2023
148311,RANDOLPH,11/07/2023,voter,TR,UNA,U,HL,U,Age Over 66,1,11/27/2023
148317,RANDOLPH,11/07/2023,voter,RN,UNA,O,HL,F,Age 41 - 65,7,11/27/2023
148480,RANDOLPH,11/07/2023,voter,SW,REP,O,NL,M,Age 41 - 65,1,11/27/2023
148752,RANDOLPH,11/07/2023,voter,AE,LIB,W,UN,F,Age 18 - 25,1,11/27/2023
148804,RANDOLPH,11/07/2023,voter,AE,REP,U,UN,U,Age 41 - 65,9,11/27/2023
148820,RANDOLPH,11/07/2023,voter,AW,UNA,O,HL,F,Age 18 - 25,2,11/27/2023
148824,RANDOLPH,11/07/2023,voter,TR,REP,W,UN,F,Age 41 - 65,49,11/27/2023
148872,RANDOLPH,11/07/2023,voter,TR,UNA,I,NL,F,Age Over 66,1,11/27/2023
148932,RANDOLPH,11/07/2023,voter,AW,DEM,W,UN,F,Age 18 - 25,4,11/27/2023
149264,RANDOLPH,11/07/2023,voter,TR,UNA,W,NL,F,Age 26 - 40,49,11/27/2023
149266,RANDOLPH,11/07/2023,voter,TR,REP,U,UN,F,Age 41 - 65,1,11/27/2023
149329,RANDOLPH,11/07/2023,voter,RN,DEM,W,NL,M,Age 26 - 40,18,11/27/2023
149375,RANDOLPH,11/07/2023,voter,AS,UNA,W,HL,M,Age 41 - 65,4,11/27/2023
149552,RANDOLPH,11/07/2023,voter,LB,DEM,U,NL,F,Age 41 - 65,1,11/27/2023
149721,RANDOLPH,11/07/2023,voter,GR,REP,B,UN,F,Age 26 - 40,1,11/27/2023
149769,RANDOLPH,11/07/2023,voter,DR,UNA,O,HL,U,Age 26 - 40,1,11/27/2023
149781,RANDOLPH,11/07/2023,voter,SE,REP,O,NL,M,Age Over 66,1,11/27/2023
149795,RANDOLPH,11/07/2023,voter,AR,DEM,W,NL,U,Age 41 - 65,2,11/27/2023
149859,RANDOLPH,11/07/2023,voter,TR,REP,W,NL,F,Age 41 - 65,350,11/27/2023
149889,RANDOLPH,11/07/2023,voter,TT,UNA,U,HL,F,Age 26 - 40,1,11/27/2023
150037,RANDOLPH,11/07/2023,voter,SE,DEM,W,NL,M,Age 26 - 40,3,11/27/2023
150123,RANDOLPH,11/07/2023,voter,AE,DEM,U,UN,U,Age 26 - 40,9,11/27/2023
150146,RANDOLPH,11/07/2023,voter,AN,DEM,U,UN,F,Age 26 - 40,3,11/27/2023
150230,RANDOLPH,11/07/2023,voter,AW,UNA,W,UN,M,Age 41 - 65,31,11/27/2023
150346,RANDOLPH,11/07/2023,voter,ST,UNA,W,UN,F,Age 26 - 40,14,11/27/2023
150370,RANDOLPH,11/07/2023,voter,SO,REP,O,HL,M,Age 41 - 65,1,11/27/2023
150385,RANDOLPH,11/07/2023,voter,TT,REP,W,NL,M,Age 26 - 40,171,11/27/2023
150430,RANDOLPH,11/07/2023,voter,SW,DEM,W,NL,F,Age 18 - 25,3,11/27/2023
150453,RANDOLPH,11/07/2023,voter,SO,UNA,W,UN,U,Age 26 - 40,1,11/27/2023
150482,RANDOLPH,11/07/2023,voter,AR,UNA,W,HL,F,Age Over 66,1,11/27/2023
150628,RANDOLPH,11/07/2023,voter,AN,REP,U,UN,U,Age 41 - 65,7,11/27/2023
150714,RANDOLPH,11/07/2023,voter,AR,UNA,U,UN,U,Age Over 66,6,11/27/2023
150738,RANDOLPH,11/07/2023,voter,AW,DEM,M,NL,F,Age 26 - 40,1,11/27/2023
150847,RANDOLPH,11/07/2023,voter,NM,DEM,O,HL,F,Age 26 - 40,1,11/27/2023
150879,RANDOLPH,11/07/2023,voter,AR,REP,U,HL,F,Age 41 - 65,1,11/27/2023
150950,RANDOLPH,11/07/2023,voter,AN,LIB,W,UN,M,Age 41 - 65,1,11/27/2023
150997,RANDOLPH,11/07/2023,voter,RN,DEM,O,HL,U,Age 18 - 25,1,11/27/2023
151151,RANDOLPH,11/07/2023,voter,AR,UNA,W,NL,M,Age 26 - 40,38,11/27/2023
151219,RANDOLPH,11/07/2023,voter,NM,REP,O,UN,F,Age 18 - 25,4,11/27/2023
151288,RANDOLPH,11/07/2023,voter,AW,REP,B,UN,M,Age 26 - 40,1,11/27/2023
151303,RANDOLPH,11/07/2023,voter,TR,UNA,O,HL,F,Age 18 - 25,2,11/27/2023
151336,RANDOLPH,11/07/2023,voter,SO,REP,W,NL,M,Age Over 66,61,11/27/2023
151510,RANDOLPH,11/07/2023,voter,UG,DEM,B,NL,M,Age 41 - 65,3,11/27/2023
151563,RANDOLPH,11/07/2023,voter,TR,DEM,B,NL,F,Age 18 - 25,3,11/27/2023
151606,RANDOLPH,11/07/2023,voter,SW,REP,W,HL,F,Age 26 - 40,1,11/27/2023
151612,RANDOLPH,11/07/2023,voter,AW,DEM,B,UN,F,Age Over 66,10,11/27/2023
151872,RANDOLPH,11/07/2023,voter,AW,UNA,M,NL,M,Age 18 - 25,1,11/27/2023
151935,RANDOLPH,11/07/2023,voter,TR,UNA,W,UN,M,Age 18 - 25,13,11/27/2023
152336,RANDOLPH,11/07/2023,voter,SO,REP,O,HL,M,Age 41 - 65,1,11/27/2023
152351,RANDOLPH,11/07/2023,voter,LB,DEM,U,UN,F,Age 18 - 25,5,11/27/2023
152364,RANDOLPH,11/07/2023,voter,UG,LIB,W,NL,F,Age 41 - 65,1,11/27/2023
152395,RANDOLPH,11/07/2023,voter,SO,UNA,W,NL,F,Age 41 - 65,96,11/27/2023
152413,RANDOLPH,11/07/2023,voter,AS,DEM,B,UN,F,Age 18 - 25,3,11/27/2023
152505,RANDOLPH,11/07/2023,voter,DR,UNA,B,UN,M,Age 41 - 65,2,11/27/2023
152721,RANDOLPH,11/07/2023,voter,AN,DEM,W,NL,F,Age 18 - 25,1,11/27/2023
152823,RANDOLPH,11/07/2023,voter,SW,REP,W,HL,M,Age 41 - 65,1,11/27/2023
152892,RANDOLPH,11/07/2023,voter,UG,UNA,W,UN,U,Age 26 - 40,2,11/27/2023
153043,RANDOLPH,11/07/2023,voter,AW,UNA,A,UN,M,Age 26 - 40,1,11/27/2023
153104,RANDOLPH,11/07/2023,voter,DR,REP,W,UN,F,Age 26 - 40,38,11/27/2023
153109,RANDOLPH,11/07/2023,voter,AW,DEM,W,UN,M,Age 41 - 65,9,11/27/2023
153125,RANDOLPH,11/07/2023,voter,RN,LIB,B,NL,M,Age 41 - 65,1,11/27/2023
153228,RANDOLPH,11/07/2023,voter,AE,REP,U,UN,M,Age 41 - 65,1,11/27/2023
153292,RANDOLPH,11/07/2023,voter,TB,UNA,B,NL,F,Age 18 - 25,2,11/27/2023
153434,RANDOLPH,11/07/2023,voter,AN,UNA,U,UN,M,Age 41 - 65,4,11/27/2023
153516,RANDOLPH,11/07/2023,voter,DR,DEM,W,UN,F,Age 26 - 40,4,11/27/2023
153542,RANDOLPH,11/07/2023,voter,AN,UNA,W,NL,F,Age 41 - 65,40,11/27/2023
153902,RANDOLPH,11/07/2023,voter,AS,REP,I,NL,F,Age 26 - 40,1,11/27/2023
153925,RANDOLPH,11/07/2023,voter,DR,REP,W,HL,U,Age 41 - 65,1,11/27/2023
154003,RANDOLPH,11/07/2023,voter,AR,DEM,B,UN,F,Age 26 - 40,7,11/27/2023
154098,RANDOLPH,11/07/2023,voter,TT,REP,O,NL,M,Age 41 - 65,1,11/27/2023
154107,RANDOLPH,11/07/2023,voter,RN,DEM,U,HL,M,Age 18 - 25,1,11/27/2023
154300,RANDOLPH,11/07/2023,voter,AW,REP,U,UN,F,Age 26 - 40,1,11/27/2023
154319,RANDOLPH,11/07/2023,voter,LB,UNA,O,HL,F,Age 26 - 40,4,11/27/2023
154345,RANDOLPH,11/07/2023,voter,,UNA,U,UN,U,Age 41 - 65,21,11/27/2023
154459,RANDOLPH,11/07/2023,voter,RM,REP,O,NL,M,Age 41 - 65,1,11/27/2023
154460,RANDOLPH,11/07/2023,voter,AW,REP,O,HL,F,Age 18 - 25,1,11/27/2023
154491,RANDOLPH,11/07/2023,voter,RN,REP,B,NL,M,Age 41 - 65,2,11/27/2023
154623,RANDOLPH,11/07/2023,voter,ST,REP,I,UN,M,Age 41 - 65,1,11/27/2023
154625,RANDOLPH,11/07/2023,voter,AN,UNA,W,UN,F,Age 26 - 40,50,11/27/2023
154796,RANDOLPH,11/07/2023,voter,,REP,W,UN,M,Age 26 - 40,34,11/27/2023
154856,RANDOLPH,11/07/2023,voter,AW,DEM,W,NL,F,Age 26 - 40,11,11/27/2023
154897,RANDOLPH,11/07/2023,voter,AW,UNA,W,NL,F,Age Over 66,61,11/27/2023
154945,RANDOLPH,11/07/2023,voter,,REP,U,UN,F,Age 41 - 65,1,11/27/2023
154974,RANDOLPH,11/07/2023,voter,TR,REP,P,NL,F,Age Over 66,1,11/27/2023
155024,RANDOLPH,11/07/2023,voter,LC,DEM,W,NL,M,Age Over 66,19,11/27/2023
155026,RANDOLPH,11/07/2023,voter,AE,REP,O,HL,F,Age 41 - 65,1,11/27/2023
155178,RANDOLPH,11/07/2023,voter,ST,UNA,O,HL,F,Age 26 - 40,2,11/27/2023
155199,RANDOLPH,11/07/2023,voter,RN,DEM,U,HL,F,Age 26 - 40,2,11/27/2023
155217,RANDOLPH,11/07/2023,voter,AR,UNA,A,NL,F,Age 41 - 65,3,11/27/2023
155364,RANDOLPH,11/07/2023,voter,AN,UNA,W,NL,F,Age Over 66,26,11/27/2023
155517,RANDOLPH,11/07/2023,voter,AN,UNA,W,UN,M,Age 41 - 65,31,11/27/2023
155698,RANDOLPH,11/07/2023,voter,,REP,W,UN,F,Age 18 - 25,40,11/27/2023
155752,RANDOLPH,11/07/2023,voter,AW,DEM,W,NL,M,Age 41 - 65,15,11/27/2023
155822,RANDOLPH,11/07/2023,voter,UG,UNA,I,UN,M,Age 41 - 65,1,11/27/2023
155946,RANDOLPH,11/07/2023,voter,AE,LIB,W,NL,F,Age 41 - 65,1,11/27/2023
156238,RANDOLPH,11/07/2023,voter,AW,DEM,O,HL,M,Age 41 - 65,4,11/27/2023
156282,RANDOLPH,11/07/2023,voter,LB,NLB,W,UN,F,Age 18 - 25,1,11/27/2023
156320,RANDOLPH,11/07/2023,voter,UG,REP,W,UN,U,Age Over 66,1,11/27/2023
156387,RANDOLPH,11/07/2023,voter,AR,REP,W,UN,F,Age Over 66,29,11/27/2023
156410,RANDOLPH,11/07/2023,voter,SW,UNA,U,UN,M,Age 18 - 25,1,11/27/2023
156462,RANDOLPH,11/07/2023,voter,AE,UNA,U,UN,F,Age 18 - 25,4,11/27/2023
156463,RANDOLPH,11/07/2023,voter,,UNA,O,UN,M,Age 18 - 25,2,11/27/2023
156473,RANDOLPH,11/07/2023,voter,NM,DEM,B,UN,F,Age 18 - 25,1,11/27/2023
156536,RANDOLPH,11/07/2023,voter,TR,REP,W,NL,F,Age Over 66,195,11/27/2023
156594,RANDOLPH,11/07/2023,voter,TR,REP,O,NL,M,Age 26 - 40,1,11/27/2023
156666,RANDOLPH,11/07/2023,voter,TR,DEM,A,UN,F,Age 18 - 25,1,11/27/2023
156739,RANDOLPH,11/07/2023,voter,LC,DEM,I,NL,F,Age 26 - 40,1,11/27/2023
156800,RANDOLPH,11/07/2023,voter,,DEM,B,NL,F,Age 41 - 65,7,11/27/2023
156834,RANDOLPH,11/07/2023,voter,,REP,A,UN,M,Age 18 - 25,1,11/27/2023
156872,RANDOLPH,11/07/2023,voter,,DEM,B,NL,F,Age Over 66,3,11/27/2023
157090,RANDOLPH,11/07/2023,voter,AE,DEM,A,NL,F,Age 18 - 25,2,11/27/2023
157143,RANDOLPH,11/07/2023,voter,UG,REP,O,HL,F,Age 41 - 65,2,11/27/2023
157281,RANDOLPH,11/07/2023,voter,TR,UNA,B,NL,M,Age 41 - 65,3,11/27/2023
157578,RANDOLPH,11/07/2023,voter,AW,DEM,O,HL,M,Age 26 - 40,4,11/27/2023
157606,RANDOLPH,11/07/2023,voter,RN,UNA,U,UN,U,Age 41 - 65,9,11/27/2023
157617,RANDOLPH,11/07/2023,voter,AN,UNA,O,NL,M,Age 41 - 65,2,11/27/2023
157631,RANDOLPH,11/07/2023,voter,DR,UNA,U,UN,M,Age 18 - 25,5,11/27/2023
157743,RANDOLPH,11/07/2023,voter,RN,DEM,B,NL,F,Age 26 - 40,7,11/27/2023
157799,RANDOLPH,11/07/2023,voter,AS,UNA,O,NL,F,Age 41 - 65,2,11/27/2023
157875,RANDOLPH,11/07/2023,voter,AR,REP,W,HL,F,Age Over 66,1,11/27/2023
157901,RANDOLPH,11/07/2023,voter,UG,LIB,W,UN,M,Age 26 - 40,1,11/27/2023
157941,RANDOLPH,11/07/2023,voter,TR,UNA,B,UN,M,Age 18 - 25,1,11/27/2023
158006,RANDOLPH,11/07/2023,voter,AW,UNA,I,NL,F,Age 26 - 40,1,11/27/2023
158044,RANDOLPH,11/07/2023,voter,AN,UNA,W,HL,F,Age 26 - 40,5,11/27/2023
158090,RANDOLPH,11/07/2023,voter,GR,REP,W,UN,F,Age 18 - 25,40,11/27/2023
158328,RANDOLPH,11/07/2023,voter,LB,UNA,W,NL,F,Age 41 - 65,94,11/27/2023
158547,RANDOLPH,11/07/2023,voter,TR,REP,I,UN,M,Age 18 - 25,1,11/27/2023
158590,RANDOLPH,11/07/2023,voter,DR,UNA,W,UN,M,Age 18 - 25,37,11/27/2023
158766,RANDOLPH,11/07/2023,voter,AR,UNA,B,NL,F,Age 26 - 40,2,11/27/2023
159015,RANDOLPH,11/07/2023,voter,,REP,W,NL,F,Age Over 66,184,11/27/2023
159025,RANDOLPH,11/07/2023,voter,TR,UNA,B,NL,M,Age Over 66,1,11/27/2023
159128,RANDOLPH,11/07/2023,voter,TR,DEM,A,NL,M,Age 41 - 65,2,11/27/2023
159129,RANDOLPH,11/07/2023,voter,BC,REP,U,HL,F,Age 41 - 65,1,11/27/2023
159250,RANDOLPH,11/07/2023,voter,AE,UNA,O,NL,F,Age 41 - 65,1,11/27/2023
159286,RANDOLPH,11/07/2023,voter,BC,DEM,W,HL,M,Age 18 - 25,1,11/27/2023
159293,RANDOLPH,11/07/2023,voter,SO,REP,U,UN,U,Age 18 - 25,1,11/27/2023
159428,RANDOLPH,11/07/2023,voter,AN,UNA,U,HL,F,Age 26 - 40,2,11/27/2023
159439,RANDOLPH,11/07/2023,voter,GR,REP,U,UN,F,Age 18 - 25,1,11/27/2023
159457,RANDOLPH,11/07/2023,voter,BC,REP,U,UN,U,Age 18 - 25,12,11/27/2023
159580,RANDOLPH,11/07/2023,voter,AR,UNA,W,NL,F,Age Over 66,51,11/27/2023
159589,RANDOLPH,11/07/2023,voter,TT,DEM,O,HL,F,Age 26 - 40,1,11/27/2023
159597,RANDOLPH,11/07/2023,voter,AN,UNA,W,UN,U,Age 26 - 40,2,11/27/2023
159861,RANDOLPH,11/07/2023,voter,UG,DEM,O,NL,F,Age 41 - 65,1,11/27/2023
160007,RANDOLPH,11/07/2023,voter,SW,DEM,B,NL,M,Age 26 - 40,1,11/27/2023
160068,RANDOLPH,11/07/2023,voter,LB,UNA,O,NL,M,Age 26 - 40,1,11/27/2023
160071,RANDOLPH,11/07/2023,voter,SW,REP,W,UN,F,Age 26 - 40,14,11/27/2023
160168,RANDOLPH,11/07/2023,voter,AR,UNA,W,NL,M,Age 18 - 25,25,11/27/2023
160275,RANDOLPH,11/07/2023,voter,GR,REP,W,NL,U,Age 41 - 65,5,11/27/2023
160326,RANDOLPH,11/07/2023,voter,SO,REP,U,UN,U,Age 26 - 40,8,11/27/2023
160347,RANDOLPH,11/07/2023,voter,AR,UNA,O,NL,F,Age 26 - 40,4,11/27/2023
160393,RANDOLPH,11/07/2023,voter,TR,UNA,W,NL,F,Age 18 - 25,31,11/27/2023
160494,RANDOLPH,11/07/2023,voter,SE,DEM,U,UN,U,Age 18 - 25,2,11/27/2023
160736,RANDOLPH,11/07/2023,voter,TT,LIB,W,UN,F,Age 18 - 25,1,11/27/2023
160774,RANDOLPH,11/07/2023,voter,,REP,W,NL,M,Age 41 - 65,208,11/27/2023
160776,RANDOLPH,11/07/2023,voter,,UNA,W,HL,U,Age 18 - 25,1,11/27/2023
160816,RANDOLPH,11/07/2023,voter,DR,DEM,O,NL,M,Age Over 66,2,11/27/2023
160843,RANDOLPH,11/07/2023,voter,AS,DEM,W,NL,F,Age 18 - 25,2,11/27/2023
160889,RANDOLPH,11/07/2023,voter,DR,DEM,W,UN,F,Age Over 66,9,11/27/2023
160970,RANDOLPH,11/07/2023,voter,AS,DEM,B,NL,M,Age 18 - 25,2,11/27/2023
161015,RANDOLPH,11/07/2023,voter,TR,REP,I,NL,F,Age 18 - 25,1,11/27/2023
161129,RANDOLPH,11/07/2023,voter, ,UNA,O,HL,F,Age 26 - 40,1,11/27/2023
161255,RANDOLPH,11/07/2023,voter,GR,UNA,B,NL,F,Age 26 - 40,2,11/27/2023
161298,RANDOLPH,11/07/2023,voter,AN,UNA,W,UN,M,Age 41 - 65,35,11/27/2023
161356,RANDOLPH,11/07/2023,voter,AR,DEM,W,UN,F,Age 41 - 65,14,11/27/2023
161790,RANDOLPH,11/07/2023,voter,AR,DEM,U,HL,F,Age Over 66,2,11/27/2023
161884,RANDOLPH,11/07/2023,voter,SW,DEM,W,UN,M,Age 18 - 25,1,11/27/2023
161914,RANDOLPH,11/07/2023,voter,AN,REP,A,NL,F,Age 41 - 65,1,11/27/2023
161932,RANDOLPH,11/07/2023,voter,GR,REP,O,NL,M,Age 18 - 25,1,11/27/2023
162030,RANDOLPH,11/07/2023,voter,AS,REP,W,NL,M,Age 18 - 25,12,11/27/2023
162107,RANDOLPH,11/07/2023,voter,GR,DEM,W,UN,F,Age 41 - 65,18,11/27/2023
162177,RANDOLPH,11/07/2023,voter,ST,DEM,B,NL,M,Age 26 - 40,4,11/27/2023
162195,RANDOLPH,11/07/2023,voter,LB,REP,B,NL,F,Age 26 - 40,1,11/27/2023
162268,RANDOLPH,11/07/2023,voter,AN,DEM,A,NL,M,Age 18 - 25,1,11/27/2023
162304,RANDOLPH,11/07/2023,voter,BC,UNA,A,UN,F,Age 26 - 40,1,11/27/2023
162318,RANDOLPH,11/07/2023,voter,AN,UNA,A,UN,F,Age 26 - 40,2,11/27/2023
162338,RANDOLPH,11/07/2023,voter,ST,UNA,U,HL,M,Age 18 - 25,1,11/27/2023
162388,RANDOLPH,11/07/2023,voter,TR,UNA,B,NL,U,Age 41 - 65,1,11/27/2023
162418,RANDOLPH,11/07/2023,voter,SE,UNA,W,UN,F,Age 18 - 25,13,11/27/2023
162477,RANDOLPH,11/07/2023,voter,DR,UNA,U,UN,M,Age 18 - 25,2,11/27/2023
162611,RANDOLPH,11/07/2023,voter,AR,DEM,O,NL,F,Age 41 - 65,3,11/27/2023
162622,RANDOLPH,11/07/2023,voter,AS,REP,W,UN,F,Age Over 66,50,11/27/2023
162763,RANDOLPH,11/07/2023,voter,AS,REP,W,UN,M,Age Over 66,38,11/27/2023
162985,RANDOLPH,11/07/2023,voter,AR,REP,W,NL,F,Age 18 - 25,23,11/27/2023
163034,RANDOLPH,11/07/2023,voter,AR,REP,W,HL,F,Age 41 - 65,4,11/27/2023
163041,RANDOLPH,11/07/2023,voter,BC,UNA,M,NL,F,Age 18 - 25,1,11/27/2023
163175,RANDOLPH,11/07/2023,voter,SW,REP,W,NL,M,Age 18 - 25,26,11/27/2023
163321,RANDOLPH,11/07/2023,voter,TR,DEM,W,NL,F,Age 26 - 40,10,11/27/2023
163373,RANDOLPH,11/07/2023,voter,SW,DEM,W,UN,F,Age 41 - 65,3,11/27/2023
163502,RANDOLPH,11/07/2023,voter,UG,UNA,W,NL,F,Age 18 - 25,19,11/27/2023
163527,RANDOLPH,11/07/2023,voter,LC,UNA,O,UN,F,Age 18 - 25,1,11/27/2023
163553,RANDOLPH,11/07/2023,voter,SW,LIB,W,UN,M,Age 26 - 40,2,11/27/2023
163557,RANDOLPH,11/07/2023,voter,TT,DEM,U,UN,M,Age 41 - 65,1,11/27/2023
163579,RANDOLPH,11/07/2023,voter,LC,UNA,W,NL,U,Age Over 66,2,11/27/2023
163647,RANDOLPH,11/07/2023,voter,AR,REP,W,UN,M,Age 41 - 65,36,11/27/2023
163666,RANDOLPH,11/07/2023,voter,UG,NLB,I,UN,F,Age 18 - 25,1,11/27/2023
163711,RANDOLPH,11/07/2023,voter,AS,REP,A,UN,F,Age 41 - 65,1,11/27/2023
163770,RANDOLPH,11/07/2023,voter,AR,DEM,U,HL,F,Age 41 - 65,1,11/27/2023
163881,RANDOLPH,11/07/2023,voter,TR,DEM,B,NL,F,Age 26 - 40,6,11/27/2023
163946,RANDOLPH,11/07/2023,voter,AE,DEM,W,HL,M,Age Over 66,1,11/27/2023
163951,RANDOLPH,11/07/2023,voter,GR,UNA,W,UN,U,Age 41 - 65,3,11/27/2023
164010,RANDOLPH,11/07/2023,voter,AR,DEM,O,UN,F,Age 41 - 65,2,11/27/2023
164078,RANDOLPH,11/07/2023,voter,LB,REP,B,UN,F,Age Over 66,1,11/27/2023
164182,RANDOLPH,11/07/2023,voter,AW,UNA,B,NL,M,Age 26 - 40,1,11/27/2023
164260,RANDOLPH,11/07/2023,voter,AE,UNA,B,NL,F,Age Over 66,1,11/27/2023
164286,RANDOLPH,11/07/2023,voter,AN,DEM,B,UN,U,Age Over 66,1,11/27/2023
164438,RANDOLPH,11/07/2023,voter,TT,DEM,B,UN,F,Age 18 - 25,2,11/27/2023
164590,RANDOLPH,11/07/2023,voter,DR,UNA,O,UN,M,Age Over 66,1,11/27/2023
164662,RANDOLPH,11/07/2023,voter,BC,LIB,U,UN,U,Age 26 - 40,2,11/27/2023
164866,RANDOLPH,11/07/2023,voter,DR,REP,W,HL,M,Age 26 - 40,2,11/27/2023
165098,RANDOLPH,11/07/2023,voter,TR,REP,U,UN,U,Age 41 - 65,42,11/27/2023
165460,RANDOLPH,11/07/2023,voter,UG,LIB,O,HL,M,Age 26 - 40,1,11/27/2023
165568,RANDOLPH,11/07/2023,voter,AW,DEM,B,UN,M,Age 18 - 25,2,11/27/2023
165581,RANDOLPH,11/07/2023,voter,GR,UNA,B,UN,F,Age 18 - 25,2,11/27/2023
165764,RANDOLPH,11/07/2023,voter,SO,REP,I,UN,M,Age 18 - 25,1,11/27/2023
165856,RANDOLPH,11/07/2023,voter,AS,REP,W,NL,F,Age Over 66,146,11/27/2023
166190,RANDOLPH,11/07/2023,voter,,DEM,W,UN,M,Age Over 66,6,11/27/2023
166247,RANDOLPH,11/07/2023,voter,RM,UNA,O,HL,M,Age 18 - 25,6,11/27/2023
166262,RANDOLPH,11/07/2023,voter,UG,REP,U,UN,U,Age 18 - 25,7,11/27/2023
166300,RANDOLPH,11/07/2023,voter,AN,REP,W,NL,U,Age 18 - 25,2,11/27/2023
166304,RANDOLPH,11/07/2023,voter,,UNA,U,NL,M,Age 41 - 65,1,11/27/2023
166321,RANDOLPH,11/07/2023,voter,SO,DEM,W,UN,M,Age Over 66,4,11/27/2023
166339,RANDOLPH,11/07/2023,voter,NM,UNA,W,NL,M,Age Over 66,27,11/27/2023
166429,RANDOLPH,11/07/2023,voter,,DEM,W,NL,M,Age 18 - 25,3,11/27/2023
166460,RANDOLPH,11/07/2023,voter,AR,DEM,W,UN,M,Age 26 - 40,1,11/27/2023
166520,RANDOLPH,11/07/2023,voter,,UNA,U,UN,M,Age 26 - 40,5,11/27/2023
166529,RANDOLPH,11/07/2023,voter,AN,UNA,U,NL,F,Age 41 - 65,1,11/27/2023
166664,RANDOLPH,11/07/2023,voter,TR,DEM,W,NL,U,Age 41 - 65,1,11/27/2023
166686,RANDOLPH,11/07/2023,voter,BC,REP,A,UN,F,Age Over 66,1,11/27/2023
166783,RANDOLPH,11/07/2023,voter,ST,REP,U,UN,M,Age 26 - 40,3,11/27/2023
166868,RANDOLPH,11/07/2023,voter,ST,UNA,B,NL,U,Age 26 - 40,1,11/27/2023
166904,RANDOLPH,11/07/2023,voter,AR,UNA,W,HL,F,Age 26 - 40,1,11/27/2023
166982,RANDOLPH,11/07/2023,voter,TR,DEM,B,NL,F,Age Over 66,18,11/27/2023
167038,RANDOLPH,11/07/2023,voter,RN,REP,W,NL,F,Age 18 - 25,34,11/27/2023
167078,RANDOLPH,11/07/2023,voter,AR,DEM,U,NL,M,Age 41 - 65,1,11/27/2023
167109,RANDOLPH,11/07/2023,voter,AN,DEM,M,HL,M,Age 41 - 65,1,11/27/2023
167345,RANDOLPH,11/07/2023,voter,GR,LIB,U,UN,M,Age 18 - 25,1,11/27/2023
167357,RANDOLPH,11/07/2023,voter,AR,DEM,W,UN,U,Age 41 - 65,2,11/27/2023
167407,RANDOLPH,11/07/2023,voter,SW,DEM,W,HL,F,Age 18 - 25,1,11/27/2023
167453,RANDOLPH,11/07/2023,voter,GR,REP,O,NL,M,Age Over 66,1,11/27/2023
167490,RANDOLPH,11/07/2023,voter,AR,REP,O,HL,F,Age 26 - 40,1,11/27/2023
167491,RANDOLPH,11/07/2023,voter,TR,REP,W,UN,U,Age 41 - 65,4,11/27/2023
167761,RANDOLPH,11/07/2023,voter,AR,DEM,W,UN,M,Age 18 - 25,6,11/27/2023
167793,RANDOLPH,11/07/2023,voter,AE,DEM,O,UN,M,Age 18 - 25,2,11/27/2023
167797,RANDOLPH,11/07/2023,voter,TB,UNA,W,HL,F,Age 26 - 40,1,11/27/2023
168142,RANDOLPH,11/07/2023,voter,TR,REP,W,UN,M,Age 18 - 25,16,11/27/2023
168147,RANDOLPH,11/07/2023,voter,AS,UNA,U,UN,F,Age 18 - 25,2,11/27/2023
168151,RANDOLPH,11/07/2023,voter,AW,REP,U,HL,M,Age Over 66,3,11/27/2023
168173,RANDOLPH,11/07/2023,voter,AR,UNA,A,NL,F,Age 26 - 40,7,11/27/2023
168241,RANDOLPH,11/07/2023,voter,AN,REP,I,NL,M,Age 26 - 40,1,11/27/2023
168352,RANDOLPH,11/07/2023,voter,ST,DEM,O,HL,M,Age 26 - 40,2,11/27/2023
168386,RANDOLPH,11/07/2023,voter,ST,REP,W,NL,M,Age Over 66,109,11/27/2023
168514,RANDOLPH,11/07/2023,voter,SO,UNA,U,HL,M,Age 18 - 25,2,11/27/2023
168614,RANDOLPH,11/07/2023,voter,AE,UNA,O,UN,M,Age 26 - 40,2,11/27/2023
168691,RANDOLPH,11/07/2023,voter,AS,UNA,W,HL,M,Age Over 66,2,11/27/2023
168738,RANDOLPH,11/07/2023,voter,DR,UNA,W,NL,U,Age 41 - 65,4,11/27/2023
168787,RANDOLPH,11/07/2023,voter,TR,UNA,W,NL,M,Age 18 - 25,26,11/27/2023
168812,RANDOLPH,11/07/2023,voter,AS,REP,O,NL,M,Age Over 66,1,11/27/2023
168909,RANDOLPH,11/07/2023,voter,LC,DEM,I,NL,M,Age 41 - 65,1,11/27/2023
169021,RANDOLPH,11/07/2023,voter,RM,UNA,M,NL,M,Age 41 - 65,1,11/27/2023
169232,RANDOLPH,11/07/2023,voter,ST,REP,W,HL,F,Age 18 - 25,1,11/27/2023
169244,RANDOLPH,11/07/2023,voter,BC,DEM,O,UN,M,Age 26 - 40,2,11/27/2023
169340,RANDOLPH,11/07/2023,voter,LB,REP,W,UN,M,Age 18 - 25,28,11/27/2023
169379,RANDOLPH,11/07/2023,voter,AW,REP,B,NL,M,Age 41 - 65,1,11/27/2023
169387,RANDOLPH,11/07/2023,voter,UG,REP,U,UN,U,Age 26 - 40,15,11/27/2023
169577,RANDOLPH,11/07/2023,voter,SO,UNA,O,UN,M,Age 26 - 40,1,11/27/2023
169647,RANDOLPH,11/07/2023,voter,RN,REP,I,NL,M,Age 41 - 65,1,11/27/2023
169658,RANDOLPH,11/07/2023,voter,SO,DEM,B,NL,F,Age Over 66,13,11/27/2023
169767,RANDOLPH,11/07/2023,voter,NM,DEM,O,HL,M,Age 26 - 40,1,11/27/2023
169896,RANDOLPH,11/07/2023,voter,AW,UNA,U,UN,F,Age 26 - 40,2,11/27/2023
169933,RANDOLPH,11/07/2023,voter,GR,UNA,U,HL,F,Age 18 - 25,6,11/27/2023
169942,RANDOLPH,11/07/2023,voter,SO,DEM,W,NL,F,Age 41 - 65,40,11/27/2023
169965,RANDOLPH,11/07/2023,voter,TR,UNA,B,NL,F,Age 41 - 65,12,11/27/2023
169994,RANDOLPH,11/07/2023,voter,UG,DEM,O,HL,M,Age 26 - 40,10,11/27/2023
170042,RANDOLPH,11/07/2023,voter,UG,DEM,W,NL,M,Age 18 - 25,4,11/27/2023
170121,RANDOLPH,11/07/2023,voter,AS,DEM,W,UN,M,Age 26 - 40,3,11/27/2023
170134,RANDOLPH,11/07/2023,voter,RN,DEM,B,UN,F,Age 26 - 40,6,11/27/2023
170173,RANDOLPH,11/07/2023,voter,,REP,W,NL,M,Age 18 - 25,53,11/27/2023
170250,RANDOLPH,11/07/2023,voter,AR,REP,W,UN,U,Age 18 - 25,1,11/27/2023
170276,RANDOLPH,11/07/2023,voter,TT,REP,U,UN,M,Age 18 - 25,5,11/27/2023
170419,RANDOLPH,11/07/2023,voter,TR,UNA,W,NL,M,Age 26 - 40,1,11/27/2023
170493,RANDOLPH,11/07/2023,voter,TT,REP,W,NL,F,Age 18 - 25,67,11/27/2023
170500,RANDOLPH,11/07/2023,voter,TR,UNA,W,NL,U,Age 41 - 65,6,11/27/2023
170529,RANDOLPH,11/07/2023,voter,AR,REP,A,NL,M,Age 26 - 40,1,11/27/2023
170562,RANDOLPH,11/07/2023,voter,DR,REP,U,UN,F,Age Over 66,1,11/27/2023
170563,RANDOLPH,11/07/2023,voter,AW,REP,W,UN,M,Age Over 66,15,11/27/2023
170613,RANDOLPH,11/07/2023,voter,DR,DEM,U,UN,U,Age 18 - 25,1,11/27/2023
170924,RANDOLPH,11/07/2023,voter,UG,REP,O,HL,M,Age 26 - 40,2,11/27/2023
171074,RANDOLPH,11/07/2023,voter,GR,UNA,B,UN,M,Age 26 - 40,6,11/27/2023
171103,RANDOLPH,11/07/2023,voter,AR,DEM,A,NL,M,Age 41 - 65,4,11/27/2023
171407,RANDOLPH,11/07/2023,voter,AE,DEM,O,UN,M,Age 26 - 40,2,11/27/2023
171442,RANDOLPH,11/07/2023,voter,TR,UNA,B,NL,M,Age 18 - 25,2,11/27/2023
171457,RANDOLPH,11/07/2023,voter,TR,UNA,O,HL,F,Age 41 - 65,1,11/27/2023
171542,RANDOLPH,11/07/2023,voter,AE,REP,W,UN,M,Age Over 66,26,11/27/2023
171599,RANDOLPH,11/07/2023,voter,AR,UNA,B,NL,F,Age 18 - 25,1,11/27/2023
171889,RANDOLPH,11/07/2023,voter,UG,DEM,U,UN,F,Age Over 66,1,11/27/2023
171920,RANDOLPH,11/07/2023,voter,TB,REP,W,NL,U,Age Over 66,2,11/27/2023
172147,RANDOLPH,11/07/2023,voter,UG,LIB,U,UN,U,Age 18 - 25,1,11/27/2023
172260,RANDOLPH,11/07/2023,voter,UG,LIB,W,NL,F,Age 41 - 65,1,11/27/2023
172354,RANDOLPH,11/07/2023,voter,LB,UNA,W,NL,M,Age 41 - 65,81,11/27/2023
172357,RANDOLPH,11/07/2023,voter,RN,DEM,W,UN,F,Age Over 66,22,11/27/2023
172497,RANDOLPH,11/07/2023,voter,DR,REP,O,HL,F,Age Over 66,1,11/27/2023
172531,RANDOLPH,11/07/2023,voter,AR,UNA,W,HL,M,Age 41 - 65,2,11/27/2023
172647,RANDOLPH,11/07/2023,voter,AE,DEM,B,HL,F,Age 41 - 65,1,11/27/2023
172648,RANDOLPH,11/07/2023,voter,UG,DEM,W,NL,F,Age Over 66,30,11/27/2023
172662,RANDOLPH,11/07/2023,voter,DR,UNA,U,HL,F,Age 18 - 25,1,11/27/2023
172671,RANDOLPH,11/07/2023,voter,RM,REP,W,NL,U,Age 18 - 25,2,11/27/2023
172714,RANDOLPH,11/07/2023,voter,NM,DEM,W,UN,M,Age 18 - 25,1,11/27/2023
172829,RANDOLPH,11/07/2023,voter,AE,DEM,W,NL,U,Age 41 - 65,1,11/27/2023
172911,RANDOLPH,11/07/2023,voter,DR,DEM,U,UN,F,Age Over 66,1,11/27/2023
172945,RANDOLPH,11/07/2023,voter,RN,DEM,O,HL,M,Age Over 66,3,11/27/2023
172969,RANDOLPH,11/07/2023,voter,DR,UNA,W,UN,M,Age 18 - 25,22,11/27/2023
173038,RANDOLPH,11/07/2023,voter,UG,DEM,W,UN,F,Age 41 - 65,2,11/27/2023
173043,RANDOLPH,11/07/2023,voter,AN,REP,W,UN,F,Age 26 - 40,22,11/27/2023
173144,RANDOLPH,11/07/2023,voter,BC,LIB,O,HL,F,Age 18 - 25,1,11/27/2023
173163,RANDOLPH,11/07/2023,voter,LB,UNA,W,NL,F,Age 26 - 40,41,11/27/2023
173358,RANDOLPH,11/07/2023,voter,AE,UNA,O,UN,F,Age 26 - 40,2,11/27/2023
173445,RANDOLPH,11/07/2023,voter,ST,UNA,O,UN,F,Age 18 - 25,1,11/27/2023
173472,RANDOLPH,11/07/2023,voter,SW,REP,W,NL,F,Age Over 66,127,11/27/2023
173476,RANDOLPH,11/07/2023,voter,NM,REP,W,HL,M,Age 26 - 40,1,11/27/2023
173527,RANDOLPH,11/07/2023,voter,RM,DEM,W,UN,M,Age 41 - 65,10,11/27/2023
173980,RANDOLPH,11/07/2023,voter,RM,UNA,W,UN,M,Age 26 - 40,29,11/27/2023
174033,RANDOLPH,11/07/2023,voter,RM,UNA,U,NL,M,Age 18 - 25,1,11/27/2023
174062,RANDOLPH,11/07/2023,voter,BC,REP,U,UN,U,Age 41 - 65,26,11/27/2023
174167,RANDOLPH,11/07/2023,voter,TT,REP,O,UN,M,Age 26 - 40,1,11/27/2023
174218,RANDOLPH,11/07/2023,voter,DR,DEM,B,UN,M,Age 18 - 25,1,11/27/2023
174233,RANDOLPH,11/07/2023,voter,NM,REP,U,UN,M,Age Over 66,1,11/27/2023
174348,RANDOLPH,11/07/2023,voter,TR,UNA,O,NL,M,Age 26 - 40,2,11/27/2023
174408,RANDOLPH,11/07/2023,voter,AE,REP,U,UN,U,Age 26 - 40,6,11/27/2023
174459,RANDOLPH,11/07/2023,voter,TR,DEM,O,HL,M,Age 41 - 65,1,11/27/2023
174723,RANDOLPH,11/07/2023,voter,LB,UNA,B,UN,F,Age 26 - 40,2,11/27/2023
174752,RANDOLPH,11/07/2023,voter,LB,UNA,O,HL,F,Age Over 66,1,11/27/2023
174757,RANDOLPH,11/07/2023,voter,TT,REP,M,UN,M,Age 41 - 65,2,11/27/2023
174759,RANDOLPH,11/07/2023,voter,AE,UNA,O,UN,F,Age 41 - 65,1,11/27/2023
174999,RANDOLPH,11/07/2023,voter,LC,UNA,W,UN,U,Age 26 - 40,3,11/27/2023
175255,RANDOLPH,11/07/2023,voter,AW,DEM,W,NL,U,Age Over 66,1,11/27/2023
175300,RANDOLPH,11/07/2023,voter,AR,DEM,O,NL,M,Age 18 - 25,2,11/27/2023
175332,RANDOLPH,11/07/2023,voter,SE,DEM,W,NL,M,Age 18 - 25,1,11/27/2023
175423,RANDOLPH,11/07/2023,voter,NM,REP,I,NL,M,Age 41 - 65,2,11/27/2023
175425,RANDOLPH,11/07/2023,voter,LB,REP,B,UN,F,Age 18 - 25,1,11/27/2023
175450,RANDOLPH,11/07/2023,voter,RM,UNA,I,UN,F,Age Over 66,1,11/27/2023
175681,RANDOLPH,11/07/2023,voter,LB,DEM,B,UN,U,Age 41 - 65,1,11/27/2023
175717,RANDOLPH,11/07/2023,voter,TR,DEM,A,NL,M,Age 26 - 40,1,11/27/2023
175858,RANDOLPH,11/07/2023,voter,LB,REP,W,HL,M,Age 41 - 65,1,11/27/2023
175864,RANDOLPH,11/07/2023,voter,DR,DEM,W,UN,M,Age 26 - 40,6,11/27/2023
175913,RANDOLPH,11/07/2023,voter,AW,UNA,U,UN,U,Age 41 - 65,8,11/27/2023
175947,RANDOLPH,11/07/2023,voter,RN,REP,W,NL,U,Age Over 66,3,11/27/2023
175963,RANDOLPH,11/07/2023,voter,UG,REP,W,NL,U,Age 26 - 40,5,11/27/2023
176436,RANDOLPH,11/07/2023,voter,AW,REP,O,UN,F,Age 26 - 40,1,11/27/2023
176574,RANDOLPH,11/07/2023,voter,AW,REP,U,UN,M,Age 26 - 40,1,11/27/2023
176584,RANDOLPH,11/07/2023,voter,SW,UNA,B,NL,F,Age 26 - 40,2,11/27/2023
176706,RANDOLPH,11/07/2023,voter,AS,DEM,M,HL,F,Age 26 - 40,1,11/27/2023
176790,RANDOLPH,11/07/2023,voter,SW,REP,W,UN,F,Age 26 - 40,37,11/27/2023
176839,RANDOLPH,11/07/2023,voter,RN,DEM,U,HL,F,Age 18 - 25,3,11/27/2023
176886,RANDOLPH,11/07/2023,voter,AR,DEM,W,NL,M,Age 41 - 65,10,11/27/2023
176908,RANDOLPH,11/07/2023,voter,TT,NLB,W,NL,F,Age 18 - 25,1,11/27/2023
177006,RANDOLPH,11/07/2023,voter,TR,DEM,A,UN,F,Age 41 - 65,1,11/27/2023
177180,RANDOLPH,11/07/2023,voter,SW,REP,W,NL,M,Age Over 66,114,11/27/2023
177279,RANDOLPH,11/07/2023,voter,AR,REP,W,NL,M,Age 18 - 25,91,11/27/2023
177304,RANDOLPH,11/07/2023,voter,AN,UNA,O,NL,M,Age 26 - 40,2,11/27/2023
177346,RANDOLPH,11/07/2023,voter,AN,DEM,O,UN,F,Age 18 - 25,1,11/27/2023
177359,RANDOLPH,11/07/2023,voter,AE,UNA,U,HL,M,Age Over 66,1,11/27/2023
177381,RANDOLPH,11/07/2023,voter,DR,DEM,B,HL,M,Age 41 - 65,1,11/27/2023
177604,RANDOLPH,11/07/2023,voter,LC,DEM,B,UN,M,Age 41 - 65,7,11/27/2023
177741,RANDOLPH,11/07/2023,voter,DR,UNA,B,NL,F,Age 26 - 40,5,11/27/2023
177755,RANDOLPH,11/07/2023,voter,AR,UNA,A,UN,M,Age 26 - 40,1,11/27/2023
177859,RANDOLPH,11/07/2023,voter,AR,REP,W,UN,M,Age 18 - 25,24,11/27/2023
178007,RANDOLPH,11/07/2023,voter,NM,LIB,B,UN,M,Age 26 - 40,1,11/27/2023
178021,RANDOLPH,11/07/2023,voter,AR,REP,W,NL,U,Age 41 - 65,6,11/27/2023
178024,RANDOLPH,11/07/2023,voter,DR,DEM,I,UN,F,Age 41 - 65,1,11/27/2023
178147,RANDOLPH,11/07/2023,voter,AR,DEM,B,NL,M,Age Over 66,4,11/27/2023
178270,RANDOLPH,11/07/2023,voter,AW,UNA,B,UN,F,Age 26 - 40,11,11/27/2023
178432,RANDOLPH,11/07/2023,voter,AE,UNA,U,UN,U,Age 26 - 40,21,11/27/2023
178530,RANDOLPH,11/07/2023,voter,DR,REP,W,NL,M,Age 18 - 25,29,11/27/2023
178542,RANDOLPH,11/07/2023,voter,LC,REP,W,NL,F,Age 41 - 65,199,11/27/2023
178560,RANDOLPH,11/07/2023,voter,LC,UNA,U,NL,M,Age Over 66,1,11/27/2023
178582,RANDOLPH,11/07/2023,voter,DR,REP,U,NL,M,Age 18 - 25,1,11/27/2023
178768,RANDOLPH,11/07/2023,voter,ST,UNA,U,UN,M,Age Over 66,1,11/27/2023
178886,RANDOLPH,11/07/2023,voter,AN,UNA,B,UN,F,Age 41 - 65,9,11/27/2023
178911,RANDOLPH,11/07/2023,voter,UG,REP,O,NL,F,Age 26 - 40,2,11/27/2023
178969,RANDOLPH,11/07/2023,voter,NM,LIB,W,NL,M,Age 26 - 40,4,11/27/2023
178986,RANDOLPH,11/07/2023,voter,NM,UNA,W,UN,M,Age 26 - 40,15,11/27/2023
179084,RANDOLPH,11/07/2023,voter,TB,UNA,W,UN,M,Age Over 66,10,11/27/2023
179227,RANDOLPH,11/07/2023,voter,AR,UNA,U,HL,F,Age 26 - 40,1,11/27/2023
179263,RANDOLPH,11/07/2023,voter,AR,UNA,B,UN,M,Age Over 66,1,11/27/2023
179264,RANDOLPH,11/07/2023,voter,RN,UNA,B,NL,F,Age Over 66,1,11/27/2023
179321,RANDOLPH,11/07/2023,voter,AE,DEM,I,UN,F,Age 41 - 65,1,11/27/2023
179364,RANDOLPH,11/07/2023,voter,LB,UNA,W,UN,M,Age 26 - 40,16,11/27/2023
179479,RANDOLPH,11/07/2023,voter,AN,UNA,O,HL,M,Age 26 - 40,16,11/27/2023
179485,RANDOLPH,11/07/2023,voter,NM,DEM,O,UN,F,Age 41 - 65,1,11/27/2023
179711,RANDOLPH,11/07/2023,voter,AE,UNA,B,NL,M,Age Over 66,4,11/27/2023
179714,RANDOLPH,11/07/2023,voter,TR,UNA,W,HL,M,Age 18 - 25,1,11/27/2023
179723,RANDOLPH,11/07/2023,voter,RM,DEM,B,NL,F,Age 18 - 25,7,11/27/2023
179960,RANDOLPH,11/07/2023,voter,AS,DEM,B,NL,F,Age 26 - 40,4,11/27/2023
179974,RANDOLPH,11/07/2023,voter,AR,UNA,O,NL,F,Age 18 - 25,2,11/27/2023
180097,RANDOLPH,11/07/2023,voter,AW,DEM,O,NL,F,Age Over 66,1,11/27/2023
180118,RANDOLPH,11/07/2023,voter,TB,REP,O,HL,F,Age 18 - 25,1,11/27/2023
180126,RANDOLPH,11/07/2023,voter,,DEM,W,HL,F,Age 41 - 65,2,11/27/2023
180163,RANDOLPH,11/07/2023,voter,AR,UNA,B,UN,M,Age 26 - 40,7,11/27/2023
180217,RANDOLPH,11/07/2023,voter,SE,UNA,W,UN,F,Age 26 - 40,4,11/27/2023
180497,RANDOLPH,11/07/2023,voter,AW,REP,O,UN,F,Age Over 66,1,11/27/2023
180504,RANDOLPH,11/07/2023,voter,LB,UNA,U,HL,U,Age 41 - 65,1,11/27/2023
180557,RANDOLPH,11/07/2023,voter,AR,UNA,O,NL,F,Age 26 - 40,1,11/27/2023
180561,RANDOLPH,11/07/2023,voter,AS,UNA,O,NL,F,Age 41 - 65,1,11/27/2023
180696,RANDOLPH,11/07/2023,voter,NM,UNA,W,HL,M,Age 41 - 65,1,11/27/2023
180728,RANDOLPH,11/07/2023,voter,AW,DEM,O,HL,U,Age 41 - 65,1,11/27/2023
180731,RANDOLPH,11/07/2023,voter,AN,DEM,O,NL,F,Age 41 - 65,2,11/27/2023
180764,RANDOLPH,11/07/2023,voter,RN,UNA,A,NL,M,Age 41 - 65,1,11/27/2023
180789,RANDOLPH,11/07/2023,voter,SO,REP,W,NL,F,Age 26 - 40,38,11/27/2023
180989,RANDOLPH,11/07/2023,voter,SW,DEM,W,NL,M,Age 26 - 40,3,11/27/2023
181117,RANDOLPH,11/07/2023,voter,SO,UNA,W,NL,M,Age Over 66,17,11/27/2023
181131,RANDOLPH,11/07/2023,voter,NM,UNA,W,UN,M,Age Over 66,6,11/27/2023
181139,RANDOLPH,11/07/2023,voter,UG,REP,W,NL,U,Age 26 - 40,3,11/27/2023
181220,RANDOLPH,11/07/2023,voter,NM,REP,W,HL,M,Age 41 - 65,1,11/27/2023
181236,RANDOLPH,11/07/2023,voter,DR,REP,W,NL,M,Age 41 - 65,167,11/27/2023
181289,RANDOLPH,11/07/2023,voter,SW,UNA,B,NL,M,Age 41 - 65,1,11/27/2023
181420,RANDOLPH,11/07/2023,voter,SO,REP,U,UN,U,Age 41 - 65,10,11/27/2023
181438,RANDOLPH,11/07/2023,voter,NM,DEM,B,NL,F,Age 41 - 65,6,11/27/2023
181532,RANDOLPH,11/07/2023,voter,SE,DEM,U,UN,F,Age 26 - 40,1,11/27/2023
181559,RANDOLPH,11/07/2023,voter,AR,REP,U,UN,U,Age 26 - 40,25,11/27/2023
181586,RANDOLPH,11/07/2023,voter,,REP,I,NL,M,Age Over 66,1,11/27/2023
181589,RANDOLPH,11/07/2023,voter,UG,DEM,U,UN,M,Age 26 - 40,1,11/27/2023
181610,RANDOLPH,11/07/2023,voter,UG,DEM,W,NL,M,Age 41 - 65,19,11/27/2023
181656,RANDOLPH,11/07/2023,voter,RM,UNA,A,UN,M,Age Over 66,1,11/27/2023
181706,RANDOLPH,11/07/2023,voter,AS,DEM,O,HL,M,Age 26 - 40,1,11/27/2023
181714,RANDOLPH,11/07/2023,voter,UG,DEM,O,UN,F,Age 26 - 40,2,11/27/2023
181789,RANDOLPH,11/07/2023,voter,UG,UNA,U,UN,F,Age 26 - 40,2,11/27/2023
181993,RANDOLPH,11/07/2023,voter,NM,REP,W,NL,M,Age Over 66,164,11/27/2023
182149,RANDOLPH,11/07/2023,voter,UG,REP,B,NL,F,Age 26 - 40,1,11/27/2023
182164,RANDOLPH,11/07/2023,voter,TR,REP,W,UN,M,Age Over 66,31,11/27/2023
182180,RANDOLPH,11/07/2023,voter,DR,DEM,O,HL,M,Age 41 - 65,2,11/27/2023
182224,RANDOLPH,11/07/2023,voter,SE,REP,W,UN,F,Age 18 - 25,7,11/27/2023
182409,RANDOLPH,11/07/2023,voter,AN,DEM,B,UN,F,Age 18 - 25,4,11/27/2023
182428,RANDOLPH,11/07/2023,voter,AS,UNA,B,HL,F,Age 26 - 40,1,11/27/2023
182570,RANDOLPH,11/07/2023,voter,GR,DEM,B,NL,F,Age 18 - 25,1,11/27/2023
182828,RANDOLPH,11/07/2023,voter,RN,UNA,I,NL,M,Age 26 - 40,2,11/27/2023
182850,RANDOLPH,11/07/2023,voter,SO,UNA,U,UN,M,Age 41 - 65,1,11/27/2023
182879,RANDOLPH,11/07/2023,voter,AR,UNA,W,UN,M,Age 41 - 65,35,11/27/2023
182929,RANDOLPH,11/07/2023,voter,AW,UNA,I,UN,F,Age 26 - 40,1,11/27/2023
182971,RANDOLPH,11/07/2023,voter,TB,REP,W,NL,U,Age 18 - 25,1,11/27/2023
182981,RANDOLPH,11/07/2023,voter,UG,REP,W,NL,M,Age Over 66,108,11/27/2023
183197,RANDOLPH,11/07/2023,voter,AR,REP,W,NL,U,Age Over 66,4,11/27/2023
183272,RANDOLPH,11/07/2023,voter,DR,UNA,W,UN,F,Age Over 66,11,11/27/2023
183303,RANDOLPH,11/07/2023,voter,AR,REP,W,NL,U,Age 26 - 40,5,11/27/2023
183653,RANDOLPH,11/07/2023,voter,,REP,W,UN,M,Age Over 66,37,11/27/2023
183874,RANDOLPH,11/07/2023,voter,TR,UNA,O,HL,F,Age 18 - 25,1,11/27/2023
183886,RANDOLPH,11/07/2023,voter,AE,DEM,A,NL,F,Age Over 66,1,11/27/2023
183991,RANDOLPH,11/07/2023,voter,DR,UNA,U,HL,M,Age 26 - 40,1,11/27/2023
183996,RANDOLPH,11/07/2023,voter,AW,DEM,A,NL,F,Age 41 - 65,1,11/27/2023
184040,RANDOLPH,11/07/2023,voter,GR,DEM,O,HL,U,Age 18 - 25,1,11/27/2023
184043,RANDOLPH,11/07/2023,voter,TR,DEM,W,NL,M,Age Over 66,30,11/27/2023
184048,RANDOLPH,11/07/2023,voter,SE,UNA,U,UN,U,Age 41 - 65,4,11/27/2023
184086,RANDOLPH,11/07/2023,voter,AS,LIB,W,NL,F,Age 41 - 65,1,11/27/2023
184291,RANDOLPH,11/07/2023,voter,GR,REP,W,NL,U,Age 26 - 40,5,11/27/2023
184451,RANDOLPH,11/07/2023,voter,AW,DEM,O,UN,M,Age Over 66,1,11/27/2023
184475,RANDOLPH,11/07/2023,voter,TR,REP,B,NL,M,Age 41 - 65,1,11/27/2023
184479,RANDOLPH,11/07/2023,voter,DR,UNA,B,UN,F,Age 18 - 25,1,11/27/2023
184587,RANDOLPH,11/07/2023,voter,SE,UNA,I,NL,F,Age 41 - 65,1,11/27/2023
184727,RANDOLPH,11/07/2023,voter,TR,DEM,B,UN,F,Age 26 - 40,1,11/27/2023
184820,RANDOLPH,11/07/2023,voter,ST,UNA,U,HL,U,Age 41 - 65,1,11/27/2023
185066,RANDOLPH,11/07/2023,voter,LB,UNA,O,HL,M,Age 41 - 65,4,11/27/2023
185119,RANDOLPH,11/07/2023,voter,RN,DEM,O,HL,M,Age 18 - 25,8,11/27/2023
185211,RANDOLPH,11/07/2023,voter,AS,DEM,B,NL,M,Age 41 - 65,12,11/27/2023
185293,RANDOLPH,11/07/2023,voter,TB,REP,U,UN,U,Age 26 - 40,23,11/27/2023
185329,RANDOLPH,11/07/2023,voter,DR,DEM,B,UN,F,Age 26 - 40,10,11/27/2023
185357,RANDOLPH,11/07/2023,voter,UG,LIB,W,NL,M,Age 18 - 25,1,11/27/2023
185593,RANDOLPH,11/07/2023,voter,AW,DEM,A,NL,M,Age 26 - 40,2,11/27/2023
185611,RANDOLPH,11/07/2023,voter,SE,DEM,B,NL,F,Age 41 - 65,1,11/27/2023
185698,RANDOLPH,11/07/2023,voter,AW,UNA,B,NL,F,Age 41 - 65,7,11/27/2023
185726,RANDOLPH,11/07/2023,voter,UG,UNA,A,NL,M,Age 41 - 65,1,11/27/2023
185782,RANDOLPH,11/07/2023,voter,UG,UNA,W,NL,F,Age 18 - 25,9,11/27/2023
185823,RANDOLPH,11/07/2023,voter,BC,UNA,O,HL,M,Age 26 - 40,6,11/27/2023
185857,RANDOLPH,11/07/2023,voter,AE,UNA,U,UN,M,Age 18 - 25,9,11/27/2023
185935,RANDOLPH,11/07/2023,voter,,UNA,U,UN,M,Age Over 66,1,11/27/2023
186188,RANDOLPH,11/07/2023,voter,SO,UNA,A,UN,F,Age Over 66,1,11/27/2023
186272,RANDOLPH,11/07/2023,voter,GR,DEM,B,NL,M,Age Over 66,9,11/27/2023
186317,RANDOLPH,11/07/2023,voter,DR,UNA,O,UN,F,Age 18 - 25,2,11/27/2023
186333,RANDOLPH,11/07/2023,voter,AE,UNA,U,UN,F,Age 26 - 40,3,11/27/2023
186355,RANDOLPH,11/07/2023,voter,TR,UNA,O,HL,M,Age 41 - 65,1,11/27/2023
186380,RANDOLPH,11/07/2023,voter,TT,REP,W,UN,M,Age 41 - 65,94,11/27/2023
186410,RANDOLPH,11/07/2023,voter,RN,DEM,W,HL,F,Age Over 66,1,11/27/2023
186457,RANDOLPH,11/07/2023,voter,UG,REP,O,HL,M,Age 18 - 25,3,11/27/2023
186479,RANDOLPH,11/07/2023,voter,SO,UNA,I,UN,M,Age 41 - 65,1,11/27/2023
186600,RANDOLPH,11/07/2023,voter,RN,UNA,W,NL,M,Age Over 66,51,11/27/2023
186684,RANDOLPH,11/07/2023,voter,BC,REP,U,UN,F,Age 41 - 65,4,11/27/2023
186817,RANDOLPH,11/07/2023,voter,LC,UNA,W,NL,F,Age 18 - 25,22,11/27/2023
186840,RANDOLPH,11/07/2023,voter,TB,UNA,M,NL,M,Age 41 - 65,1,11/27/2023
186934,RANDOLPH,11/07/2023,voter,AR,UNA,A,UN,F,Age 18 - 25,2,11/27/2023
186992,RANDOLPH,11/07/2023,voter,TT,DEM,B,NL,F,Age 26 - 40,2,11/27/2023
187088,RANDOLPH,11/07/2023,voter,NM,UNA,U,UN,U,Age 26 - 40,12,11/27/2023
187097,RANDOLPH,11/07/2023,voter,AS,UNA,W,NL,M,Age 18 - 25,6,11/27/2023
187218,RANDOLPH,11/07/2023,voter,TT,REP,U,UN,M,Age 41 - 65,3,11/27/2023
187469,RANDOLPH,11/07/2023,voter,AR,UNA,W,HL,F,Age 41 - 65,2,11/27/2023
187481,RANDOLPH,11/07/2023,voter,RN,LIB,O,HL,M,Age 26 - 40,1,11/27/2023
187487,RANDOLPH,11/07/2023,voter,UG,REP,W,UN,F,Age 18 - 25,31,11/27/2023
187518,RANDOLPH,11/07/2023,voter,ST,DEM,U,HL,M,Age Over 66,1,11/27/2023
187519,RANDOLPH,11/07/2023,voter,TR,DEM,O,UN,F,Age Over 66,1,11/27/2023
187892,RANDOLPH,11/07/2023,voter,AR,UNA,W,HL,M,Age 26 - 40,1,11/27/2023
188107,RANDOLPH,11/07/2023,voter,TB,DEM,O,HL,M,Age Over 66,1,11/27/2023
188180,RANDOLPH,11/07/2023,voter,NM,DEM,B,NL,F,Age 26 - 40,1,11/27/2023
188339,RANDOLPH,11/07/2023,voter,UG,UNA,U,HL,M,Age 18 - 25,3,11/27/2023
188399,RANDOLPH,11/07/2023,voter,UG,UNA,W,NL,M,Age 41 - 65,66,11/27/2023
188420,RANDOLPH,11/07/2023,voter,BC,DEM,U,UN,F,Age 26 - 40,1,11/27/2023
188454,RANDOLPH,11/07/2023,voter,AN,UNA,O,NL,M,Age 41 - 65,2,11/27/2023
188609,RANDOLPH,11/07/2023,voter,AE,REP,W,NL,U,Age 41 - 65,2,11/27/2023
188772,RANDOLPH,11/07/2023,voter,AW,REP,W,UN,M,Age 26 - 40,14,11/27/2023
189050,RANDOLPH,11/07/2023,voter,AR,REP,A,UN,U,Age 41 - 65,1,11/27/2023
189102,RANDOLPH,11/07/2023,voter,UG,DEM,O,HL,F,Age 18 - 25,1,11/27/2023
189119,RANDOLPH,11/07/2023,voter,RN,DEM,W,UN,M,Age 41 - 65,4,11/27/2023
189134,RANDOLPH,11/07/2023,voter,TT,REP,I,NL,F,Age 26 - 40,1,11/27/2023
189373,RANDOLPH,11/07/2023,voter,UG,REP,U,UN,M,Age 26 - 40,1,11/27/2023
189406,RANDOLPH,11/07/2023,voter,DR,REP,U,UN,U,Age 41 - 65,13,11/27/2023
189415,RANDOLPH,11/07/2023,voter,RN,UNA,U,HL,F,Age 18 - 25,4,11/27/2023
189939,RANDOLPH,11/07/2023,voter,AS,DEM,U,HL,F,Age 41 - 65,3,11/27/2023
190129,RANDOLPH,11/07/2023,voter,AW,LIB,U,UN,U,Age 26 - 40,1,11/27/2023
190137,RANDOLPH,11/07/2023,voter,AN,UNA,U,HL,F,Age 26 - 40,4,11/27/2023
190142,RANDOLPH,11/07/2023,voter,TR,DEM,B,NL,M,Age Over 66,12,11/27/2023
190236,RANDOLPH,11/07/2023,voter,SO,LIB,W,NL,M,Age 26 - 40,1,11/27/2023
190315,RANDOLPH,11/07/2023,voter,AN,UNA,B,UN,F,Age 18 - 25,5,11/27/2023
190362,RANDOLPH,11/07/2023,voter,AN,REP,B,NL,M,Age 18 - 25,1,11/27/2023
190447,RANDOLPH,11/07/2023,voter,SO,UNA,B,NL,M,Age Over 66,1,11/27/2023
190485,RANDOLPH,11/07/2023,voter,RN,UNA,B,NL,M,Age 41 - 65,3,11/27/2023
190571,RANDOLPH,11/07/2023,voter,AR,UNA,A,UN,M,Age 26 - 40,1,11/27/2023
190589,RANDOLPH,11/07/2023,voter,AS,DEM,O,HL,F,Age 18 - 25,7,11/27/2023
190621,RANDOLPH,11/07/2023,voter,RM,UNA,B,UN,U,Age 41 - 65,1,11/27/2023
190744,RANDOLPH,11/07/2023,voter,DR,REP,B,NL,F,Age Over 66,2,11/27/2023
190884,RANDOLPH,11/07/2023,voter,UG,UNA,U,HL,M,Age 41 - 65,2,11/27/2023
190885,RANDOLPH,11/07/2023,voter,,DEM,B,UN,M,Age 18 - 25,1,11/27/2023
190951,RANDOLPH,11/07/2023,voter,RM,LIB,W,NL,F,Age 26 - 40,2,11/27/2023
190993,RANDOLPH,11/07/2023,voter,GR,REP,W,NL,M,Age 26 - 40,73,11/27/2023
191105,RANDOLPH,11/07/2023,voter,TR,UNA,W,UN,M,Age 41 - 65,19,11/27/2023
191284,RANDOLPH,11/07/2023,voter,UG,DEM,U,HL,F,Age 26 - 40,2,11/27/2023
191340,RANDOLPH,11/07/2023,voter,SW,DEM,W,NL,U,Age 41 - 65,1,11/27/2023
191425,RANDOLPH,11/07/2023,voter,UG,UNA,W,UN,F,Age Over 66,17,11/27/2023
191426,RANDOLPH,11/07/2023,voter,DR,DEM,B,NL,M,Age Over 66,6,11/27/2023
191559,RANDOLPH,11/07/2023,voter,TT,REP,W,HL,M,Age 18 - 25,1,11/27/2023
191600,RANDOLPH,11/07/2023,voter,UG,UNA,U,UN,U,Age Over 66,5,11/27/2023
191692,RANDOLPH,11/07/2023,voter,RN,DEM,U,UN,M,Age 26 - 40,2,11/27/2023
191716,RANDOLPH,11/07/2023,voter,RM,UNA,I,NL,F,Age 41 - 65,1,11/27/2023
191873,RANDOLPH,11/07/2023,voter,TR,DEM,W,NL,M,Age 41 - 65,14,11/27/2023
192031,RANDOLPH,11/07/2023,voter,AE,UNA,U,UN,M,Age 41 - 65,3,11/27/2023
192243,RANDOLPH,11/07/2023,voter,SW,DEM,W,NL,F,Age 41 - 65,19,11/27/2023
192297,RANDOLPH,11/07/2023,voter,ST,REP,W,NL,F,Age 41 - 65,184,11/27/2023
192302,RANDOLPH,11/07/2023,voter,TB,UNA,W,NL,U,Age Over 66,2,11/27/2023
192344,RANDOLPH,11/07/2023,voter,,REP,U,UN,U,Age 18 - 25,11,11/27/2023
192526,RANDOLPH,11/07/2023,voter,AN,REP,W,NL,U,Age 41 - 65,2,11/27/2023
192725,RANDOLPH,11/07/2023,voter,LB,DEM,I,NL,F,Age Over 66,1,11/27/2023
192733,RANDOLPH,11/07/2023,voter,TT,REP,B,NL,F,Age 41 - 65,1,11/27/2023
192785,RANDOLPH,11/07/2023,voter,TB,DEM,B,NL,F,Age Over 66,1,11/27/2023
192812,RANDOLPH,11/07/2023,voter,AN,DEM,W,UN,M,Age 18 - 25,1,11/27/2023
192910,RANDOLPH,11/07/2023,voter,TR,REP,W,UN,M,Age 26 - 40,18,11/27/2023
192961,RANDOLPH,11/07/2023,voter,GR,UNA,O,UN,F,Age 26 - 40,3,11/27/2023
193049,RANDOLPH,11/07/2023,voter,SE,REP,O,NL,M,Age 41 - 65,1,11/27/2023
193081,RANDOLPH,11/07/2023,voter,AW,DEM,B,UN,M,Age 41 - 65,1,11/27/2023
193316,RANDOLPH,11/07/2023,voter,,UNA,W,UN,F,Age 41 - 65,61,11/27/2023
193691,RANDOLPH,11/07/2023,voter,RN,UNA,W,NL,F,Age Over 66,29,11/27/2023
193872,RANDOLPH,11/07/2023,voter,RM,DEM,O,UN,F,Age Over 66,1,11/27/2023
193987,RANDOLPH,11/07/2023,voter,TR,DEM,M,HL,F,Age 26 - 40,1,11/27/2023
194025,RANDOLPH,11/07/2023,voter,DR,UNA,W,NL,F,Age 18 - 25,14,11/27/2023
194062,RANDOLPH,11/07/2023,voter,AW,REP,U,HL,F,Age 26 - 40,1,11/27/2023
194222,RANDOLPH,11/07/2023,voter,TB,UNA,W,NL,U,Age 26 - 40,11,11/27/2023
194306,RANDOLPH,11/07/2023,voter,UG,DEM,W,UN,F,Age Over 66,13,11/27/2023
194355,RANDOLPH,11/07/2023,voter,,DEM,B,UN,F,Age Over 66,1,11/27/2023
194426,RANDOLPH,11/07/2023,voter,RM,UNA,B,UN,F,Age 26 - 40,3,11/27/2023
194441,RANDOLPH,11/07/2023,voter,AW,UNA,W,UN,F,Age 26 - 40,47,11/27/2023
194454,RANDOLPH,11/07/2023,voter,SE,UNA,U,UN,U,Age 18 - 25,4,11/27/2023
194470,RANDOLPH,11/07/2023,voter,BC,UNA,U,UN,F,Age 41 - 65,2,11/27/2023
194478,RANDOLPH,11/07/2023,voter,ST,LIB,W,NL,M,Age 26 - 40,3,11/27/2023
194509,RANDOLPH,11/07/2023,voter,AS,UNA,W,NL,M,Age 41 - 65,55,11/27/2023
194677,RANDOLPH,11/07/2023,voter,NM,DEM,B,UN,F,Age 26 - 40,2,11/27/2023
194741,RANDOLPH,11/07/2023,voter,SO,UNA,W,NL,M,Age 41 - 65,24,11/27/2023
194745,RANDOLPH,11/07/2023,voter,AW,REP,W,UN,U,Age 26 - 40,3,11/27/2023
194794,RANDOLPH,11/07/2023,voter,TT,REP,W,UN,M,Age 18 - 25,38,11/27/2023
194941,RANDOLPH,11/07/2023,voter,AR,DEM,A,NL,M,Age 26 - 40,2,11/27/2023
195059,RANDOLPH,11/07/2023,voter,RN,DEM,O,HL,F,Age 41 - 65,1,11/27/2023
195105,RANDOLPH,11/07/2023,voter,AR,REP,U,NL,M,Age 26 - 40,1,11/27/2023
195208,RANDOLPH,11/07/2023,voter,LC,UNA,W,NL,M,Age 18 - 25,20,11/27/2023
195280,RANDOLPH,11/07/2023,voter,TR,DEM,B,NL,M,Age 18 - 25,3,11/27/2023
195414,RANDOLPH,11/07/2023,voter,UG,REP,B,NL,F,Age Over 66,1,11/27/2023
195693,RANDOLPH,11/07/2023,voter,SO,REP,W,UN,F,Age 26 - 40,49,11/27/2023
195726,RANDOLPH,11/07/2023,voter,AR,DEM,W,HL,M,Age 41 - 65,1,11/27/2023
195740,RANDOLPH,11/07/2023,voter,SW,UNA,W,UN,M,Age 41 - 65,31,11/27/2023
195809,RANDOLPH,11/07/2023,voter,AW,DEM,W,UN,M,Age 18 - 25,5,11/27/2023
195860,RANDOLPH,11/07/2023,voter,ST,UNA,W,NL,M,Age 26 - 40,38,11/27/2023
195971,RANDOLPH,11/07/2023,voter,ST,UNA,U,NL,M,Age 26 - 40,1,11/27/2023
195993,RANDOLPH,11/07/2023,voter,RN,DEM,U,UN,F,Age 26 - 40,1,11/27/2023
196003,RANDOLPH,11/07/2023,voter,SE,LIB,W,UN,M,Age Over 66,1,11/27/2023
196148,RANDOLPH,11/07/2023,voter,AS,UNA,B,NL,F,Age 26 - 40,2,11/27/2023
196281,RANDOLPH,11/07/2023,voter,AR,REP,A,UN,F,Age 26 - 40,1,11/27/2023
196375,RANDOLPH,11/07/2023,voter,AS,REP,A,NL,F,Age 18 - 25,1,11/27/2023
196419,RANDOLPH,11/07/2023,voter,RN,UNA,B,UN,M,Age Over 66,1,11/27/2023
196433,RANDOLPH,11/07/2023,voter,RM,DEM,W,NL,M,Age Over 66,38,11/27/2023
196603,RANDOLPH,11/07/2023,voter,ST,UNA,B,UN,F,Age 18 - 25,1,11/27/2023
196641,RANDOLPH,11/07/2023,voter,LC,DEM,B,NL,U,Age 18 - 25,1,11/27/2023
196784,RANDOLPH,11/07/2023,voter,DR,UNA,W,NL,M,Age 26 - 40,47,11/27/2023
196830,RANDOLPH,11/07/2023,voter,ST,DEM,B,UN,F,Age 26 - 40,2,11/27/2023
196948,RANDOLPH,11/07/2023,voter,AS,REP,W,NL,M,Age 41 - 65,89,11/27/2023
197047,RANDOLPH,11/07/2023,voter,NM,DEM,U,HL,M,Age 18 - 25,1,11/27/2023
197107,RANDOLPH,11/07/2023,voter,,REP,W,UN,F,Age 18 - 25,33,11/27/2023
197240,RANDOLPH,11/07/2023,voter,TR,UNA,U,UN,U,Age Over 66,10,11/27/2023
197300,RANDOLPH,11/07/2023,voter,AN,DEM,W,HL,M,Age 18 - 25,1,11/27/2023
197337,RANDOLPH,11/07/2023,voter,AS,REP,W,UN,F,Age 26 - 40,28,11/27/2023
197369,RANDOLPH,11/07/2023,voter,ST,DEM,W,NL,M,Age 18 - 25,2,11/27/2023
197406,RANDOLPH,11/07/2023,voter,AS,REP,W,UN,F,Age 18 - 25,10,11/27/2023
197447,RANDOLPH,11/07/2023,voter,UG,DEM,B,NL,M,Age Over 66,1,11/27/2023
197491,RANDOLPH,11/07/2023,voter,AR,DEM,A,NL,F,Age 18 - 25,2,11/27/2023
197613,RANDOLPH,11/07/2023,voter,AE,DEM,U,UN,M,Age 41 - 65,1,11/27/2023
197632,RANDOLPH,11/07/2023,voter,RM,REP,W,HL,M,Age 41 - 65,1,11/27/2023
197853,RANDOLPH,11/07/2023,voter,SO,UNA,B,UN,F,Age 41 - 65,1,11/27/2023
197857,RANDOLPH,11/07/2023,voter,,UNA,U,NL,F,Age 41 - 65,2,11/27/2023
197875,RANDOLPH,11/07/2023,voter,AR,UNA,W,UN,U,Age 18 - 25,1,11/27/2023
197926,RANDOLPH,11/07/2023,voter,AW,LIB,W,UN,F,Age 41 - 65,1,11/27/2023
197963,RANDOLPH,11/07/2023,voter,RN,REP,W,NL,U,Age 18 - 25,3,11/27/2023
198161,RANDOLPH,11/07/2023,voter,BC,UNA,W,NL,U,Age 26 - 40,7,11/27/2023
198203,RANDOLPH,11/07/2023,voter,GR,UNA,U,HL,F,Age 41 - 65,4,11/27/2023
198333,RANDOLPH,11/07/2023,voter,DR,UNA,U,UN,M,Age 41 - 65,2,11/27/2023
198351,RANDOLPH,11/07/2023,voter,AW,DEM,A,UN,F,Age Over 66,1,11/27/2023
198490,RANDOLPH,11/07/2023,voter,TR,UNA,O,HL,M,Age 18 - 25,2,11/27/2023
198667,RANDOLPH,11/07/2023,voter,AR,DEM,B,NL,U,Age 26 - 40,1,11/27/2023
198668,RANDOLPH,11/07/2023,voter,RN,DEM,O,NL,M,Age Over 66,1,11/27/2023
198671,RANDOLPH,11/07/2023,voter,AR,UNA,W,UN,M,Age 18 - 25,4,11/27/2023
198781,RANDOLPH,11/07/2023,voter,AE,REP,U,UN,U,Age 26 - 40,8,11/27/2023
198819,RANDOLPH,11/07/2023,voter,SE,REP,M,NL,F,Age 26 - 40,1,11/27/2023
198887,RANDOLPH,11/07/2023,voter,LC,DEM,M,UN,M,Age 41 - 65,1,11/27/2023
198891,RANDOLPH,11/07/2023,voter,UG,UNA,U,UN,F,Age 41 - 65,5,11/27/2023
198939,RANDOLPH,11/07/2023,voter,AR,UNA,B,UN,F,Age 18 - 25,1,11/27/2023
198950,RANDOLPH,11/07/2023,voter,NM,LIB,U,UN,U,Age 18 - 25,1,11/27/2023
198993,RANDOLPH,11/07/2023,voter,AW,DEM,B,NL,M,Age 18 - 25,6,11/27/2023
199075,RANDOLPH,11/07/2023,voter,UG,UNA,B,UN,M,Age 26 - 40,3,11/27/2023
199089,RANDOLPH,11/07/2023,voter,NM,REP,B,NL,M,Age 41 - 65,2,11/27/2023
199225,RANDOLPH,11/07/2023,voter,LC,UNA,U,UN,M,Age 41 - 65,1,11/27/2023
199265,RANDOLPH,11/07/2023,voter,DR,REP,U,NL,M,Age 41 - 65,4,11/27/2023
199312,RANDOLPH,11/07/2023,voter,RM,UNA,O,NL,M,Age 26 - 40,2,11/27/2023
199372,RANDOLPH,11/07/2023,voter,ST,DEM,B,NL,M,Age Over 66,15,11/27/2023
199444,RANDOLPH,11/07/2023,voter,AW,UNA,W,UN,M,Age Over 66,7,11/27/2023
199470,RANDOLPH,11/07/2023,voter,SE,REP,B,NL,M,Age 18 - 25,1,11/27/2023
199553,RANDOLPH,11/07/2023,voter,SW,REP,U,UN,M,Age Over 66,1,11/27/2023
199663,RANDOLPH,11/07/2023,voter,BC,DEM,W,NL,F,Age Over 66,49,11/27/2023
199668,RANDOLPH,11/07/2023,voter,TR,UNA,W,NL,U,Age Over 66,1,11/27/2023
199709,RANDOLPH,11/07/2023,voter,AE,UNA,U,UN,U,Age 41 - 65,12,11/27/2023
200166,RANDOLPH,11/07/2023,voter,TR,UNA,U,UN,U,Age Over 66,5,11/27/2023
200337,RANDOLPH,11/07/2023,voter,SE,REP,W,NL,U,Age 18 - 25,1,11/27/2023
200408,RANDOLPH,11/07/2023,voter,AE,REP,I,UN,M,Age 41 - 65,1,11/27/2023
200506,RANDOLPH,11/07/2023,voter,ST,UNA,W,NL,F,Age 18 - 25,14,11/27/2023
200512,RANDOLPH,11/07/2023,voter,TR,REP,U,NL,M,Age 18 - 25,1,11/27/2023
200513,RANDOLPH,11/07/2023,voter,UG,REP,U,UN,M,Age Over 66,1,11/27/2023
200550,RANDOLPH,11/07/2023,voter,SO,UNA,M,UN,M,Age 26 - 40,1,11/27/2023
200690,RANDOLPH,11/07/2023,voter,AR,DEM,B,NL,M,Age 26 - 40,2,11/27/2023
200730,RANDOLPH,11/07/2023,voter,RN,REP,O,HL,U,Age 41 - 65,1,11/27/2023
200743,RANDOLPH,11/07/2023,voter,,UNA,I,NL,F,Age 41 - 65,1,11/27/2023
200818,RANDOLPH,11/07/2023,voter,AN,REP,U,UN,F,Age 18 - 25,2,11/27/2023
201012,RANDOLPH,11/07/2023,voter,AE,REP,W,NL,U,Age Over 66,1,11/27/2023
201101,RANDOLPH,11/07/2023,voter,,DEM,B,NL,M,Age 18 - 25,2,11/27/2023
201117,RANDOLPH,11/07/2023,voter,,REP,W,NL,U,Age Over 66,3,11/27/2023
201156,RANDOLPH,11/07/2023,voter,TB,UNA,O,HL,F,Age Over 66,1,11/27/2023
201260,RANDOLPH,11/07/2023,voter,NM,DEM,U,HL,F,Age 18 - 25,1,11/27/2023
201282,RANDOLPH,11/07/2023,voter,UG,REP,O,UN,M,Age 41 - 65,2,11/27/2023
201288,RANDOLPH,11/07/2023,voter,SO,UNA,W,UN,M,Age 41 - 65,47,11/27/2023
201332,RANDOLPH,11/07/2023,voter,AR,UNA,O,HL,F,Age 26 - 40,3,11/27/2023
201354,RANDOLPH,11/07/2023,voter,TB,DEM,W,UN,F,Age 18 - 25,4,11/27/2023
201415,RANDOLPH,11/07/2023,voter,SE,DEM,B,UN,M,Age Over 66,1,11/27/2023
201423,RANDOLPH,11/07/2023,voter,UG,UNA,A,UN,M,Age 26 - 40,1,11/27/2023
201439,RANDOLPH,11/07/2023,voter,RN,DEM,O,UN,F,Age 18 - 25,1,11/27/2023
201792,RANDOLPH,11/07/2023,voter,GR,UNA,W,UN,M,Age Over 66,26,11/27/2023
201798,RANDOLPH,11/07/2023,voter,AR,REP,I,NL,M,Age 41 - 65,2,11/27/2023
201851,RANDOLPH,11/07/2023,voter,TB,REP,I,UN,M,Age 26 - 40,1,11/27/2023
201993,RANDOLPH,11/07/2023,voter,AN,UNA,O,UN,F,Age 41 - 65,1,11/27/2023
202032,RANDOLPH,11/07/2023,voter,DR,REP,O,UN,M,Age 18 - 25,1,11/27/2023
202042,RANDOLPH,11/07/2023,voter,RN,REP,W,NL,M,Age 18 - 25,36,11/27/2023
202074,RANDOLPH,11/07/2023,voter,UG,DEM,B,NL,M,Age 26 - 40,1,11/27/2023
202300,RANDOLPH,11/07/2023,voter,SO,DEM,B,UN,M,Age 41 - 65,3,11/27/2023
202303,RANDOLPH,11/07/2023,voter,AE,LIB,B,UN,M,Age 26 - 40,1,11/27/2023
202398,RANDOLPH,11/07/2023,voter,RM,UNA,B,NL,M,Age 18 - 25,3,11/27/2023
202487,RANDOLPH,11/07/2023,voter,SW,REP,U,UN,U,Age Over 66,9,11/27/2023
202697,RANDOLPH,11/07/2023,voter,RN,DEM,O,HL,M,Age 41 - 65,8,11/27/2023
202976,RANDOLPH,11/07/2023,voter,AN,REP,O,HL,F,Age 26 - 40,2,11/27/2023
203267,RANDOLPH,11/07/2023,voter,BC,REP,W,NL,U,Age 26 - 40,8,11/27/2023
203433,RANDOLPH,11/07/2023,voter,RN,UNA,W,UN,M,Age 26 - 40,22,11/27/2023
203439,RANDOLPH,11/07/2023,voter,AR,DEM,A,UN,M,Age 41 - 65,3,11/27/2023
203476,RANDOLPH,11/07/2023,voter,SO,REP,O,UN,M,Age 41 - 65,1,11/27/2023
203534,RANDOLPH,11/07/2023,voter,SE,UNA,W,NL,M,Age 18 - 25,9,11/27/2023
203562,RANDOLPH,11/07/2023,voter,LB,DEM,W,NL,M,Age 18 - 25,1,11/27/2023
203767,RANDOLPH,11/07/2023,voter,AN,UNA,B,NL,F,Age 26 - 40,9,11/27/2023
203830,RANDOLPH,11/07/2023,voter,AN,REP,W,UN,M,Age 26 - 40,27,11/27/2023
203864,RANDOLPH,11/07/2023,voter,AN,UNA,O,HL,F,Age 18 - 25,25,11/27/2023
203876,RANDOLPH,11/07/2023,voter,AE,DEM,O,NL,U,Age 41 - 65,1,11/27/2023
203879,RANDOLPH,11/07/2023,voter,,UNA,U,UN,U,Age 41 - 65,15,11/27/2023
203966,RANDOLPH,11/07/2023,voter,SW,DEM,B,UN,U,Age 41 - 65,1,11/27/2023
203967,RANDOLPH,11/07/2023,voter,UG,DEM,B,NL,F,Age 41 - 65,12,11/27/2023
204064,RANDOLPH,11/07/2023,voter,AR,UNA,W,HL,F,Age 26 - 40,2,11/27/2023
204078,RANDOLPH,11/07/2023,voter,AR,UNA,O,UN,M,Age 26 - 40,1,11/27/2023
204099,RANDOLPH,11/07/2023,voter,,UNA,W,NL,M,Age Over 66,36,11/27/2023
204138,RANDOLPH,11/07/2023,voter,AS,UNA,U,HL,F,Age 18 - 25,4,11/27/2023
204175,RANDOLPH,11/07/2023,voter,SE,REP,W,HL,M,Age 18 - 25,1,11/27/2023
204201,RANDOLPH,11/07/2023,voter,AW,DEM,U,UN,U,Age Over 66,2,11/27/2023
204289,RANDOLPH,11/07/2023,voter,AW,LIB,W,NL,M,Age 26 - 40,1,11/27/2023
204315,RANDOLPH,11/07/2023,voter,AR,DEM,B,NL,M,Age 26 - 40,2,11/27/2023
204330,RANDOLPH,11/07/2023,voter,AW,UNA,W,NL,M,Age 41 - 65,29,11/27/2023
204370,RANDOLPH,11/07/2023,voter,LB,UNA,U,HL,F,Age 41 - 65,1,11/27/2023
204435,RANDOLPH,11/07/2023,voter,TT,REP,W,UN,F,Age Over 66,29,11/27/2023
204498,RANDOLPH,11/07/2023,voter,ST,UNA,W,UN,M,Age Over 66,10,11/27/2023
204618,RANDOLPH,11/07/2023,voter,NM,DEM,B,NL,F,Age 18 - 25,2,11/27/2023
204630,RANDOLPH,11/07/2023,voter,TT,REP,O,NL,M,Age 18 - 25,1,11/27/2023
204662,RANDOLPH,11/07/2023,voter,RN,REP,W,NL,M,Age 26 - 40,36,11/27/2023
204825,RANDOLPH,11/07/2023,voter,AE,DEM,W,NL,F,Age 41 - 65,56,11/27/2023
204920,RANDOLPH,11/07/2023,voter,SO,REP,W,HL,F,Age 26 - 40,1,11/27/2023
205058,RANDOLPH,11/07/2023,voter,RM,DEM,B,UN,M,Age Over 66,8,11/27/2023
205142,RANDOLPH,11/07/2023,voter,AN,DEM,W,HL,F,Age 26 - 40,6,11/27/2023
205230,RANDOLPH,11/07/2023,voter,TR,UNA,O,NL,F,Age 26 - 40,4,11/27/2023
205535,RANDOLPH,11/07/2023,voter,RN,REP,O,UN,F,Age 18 - 25,1,11/27/2023
205601,RANDOLPH,11/07/2023,voter,UG,DEM,U,UN,M,Age 18 - 25,1,11/27/2023
205629,RANDOLPH,11/07/2023,voter,AN,REP,W,UN,M,Age 26 - 40,28,11/27/2023
205663,RANDOLPH,11/07/2023,voter,AR,DEM,W,UN,M,Age 41 - 65,8,11/27/2023
205698,RANDOLPH,11/07/2023,voter,AW,UNA,B,UN,M,Age 18 - 25,6,11/27/2023
205856,RANDOLPH,11/07/2023,voter,SE,UNA,W,NL,F,Age 26 - 40,26,11/27/2023
205858,RANDOLPH,11/07/2023,voter,RN,UNA,I,NL,F,Age 18 - 25,1,11/27/2023
205900,RANDOLPH,11/07/2023,voter,AE,DEM,W,NL,F,Age 26 - 40,14,11/27/2023
206022,RANDOLPH,11/07/2023,voter,GR,DEM,W,NL,F,Age 26 - 40,13,11/27/2023
206075,RANDOLPH,11/07/2023,voter,UG,DEM,W,NL,M,Age 41 - 65,23,11/27/2023
206127,RANDOLPH,11/07/2023,voter,NM,UNA,W,UN,F,Age 41 - 65,16,11/27/2023
206221,RANDOLPH,11/07/2023,voter,DR,UNA,O,HL,M,Age 41 - 65,1,11/27/2023
206286,RANDOLPH,11/07/2023,voter,UG,DEM,B,NL,F,Age 18 - 25,1,11/27/2023
206382,RANDOLPH,11/07/2023,voter,AR,DEM,U,UN,U,Age 18 - 25,3,11/27/2023
206739,RANDOLPH,11/07/2023,voter,TT,UNA,O,HL,F,Age 41 - 65,1,11/27/2023
206860,RANDOLPH,11/07/2023,voter,GR,UNA,O,UN,M,Age 18 - 25,5,11/27/2023
206945,RANDOLPH,11/07/2023,voter,AS,REP,O,HL,F,Age 18 - 25,2,11/27/2023
207149,RANDOLPH,11/07/2023,voter,AR,DEM,U,UN,F,Age 26 - 40,1,11/27/2023
207286,RANDOLPH,11/07/2023,voter,RM,DEM,O,HL,F,Age 18 - 25,12,11/27/2023
207384,RANDOLPH,11/07/2023,voter,TR,REP,I,UN,M,Age 26 - 40,1,11/27/2023
207429,RANDOLPH,11/07/2023,voter,AR,UNA,U,HL,U,Age 18 - 25,1,11/27/2023
207525,RANDOLPH,11/07/2023,voter,AE,UNA,U,HL,M,Age 18 - 25,2,11/27/2023
207552,RANDOLPH,11/07/2023,voter,AS,UNA,B,UN,M,Age 26 - 40,1,11/27/2023
207704,RANDOLPH,11/07/2023,voter,AW,LIB,O,HL,F,Age 26 - 40,1,11/27/2023
207863,RANDOLPH,11/07/2023,voter,AW,DEM,B,UN,F,Age 41 - 65,25,11/27/2023
208187,RANDOLPH,11/07/2023,voter,AN,UNA,O,HL,M,Age 26 - 40,7,11/27/2023
208235,RANDOLPH,11/07/2023,voter,SE,UNA,B,UN,M,Age 18 - 25,1,11/27/2023
208345,RANDOLPH,11/07/2023,voter,NM,UNA,O,NL,M,Age 41 - 65,1,11/27/2023
208370,RANDOLPH,11/07/2023,voter,RN,UNA,O,HL,M,Age 26 - 40,6,11/27/2023
208551,RANDOLPH,11/07/2023,voter,LB,UNA,U,UN,M,Age 26 - 40,3,11/27/2023
208760,RANDOLPH,11/07/2023,voter,AE,REP,B,UN,M,Age 26 - 40,3,11/27/2023
209003,RANDOLPH,11/07/2023,voter,LC,DEM,B,HL,M,Age 41 - 65,1,11/27/2023
209384,RANDOLPH,11/07/2023,voter,RN,UNA,W,UN,F,Age 18 - 25,23,11/27/2023
209564,RANDOLPH,11/07/2023,voter,AS,LIB,O,NL,F,Age 18 - 25,1,11/27/2023
209602,RANDOLPH,11/07/2023,voter,LC,UNA,W,UN,M,Age 18 - 25,23,11/27/2023
209604,RANDOLPH,11/07/2023,voter,AW,UNA,U,NL,F,Age 26 - 40,2,11/27/2023
209641,RANDOLPH,11/07/2023,voter,DR,REP,I,NL,M,Age 26 - 40,1,11/27/2023
209686,RANDOLPH,11/07/2023,voter,AW,DEM,B,UN,F,Age 18 - 25,8,11/27/2023
209710,RANDOLPH,11/07/2023,voter,AW,REP,O,HL,M,Age Over 66,3,11/27/2023
209727,RANDOLPH,11/07/2023,voter,,REP,U,UN,F,Age 18 - 25,1,11/27/2023
209797,RANDOLPH,11/07/2023,voter,LC,LIB,W,NL,M,Age 26 - 40,2,11/27/2023
209946,RANDOLPH,11/07/2023,voter,RN,UNA,W,NL,F,Age 18 - 25,23,11/27/2023
209990,RANDOLPH,11/07/2023,voter,UG,UNA,A,UN,F,Age 18 - 25,2,11/27/2023
210066,RANDOLPH,11/07/2023,voter,ST,DEM,B,UN,F,Age Over 66,6,11/27/2023
210268,RANDOLPH,11/07/2023,voter,AE,REP,W,NL,M,Age 18 - 25,11,11/27/2023
210316,RANDOLPH,11/07/2023,voter,BC,REP,O,HL,M,Age 26 - 40,4,11/27/2023
210605,RANDOLPH,11/07/2023,voter,TR,UNA,W,NL,U,Age 41 - 65,10,11/27/2023
210608,RANDOLPH,11/07/2023,voter,RM,DEM,W,NL,F,Age 26 - 40,15,11/27/2023
210885,RANDOLPH,11/07/2023,voter,AR,DEM,W,NL,M,Age 18 - 25,7,11/27/2023
210969,RANDOLPH,11/07/2023,voter,,UNA,O,UN,M,Age 18 - 25,1,11/27/2023
210981,RANDOLPH,11/07/2023,voter,AN,REP,W,NL,F,Age 26 - 40,35,11/27/2023
211084,RANDOLPH,11/07/2023,voter,UG,UNA,U,UN,F,Age 26 - 40,2,11/27/2023
211222,RANDOLPH,11/07/2023,voter,AW,UNA,W,UN,M,Age 18 - 25,27,11/27/2023
211249,RANDOLPH,11/07/2023,voter,TB,UNA,U,UN,U,Age 18 - 25,8,11/27/2023
211290,RANDOLPH,11/07/2023,voter,RM,LIB,U,UN,M,Age 26 - 40,1,11/27/2023
211319,RANDOLPH,11/07/2023,voter,DR,UNA,B,UN,F,Age 18 - 25,7,11/27/2023
211322,RANDOLPH,11/07/2023,voter,,DEM,B,NL,F,Age Over 66,2,11/27/2023
211326,RANDOLPH,11/07/2023,voter,UG,DEM,A,UN,F,Age Over 66,1,11/27/2023
211338,RANDOLPH,11/07/2023,voter,SO,DEM,W,NL,M,Age 41 - 65,5,11/27/2023
211350,RANDOLPH,11/07/2023,voter,SO,REP,U,UN,U,Age 41 - 65,22,11/27/2023
211368,RANDOLPH,11/07/2023,voter,BC,UNA,W,NL,F,Age Over 66,48,11/27/2023
211404,RANDOLPH,11/07/2023,voter,AW,REP,O,HL,M,Age 41 - 65,3,11/27/2023
211471,RANDOLPH,11/07/2023,voter,AN,UNA,W,HL,F,Age Over 66,2,11/27/2023
211495,RANDOLPH,11/07/2023,voter,RN,DEM,U,UN,F,Age 41 - 65,2,11/27/2023
211544,RANDOLPH,11/07/2023,voter,AN,UNA,O,UN,M,Age 41 - 65,1,11/27/2023
211669,RANDOLPH,11/07/2023,voter,AN,LIB,U,UN,U,Age 26 - 40,1,11/27/2023
211677,RANDOLPH,11/07/2023,voter,,UNA,W,NL,M,Age 41 - 65,138,11/27/2023
211758,RANDOLPH,11/07/2023,voter,SO,LIB,W,NL,M,Age 41 - 65,1,11/27/2023
212000,RANDOLPH,11/07/2023,voter,NM,UNA,I,NL,F,Age 41 - 65,2,11/27/2023
212080,RANDOLPH,11/07/2023,voter,LB,DEM,W,UN,F,Age 41 - 65,15,11/27/2023
212249,RANDOLPH,11/07/2023,voter,AR,DEM,U,HL,F,Age 18 - 25,1,11/27/2023
212339,RANDOLPH,11/07/2023,voter,TR,UNA,W,NL,F,Age 41 - 65,157,11/27/2023
212491,RANDOLPH,11/07/2023,voter,TR,DEM,B,NL,M,Age 26 - 40,9,11/27/2023
212585,RANDOLPH,11/07/2023,voter,UG,DEM,O,HL,F,Age 26 - 40,2,11/27/2023
212649,RANDOLPH,11/07/2023,voter,AR,DEM,W,UN,F,Age 18 - 25,3,11/27/2023
212692,RANDOLPH,11/07/2023,voter,SW,DEM,A,UN,M,Age 26 - 40,1,11/27/2023
212875,RANDOLPH,11/07/2023,voter,RN,DEM,M,HL,F,Age 41 - 65,1,11/27/2023
212898,RANDOLPH,11/07/2023,voter,AS,UNA,W,UN,M,Age 26 - 40,18,11/27/2023
213043,RANDOLPH,11/07/2023,voter,UG,DEM,U,UN,U,Age 41 - 65,3,11/27/2023
213057,RANDOLPH,11/07/2023,voter,AR,REP,U,HL,M,Age 18 - 25,3,11/27/2023
213107,RANDOLPH,11/07/2023,voter,ST,REP,W,UN,F,Age 18 - 25,22,11/27/2023
213263,RANDOLPH,11/07/2023,voter,TR,REP,W,NL,F,Age Over 66,1,11/27/2023
213351,RANDOLPH,11/07/2023,voter,AE,UNA,O,NL,F,Age 26 - 40,1,11/27/2023
213400,RANDOLPH,11/07/2023,voter,UG,LIB,O,UN,M,Age 26 - 40,1,11/27/2023
213415,RANDOLPH,11/07/2023,voter,DR,REP,U,UN,M,Age Over 66,1,11/27/2023
213666,RANDOLPH,11/07/2023,voter,UG,UNA,U,UN,U,Age Over 66,2,11/27/2023
213670,RANDOLPH,11/07/2023,voter,AS,DEM,O,HL,M,Age Over 66,1,11/27/2023
213675,RANDOLPH,11/07/2023,voter,TR,REP,W,UN,F,Age Over 66,26,11/27/2023
213720,RANDOLPH,11/07/2023,voter,UG,UNA,U,HL,F,Age 18 - 25,1,11/27/2023
213848,RANDOLPH,11/07/2023,voter,LB,REP,W,NL,M,Age 18 - 25,27,11/27/2023
213851,RANDOLPH,11/07/2023,voter,UG,NLB,W,UN,M,Age 18 - 25,1,11/27/2023
213900,RANDOLPH,11/07/2023,voter,SE,REP,W,UN,M,Age 18 - 25,16,11/27/2023
214015,RANDOLPH,11/07/2023,voter,SE,REP,W,NL,F,Age 26 - 40,10,11/27/2023
214023,RANDOLPH,11/07/2023,voter,RM,REP,W,UN,M,Age 18 - 25,38,11/27/2023
214187,RANDOLPH,11/07/2023,voter,TR,UNA,B,UN,F,Age 18 - 25,2,11/27/2023
214210,RANDOLPH,11/07/2023,voter,TR,DEM,U,HL,M,Age 18 - 25,1,11/27/2023
214302,RANDOLPH,11/07/2023,voter,RN,DEM,U,UN,U,Age 26 - 40,4,11/27/2023
214345,RANDOLPH,11/07/2023,voter,AR,DEM,O,HL,M,Age 41 - 65,1,11/27/2023
214620,RANDOLPH,11/07/2023,voter,LB,UNA,B,NL,F,Age Over 66,1,11/27/2023
214684,RANDOLPH,11/07/2023,voter,GR,UNA,A,NL,F,Age 26 - 40,1,11/27/2023
214741,RANDOLPH,11/07/2023,voter,AW,REP,W,NL,M,Age 26 - 40,25,11/27/2023
214882,RANDOLPH,11/07/2023,voter,AN,UNA,I,UN,F,Age 41 - 65,1,11/27/2023
215118,RANDOLPH,11/07/2023,voter,UG,DEM,U,UN,F,Age 41 - 65,1,11/27/2023
215127,RANDOLPH,11/07/2023,voter,TR,UNA,W,UN,F,Age 18 - 25,8,11/27/2023
215129,RANDOLPH,11/07/2023,voter,RN,DEM,W,UN,F,Age 18 - 25,5,11/27/2023
215265,RANDOLPH,11/07/2023,voter,LC,REP,W,NL,M,Age Over 66,120,11/27/2023
215423,RANDOLPH,11/07/2023,voter,LC,UNA,W,UN,U,Age Over 66,2,11/27/2023
215462,RANDOLPH,11/07/2023,voter,TR,DEM,W,HL,M,Age 18 - 25,1,11/27/2023
215605,RANDOLPH,11/07/2023,voter,DR,UNA,U,HL,M,Age 26 - 40,2,11/27/2023
215761,RANDOLPH,11/07/2023,voter,TR,DEM,W,UN,M,Age Over 66,1,11/27/2023
215795,RANDOLPH,11/07/2023,voter,DR,UNA,U,UN,M,Age 26 - 40,2,11/27/2023
215847,RANDOLPH,11/07/2023,voter,SW,DEM,B,UN,M,Age Over 66,1,11/27/2023
215888,RANDOLPH,11/07/2023,voter,,DEM,B,NL,M,Age 41 - 65,1,11/27/2023
215898,RANDOLPH,11/07/2023,voter,AW,LIB,W,UN,M,Age 26 - 40,1,11/27/2023
215909,RANDOLPH,11/07/2023,voter,LB,DEM,B,NL,M,Age 18 - 25,8,11/27/2023
215939,RANDOLPH,11/07/2023,voter,AS,UNA,O,HL,F,Age 26 - 40,9,11/27/2023
216040,RANDOLPH,11/07/2023,voter,AR,UNA,B,UN,M,Age 41 - 65,4,11/27/2023
216094,RANDOLPH,11/07/2023,voter,AE,UNA,W,NL,M,Age 26 - 40,17,11/27/2023
216258,RANDOLPH,11/07/2023,voter,RN,REP,W,HL,M,Age Over 66,2,11/27/2023
216342,RANDOLPH,11/07/2023,voter,AN,REP,U,HL,M,Age 26 - 40,1,11/27/2023
216346,RANDOLPH,11/07/2023,voter,TR,DEM,O,HL,F,Age 26 - 40,1,11/27/2023
216827,RANDOLPH,11/07/2023,voter,LC,UNA,I,UN,F,Age 41 - 65,1,11/27/2023
216850,RANDOLPH,11/07/2023,voter,BC,UNA,U,NL,M,Age 41 - 65,1,11/27/2023
217007,RANDOLPH,11/07/2023,voter,TR,DEM,O,NL,M,Age 26 - 40,1,11/27/2023
217050,RANDOLPH,11/07/2023,voter,AN,UNA,B,UN,U,Age 41 - 65,1,11/27/2023
217052,RANDOLPH,11/07/2023,voter,AR,REP,O,HL,M,Age 26 - 40,4,11/27/2023
217266,RANDOLPH,11/07/2023,voter,TR,LIB,W,NL,M,Age 18 - 25,2,11/27/2023
217367,RANDOLPH,11/07/2023,voter,AR,UNA,W,HL,M,Age 18 - 25,1,11/27/2023
217421,RANDOLPH,11/07/2023,voter,UG,UNA,B,UN,F,Age 41 - 65,3,11/27/2023
217549,RANDOLPH,11/07/2023,voter,AS,REP,W,NL,M,Age Over 66,119,11/27/2023
217564,RANDOLPH,11/07/2023,voter,AN,DEM,B,UN,M,Age 18 - 25,4,11/27/2023
217587,RANDOLPH,11/07/2023,voter,DR,REP,W,NL,M,Age Over 66,94,11/27/2023
217627,RANDOLPH,11/07/2023,voter,AN,UNA,W,NL,U,Age 18 - 25,1,11/27/2023
217678,RANDOLPH,11/07/2023,voter,SO,UNA,B,UN,F,Age 18 - 25,2,11/27/2023
217680,RANDOLPH,11/07/2023,voter,SO,UNA,B,NL,F,Age Over 66,1,11/27/2023
217711,RANDOLPH,11/07/2023,voter,LB,DEM,M,UN,M,Age 26 - 40,1,11/27/2023
217838,RANDOLPH,11/07/2023,voter,AN,UNA,O,HL,M,Age 18 - 25,25,11/27/2023
217986,RANDOLPH,11/07/2023,voter,AW,REP,U,HL,F,Age 41 - 65,1,11/27/2023
217993,RANDOLPH,11/07/2023,voter,UG,UNA,O,HL,F,Age 18 - 25,13,11/27/2023
218177,RANDOLPH,11/07/2023,voter,DR,DEM,B,NL,F,Age Over 66,9,11/27/2023
218357,RANDOLPH,11/07/2023,voter,NM,REP,I,NL,M,Age Over 66,1,11/27/2023
218417,RANDOLPH,11/07/2023,voter,AR,REP,W,NL,U,Age 18 - 25,1,11/27/2023
218421,RANDOLPH,11/07/2023,voter,ST,REP,W,UN,M,Age Over 66,25,11/27/2023
218663,RANDOLPH,11/07/2023,voter,AR,DEM,B,UN,M,Age 41 - 65,8,11/27/2023
218687,RANDOLPH,11/07/2023,voter,UG,REP,W,UN,F,Age 26 - 40,48,11/27/2023
218800,RANDOLPH,11/07/2023,voter,AR,DEM,W,NL,F,Age Over 66,61,11/27/2023
218805,RANDOLPH,11/07/2023,voter,TR,UNA,U,HL,F,Age 41 - 65,2,11/27/2023
218966,RANDOLPH,11/07/2023,voter,UG,UNA,B,NL,F,Age 26 - 40,4,11/27/2023
219131,RANDOLPH,11/07/2023,voter,SO,REP,W,UN,M,Age 26 - 40,45,11/27/2023
219232,RANDOLPH,11/07/2023,voter,AN,UNA,O,HL,F,Age 41 - 65,1,11/27/2023
219238,RANDOLPH,11/07/2023,voter,SW,REP,W,UN,M,Age 26 - 40,42,11/27/2023
219248,RANDOLPH,11/07/2023,voter,GR,DEM,W,HL,F,Age 41 - 65,2,11/27/2023
219254,RANDOLPH,11/07/2023,voter,AE,UNA,B,UN,M,Age Over 66,4,11/27/2023
219302,RANDOLPH,11/07/2023,voter,GR,DEM,B,UN,M,Age 26 - 40,3,11/27/2023
219317,RANDOLPH,11/07/2023,voter,AN,DEM,U,HL,F,Age Over 66,1,11/27/2023
219377,RANDOLPH,11/07/2023,voter,SE,UNA,O,HL,M,Age 26 - 40,2,11/27/2023
219501,RANDOLPH,11/07/2023,voter,AS,DEM,W,NL,U,Age 26 - 40,1,11/27/2023
219508,RANDOLPH,11/07/2023,voter,SE,DEM,B,NL,F,Age 41 - 65,10,11/27/2023
219638,RANDOLPH,11/07/2023,voter,TR,REP,W,UN,M,Age 41 - 65,41,11/27/2023
219676,RANDOLPH,11/07/2023,voter,UG,UNA,W,HL,F,Age 41 - 65,1,11/27/2023
219762,RANDOLPH,11/07/2023,voter,LB,DEM,W,HL,M,Age 26 - 40,2,11/27/2023
219885,RANDOLPH,11/07/2023,voter,LB,UNA,B,NL,F,Age 18 - 25,4,11/27/2023
220046,RANDOLPH,11/07/2023,voter,TR,REP,U,HL,F,Age 41 - 65,1,11/27/2023
220057,RANDOLPH,11/07/2023,voter,DR,REP,U,UN,F,Age Over 66,1,11/27/2023
220084,RANDOLPH,11/07/2023,voter,AS,REP,W,NL,U,Age 41 - 65,1,11/27/2023
220101,RANDOLPH,11/07/2023,voter,AR,LIB,W,NL,M,Age 26 - 40,1,11/27/2023
220268,RANDOLPH,11/07/2023,voter,RM,DEM,O,HL,M,Age Over 66,1,11/27/2023
220490,RANDOLPH,11/07/2023,voter,SO,UNA,B,UN,M,Age 41 - 65,1,11/27/2023
220572,RANDOLPH,11/07/2023,voter,AR,LIB,A,NL,F,Age 18 - 25,1,11/27/2023
220668,RANDOLPH,11/07/2023,voter,RM,UNA,W,NL,M,Age 18 - 25,17,11/27/2023
220813,RANDOLPH,11/07/2023,voter,DR,DEM,W,UN,M,Age 26 - 40,7,11/27/2023
220942,RANDOLPH,11/07/2023,voter,UG,DEM,W,NL,U,Age 26 - 40,1,11/27/2023
220958,RANDOLPH,11/07/2023,voter,AR,DEM,A,UN,M,Age 41 - 65,1,11/27/2023
221216,RANDOLPH,11/07/2023,voter,AN,DEM,B,NL,F,Age Over 66,4,11/27/2023
221227,RANDOLPH,11/07/2023,voter,AW,UNA,W,NL,U,Age 18 - 25,1,11/27/2023
221246,RANDOLPH,11/07/2023,voter,DR,UNA,W,UN,F,Age Over 66,15,11/27/2023
221280,RANDOLPH,11/07/2023,voter,ST,DEM,U,UN,F,Age 41 - 65,2,11/27/2023
221511,RANDOLPH,11/07/2023,voter,,UNA,W,NL,U,Age 26 - 40,8,11/27/2023
221686,RANDOLPH,11/07/2023,voter,RN,UNA,W,NL,U,Age 41 - 65,5,11/27/2023
221833,RANDOLPH,11/07/2023,voter,ST,UNA,W,UN,U,Age Over 66,2,11/27/2023
221899,RANDOLPH,11/07/2023,voter,SO,UNA,W,NL,F,Age 41 - 65,39,11/27/2023
221984,RANDOLPH,11/07/2023,voter,ST,UNA,U,UN,U,Age Over 66,4,11/27/2023
221995,RANDOLPH,11/07/2023,voter,AR,UNA,A,NL,M,Age 18 - 25,1,11/27/2023
222026,RANDOLPH,11/07/2023,voter,SW,REP,U,UN,F,Age Over 66,1,11/27/2023
222541,RANDOLPH,11/07/2023,voter,RN,UNA,U,HL,M,Age 41 - 65,1,11/27/2023
222552,RANDOLPH,11/07/2023,voter,AR,DEM,W,NL,F,Age 18 - 25,9,11/27/2023
222607,RANDOLPH,11/07/2023,voter,SO,DEM,W,NL,F,Age 18 - 25,4,11/27/2023
222778,RANDOLPH,11/07/2023,voter,TR,UNA,M,HL,M,Age 41 - 65,1,11/27/2023
222825,RANDOLPH,11/07/2023,voter,AR,DEM,B,UN,M,Age Over 66,7,11/27/2023
222983,RANDOLPH,11/07/2023,voter,SO,UNA,U,UN,U,Age 26 - 40,19,11/27/2023
223015,RANDOLPH,11/07/2023,voter,RM,DEM,W,HL,F,Age 26 - 40,5,11/27/2023
223046,RANDOLPH,11/07/2023,voter,RN,LIB,W,UN,M,Age 18 - 25,1,11/27/2023
223160,RANDOLPH,11/07/2023,voter,TT,UNA,O,UN,M,Age 26 - 40,1,11/27/2023
223248,RANDOLPH,11/07/2023,voter,LB,UNA,U,HL,M,Age 26 - 40,1,11/27/2023
223327,RANDOLPH,11/07/2023,voter,AE,DEM,B,NL,M,Age Over 66,5,11/27/2023
223364,RANDOLPH,11/07/2023,voter,AN,REP,U,UN,U,Age 18 - 25,1,11/27/2023
223754,RANDOLPH,11/07/2023,voter,LC,REP,W,HL,F,Age 41 - 65,1,11/27/2023
223784,RANDOLPH,11/07/2023,voter,TR,DEM,W,NL,F,Age 41 - 65,37,11/27/2023
223799,RANDOLPH,11/07/2023,voter,ST,REP,U,UN,F,Age 41 - 65,1,11/27/2023
223882,RANDOLPH,11/07/2023,voter,SO,LIB,W,NL,F,Age 41 - 65,1,11/27/2023
224021,RANDOLPH,11/07/2023,voter,SW,UNA,O,HL,F,Age 41 - 65,1,11/27/2023
224122,RANDOLPH,11/07/2023,voter,AE,DEM,O,NL,M,Age 41 - 65,2,11/27/2023
224141,RANDOLPH,11/07/2023,voter,AE,REP,B,UN,F,Age 18 - 25,2,11/27/2023
224146,RANDOLPH,11/07/2023,voter,GR,DEM,W,NL,M,Age 41 - 65,36,11/27/2023
224195,RANDOLPH,11/07/2023,voter,AE,UNA,I,HL,F,Age 18 - 25,1,11/27/2023
224196,RANDOLPH,11/07/2023,voter,DR,REP,B,NL,M,Age 26 - 40,1,11/27/2023
224204,RANDOLPH,11/07/2023,voter,TR,DEM,W,NL,U,Age 18 - 25,1,11/27/2023
224214,RANDOLPH,11/07/2023,voter,GR,LIB,U,HL,U,Age 41 - 65,1,11/27/2023
224265,RANDOLPH,11/07/2023,voter,UG,DEM,U,UN,U,Age 41 - 65,3,11/27/2023
224307,RANDOLPH,11/07/2023,voter,TR,UNA,U,UN,F,Age Over 66,3,11/27/2023
224430,RANDOLPH,11/07/2023,voter,TR,UNA,U,NL,F,Age 18 - 25,2,11/27/2023
224481,RANDOLPH,11/07/2023,voter,TT,DEM,W,NL,M,Age Over 66,45,11/27/2023
224482,RANDOLPH,11/07/2023,voter,AR,UNA,W,UN,U,Age 41 - 65,1,11/27/2023
224544,RANDOLPH,11/07/2023,voter,AN,UNA,M,HL,F,Age 41 - 65,1,11/27/2023
224677,RANDOLPH,11/07/2023,voter,SO,UNA,W,UN,U,Age 26 - 40,1,11/27/2023
224707,RANDOLPH,11/07/2023,voter,,DEM,U,HL,F,Age 18 - 25,1,11/27/2023
224722,RANDOLPH,11/07/2023,voter,GR,DEM,W,HL,M,Age 18 - 25,1,11/27/2023
224777,RANDOLPH,11/07/2023,voter,TR,REP,U,UN,U,Age Over 66,13,11/27/2023
224818,RANDOLPH,11/07/2023,voter,BC,REP,A,NL,F,Age 41 - 65,1,11/27/2023
224862,RANDOLPH,11/07/2023,voter,UG,DEM,W,NL,F,Age 41 - 65,32,11/27/2023
224875,RANDOLPH,11/07/2023,voter,AS,REP,B,NL,F,Age 26 - 40,1,11/27/2023
224985,RANDOLPH,11/07/2023,voter,AE,REP,W,NL,F,Age 26 - 40,27,11/27/2023
225002,RANDOLPH,11/07/2023,voter,GR,DEM,O,NL,F,Age 18 - 25,1,11/27/2023
225291,RANDOLPH,11/07/2023,voter,TR,DEM,W,UN,F,Age 41 - 65,8,11/27/2023
225379,RANDOLPH,11/07/2023,voter,AE,DEM,O,HL,M,Age 26 - 40,3,11/27/2023
225385,RANDOLPH,11/07/2023,voter,ST,UNA,W,NL,M,Age 41 - 65,73,11/27/2023
225510,RANDOLPH,11/07/2023,voter,TT,UNA,U,HL,M,Age 41 - 65,1,11/27/2023
225877,RANDOLPH,11/07/2023,voter,AN,DEM,W,UN,F,Age Over 66,11,11/27/2023
226021,RANDOLPH,11/07/2023,voter,AS,DEM,W,NL,U,Age 41 - 65,1,11/27/2023
226091,RANDOLPH,11/07/2023,voter,AW,DEM,B,NL,M,Age 26 - 40,3,11/27/2023
226227,RANDOLPH,11/07/2023,voter,AS,UNA,U,NL,F,Age 26 - 40,1,11/27/2023
226229,RANDOLPH,11/07/2023,voter,LC,UNA,W,HL,M,Age 41 - 65,2,11/27/2023
226411,RANDOLPH,11/07/2023,voter,AE,UNA,M,HL,F,Age 18 - 25,1,11/27/2023
226431,RANDOLPH,11/07/2023,voter,AW,UNA,B,NL,U,Age 41 - 65,1,11/27/2023
226511,RANDOLPH,11/07/2023,voter,AS,REP,W,NL,F,Age Over 66,162,11/27/2023
226619,RANDOLPH,11/07/2023,voter,AE,REP,W,NL,F,Age Over 66,122,11/27/2023
226698,RANDOLPH,11/07/2023,voter,LC,DEM,W,UN,M,Age 26 - 40,4,11/27/2023
226821,RANDOLPH,11/07/2023,voter,TR,DEM,U,UN,U,Age 41 - 65,2,11/27/2023
226906,RANDOLPH,11/07/2023,voter,ST,DEM,W,NL,F,Age 26 - 40,8,11/27/2023
226947,RANDOLPH,11/07/2023,voter,UG,DEM,W,UN,M,Age 18 - 25,3,11/27/2023
227070,RANDOLPH,11/07/2023,voter,AE,UNA,O,NL,M,Age 18 - 25,1,11/27/2023
227162,RANDOLPH,11/07/2023,voter,AS,UNA,B,UN,U,Age Over 66,1,11/27/2023
227187,RANDOLPH,11/07/2023,voter,DR,REP,W,NL,U,Age 18 - 25,1,11/27/2023
227384,RANDOLPH,11/07/2023,voter,DR,UNA,I,UN,M,Age 41 - 65,1,11/27/2023
227415,RANDOLPH,11/07/2023,voter,,REP,W,UN,F,Age 41 - 65,104,11/27/2023
227581,RANDOLPH,11/07/2023,voter,TR,UNA,B,UN,M,Age 41 - 65,3,11/27/2023
227637,RANDOLPH,11/07/2023,voter,AR,LIB,A,UN,F,Age 41 - 65,1,11/27/2023
227768,RANDOLPH,11/07/2023,voter,SW,DEM,M,UN,M,Age Over 66,1,11/27/2023
227794,RANDOLPH,11/07/2023,voter,RM,DEM,O,HL,F,Age Over 66,1,11/27/2023
227809,RANDOLPH,11/07/2023,voter,NM,REP,U,UN,F,Age Over 66,1,11/27/2023
227954,RANDOLPH,11/07/2023,voter,AR,UNA,A,NL,M,Age 41 - 65,4,11/27/2023
228039,RANDOLPH,11/07/2023,voter,AS,UNA,W,HL,M,Age 26 - 40,3,11/27/2023
228114,RANDOLPH,11/07/2023,voter,TB,UNA,U,NL,F,Age Over 66,1,11/27/2023
228179,RANDOLPH,11/07/2023,voter,UG,DEM,B,UN,M,Age 18 - 25,2,11/27/2023
228339,RANDOLPH,11/07/2023,voter,RN,UNA,B,NL,F,Age 26 - 40,2,11/27/2023
228431,RANDOLPH,11/07/2023,voter,AW,UNA,W,UN,U,Age Over 66,1,11/27/2023
228549,RANDOLPH,11/07/2023,voter,AS,UNA,U,HL,M,Age 41 - 65,2,11/27/2023
228555,RANDOLPH,11/07/2023,voter,DR,LIB,W,NL,M,Age 26 - 40,1,11/27/2023
228640,RANDOLPH,11/07/2023,voter,TT,DEM,O,NL,M,Age 41 - 65,3,11/27/2023
228672,RANDOLPH,11/07/2023,voter,SW,REP,W,NL,F,Age 18 - 25,12,11/27/2023
228710,RANDOLPH,11/07/2023,voter,RN,UNA,W,UN,M,Age 18 - 25,54,11/27/2023
228728,RANDOLPH,11/07/2023,voter,NM,LIB,W,UN,F,Age 41 - 65,1,11/27/2023
228859,RANDOLPH,11/07/2023,voter,LB,UNA,I,NL,M,Age Over 66,1,11/27/2023
228992,RANDOLPH,11/07/2023,voter,RN,REP,O,UN,M,Age 18 - 25,2,11/27/2023
228994,RANDOLPH,11/07/2023,voter,RN,UNA,W,HL,M,Age 41 - 65,1,11/27/2023
228996,RANDOLPH,11/07/2023,voter,AE,DEM,U,UN,M,Age Over 66,1,11/27/2023
229077,RANDOLPH,11/07/2023,voter,TR,DEM,B,UN,F,Age 26 - 40,6,11/27/2023
229112,RANDOLPH,11/07/2023,voter,AW,DEM,B,UN,U,Age 41 - 65,1,11/27/2023
229262,RANDOLPH,11/07/2023,voter,TR,DEM,O,HL,M,Age 26 - 40,2,11/27/2023
229312,RANDOLPH,11/07/2023,voter,RN,LIB,U,UN,U,Age 41 - 65,1,11/27/2023
229388,RANDOLPH,11/07/2023,voter,,UNA,B,UN,M,Age 18 - 25,2,11/27/2023
229392,RANDOLPH,11/07/2023,voter,NM,DEM,I,NL,M,Age 41 - 65,1,11/27/2023
229554,RANDOLPH,11/07/2023,voter,AE,LIB,W,UN,M,Age 26 - 40,2,11/27/2023
229645,RANDOLPH,11/07/2023,voter,ST,UNA,B,UN,M,Age 41 - 65,1,11/27/2023
229684,RANDOLPH,11/07/2023,voter,NM,DEM,B,UN,U,Age 41 - 65,1,11/27/2023
229709,RANDOLPH,11/07/2023,voter,AR,UNA,B,NL,M,Age 26 - 40,1,11/27/2023
229805,RANDOLPH,11/07/2023,voter,RN,UNA,O,UN,F,Age 41 - 65,2,11/27/2023
230140,RANDOLPH,11/07/2023,voter,TR,DEM,U,HL,F,Age Over 66,1,11/27/2023
230157,RANDOLPH,11/07/2023,voter,SW,DEM,W,UN,M,Age 26 - 40,1,11/27/2023
230160,RANDOLPH,11/07/2023,voter,RN,UNA,B,NL,M,Age 26 - 40,2,11/27/2023
230261,RANDOLPH,11/07/2023,voter,SW,DEM,U,UN,U,Age 18 - 25,1,11/27/2023
230403,RANDOLPH,11/07/2023,voter,ST,DEM,W,UN,M,Age Over 66,3,11/27/2023
230424,RANDOLPH,11/07/2023,voter,AW,DEM,B,UN,F,Age 41 - 65,26,11/27/2023
230664,RANDOLPH,11/07/2023,voter,AR,REP,U,HL,M,Age 26 - 40,1,11/27/2023
230704,RANDOLPH,11/07/2023,voter,TR,UNA,O,HL,F,Age 26 - 40,1,11/27/2023
231083,RANDOLPH,11/07/2023,voter,AR,DEM,W,NL,M,Age Over 66,25,11/27/2023
231189,RANDOLPH,11/07/2023,voter,AS,DEM,W,UN,M,Age Over 66,3,11/27/2023
231281,RANDOLPH,11/07/2023,voter,TR,DEM,B,UN,F,Age 41 - 65,1,11/27/2023
231341,RANDOLPH,11/07/2023,voter,AR,UNA,O,NL,M,Age 26 - 40,5,11/27/2023
231490,RANDOLPH,11/07/2023,voter,TT,UNA,O,NL,M,Age 18 - 25,1,11/27/2023
231549,RANDOLPH,11/07/2023,voter,SE,UNA,U,HL,F,Age 26 - 40,1,11/27/2023
231713,RANDOLPH,11/07/2023,voter,AR,REP,W,NL,M,Age 18 - 25,43,11/27/2023
231726,RANDOLPH,11/07/2023,voter,AS,REP,W,HL,F,Age 26 - 40,1,11/27/2023
231735,RANDOLPH,11/07/2023,voter,AW,UNA,B,NL,M,Age Over 66,2,11/27/2023
231795,RANDOLPH,11/07/2023,voter,TT,DEM,W,UN,F,Age 26 - 40,9,11/27/2023
231798,RANDOLPH,11/07/2023,voter,SO,UNA,O,UN,F,Age 18 - 25,2,11/27/2023
231988,RANDOLPH,11/07/2023,voter,BC,REP,W,NL,U,Age 41 - 65,4,11/27/2023
232146,RANDOLPH,11/07/2023,voter,RM,DEM,B,UN,U,Age 41 - 65,1,11/27/2023
232255,RANDOLPH,11/07/2023,voter,TT,REP,U,UN,F,Age 26 - 40,4,11/27/2023
232263,RANDOLPH,11/07/2023,voter,AR,REP,U,UN,F,Age 26 - 40,1,11/27/2023
232278,RANDOLPH,11/07/2023,voter,AS,UNA,U,UN,M,Age 26 - 40,1,11/27/2023
232319,RANDOLPH,11/07/2023,voter,TR,REP,O,NL,M,Age Over 66,2,11/27/2023
232374,RANDOLPH,11/07/2023,voter,AE,DEM,O,UN,M,Age Over 66,1,11/27/2023
232412,RANDOLPH,11/07/2023,voter,RN,UNA,W,HL,F,Age 18 - 25,1,11/27/2023
232538,RANDOLPH,11/07/2023,voter,AS,UNA,W,HL,M,Age 18 - 25,2,11/27/2023
232813,RANDOLPH,11/07/2023,voter,NM,REP,W,NL,U,Age 41 - 65,5,11/27/2023
232823,RANDOLPH,11/07/2023,voter,NM,LIB,W,NL,M,Age 18 - 25,1,11/27/2023
232874,RANDOLPH,11/07/2023,voter,TR,UNA,A,NL,F,Age 18 - 25,1,11/27/2023
232927,RANDOLPH,11/07/2023,voter,GR,DEM,U,HL,U,Age 26 - 40,1,11/27/2023
233012,RANDOLPH,11/07/2023,voter,UG,DEM,B,UN,M,Age 41 - 65,1,11/27/2023
233130,RANDOLPH,11/07/2023,voter,TT,REP,W,NL,U,Age 18 - 25,3,11/27/2023
233459,RANDOLPH,11/07/2023,voter,AW,DEM,B,UN,F,Age 18 - 25,3,11/27/2023
233477,RANDOLPH,11/07/2023,voter,RN,REP,W,NL,M,Age 41 - 65,89,11/27/2023
233535,RANDOLPH,11/07/2023,voter,AS,UNA,U,UN,U,Age 26 - 40,19,11/27/2023
233587,RANDOLPH,11/07/2023,voter,TB,DEM,B,UN,F,Age 41 - 65,3,11/27/2023
233717,RANDOLPH,11/07/2023,voter,LB,DEM,U,UN,F,Age 41 - 65,2,11/27/2023
233861,RANDOLPH,11/07/2023,voter,UG,UNA,W,UN,M,Age 41 - 65,57,11/27/2023
233918,RANDOLPH,11/07/2023,voter,AS,UNA,U,HL,M,Age 26 - 40,2,11/27/2023
233971,RANDOLPH,11/07/2023,voter,AE,REP,W,UN,M,Age 41 - 65,47,11/27/2023
233993,RANDOLPH,11/07/2023,voter,TR,UNA,B,NL,M,Age 26 - 40,4,11/27/2023
234216,RANDOLPH,11/07/2023,voter,AN,REP,W,NL,F,Age 18 - 25,8,11/27/2023
234233,RANDOLPH,11/07/2023,voter,,UNA,B,UN,F,Age 26 - 40,2,11/27/2023
234261,RANDOLPH,11/07/2023,voter,RM,UNA,U,HL,F,Age 41 - 65,1,11/27/2023
234387,RANDOLPH,11/07/2023,voter,AR,DEM,A,UN,M,Age Over 66,1,11/27/2023
234427,RANDOLPH,11/07/2023,voter,TB,UNA,W,UN,M,Age 41 - 65,40,11/27/2023
234469,RANDOLPH,11/07/2023,voter,TT,DEM,W,NL,U,Age 18 - 25,1,11/27/2023
234472,RANDOLPH,11/07/2023,voter,AW,UNA,O,HL,F,Age 41 - 65,2,11/27/2023
234474,RANDOLPH,11/07/2023,voter,RM,REP,B,NL,M,Age 41 - 65,2,11/27/2023
234590,RANDOLPH,11/07/2023,voter,NM,DEM,U,HL,M,Age 41 - 65,1,11/27/2023
234750,RANDOLPH,11/07/2023,voter,TR,DEM,B,NL,M,Age Over 66,5,11/27/2023
234860,RANDOLPH,11/07/2023,voter,AW,UNA,U,HL,F,Age Over 66,1,11/27/2023
234929,RANDOLPH,11/07/2023,voter,RM,DEM,B,UN,F,Age 41 - 65,24,11/27/2023
234998,RANDOLPH,11/07/2023,voter,AR,REP,W,HL,M,Age 18 - 25,1,11/27/2023
235140,RANDOLPH,11/07/2023,voter,AE,REP,B,UN,M,Age 18 - 25,3,11/27/2023
235174,RANDOLPH,11/07/2023,voter,TT,DEM,B,NL,M,Age 41 - 65,12,11/27/2023
235177,RANDOLPH,11/07/2023,voter,LC,REP,U,UN,U,Age Over 66,12,11/27/2023
235254,RANDOLPH,11/07/2023,voter,AR,REP,O,NL,F,Age 41 - 65,2,11/27/2023
235417,RANDOLPH,11/07/2023,voter,AR,DEM,A,UN,F,Age 41 - 65,1,11/27/2023
235429,RANDOLPH,11/07/2023,voter,UG,REP,W,UN,M,Age 41 - 65,97,11/27/2023
235433,RANDOLPH,11/07/2023,voter,AN,REP,U,NL,M,Age 41 - 65,1,11/27/2023
235486,RANDOLPH,11/07/2023,voter,AN,DEM,W,HL,F,Age 26 - 40,3,11/27/2023
235504,RANDOLPH,11/07/2023,voter,AS,DEM,B,NL,U,Age 26 - 40,1,11/27/2023
235509,RANDOLPH,11/07/2023,voter,AR,DEM,U,UN,F,Age 26 - 40,1,11/27/2023
235511,RANDOLPH,11/07/2023,voter,LB,DEM,O,HL,M,Age 18 - 25,2,11/27/2023
235567,RANDOLPH,11/07/2023,voter,,REP,M,NL,F,Age 18 - 25,2,11/27/2023
235581,RANDOLPH,11/07/2023,voter,TR,DEM,B,UN,F,Age Over 66,2,11/27/2023
235598,RANDOLPH,11/07/2023,voter,SW,UNA,W,UN,M,Age 41 - 65,16,11/27/2023
235638,RANDOLPH,11/07/2023,voter,RN,DEM,B,NL,M,Age 41 - 65,17,11/27/2023
235713,RANDOLPH,11/07/2023,voter,TR,DEM,W,NL,M,Age 18 - 25,8,11/27/2023
235714,RANDOLPH,11/07/2023,voter,TR,REP,U,NL,F,Age 41 - 65,1,11/27/2023
235816,RANDOLPH,11/07/2023,voter,AR,DEM,O,NL,F,Age 41 - 65,7,11/27/2023
235839,RANDOLPH,11/07/2023,voter,TT,UNA,W,HL,F,Age 26 - 40,2,11/27/2023
235891,RANDOLPH,11/07/2023,voter,AR,UNA,O,HL,F,Age Over 66,1,11/27/2023
235930,RANDOLPH,11/07/2023,voter,SE,DEM,B,NL,M,Age 41 - 65,7,11/27/2023
236030,RANDOLPH,11/07/2023,voter,,UNA,W,UN,U,Age 41 - 65,2,11/27/2023
236173,RANDOLPH,11/07/2023,voter,DR,UNA,W,NL,F,Age 18 - 25,18,11/27/2023
236315,RANDOLPH,11/07/2023,voter,AE,UNA,O,HL,F,Age 18 - 25,10,11/27/2023
236404,RANDOLPH,11/07/2023,voter,TR,DEM,W,NL,F,Age 41 - 65,53,11/27/2023
236523,RANDOLPH,11/07/2023,voter,DR,DEM,W,NL,F,Age 41 - 65,28,11/27/2023
236660,RANDOLPH,11/07/2023,voter,TT,REP,U,HL,F,Age 26 - 40,1,11/27/2023
236671,RANDOLPH,11/07/2023,voter,AS,UNA,U,UN,F,Age 41 - 65,1,11/27/2023
236729,RANDOLPH,11/07/2023,voter,SE,REP,W,UN,U,Age 26 - 40,1,11/27/2023
236787,RANDOLPH,11/07/2023,voter,SO,DEM,W,UN,M,Age 18 - 25,1,11/27/2023
236834,RANDOLPH,11/07/2023,voter,SW,UNA,O,HL,F,Age 18 - 25,1,11/27/2023
236849,RANDOLPH,11/07/2023,voter,AN,LIB,W,NL,M,Age 26 - 40,2,11/27/2023
236853,RANDOLPH,11/07/2023,voter,LB,DEM,U,UN,U,Age 41 - 65,5,11/27/2023
236872,RANDOLPH,11/07/2023,voter,RN,DEM,B,UN,F,Age 41 - 65,12,11/27/2023
236901,RANDOLPH,11/07/2023,voter,NM,LIB,W,NL,F,Age 26 - 40,2,11/27/2023
237106,RANDOLPH,11/07/2023,voter,GR,DEM,U,HL,M,Age 18 - 25,5,11/27/2023
237187,RANDOLPH,11/07/2023,voter,LB,UNA,U,UN,M,Age Over 66,1,11/27/2023
237287,RANDOLPH,11/07/2023,voter,TT,DEM,O,HL,F,Age 18 - 25,1,11/27/2023
237344,RANDOLPH,11/07/2023,voter,UG,UNA,B,NL,F,Age Over 66,1,11/27/2023
237490,RANDOLPH,11/07/2023,voter,AE,DEM,O,HL,U,Age 18 - 25,1,11/27/2023
237585,RANDOLPH,11/07/2023,voter,AE,DEM,W,NL,U,Age Over 66,3,11/27/2023
237737,RANDOLPH,11/07/2023,voter,AW,REP,W,UN,F,Age Over 66,25,11/27/2023
237761,RANDOLPH,11/07/2023,voter,AR,REP,W,UN,F,Age 26 - 40,14,11/27/2023
237772,RANDOLPH,11/07/2023,voter,AE,UNA,O,HL,M,Age 26 - 40,14,11/27/2023
237863,RANDOLPH,11/07/2023,voter,AN,REP,W,UN,U,Age 41 - 65,2,11/27/2023
238238,RANDOLPH,11/07/2023,voter,AE,DEM,O,HL,M,Age Over 66,4,11/27/2023
238282,RANDOLPH,11/07/2023,voter,AW,UNA,O,UN,M,Age Over 66,1,11/27/2023
238359,RANDOLPH,11/07/2023,voter,AW,REP,W,NL,F,Age 18 - 25,7,11/27/2023
238670,RANDOLPH,11/07/2023,voter,AW,DEM,O,HL,M,Age 18 - 25,1,11/27/2023
238707,RANDOLPH,11/07/2023,voter,NM,REP,U,UN,U,Age 26 - 40,33,11/27/2023
238738,RANDOLPH,11/07/2023,voter,AR,UNA,W,NL,F,Age Over 66,56,11/27/2023
238913,RANDOLPH,11/07/2023,voter,TT,REP,W,UN,F,Age 26 - 40,52,11/27/2023
238977,RANDOLPH,11/07/2023,voter,AW,REP,O,UN,M,Age 41 - 65,1,11/27/2023
239038,RANDOLPH,11/07/2023,voter,AS,DEM,U,HL,M,Age 18 - 25,1,11/27/2023
239113,RANDOLPH,11/07/2023,voter,SE,REP,W,UN,M,Age Over 66,3,11/27/2023
239125,RANDOLPH,11/07/2023,voter,DR,REP,W,NL,M,Age 41 - 65,169,11/27/2023
239133,RANDOLPH,11/07/2023,voter,BC,REP,B,NL,M,Age 41 - 65,2,11/27/2023
239196,RANDOLPH,11/07/2023,voter,AW,UNA,W,NL,U,Age 18 - 25,1,11/27/2023
239211,RANDOLPH,11/07/2023,voter,SO,UNA,O,UN,F,Age 18 - 25,1,11/27/2023
239213,RANDOLPH,11/07/2023,voter,UG,UNA,W,UN,M,Age 18 - 25,31,11/27/2023
239230,RANDOLPH,11/07/2023,voter,GR,REP,W,UN,F,Age 41 - 65,96,11/27/2023
239277,RANDOLPH,11/07/2023,voter,BC,UNA,U,UN,M,Age Over 66,1,11/27/2023
239342,RANDOLPH,11/07/2023,voter,AN,UNA,U,HL,U,Age 26 - 40,1,11/27/2023
239356,RANDOLPH,11/07/2023,voter,LB,REP,O,HL,M,Age 26 - 40,2,11/27/2023
239458,RANDOLPH,11/07/2023,voter,DR,DEM,W,HL,F,Age 18 - 25,1,11/27/2023
239508,RANDOLPH,11/07/2023,voter,AE,DEM,M,HL,M,Age Over 66,1,11/27/2023
239853,RANDOLPH,11/07/2023,voter,LC,REP,W,UN,U,Age Over 66,1,11/27/2023
239868,RANDOLPH,11/07/2023,voter,SE,UNA,W,NL,F,Age 18 - 25,4,11/27/2023
239884,RANDOLPH,11/07/2023,voter,TB,DEM,A,NL,F,Age 18 - 25,1,11/27/2023
239935,RANDOLPH,11/07/2023,voter,AS,DEM,O,HL,F,Age Over 66,1,11/27/2023
239953,RANDOLPH,11/07/2023,voter,SW,DEM,U,UN,U,Age Over 66,2,11/27/2023
239985,RANDOLPH,11/07/2023,voter,AN,UNA,A,UN,M,Age 26 - 40,1,11/27/2023
239986,RANDOLPH,11/07/2023,voter,RM,UNA,U,UN,F,Age 18 - 25,7,11/27/2023
240017,RANDOLPH,11/07/2023,voter,NM,DEM,W,HL,M,Age 41 - 65,1,11/27/2023
240064,RANDOLPH,11/07/2023,voter,TT,DEM,U,NL,M,Age 26 - 40,1,11/27/2023
240139,RANDOLPH,11/07/2023,voter,TB,REP,O,UN,F,Age 18 - 25,1,11/27/2023
240181,RANDOLPH,11/07/2023,voter,AR,REP,O,HL,F,Age 18 - 25,1,11/27/2023
240288,RANDOLPH,11/07/2023,voter,RM,DEM,U,HL,M,Age 41 - 65,2,11/27/2023
240363,RANDOLPH,11/07/2023,voter,GR,DEM,U,HL,F,Age 41 - 65,4,11/27/2023
240372,RANDOLPH,11/07/2023,voter,LC,UNA,B,NL,F,Age 26 - 40,3,11/27/2023
240417,RANDOLPH,11/07/2023,voter,NM,DEM,O,HL,M,Age Over 66,1,11/27/2023
240433,RANDOLPH,11/07/2023,voter,,DEM,M,NL,F,Age 41 - 65,1,11/27/2023
240436,RANDOLPH,11/07/2023,voter,UG,REP,U,HL,F,Age 18 - 25,1,11/27/2023
240470,RANDOLPH,11/07/2023,voter,DR,DEM,B,NL,M,Age Over 66,1,11/27/2023
240643,RANDOLPH,11/07/2023,voter,AW,UNA,U,UN,F,Age 18 - 25,8,11/27/2023
240680,RANDOLPH,11/07/2023,voter,SO,UNA,B,UN,M,Age 41 - 65,1,11/27/2023
240735,RANDOLPH,11/07/2023,voter,LC,UNA,W,NL,U,Age 18 - 25,1,11/27/2023
240748,RANDOLPH,11/07/2023,voter,LB,DEM,B,NL,U,Age 18 - 25,1,11/27/2023
240752,RANDOLPH,11/07/2023,voter,AR,REP,O,NL,M,Age 41 - 65,10,11/27/2023
240797,RANDOLPH,11/07/2023,voter,AW,REP,B,UN,M,Age Over 66,2,11/27/2023
240929,RANDOLPH,11/07/2023,voter,RN,LIB,W,UN,F,Age 18 - 25,1,11/27/2023
241065,RANDOLPH,11/07/2023,voter,UG,UNA,U,UN,M,Age 18 - 25,10,11/27/2023
241115,RANDOLPH,11/07/2023,voter,AS,REP,W,UN,M,Age 41 - 65,44,11/27/2023
241135,RANDOLPH,11/07/2023,voter,UG,REP,A,UN,F,Age 41 - 65,1,11/27/2023
241161,RANDOLPH,11/07/2023,voter,AR,UNA,A,NL,M,Age 18 - 25,1,11/27/2023
241191,RANDOLPH,11/07/2023,voter,,REP,O,NL,M,Age 41 - 65,2,11/27/2023
241222,RANDOLPH,11/07/2023,voter,AE,REP,W,NL,F,Age 41 - 65,76,11/27/2023
241278,RANDOLPH,11/07/2023,voter,AR,UNA,B,NL,M,Age Over 66,2,11/27/2023
241284,RANDOLPH,11/07/2023,voter,NM,DEM,W,NL,M,Age 41 - 65,19,11/27/2023
241389,RANDOLPH,11/07/2023,voter,TT,DEM,W,UN,M,Age 18 - 25,6,11/27/2023
241414,RANDOLPH,11/07/2023,voter,DR,DEM,U,HL,F,Age 18 - 25,3,11/27/2023
241505,RANDOLPH,11/07/2023,voter,DR,DEM,B,NL,M,Age 26 - 40,6,11/27/2023
241763,RANDOLPH,11/07/2023,voter,AS,REP,O,HL,M,Age 41 - 65,2,11/27/2023
241790,RANDOLPH,11/07/2023,voter,DR,REP,U,HL,F,Age 41 - 65,1,11/27/2023
241903,RANDOLPH,11/07/2023,voter,AE,UNA,O,UN,M,Age Over 66,1,11/27/2023
241921,RANDOLPH,11/07/2023,voter,UG,UNA,O,HL,U,Age 26 - 40,1,11/27/2023
241925,RANDOLPH,11/07/2023,voter,GR,DEM,U,UN,U,Age 41 - 65,2,11/27/2023
241945,RANDOLPH,11/07/2023,voter,TR,UNA,U,UN,F,Age 18 - 25,1,11/27/2023
241981,RANDOLPH,11/07/2023,voter,LC,DEM,B,UN,M,Age 18 - 25,3,11/27/2023
241991,RANDOLPH,11/07/2023,voter,DR,UNA,W,NL,M,Age Over 66,41,11/27/2023
241995,RANDOLPH,11/07/2023,voter,AN,UNA,U,UN,U,Age Over 66,6,11/27/2023
242095,RANDOLPH,11/07/2023,voter,AE,DEM,U,HL,F,Age 18 - 25,3,11/27/2023
242198,RANDOLPH,11/07/2023,voter,AR,DEM,M,NL,M,Age 18 - 25,1,11/27/2023
242209,RANDOLPH,11/07/2023,voter,NM,REP,U,UN,F,Age 41 - 65,2,11/27/2023
242296,RANDOLPH,11/07/2023,voter,UG,DEM,B,UN,F,Age 18 - 25,1,11/27/2023
242297,RANDOLPH,11/07/2023,voter,GR,UNA,O,HL,F,Age 26 - 40,10,11/27/2023
242356,RANDOLPH,11/07/2023,voter,SE,DEM,W,UN,F,Age 18 - 25,5,11/27/2023
242384,RANDOLPH,11/07/2023,voter,NM,UNA,A,NL,M,Age 26 - 40,2,11/27/2023
242403,RANDOLPH,11/07/2023,voter,RN,REP,U,UN,M,Age 41 - 65,1,11/27/2023
242422,RANDOLPH,11/07/2023,voter,RN,UNA,O,NL,F,Age 41 - 65,1,11/27/2023
242456,RANDOLPH,11/07/2023,voter,AS,UNA,O,NL,F,Age Over 66,1,11/27/2023
242551,RANDOLPH,11/07/2023,voter,UG,UNA,U,UN,M,Age 18 - 25,2,11/27/2023
242563,RANDOLPH,11/07/2023,voter,GR,REP,U,UN,F,Age 41 - 65,3,11/27/2023
242602,RANDOLPH,11/07/2023,voter,RN,LIB,W,NL,M,Age 41 - 65,1,11/27/2023
242688,RANDOLPH,11/07/2023,voter,GR,UNA,B,UN,M,Age 41 - 65,5,11/27/2023
242730,RANDOLPH,11/07/2023,voter,AE,UNA,A,NL,M,Age 26 - 40,1,11/27/2023
242949,RANDOLPH,11/07/2023,voter,AS,DEM,B,UN,F,Age 26 - 40,4,11/27/2023
242950,RANDOLPH,11/07/2023,voter,SE,DEM,I,NL,F,Age 41 - 65,1,11/27/2023
242978,RANDOLPH,11/07/2023,voter,AN,DEM,B,NL,F,Age 41 - 65,24,11/27/2023
243043,RANDOLPH,11/07/2023,voter,AE,UNA,W,HL,M,Age 26 - 40,1,11/27/2023
243265,RANDOLPH,11/07/2023,voter,AN,DEM,W,HL,F,Age Over 66,1,11/27/2023
243475,RANDOLPH,11/07/2023,voter,AR,UNA,U,UN,M,Age 41 - 65,1,11/27/2023
243487,RANDOLPH,11/07/2023,voter,AR,DEM,M,HL,F,Age 18 - 25,1,11/27/2023
243674,RANDOLPH,11/07/2023,voter,RM,UNA,A,NL,F,Age 41 - 65,1,11/27/2023
243819,RANDOLPH,11/07/2023,voter,DR,UNA,W,UN,M,Age 41 - 65,48,11/27/2023
243828,RANDOLPH,11/07/2023,voter,UG,DEM,M,HL,M,Age 41 - 65,1,11/27/2023
243858,RANDOLPH,11/07/2023,voter,SW,REP,A,NL,F,Age 26 - 40,1,11/27/2023
243911,RANDOLPH,11/07/2023,voter,RN,REP,W,UN,M,Age 41 - 65,51,11/27/2023
244011,RANDOLPH,11/07/2023,voter,SO,UNA,W,NL,U,Age 18 - 25,1,11/27/2023
244142,RANDOLPH,11/07/2023,voter,RM,REP,O,HL,F,Age 18 - 25,4,11/27/2023
244509,RANDOLPH,11/07/2023,voter,AN,UNA,W,HL,M,Age 18 - 25,1,11/27/2023
244686,RANDOLPH,11/07/2023,voter,AR,REP,A,NL,M,Age 41 - 65,2,11/27/2023
244904,RANDOLPH,11/07/2023,voter,SO,DEM,B,UN,M,Age 41 - 65,5,11/27/2023
244948,RANDOLPH,11/07/2023,voter,UG,REP,W,NL,F,Age 26 - 40,58,11/27/2023
245050,RANDOLPH,11/07/2023,voter,RN,UNA,W,HL,F,Age 26 - 40,7,11/27/2023
245074,RANDOLPH,11/07/2023,voter,RM,UNA,W,UN,F,Age 18 - 25,26,11/27/2023
245206,RANDOLPH,11/07/2023,voter,AW,DEM,U,UN,U,Age 18 - 25,11,11/27/2023
245287,RANDOLPH,11/07/2023,voter,TB,UNA,W,NL,F,Age 26 - 40,62,11/27/2023
245317,RANDOLPH,11/07/2023,voter,AE,REP,W,UN,M,Age Over 66,24,11/27/2023
245444,RANDOLPH,11/07/2023,voter,GR,UNA,O,UN,F,Age Over 66,1,11/27/2023
245458,RANDOLPH,11/07/2023,voter,BC,DEM,W,UN,M,Age 18 - 25,6,11/27/2023
245579,RANDOLPH,11/07/2023,voter,,DEM,W,UN,F,Age 41 - 65,25,11/27/2023
245657,RANDOLPH,11/07/2023,voter,AW,REP,U,UN,M,Age 41 - 65,2,11/27/2023
245689,RANDOLPH,11/07/2023,voter,TR,DEM,W,UN,U,Age 18 - 25,1,11/27/2023
245699,RANDOLPH,11/07/2023,voter,AW,UNA,U,UN,M,Age 18 - 25,4,11/27/2023
245763,RANDOLPH,11/07/2023,voter,AR,UNA,A,UN,F,Age 26 - 40,4,11/27/2023
246020,RANDOLPH,11/07/2023,voter,,LIB,W,NL,M,Age Over 66,1,11/27/2023
246027,RANDOLPH,11/07/2023,voter,AE,UNA,U,HL,F,Age 41 - 65,3,11/27/2023
246054,RANDOLPH,11/07/2023,voter,RM,UNA,A,UN,M,Age 41 - 65,2,11/27/2023
246121,RANDOLPH,11/07/2023,voter,,DEM,B,UN,F,Age Over 66,2,11/27/2023
246167,RANDOLPH,11/07/2023,voter,AW,LIB,W,UN,M,Age Over 66,1,11/27/2023
246177,RANDOLPH,11/07/2023,voter,TB,REP,W,UN,F,Age 18 - 25,37,11/27/2023
246202,RANDOLPH,11/07/2023,voter,AN,UNA,B,UN,M,Age 41 - 65,9,11/27/2023
246229,RANDOLPH,11/07/2023,voter,TR,LIB,W,UN,M,Age 41 - 65,1,11/27/2023
246266,RANDOLPH,11/07/2023,voter,AS,DEM,U,UN,U,Age 18 - 25,2,11/27/2023
246297,RANDOLPH,11/07/2023,voter,UG,DEM,W,UN,M,Age 26 - 40,4,11/27/2023
246448,RANDOLPH,11/07/2023,voter,NM,REP,W,NL,F,Age 41 - 65,233,11/27/2023
246534,RANDOLPH,11/07/2023,voter,AN,DEM,O,NL,F,Age 18 - 25,1,11/27/2023
246633,RANDOLPH,11/07/2023,voter,RN,REP,U,HL,M,Age 26 - 40,1,11/27/2023
246693,RANDOLPH,11/07/2023,voter,AE,UNA,B,NL,F,Age 18 - 25,2,11/27/2023
246782,RANDOLPH,11/07/2023,voter,TR,DEM,B,NL,F,Age 26 - 40,6,11/27/2023
246825,RANDOLPH,11/07/2023,voter,,REP,W,UN,U,Age 41 - 65,3,11/27/2023
246886,RANDOLPH,11/07/2023,voter,UG,UNA,W,UN,F,Age 26 - 40,29,11/27/2023
247027,RANDOLPH,11/07/2023,voter,TR,UNA,A,NL,M,Age 41 - 65,3,11/27/2023
247221,RANDOLPH,11/07/2023,voter,UG,REP,W,HL,M,Age 41 - 65,1,11/27/2023
247284,RANDOLPH,11/07/2023,voter,SE,UNA,U,UN,F,Age 41 - 65,1,11/27/2023
247427,RANDOLPH,11/07/2023,voter,SW,REP,W,NL,U,Age 18 - 25,1,11/27/2023
247500,RANDOLPH,11/07/2023,voter,SW,REP,O,HL,M,Age 26 - 40,1,11/27/2023
247520,RANDOLPH,11/07/2023,voter,AW,UNA,I,UN,M,Age 26 - 40,1,11/27/2023
247570,RANDOLPH,11/07/2023,voter,NM,UNA,U,UN,F,Age 41 - 65,5,11/27/2023
247944,RANDOLPH,11/07/2023,voter,RN,UNA,B,NL,F,Age 18 - 25,2,11/27/2023
248014,RANDOLPH,11/07/2023,voter,TT,REP,W,HL,F,Age 26 - 40,2,11/27/2023
248022,RANDOLPH,11/07/2023,voter,BC,REP,A,UN,M,Age 41 - 65,1,11/27/2023
248066,RANDOLPH,11/07/2023,voter,LB,UNA,O,UN,M,Age 18 - 25,3,11/27/2023
248105,RANDOLPH,11/07/2023,voter,BC,UNA,W,HL,F,Age 41 - 65,1,11/27/2023
248106,RANDOLPH,11/07/2023,voter,TR,UNA,U,UN,U,Age 41 - 65,24,11/27/2023
248128,RANDOLPH,11/07/2023,voter,TT,UNA,W,NL,M,Age 26 - 40,92,11/27/2023
248238,RANDOLPH,11/07/2023,voter,AN,UNA,I,UN,M,Age 26 - 40,1,11/27/2023
248372,RANDOLPH,11/07/2023,voter,SE,REP,M,NL,M,Age 18 - 25,1,11/27/2023
248388,RANDOLPH,11/07/2023,voter,DR,UNA,O,HL,M,Age 41 - 65,1,11/27/2023
248454,RANDOLPH,11/07/2023,voter,AR,REP,A,NL,F,Age 41 - 65,2,11/27/2023
248626,RANDOLPH,11/07/2023,voter,AS,DEM,O,UN,M,Age Over 66,1,11/27/2023
248636,RANDOLPH,11/07/2023,voter,TR,REP,W,NL,M,Age 41 - 65,1,11/27/2023
248647,RANDOLPH,11/07/2023,voter,UG,REP,O,NL,F,Age 41 - 65,1,11/27/2023
248775,RANDOLPH,11/07/2023,voter,BC,UNA,U,HL,F,Age 41 - 65,2,11/27/2023
248841,RANDOLPH,11/07/2023,voter,TR,REP,A,UN,F,Age 41 - 65,1,11/27/2023
249002,RANDOLPH,11/07/2023,voter,DR,REP,U,HL,M,Age 26 - 40,1,11/27/2023
249115,RANDOLPH,11/07/2023,voter,AR,UNA,B,NL,M,Age 18 - 25,4,11/27/2023
249122,RANDOLPH,11/07/2023,voter,AW,UNA,O,HL,M,Age Over 66,1,11/27/2023
249130,RANDOLPH,11/07/2023,voter,UG,REP,B,UN,M,Age 41 - 65,1,11/27/2023
249133,RANDOLPH,11/07/2023,voter,ST,UNA,U,UN,U,Age 41 - 65,16,11/27/2023
249154,RANDOLPH,11/07/2023,voter,TR,REP,W,HL,M,Age 26 - 40,2,11/27/2023
249284,RANDOLPH,11/07/2023,voter,RM,REP,W,HL,M,Age 18 - 25,2,11/27/2023
249294,RANDOLPH,11/07/2023,voter,LB,REP,O,NL,F,Age 41 - 65,3,11/27/2023
249360,RANDOLPH,11/07/2023,voter,RN,UNA,U,NL,U,Age 26 - 40,1,11/27/2023
249374,RANDOLPH,11/07/2023,voter,TR,REP,A,NL,F,Age 41 - 65,1,11/27/2023
249391,RANDOLPH,11/07/2023,voter,SW,DEM,W,NL,M,Age Over 66,12,11/27/2023
249409,RANDOLPH,11/07/2023,voter,TT,UNA,W,UN,F,Age 26 - 40,1,11/27/2023
249597,RANDOLPH,11/07/2023,voter,UG,REP,W,NL,F,Age 26 - 40,52,11/27/2023
249622,RANDOLPH,11/07/2023,voter,TR,UNA,W,UN,F,Age Over 66,9,11/27/2023
249778,RANDOLPH,11/07/2023,voter,AN,DEM,W,NL,M,Age Over 66,14,11/27/2023
249793,RANDOLPH,11/07/2023,voter,AN,UNA,I,NL,F,Age 26 - 40,1,11/27/2023
249800,RANDOLPH,11/07/2023,voter,SO,UNA,W,HL,M,Age 18 - 25,1,11/27/2023
249885,RANDOLPH,11/07/2023,voter,TT,REP,W,NL,U,Age Over 66,2,11/27/2023
250000,RANDOLPH,11/07/2023,voter,AW,UNA,W,UN,F,Age 41 - 65,37,11/27/2023
250221,RANDOLPH,11/07/2023,voter,AR,UNA,W,HL,F,Age 41 - 65,3,11/27/2023
250258,RANDOLPH,11/07/2023,voter,NM,DEM,U,UN,U,Age Over 66,1,11/27/2023
250273,RANDOLPH,11/07/2023,voter,TR,UNA,A,UN,U,Age 41 - 65,1,11/27/2023
250428,RANDOLPH,11/07/2023,voter,UG,REP,U,UN,U,Age 26 - 40,1,11/27/2023
250736,RANDOLPH,11/07/2023,voter,SO,LIB,W,UN,M,Age 41 - 65,1,11/27/2023
250771,RANDOLPH,11/07/2023,voter,RM,DEM,U,UN,M,Age 18 - 25,5,11/27/2023
250790,RANDOLPH,11/07/2023,voter,TT,UNA,U,UN,M,Age Over 66,1,11/27/2023
250944,RANDOLPH,11/07/2023,voter,TT,UNA,W,UN,M,Age 41 - 65,48,11/27/2023
251015,RANDOLPH,11/07/2023,voter,TT,DEM,B,UN,F,Age 41 - 65,2,11/27/2023
251031,RANDOLPH,11/07/2023,voter,BC,REP,W,NL,F,Age Over 66,226,11/27/2023
251173,RANDOLPH,11/07/2023,voter,SE,REP,W,NL,M,Age 41 - 65,28,11/27/2023
251203,RANDOLPH,11/07/2023,voter,LC,UNA,U,HL,F,Age 26 - 40,1,11/27/2023
251220,RANDOLPH,11/07/2023,voter,TR,UNA,W,UN,F,Age 26 - 40,15,11/27/2023
251231,RANDOLPH,11/07/2023,voter,AN,UNA,A,NL,M,Age Over 66,1,11/27/2023
251272,RANDOLPH,11/07/2023,voter,AS,UNA,A,NL,M,Age 26 - 40,2,11/27/2023
251443,RANDOLPH,11/07/2023,voter,SE,DEM,W,UN,F,Age 41 - 65,4,11/27/2023
251452,RANDOLPH,11/07/2023,voter,AN,UNA,W,UN,F,Age Over 66,20,11/27/2023
251692,RANDOLPH,11/07/2023,voter,AR,DEM,A,UN,F,Age 18 - 25,1,11/27/2023
251814,RANDOLPH,11/07/2023,voter,RN,UNA,U,UN,U,Age Over 66,5,11/27/2023
251830,RANDOLPH,11/07/2023,voter,AR,REP,W,UN,F,Age 18 - 25,6,11/27/2023
251930,RANDOLPH,11/07/2023,voter,TR,LIB,W,UN,M,Age 41 - 65,1,11/27/2023
251937,RANDOLPH,11/07/2023,voter,AN,REP,O,HL,F,Age 26 - 40,1,11/27/2023
251988,RANDOLPH,11/07/2023,voter,TB,REP,W,UN,M,Age 41 - 65,99,11/27/2023
252091,RANDOLPH,11/07/2023,voter,RM,UNA,W,UN,M,Age 41 - 65,38,11/27/2023
252155,RANDOLPH,11/07/2023,voter,SO,UNA,W,UN,M,Age 18 - 25,8,11/27/2023
252306,RANDOLPH,11/07/2023,voter,AS,DEM,W,NL,M,Age 26 - 40,10,11/27/2023
252318,RANDOLPH,11/07/2023,voter,TT,UNA,U,UN,M,Age 41 - 65,2,11/27/2023
252439,RANDOLPH,11/07/2023,voter,UG,REP,O,HL,M,Age 41 - 65,2,11/27/2023
252508,RANDOLPH,11/07/2023,voter,,UNA,A,NL,M,Age 26 - 40,1,11/27/2023
252619,RANDOLPH,11/07/2023,voter,ST,DEM,B,NL,U,Age 18 - 25,1,11/27/2023
252700,RANDOLPH,11/07/2023,voter,NM,REP,W,NL,M,Age 26 - 40,72,11/27/2023
252713,RANDOLPH,11/07/2023,voter,DR,UNA,O,NL,M,Age 26 - 40,2,11/27/2023
252721,RANDOLPH,11/07/2023,voter,AN,UNA,M,HL,M,Age 18 - 25,1,11/27/2023
252738,RANDOLPH,11/07/2023,voter,SW,UNA,W,NL,M,Age Over 66,34,11/27/2023
252826,RANDOLPH,11/07/2023,voter,TR,UNA,W,NL,F,Age 41 - 65,4,11/27/2023
252846,RANDOLPH,11/07/2023,voter,DR,DEM,U,UN,U,Age Over 66,2,11/27/2023
252934,RANDOLPH,11/07/2023,voter,AW,REP,O,UN,M,Age 26 - 40,1,11/27/2023
252953,RANDOLPH,11/07/2023,voter,RN,DEM,O,NL,M,Age 41 - 65,1,11/27/2023
252999,RANDOLPH,11/07/2023,voter,TR,UNA,O,UN,U,Age 41 - 65,1,11/27/2023
253068,RANDOLPH,11/07/2023,voter,AE,REP,O,NL,F,Age Over 66,2,11/27/2023
253108,RANDOLPH,11/07/2023,voter,,DEM,U,UN,F,Age 18 - 25,2,11/27/2023
253121,RANDOLPH,11/07/2023,voter,SO,DEM,W,UN,M,Age Over 66,6,11/27/2023
253156,RANDOLPH,11/07/2023,voter,AE,UNA,O,HL,M,Age 18 - 25,6,11/27/2023
253226,RANDOLPH,11/07/2023,voter,AW,DEM,O,UN,F,Age 41 - 65,1,11/27/2023
253945,RANDOLPH,11/07/2023,voter,AW,UNA,W,NL,U,Age 41 - 65,6,11/27/2023
254011,RANDOLPH,11/07/2023,voter,TR,LIB,U,UN,U,Age 26 - 40,2,11/27/2023
254087,RANDOLPH,11/07/2023,voter,SO,REP,B,NL,F,Age Over 66,1,11/27/2023
254215,RANDOLPH,11/07/2023,voter,UG,DEM,O,UN,M,Age 18 - 25,1,11/27/2023
254281,RANDOLPH,11/07/2023,voter,AE,DEM,W,NL,M,Age 26 - 40,6,11/27/2023
254285,RANDOLPH,11/07/2023,voter,,UNA,U,HL,F,Age 41 - 65,2,11/27/2023
254302,RANDOLPH,11/07/2023,voter,AR,UNA,O,HL,M,Age 41 - 65,2,11/27/2023
254331,RANDOLPH,11/07/2023,voter,TR,REP,A,UN,F,Age 41 - 65,3,11/27/2023
254407,RANDOLPH,11/07/2023,voter,,DEM,W,NL,M,Age 41 - 65,33,11/27/2023
254463,RANDOLPH,11/07/2023,voter,AN,DEM,B,UN,F,Age 41 - 65,26,11/27/2023
254550,RANDOLPH,11/07/2023,voter,AW,DEM,U,UN,U,Age 26 - 40,9,11/27/2023
254659,RANDOLPH,11/07/2023,voter,AW,REP,A,UN,F,Age 26 - 40,1,11/27/2023
254692,RANDOLPH,11/07/2023,voter,NM,DEM,W,UN,M,Age 41 - 65,10,11/27/2023
254694,RANDOLPH,11/07/2023,voter,,REP,W,NL,M,Age 18 - 25,31,11/27/2023
254801,RANDOLPH,11/07/2023,voter,LB,UNA,O,HL,U,Age 26 - 40,1,11/27/2023
255077,RANDOLPH,11/07/2023,voter,RN,DEM,B,UN,U,Age 26 - 40,1,11/27/2023
255092,RANDOLPH,11/07/2023,voter,AW,REP,O,HL,F,Age 26 - 40,4,11/27/2023
255141,RANDOLPH,11/07/2023,voter,AN,UNA,W,NL,F,Age 18 - 25,14,11/27/2023
255219,RANDOLPH,11/07/2023,voter,AW,DEM,W,HL,F,Age 41 - 65,1,11/27/2023
255276,RANDOLPH,11/07/2023,voter,ST,REP,U,UN,U,Age 41 - 65,24,11/27/2023
255399,RANDOLPH,11/07/2023,voter,AR,LIB,W,NL,M,Age 41 - 65,4,11/27/2023
255470,RANDOLPH,11/07/2023,voter,AR,UNA,U,HL,F,Age 41 - 65,2,11/27/2023
255604,RANDOLPH,11/07/2023,voter,AW,UNA,W,UN,F,Age 18 - 25,20,11/27/2023
255630,RANDOLPH,11/07/2023,voter,UG,LIB,W,NL,F,Age Over 66,1,11/27/2023
255681,RANDOLPH,11/07/2023,voter,SO,NLB,W,UN,F,Age 41 - 65,1,11/27/2023
255699,RANDOLPH,11/07/2023,voter,UG,UNA,W,NL,U,Age 18 - 25,1,11/27/2023
255802,RANDOLPH,11/07/2023,voter,AN,UNA,W,HL,M,Age 41 - 65,2,11/27/2023
255834,RANDOLPH,11/07/2023,voter,SO,REP,W,UN,M,Age Over 66,38,11/27/2023
255860,RANDOLPH,11/07/2023,voter,AE,REP,O,HL,M,Age 18 - 25,4,11/27/2023
255877,RANDOLPH,11/07/2023,voter,TR,DEM,B,NL,F,Age 41 - 65,7,11/27/2023
255941,RANDOLPH,11/07/2023,voter,NM,DEM,W,NL,F,Age 26 - 40,8,11/27/2023
255979,RANDOLPH,11/07/2023,voter,TB,UNA,W,UN,F,Age 18 - 25,26,11/27/2023
256016,RANDOLPH,11/07/2023,voter,AS,UNA,A,UN,F,Age 41 - 65,2,11/27/2023
256112,RANDOLPH,11/07/2023,voter,AE,UNA,O,HL,F,Age 26 - 40,9,11/27/2023
256120,RANDOLPH,11/07/2023,voter,AS,NLB,B,UN,F,Age 18 - 25,1,11/27/2023
256145,RANDOLPH,11/07/2023,voter,AN,DEM,O,UN,M,Age 18 - 25,1,11/27/2023
256237,RANDOLPH,11/07/2023,voter,AW,UNA,U,UN,U,Age 26 - 40,17,11/27/2023
256294,RANDOLPH,11/07/2023,voter,AR,UNA,I,UN,M,Age Over 66,1,11/27/2023
256345,RANDOLPH,11/07/2023,voter,DR,DEM,B,UN,M,Age 41 - 65,5,11/27/2023
256423,RANDOLPH,11/07/2023,voter,TB,UNA,W,NL,M,Age 18 - 25,26,11/27/2023
256439,RANDOLPH,11/07/2023,voter,AN,DEM,B,NL,U,Age 41 - 65,3,11/27/2023
256561,RANDOLPH,11/07/2023,voter,SO,REP,W,UN,M,Age Over 66,12,11/27/2023
256630,RANDOLPH,11/07/2023,voter,RN,REP,B,NL,F,Age Over 66,1,11/27/2023
256701,RANDOLPH,11/07/2023,voter,TR,REP,I,NL,F,Age 41 - 65,2,11/27/2023
256733,RANDOLPH,11/07/2023,voter,AW,UNA,W,UN,U,Age 41 - 65,1,11/27/2023
256838,RANDOLPH,11/07/2023,voter,SO,REP,W,NL,F,Age 41 - 65,83,11/27/2023
256883,RANDOLPH,11/07/2023,voter,SO,UNA,W,UN,M,Age 41 - 65,18,11/27/2023
256895,RANDOLPH,11/07/2023,voter,AE,UNA,W,NL,M,Age Over 66,31,11/27/2023
256994,RANDOLPH,11/07/2023,voter,AE,DEM,U,UN,F,Age 41 - 65,1,11/27/2023
257162,RANDOLPH,11/07/2023,voter,SW,DEM,W,UN,M,Age 41 - 65,6,11/27/2023
257280,RANDOLPH,11/07/2023,voter,RN,DEM,W,NL,M,Age Over 66,60,11/27/2023
257384,RANDOLPH,11/07/2023,voter,LB,UNA,W,UN,F,Age Over 66,7,11/27/2023
257437,RANDOLPH,11/07/2023,voter,SO,REP,W,NL,M,Age 18 - 25,16,11/27/2023
257605,RANDOLPH,11/07/2023,voter,GR,UNA,O,NL,M,Age 26 - 40,1,11/27/2023
257664,RANDOLPH,11/07/2023,voter,NM,DEM,B,UN,M,Age Over 66,1,11/27/2023
257718,RANDOLPH,11/07/2023,voter,RN,UNA,W,NL,U,Age 26 - 40,3,11/27/2023
257883,RANDOLPH,11/07/2023,voter,AN,UNA,W,NL,U,Age Over 66,3,11/27/2023
257979,RANDOLPH,11/07/2023,voter,AR,REP,B,NL,M,Age 41 - 65,5,11/27/2023
257992,RANDOLPH,11/07/2023,voter,NM,REP,W,UN,M,Age Over 66,20,11/27/2023
258089,RANDOLPH,11/07/2023,voter,TR,UNA,U,UN,U,Age 26 - 40,24,11/27/2023
258120,RANDOLPH,11/07/2023,voter,TR,UNA,W,NL,M,Age 26 - 40,50,11/27/2023
258226,RANDOLPH,11/07/2023,voter,AS,DEM,U,UN,F,Age 18 - 25,2,11/27/2023
258269,RANDOLPH,11/07/2023,voter,LC,UNA,B,NL,U,Age 26 - 40,1,11/27/2023
258271,RANDOLPH,11/07/2023,voter,AR,DEM,A,NL,F,Age 26 - 40,3,11/27/2023
258273,RANDOLPH,11/07/2023,voter,AW,REP,U,HL,M,Age 26 - 40,1,11/27/2023
258283,RANDOLPH,11/07/2023,voter,,REP,W,NL,U,Age 26 - 40,4,11/27/2023
258319,RANDOLPH,11/07/2023,voter,SO,DEM,B,NL,M,Age 26 - 40,1,11/27/2023
258383,RANDOLPH,11/07/2023,voter,LC,REP,O,NL,F,Age Over 66,1,11/27/2023
258479,RANDOLPH,11/07/2023,voter,AN,DEM,B,UN,M,Age 18 - 25,1,11/27/2023
258616,RANDOLPH,11/07/2023,voter,AS,REP,W,HL,M,Age 18 - 25,1,11/27/2023
258991,RANDOLPH,11/07/2023,voter,LB,DEM,O,HL,F,Age Over 66,1,11/27/2023
259012,RANDOLPH,11/07/2023,voter,AS,REP,I,UN,F,Age 41 - 65,1,11/27/2023
259131,RANDOLPH,11/07/2023,voter,AN,UNA,U,UN,F,Age 26 - 40,7,11/27/2023
259150,RANDOLPH,11/07/2023,voter,AS,DEM,W,UN,F,Age 18 - 25,6,11/27/2023
259159,RANDOLPH,11/07/2023,voter,LC,REP,W,NL,U,Age 18 - 25,1,11/27/2023
259292,RANDOLPH,11/07/2023,voter,AS,UNA,U,UN,U,Age 18 - 25,6,11/27/2023
259364,RANDOLPH,11/07/2023,voter,SW,UNA,B,UN,F,Age 18 - 25,3,11/27/2023
259430,RANDOLPH,11/07/2023,voter,AW,UNA,O,UN,M,Age 26 - 40,6,11/27/2023
259530,RANDOLPH,11/07/2023,voter,TR,REP,U,HL,M,Age 41 - 65,1,11/27/2023
259533,RANDOLPH,11/07/2023,voter,TR,LIB,O,NL,M,Age 41 - 65,1,11/27/2023
259626,RANDOLPH,11/07/2023,voter,GR,DEM,O,HL,M,Age 26 - 40,10,11/27/2023
259717,RANDOLPH,11/07/2023,voter,AW,UNA,W,NL,F,Age Over 66,46,11/27/2023
259751,RANDOLPH,11/07/2023,voter,TB,REP,W,NL,M,Age 26 - 40,114,11/27/2023
259814,RANDOLPH,11/07/2023,voter,TR,UNA,B,NL,M,Age 26 - 40,3,11/27/2023
260190,RANDOLPH,11/07/2023,voter,NM,UNA,B,NL,F,Age 41 - 65,1,11/27/2023
260242,RANDOLPH,11/07/2023,voter,TB,LIB,W,NL,M,Age 41 - 65,2,11/27/2023
260286,RANDOLPH,11/07/2023,voter,LC,REP,U,HL,M,Age 26 - 40,1,11/27/2023
260316,RANDOLPH,11/07/2023,voter,,REP,W,HL,F,Age 18 - 25,1,11/27/2023
260330,RANDOLPH,11/07/2023,voter,RN,UNA,W,NL,M,Age 26 - 40,76,11/27/2023
260345,RANDOLPH,11/07/2023,voter,AW,UNA,W,NL,M,Age 26 - 40,34,11/27/2023
260709,RANDOLPH,11/07/2023,voter,SW,REP,U,NL,F,Age Over 66,1,11/27/2023
260796,RANDOLPH,11/07/2023,voter,RM,UNA,U,UN,M,Age 41 - 65,5,11/27/2023
260822,RANDOLPH,11/07/2023,voter,LC,GRE,W,NL,U,Age 26 - 40,1,11/27/2023
260838,RANDOLPH,11/07/2023,voter,,DEM,W,UN,M,Age 26 - 40,3,11/27/2023
260898,RANDOLPH,11/07/2023,voter,,UNA,W,UN,M,Age 26 - 40,33,11/27/2023
261050,RANDOLPH,11/07/2023,voter,AW,REP,W,UN,F,Age 26 - 40,24,11/27/2023
261115,RANDOLPH,11/07/2023,voter,AR,UNA,W,NL,F,Age 26 - 40,87,11/27/2023
261156,RANDOLPH,11/07/2023,voter,TR,UNA,B,NL,M,Age Over 66,2,11/27/2023
261172,RANDOLPH,11/07/2023,voter,UG,REP,U,UN,M,Age 26 - 40,3,11/27/2023
261180,RANDOLPH,11/07/2023,voter,AN,DEM,O,UN,F,Age 41 - 65,3,11/27/2023
261231,RANDOLPH,11/07/2023,voter,GR,REP,W,UN,U,Age 41 - 65,1,11/27/2023
261310,RANDOLPH,11/07/2023,voter,TB,LIB,U,UN,U,Age 41 - 65,1,11/27/2023
261315,RANDOLPH,11/07/2023,voter,AS,UNA,A,UN,F,Age 26 - 40,2,11/27/2023
261664,RANDOLPH,11/07/2023,voter,AS,UNA,M,NL,M,Age 41 - 65,1,11/27/2023
261722,RANDOLPH,11/07/2023,voter,AS,DEM,W,NL,M,Age 26 - 40,4,11/27/2023
261777,RANDOLPH,11/07/2023,voter,,UNA,W,UN,F,Age 18 - 25,42,11/27/2023
261780,RANDOLPH,11/07/2023,voter,AS,UNA,B,NL,F,Age 41 - 65,2,11/27/2023
261796,RANDOLPH,11/07/2023,voter,AW,DEM,W,NL,M,Age 26 - 40,11,11/27/2023
261817,RANDOLPH,11/07/2023,voter,GR,UNA,O,NL,M,Age Over 66,1,11/27/2023
261869,RANDOLPH,11/07/2023,voter,AW,UNA,A,NL,F,Age 41 - 65,3,11/27/2023
261910,RANDOLPH,11/07/2023,voter,TR,UNA,A,UN,M,Age Over 66,2,11/27/2023
261973,RANDOLPH,11/07/2023,voter,NM,DEM,U,UN,M,Age 18 - 25,1,11/27/2023
261993,RANDOLPH,11/07/2023,voter,TT,UNA,W,NL,F,Age Over 66,71,11/27/2023
262138,RANDOLPH,11/07/2023,voter,DR,DEM,W,HL,F,Age Over 66,1,11/27/2023
262144,RANDOLPH,11/07/2023,voter,SW,REP,U,UN,M,Age 41 - 65,1,11/27/2023
262151,RANDOLPH,11/07/2023,voter,DR,UNA,I,UN,F,Age 18 - 25,1,11/27/2023
262173,RANDOLPH,11/07/2023,voter,,REP,I,NL,M,Age 41 - 65,2,11/27/2023
262190,RANDOLPH,11/07/2023,voter,AS,UNA,B,NL,M,Age 18 - 25,1,11/27/2023
262199,RANDOLPH,11/07/2023,voter,RN,DEM,I,UN,F,Age 18 - 25,1,11/27/2023
262259,RANDOLPH,11/07/2023,voter,SO,UNA,B,NL,M,Age 26 - 40,1,11/27/2023
262328,RANDOLPH,11/07/2023,voter,TR,REP,W,UN,U,Age 26 - 40,3,11/27/2023
262333,RANDOLPH,11/07/2023,voter,AN,UNA,W,HL,F,Age 26 - 40,3,11/27/2023
262417,RANDOLPH,11/07/2023,voter,AS,REP,U,UN,U,Age 18 - 25,1,11/27/2023
262426,RANDOLPH,11/07/2023,voter,SE,REP,U,UN,M,Age 18 - 25,1,11/27/2023
262453,RANDOLPH,11/07/2023,voter,AS,DEM,O,NL,F,Age 18 - 25,2,11/27/2023
262575,RANDOLPH,11/07/2023,voter,AW,DEM,U,HL,F,Age 41 - 65,1,11/27/2023
262654,RANDOLPH,11/07/2023,voter,UG,DEM,O,HL,M,Age 18 - 25,14,11/27/2023
262707,RANDOLPH,11/07/2023,voter,TR,UNA,O,UN,M,Age 18 - 25,1,11/27/2023
262708,RANDOLPH,11/07/2023,voter,RN,DEM,O,UN,M,Age 41 - 65,3,11/27/2023
262983,RANDOLPH,11/07/2023,voter,GR,DEM,B,UN,F,Age Over 66,5,11/27/2023
262990,RANDOLPH,11/07/2023,voter,AW,DEM,W,NL,F,Age Over 66,33,11/27/2023
263008,RANDOLPH,11/07/2023,voter,SO,UNA,O,HL,M,Age 18 - 25,3,11/27/2023
263128,RANDOLPH,11/07/2023,voter,AR,REP,W,NL,F,Age 41 - 65,165,11/27/2023
263209,RANDOLPH,11/07/2023,voter,SO,UNA,B,UN,U,Age 41 - 65,1,11/27/2023
263290,RANDOLPH,11/07/2023,voter,AE,DEM,W,NL,F,Age Over 66,38,11/27/2023
263314,RANDOLPH,11/07/2023,voter,AR,REP,O,UN,F,Age 41 - 65,1,11/27/2023
263324,RANDOLPH,11/07/2023,voter,AS,REP,W,NL,M,Age 26 - 40,36,11/27/2023
263350,RANDOLPH,11/07/2023,voter,ST,REP,W,UN,M,Age 26 - 40,29,11/27/2023
263670,RANDOLPH,11/07/2023,voter,BC,REP,O,NL,M,Age 18 - 25,1,11/27/2023
263692,RANDOLPH,11/07/2023,voter,TT,REP,A,NL,F,Age 41 - 65,2,11/27/2023
263712,RANDOLPH,11/07/2023,voter,SW,REP,A,NL,M,Age 41 - 65,1,11/27/2023
263813,RANDOLPH,11/07/2023,voter,NM,UNA,W,HL,M,Age 26 - 40,1,11/27/2023
263940,RANDOLPH,11/07/2023,voter,UG,UNA,W,NL,M,Age Over 66,63,11/27/2023
264064,RANDOLPH,11/07/2023,voter,SW,UNA,B,UN,F,Age 41 - 65,1,11/27/2023
264092,RANDOLPH,11/07/2023,voter,DR,UNA,B,UN,M,Age 41 - 65,2,11/27/2023
264105,RANDOLPH,11/07/2023,voter,UG,REP,W,UN,M,Age 26 - 40,46,11/27/2023
264504,RANDOLPH,11/07/2023,voter,RM,REP,W,NL,F,Age Over 66,170,11/27/2023
264553,RANDOLPH,11/07/2023,voter,LC,UNA,W,NL,F,Age Over 66,32,11/27/2023
264562,RANDOLPH,11/07/2023,voter,BC,DEM,U,UN,U,Age 26 - 40,2,11/27/2023
264691,RANDOLPH,11/07/2023,voter,TB,REP,U,UN,M,Age 41 - 65,4,11/27/2023
264708,RANDOLPH,11/07/2023,voter,AN,REP,O,HL,M,Age 18 - 25,3,11/27/2023
264820,RANDOLPH,11/07/2023,voter,AN,DEM,W,NL,F,Age 18 - 25,8,11/27/2023
264884,RANDOLPH,11/07/2023,voter,AE,DEM,U,UN,M,Age 18 - 25,2,11/27/2023
264927,RANDOLPH,11/07/2023,voter,GR,UNA,W,HL,F,Age 18 - 25,2,11/27/2023
264934,RANDOLPH,11/07/2023,voter,,UNA,O,NL,F,Age 18 - 25,1,11/27/2023
264952,RANDOLPH,11/07/2023,voter,SO,DEM,B,NL,M,Age Over 66,9,11/27/2023
265018,RANDOLPH,11/07/2023,voter,AE,DEM,B,UN,M,Age 26 - 40,6,11/27/2023
265068,RANDOLPH,11/07/2023,voter,AS,REP,O,UN,F,Age Over 66,1,11/27/2023
265133,RANDOLPH,11/07/2023,voter,TR,LIB,W,NL,F,Age 26 - 40,3,11/27/2023
265163,RANDOLPH,11/07/2023,voter,AR,REP,A,NL,F,Age Over 66,1,11/27/2023
265182,RANDOLPH,11/07/2023,voter,SE,UNA,W,UN,F,Age 41 - 65,26,11/27/2023
265199,RANDOLPH,11/07/2023,voter,TR,UNA,O,NL,M,Age 41 - 65,1,11/27/2023
265320,RANDOLPH,11/07/2023,voter,LB,REP,B,NL,F,Age 41 - 65,1,11/27/2023
265481,RANDOLPH,11/07/2023,voter,AN,REP,U,UN,U,Age Over 66,4,11/27/2023
265490,RANDOLPH,11/07/2023,voter,TR,REP,U,NL,F,Age 26 - 40,1,11/27/2023
265771,RANDOLPH,11/07/2023,voter,AW,DEM,O,UN,M,Age 18 - 25,1,11/27/2023
266005,RANDOLPH,11/07/2023,voter,AS,UNA,B,NL,F,Age 41 - 65,3,11/27/2023
266008,RANDOLPH,11/07/2023,voter,TT,REP,U,UN,U,Age 26 - 40,41,11/27/2023
266056,RANDOLPH,11/07/2023,voter,TR,DEM,M,UN,F,Age 26 - 40,1,11/27/2023
266067,RANDOLPH,11/07/2023,voter,TB,REP,U,NL,F,Age Over 66,1,11/27/2023
266206,RANDOLPH,11/07/2023,voter,RN,UNA,A,UN,F,Age 26 - 40,1,11/27/2023
266211,RANDOLPH,11/07/2023,voter,TT,REP,W,UN,U,Age Over 66,3,11/27/2023
266212,RANDOLPH,11/07/2023,voter,TT,REP,U,UN,U,Age Over 66,14,11/27/2023
266264,RANDOLPH,11/07/2023,voter,AE,UNA,W,NL,M,Age 41 - 65,47,11/27/2023
266354,RANDOLPH,11/07/2023,voter,AE,DEM,U,UN,F,Age Over 66,3,11/27/2023
266399,RANDOLPH,11/07/2023,voter,LC,REP,W,NL,F,Age 18 - 25,23,11/27/2023
266446,RANDOLPH,11/07/2023,voter,TR,REP,W,HL,F,Age 41 - 65,1,11/27/2023
266462,RANDOLPH,11/07/2023,voter,BC,DEM,U,HL,M,Age 41 - 65,1,11/27/2023
266495,RANDOLPH,11/07/2023,voter,DR,DEM,W,HL,M,Age 26 - 40,1,11/27/2023
266734,RANDOLPH,11/07/2023,voter,AS,DEM,M,NL,F,Age 18 - 25,1,11/27/2023
266967,RANDOLPH,11/07/2023,voter,AR,DEM,O,HL,F,Age 18 - 25,2,11/27/2023
266991,RANDOLPH,11/07/2023,voter,TT,DEM,W,NL,F,Age 26 - 40,23,11/27/2023
267009,RANDOLPH,11/07/2023,voter,RM,DEM,U,UN,F,Age 26 - 40,4,11/27/2023
267014,RANDOLPH,11/07/2023,voter,SE,DEM,U,UN,U,Age 41 - 65,2,11/27/2023
267038,RANDOLPH,11/07/2023,voter,AR,REP,A,NL,M,Age 18 - 25,2,11/27/2023
267094,RANDOLPH,11/07/2023,voter,BC,UNA,W,NL,M,Age 18 - 25,18,11/27/2023
267123,RANDOLPH,11/07/2023,voter,UG,UNA,O,HL,M,Age 18 - 25,5,11/27/2023
267271,RANDOLPH,11/07/2023,voter,TB,UNA,U,UN,F,Age 18 - 25,2,11/27/2023
267273,RANDOLPH,11/07/2023,voter,,UNA,I,UN,M,Age 41 - 65,1,11/27/2023
267371,RANDOLPH,11/07/2023,voter,AN,UNA,A,UN,U,Age 26 - 40,1,11/27/2023
267393,RANDOLPH,11/07/2023,voter,TR,REP,W,NL,F,Age 18 - 25,35,11/27/2023
267413,RANDOLPH,11/07/2023,voter,RN,REP,O,HL,M,Age 18 - 25,3,11/27/2023
267522,RANDOLPH,11/07/2023,voter,RM,LIB,I,NL,M,Age 26 - 40,1,11/27/2023
267642,RANDOLPH,11/07/2023,voter,TT,REP,I,NL,M,Age 18 - 25,1,11/27/2023
267668,RANDOLPH,11/07/2023,voter,TR,REP,W,UN,F,Age 41 - 65,80,11/27/2023
267700,RANDOLPH,11/07/2023,voter,RM,UNA,O,NL,M,Age 41 - 65,1,11/27/2023
267717,RANDOLPH,11/07/2023,voter,SW,REP,W,NL,F,Age Over 66,53,11/27/2023
267719,RANDOLPH,11/07/2023,voter,SO,DEM,W,NL,M,Age 41 - 65,23,11/27/2023
267724,RANDOLPH,11/07/2023,voter,AN,DEM,U,UN,F,Age 26 - 40,6,11/27/2023
267740,RANDOLPH,11/07/2023,voter,SE,UNA,O,NL,M,Age Over 66,1,11/27/2023
267789,RANDOLPH,11/07/2023,voter,TT,REP,W,UN,U,Age 26 - 40,2,11/27/2023
267814,RANDOLPH,11/07/2023,voter,AR,REP,U,UN,F,Age 41 - 65,1,11/27/2023
267873,RANDOLPH,11/07/2023,voter,AN,UNA,W,UN,F,Age 26 - 40,22,11/27/2023
267887,RANDOLPH,11/07/2023,voter,AR,LIB,W,NL,F,Age 41 - 65,1,11/27/2023
267969,RANDOLPH,11/07/2023,voter,RM,DEM,W,UN,F,Age 26 - 40,7,11/27/2023
268058,RANDOLPH,11/07/2023,voter,AE,DEM,O,UN,F,Age 18 - 25,1,11/27/2023
268160,RANDOLPH,11/07/2023,voter,AS,DEM,B,UN,M,Age Over 66,1,11/27/2023
268261,RANDOLPH,11/07/2023,voter,TR,DEM,W,NL,F,Age 18 - 25,9,11/27/2023
268312,RANDOLPH,11/07/2023,voter,TB,DEM,W,NL,M,Age Over 66,31,11/27/2023
268338,RANDOLPH,11/07/2023,voter,AS,UNA,W,HL,F,Age 41 - 65,1,11/27/2023
268372,RANDOLPH,11/07/2023,voter,LC,UNA,A,NL,M,Age 18 - 25,1,11/27/2023
268389,RANDOLPH,11/07/2023,voter,RM,REP,O,NL,M,Age 18 - 25,1,11/27/2023
268565,RANDOLPH,11/07/2023,voter,TR,DEM,W,UN,F,Age 26 - 40,3,11/27/2023
268601,RANDOLPH,11/07/2023,voter,LB,REP,U,UN,M,Age 18 - 25,1,11/27/2023
268866,RANDOLPH,11/07/2023,voter,BC,REP,W,UN,F,Age 18 - 25,53,11/27/2023
268914,RANDOLPH,11/07/2023,voter,,UNA,M,NL,F,Age 18 - 25,2,11/27/2023
268931,RANDOLPH,11/07/2023,voter,TR,REP,U,UN,F,Age 26 - 40,3,11/27/2023
269199,RANDOLPH,11/07/2023,voter,TR,UNA,O,HL,F,Age 26 - 40,2,11/27/2023
269200,RANDOLPH,11/07/2023,voter,TR,DEM,B,UN,M,Age Over 66,3,11/27/2023
269298,RANDOLPH,11/07/2023,voter,TB,REP,I,NL,F,Age 41 - 65,1,11/27/2023
269379,RANDOLPH,11/07/2023,voter,GR,REP,W,UN,M,Age Over 66,59,11/27/2023
269401,RANDOLPH,11/07/2023,voter,AN,REP,B,UN,M,Age 18 - 25,1,11/27/2023
269433,RANDOLPH,11/07/2023,voter,AR,UNA,W,NL,U,Age 41 - 65,4,11/27/2023
269458,RANDOLPH,11/07/2023,voter,AN,UNA,W,NL,F,Age 41 - 65,55,11/27/2023
269620,RANDOLPH,11/07/2023,voter,AE,REP,O,UN,F,Age 18 - 25,1,11/27/2023
269677,RANDOLPH,11/07/2023,voter,AW,REP,U,UN,M,Age Over 66,1,11/27/2023
269793,RANDOLPH,11/07/2023,voter,GR,DEM,W,UN,F,Age 18 - 25,7,11/27/2023
269918,RANDOLPH,11/07/2023,voter,NM,DEM,W,UN,F,Age 18 - 25,8,11/27/2023
269942,RANDOLPH,11/07/2023,voter,RM,DEM,W,UN,F,Age 41 - 65,15,11/27/2023
270023,RANDOLPH,11/07/2023,voter,TT,UNA,W,UN,F,Age 18 - 25,30,11/27/2023
270080,RANDOLPH,11/07/2023,voter,RN,DEM,U,HL,F,Age Over 66,1,11/27/2023
270107,RANDOLPH,11/07/2023,voter,TR,DEM,W,UN,M,Age 26 - 40,1,11/27/2023
270141,RANDOLPH,11/07/2023,voter,TR,REP,U,UN,U,Age 18 - 25,11,11/27/2023
270145,RANDOLPH,11/07/2023,voter,AW,UNA,W,UN,U,Age 26 - 40,1,11/27/2023
270192,RANDOLPH,11/07/2023,voter,AW,REP,W,HL,M,Age 26 - 40,2,11/27/2023
270328,RANDOLPH,11/07/2023,voter,AN,DEM,B,NL,F,Age 18 - 25,4,11/27/2023
270902,RANDOLPH,11/07/2023,voter,AE,DEM,W,UN,M,Age 41 - 65,3,11/27/2023
270935,RANDOLPH,11/07/2023,voter,AR,DEM,W,UN,M,Age 18 - 25,1,11/27/2023
271087,RANDOLPH,11/07/2023,voter,TR,UNA,W,HL,F,Age 18 - 25,1,11/27/2023
271358,RANDOLPH,11/07/2023,voter,TT,REP,M,UN,F,Age 41 - 65,1,11/27/2023
271496,RANDOLPH,11/07/2023,voter,AN,REP,I,HL,M,Age 41 - 65,1,11/27/2023
271507,RANDOLPH,11/07/2023,voter,LB,DEM,B,NL,F,Age 41 - 65,51,11/27/2023
271510,RANDOLPH,11/07/2023,voter,AR,DEM,U,UN,U,Age 26 - 40,5,11/27/2023
271812,RANDOLPH,11/07/2023,voter,ST,UNA,O,UN,M,Age 18 - 25,2,11/27/2023
271897,RANDOLPH,11/07/2023,voter,NM,DEM,U,UN,U,Age 26 - 40,3,11/27/2023
271973,RANDOLPH,11/07/2023,voter,AR,UNA,B,NL,M,Age 41 - 65,3,11/27/2023
272088,RANDOLPH,11/07/2023,voter,NM,UNA,O,HL,F,Age 18 - 25,5,11/27/2023
272117,RANDOLPH,11/07/2023,voter,AS,REP,U,NL,M,Age 26 - 40,1,11/27/2023
272124,RANDOLPH,11/07/2023,voter,AR,UNA,O,NL,F,Age Over 66,1,11/27/2023
272171,RANDOLPH,11/07/2023,voter,AW,UNA,W,UN,U,Age 26 - 40,2,11/27/2023
272176,RANDOLPH,11/07/2023,voter,RN,UNA,U,UN,U,Age 26 - 40,29,11/27/2023
272326,RANDOLPH,11/07/2023,voter,AS,DEM,O,UN,M,Age 26 - 40,2,11/27/2023
272378,RANDOLPH,11/07/2023,voter,RM,REP,W,NL,U,Age Over 66,2,11/27/2023
272438,RANDOLPH,11/07/2023,voter,TT,LIB,W,UN,F,Age 41 - 65,3,11/27/2023
272439,RANDOLPH,11/07/2023,voter,UG,REP,U,UN,U,Age 41 - 65,22,11/27/2023
272471,RANDOLPH,11/07/2023,voter,SW,REP,W,UN,M,Age 41 - 65,21,11/27/2023
272528,RANDOLPH,11/07/2023,voter,,UNA,W,NL,F,Age 18 - 25,19,11/27/2023
272624,RANDOLPH,11/07/2023,voter,AN,UNA,B,UN,M,Age 41 - 65,8,11/27/2023
272694,RANDOLPH,11/07/2023,voter,DR,REP,W,NL,M,Age Over 66,89,11/27/2023
272813,RANDOLPH,11/07/2023,voter,LB,UNA,B,UN,M,Age 18 - 25,6,11/27/2023
272841,RANDOLPH,11/07/2023,voter,UG,REP,W,NL,M,Age 18 - 25,24,11/27/2023
272956,RANDOLPH,11/07/2023,voter,UG,UNA,W,UN,F,Age 41 - 65,40,11/27/2023
273040,RANDOLPH,11/07/2023,voter,LB,DEM,U,UN,M,Age Over 66,2,11/27/2023
273141,RANDOLPH,11/07/2023,voter,DR,REP,W,NL,F,Age 18 - 25,14,11/27/2023
273174,RANDOLPH,11/07/2023,voter,AW,UNA,I,NL,M,Age Over 66,1,11/27/2023
273267,RANDOLPH,11/07/2023,voter,RN,DEM,W,NL,F,Age 41 - 65,55,11/27/2023
273311,RANDOLPH,11/07/2023,voter,AR,DEM,O,HL,M,Age 41 - 65,4,11/27/2023
273358,RANDOLPH,11/07/2023,voter,AR,UNA,B,NL,M,Age 26 - 40,4,11/27/2023
273372,RANDOLPH,11/07/2023,voter,AE,DEM,B,UN,M,Age Over 66,16,11/27/2023
273405,RANDOLPH,11/07/2023,voter,SE,UNA,B,NL,F,Age 41 - 65,1,11/27/2023
273510,RANDOLPH,11/07/2023,voter,UG,UNA,O,HL,F,Age 26 - 40,3,11/27/2023
273512,RANDOLPH,11/07/2023,voter,TR,DEM,U,UN,U,Age 18 - 25,5,11/27/2023
273540,RANDOLPH,11/07/2023,voter,DR,DEM,W,NL,F,Age 18 - 25,5,11/27/2023
273594,RANDOLPH,11/07/2023,voter,DR,LIB,O,HL,F,Age 18 - 25,1,11/27/2023
273596,RANDOLPH,11/07/2023,voter,AW,UNA,U,HL,F,Age 41 - 65,2,11/27/2023
273682,RANDOLPH,11/07/2023,voter,AN,UNA,B,UN,M,Age 26 - 40,11,11/27/2023
273687,RANDOLPH,11/07/2023,voter,AN,DEM,M,HL,F,Age Over 66,1,11/27/2023
273758,RANDOLPH,11/07/2023,voter,,DEM,U,UN,U,Age 41 - 65,3,11/27/2023
273811,RANDOLPH,11/07/2023,voter,BC,UNA,O,NL,M,Age Over 66,1,11/27/2023
274025,RANDOLPH,11/07/2023,voter,BC,UNA,B,UN,M,Age 41 - 65,1,11/27/2023
274041,RANDOLPH,11/07/2023,voter,RN,REP,U,UN,F,Age Over 66,2,11/27/2023
274174,RANDOLPH,11/07/2023,voter,AW,DEM,W,NL,F,Age 18 - 25,5,11/27/2023
274204,RANDOLPH,11/07/2023,voter,UG,UNA,U,UN,U,Age Over 66,2,11/27/2023
274399,RANDOLPH,11/07/2023,voter,LB,UNA,W,HL,M,Age 26 - 40,1,11/27/2023
274505,RANDOLPH,11/07/2023,voter,AW,REP,W,UN,M,Age 18 - 25,19,11/27/2023
274673,RANDOLPH,11/07/2023,voter,GR,REP,M,NL,M,Age 18 - 25,1,11/27/2023
274743,RANDOLPH,11/07/2023,voter,AR,DEM,O,NL,F,Age 26 - 40,1,11/27/2023
274767,RANDOLPH,11/07/2023,voter,AR,UNA,U,UN,F,Age 41 - 65,4,11/27/2023
274832,RANDOLPH,11/07/2023,voter,AR,DEM,B,NL,F,Age 18 - 25,5,11/27/2023
274901,RANDOLPH,11/07/2023,voter,DR,DEM,W,UN,F,Age Over 66,10,11/27/2023
274905,RANDOLPH,11/07/2023,voter,SO,UNA,O,HL,F,Age 18 - 25,5,11/27/2023
274945,RANDOLPH,11/07/2023,voter,AW,LIB,W,NL,M,Age 41 - 65,1,11/27/2023
274986,RANDOLPH,11/07/2023,voter,UG,LIB,W,UN,M,Age 26 - 40,1,11/27/2023
275076,RANDOLPH,11/07/2023,voter,AE,UNA,W,HL,F,Age 18 - 25,1,11/27/2023
275100,RANDOLPH,11/07/2023,voter,SO,DEM,O,HL,F,Age 26 - 40,3,11/27/2023
275177,RANDOLPH,11/07/2023,voter,BC,UNA,W,UN,U,Age 18 - 25,2,11/27/2023
275300,RANDOLPH,11/07/2023,voter,LB,UNA,W,NL,U,Age 26 - 40,5,11/27/2023
275429,RANDOLPH,11/07/2023,voter,AS,UNA,W,UN,F,Age 41 - 65,38,11/27/2023
275478,RANDOLPH,11/07/2023,voter,TB,DEM,W,UN,M,Age 41 - 65,8,11/27/2023
275558,RANDOLPH,11/07/2023,voter,AS,REP,O,NL,M,Age 18 - 25,1,11/27/2023
275593,RANDOLPH,11/07/2023,voter,RN,UNA,A,NL,U,Age 18 - 25,1,11/27/2023
275708,RANDOLPH,11/07/2023,voter,DR,UNA,M,UN,F,Age 41 - 65,1,11/27/2023
275734,RANDOLPH,11/07/2023,voter,SE,UNA,O,UN,M,Age 18 - 25,1,11/27/2023
275864,RANDOLPH,11/07/2023,voter,SE,REP,W,UN,F,Age 41 - 65,55,11/27/2023
275900,RANDOLPH,11/07/2023,voter,UG,DEM,W,UN,M,Age Over 66,4,11/27/2023
275962,RANDOLPH,11/07/2023,voter,SO,REP,W,NL,F,Age 18 - 25,18,11/27/2023
276068,RANDOLPH,11/07/2023,voter,DR,DEM,O,NL,F,Age 41 - 65,2,11/27/2023
276222,RANDOLPH,11/07/2023,voter,AR,UNA,W,UN,M,Age 26 - 40,9,11/27/2023
276225,RANDOLPH,11/07/2023,voter,AE,DEM,U,NL,U,Age 41 - 65,1,11/27/2023
276280,RANDOLPH,11/07/2023,voter,TT,DEM,W,HL,F,Age 26 - 40,1,11/27/2023
276307,RANDOLPH,11/07/2023,voter,UG,UNA,U,HL,M,Age 26 - 40,4,11/27/2023
276348,RANDOLPH,11/07/2023,voter,ST,REP,W,NL,U,Age 26 - 40,6,11/27/2023
276382,RANDOLPH,11/07/2023,voter,AW,UNA,U,UN,U,Age Over 66,4,11/27/2023
276407,RANDOLPH,11/07/2023,voter,AE,REP,B,UN,F,Age 18 - 25,1,11/27/2023
276441,RANDOLPH,11/07/2023,voter,SO,UNA,I,HL,F,Age 26 - 40,1,11/27/2023
276612,RANDOLPH,11/07/2023,voter,NM,UNA,W,NL,M,Age 41 - 65,70,11/27/2023
276804,RANDOLPH,11/07/2023,voter,TT,UNA,B,NL,M,Age 41 - 65,6,11/27/2023
276890,RANDOLPH,11/07/2023,voter,AS,REP,U,UN,U,Age 26 - 40,6,11/27/2023
276921,RANDOLPH,11/07/2023,voter,ST,UNA,W,HL,M,Age 26 - 40,1,11/27/2023
276937,RANDOLPH,11/07/2023,voter,LB,LIB,A,UN,M,Age 26 - 40,1,11/27/2023
276940,RANDOLPH,11/07/2023,voter,AE,DEM,O,NL,F,Age 26 - 40,2,11/27/2023
276944,RANDOLPH,11/07/2023,voter,AE,DEM,W,UN,F,Age 18 - 25,2,11/27/2023
276963,RANDOLPH,11/07/2023,voter,ST,DEM,B,UN,U,Age Over 66,1,11/27/2023
277055,RANDOLPH,11/07/2023,voter,TR,REP,U,HL,M,Age 26 - 40,1,11/27/2023
277074,RANDOLPH,11/07/2023,voter,NM,UNA,U,HL,F,Age 18 - 25,1,11/27/2023
277090,RANDOLPH,11/07/2023,voter,ST,REP,O,HL,M,Age 18 - 25,1,11/27/2023
277184,RANDOLPH,11/07/2023,voter,LC,UNA,A,NL,F,Age 41 - 65,1,11/27/2023
277227,RANDOLPH,11/07/2023,voter,DR,UNA,B,NL,F,Age 26 - 40,2,11/27/2023
277536,RANDOLPH,11/07/2023,voter,AW,LIB,O,HL,M,Age 26 - 40,1,11/27/2023
277557,RANDOLPH,11/07/2023,voter,AW,UNA,U,UN,F,Age 26 - 40,3,11/27/2023
277599,RANDOLPH,11/07/2023,voter,SW,DEM,W,UN,F,Age 26 - 40,1,11/27/2023
277602,RANDOLPH,11/07/2023,voter,AE,DEM,W,UN,M,Age Over 66,10,11/27/2023
277666,RANDOLPH,11/07/2023,voter,SW,UNA,O,UN,F,Age 41 - 65,1,11/27/2023
277712,RANDOLPH,11/07/2023,voter,LB,UNA,W,NL,M,Age 18 - 25,21,11/27/2023
277814,RANDOLPH,11/07/2023,voter,AW,DEM,B,NL,F,Age 26 - 40,18,11/27/2023
277925,RANDOLPH,11/07/2023,voter,LB,LIB,W,NL,F,Age 41 - 65,1,11/27/2023
278051,RANDOLPH,11/07/2023,voter,,UNA,W,UN,F,Age Over 66,13,11/27/2023
278089,RANDOLPH,11/07/2023,voter,AW,UNA,W,HL,F,Age 41 - 65,2,11/27/2023
278107,RANDOLPH,11/07/2023,voter,AN,UNA,U,UN,U,Age 26 - 40,30,11/27/2023
278235,RANDOLPH,11/07/2023,voter,BC,DEM,O,HL,M,Age 26 - 40,3,11/27/2023
278326,RANDOLPH,11/07/2023,voter,AS,REP,W,UN,U,Age 26 - 40,1,11/27/2023
278495,RANDOLPH,11/07/2023,voter,AW,UNA,O,HL,M,Age 41 - 65,4,11/27/2023
278588,RANDOLPH,11/07/2023,voter,AE,DEM,O,HL,F,Age 18 - 25,11,11/27/2023
278684,RANDOLPH,11/07/2023,voter,TR,DEM,B,NL,M,Age 26 - 40,5,11/27/2023
278708,RANDOLPH,11/07/2023,voter,AW,UNA,O,HL,F,Age 18 - 25,11,11/27/2023
278726,RANDOLPH,11/07/2023,voter,TR,REP,W,NL,F,Age 41 - 65,3,11/27/2023
278742,RANDOLPH,11/07/2023,voter,SE,LIB,W,NL,M,Age 41 - 65,1,11/27/2023
278826,RANDOLPH,11/07/2023,voter,AW,UNA,O,UN,M,Age 26 - 40,1,11/27/2023
278858,RANDOLPH,11/07/2023,voter,UG,REP,W,NL,F,Age 41 - 65,187,11/27/2023
278927,RANDOLPH,11/07/2023,voter,LC,UNA,B,UN,F,Age 41 - 65,4,11/27/2023
278940,RANDOLPH,11/07/2023,voter,AS,DEM,O,HL,F,Age 26 - 40,6,11/27/2023
278978,RANDOLPH,11/07/2023,voter,GR,UNA,U,UN,U,Age 41 - 65,17,11/27/2023
279033,RANDOLPH,11/07/2023,voter,LC,DEM,B,NL,F,Age Over 66,17,11/27/2023
279070,RANDOLPH,11/07/2023,voter,SO,UNA,U,UN,U,Age Over 66,2,11/27/2023
279116,RANDOLPH,11/07/2023,voter,RM,UNA,B,NL,F,Age 41 - 65,5,11/27/2023
279181,RANDOLPH,11/07/2023,voter,AS,REP,B,UN,F,Age 41 - 65,1,11/27/2023
279215,RANDOLPH,11/07/2023,voter,UG,UNA,W,NL,M,Age 26 - 40,32,11/27/2023
279231,RANDOLPH,11/07/2023,voter,AN,UNA,A,NL,F,Age 41 - 65,2,11/27/2023
279393,RANDOLPH,11/07/2023,voter,SO,REP,W,UN,M,Age 26 - 40,15,11/27/2023
279568,RANDOLPH,11/07/2023,voter,DR,UNA,B,NL,M,Age 26 - 40,2,11/27/2023
279620,RANDOLPH,11/07/2023,voter,AS,UNA,U,UN,F,Age 18 - 25,2,11/27/2023
279627,RANDOLPH,11/07/2023,voter,ST,DEM,B,UN,M,Age 18 - 25,3,11/27/2023
279739,RANDOLPH,11/07/2023,voter,AW,DEM,U,UN,U,Age 26 - 40,5,11/27/2023
279744,RANDOLPH,11/07/2023,voter,SO,DEM,O,UN,M,Age 41 - 65,1,11/27/2023
279746,RANDOLPH,11/07/2023,voter,AW,DEM,W,NL,M,Age Over 66,28,11/27/2023
279829,RANDOLPH,11/07/2023,voter,AN,DEM,W,UN,F,Age 26 - 40,5,11/27/2023
279959,RANDOLPH,11/07/2023,voter,AR,UNA,B,NL,F,Age 41 - 65,11,11/27/2023
280094,RANDOLPH,11/07/2023,voter,RM,REP,O,UN,M,Age 26 - 40,1,11/27/2023
280131,RANDOLPH,11/07/2023,voter,AS,DEM,I,NL,M,Age Over 66,1,11/27/2023
280161,RANDOLPH,11/07/2023,voter,RN,UNA,B,UN,M,Age 26 - 40,9,11/27/2023
280197,RANDOLPH,11/07/2023,voter,LB,UNA,U,UN,U,Age 18 - 25,17,11/27/2023
280264,RANDOLPH,11/07/2023,voter,RN,REP,W,UN,F,Age Over 66,56,11/27/2023
280376,RANDOLPH,11/07/2023,voter,BC,UNA,W,NL,F,Age 26 - 40,57,11/27/2023
280420,RANDOLPH,11/07/2023,voter,GR,UNA,W,NL,M,Age 41 - 65,87,11/27/2023
280425,RANDOLPH,11/07/2023,voter,AN,REP,W,NL,F,Age 41 - 65,90,11/27/2023
280489,RANDOLPH,11/07/2023,voter,,DEM,O,HL,M,Age Over 66,1,11/27/2023
280544,RANDOLPH,11/07/2023,voter,TR,REP,W,UN,F,Age 26 - 40,30,11/27/2023
280549,RANDOLPH,11/07/2023,voter,BC,LIB,W,NL,M,Age 18 - 25,1,11/27/2023
280609,RANDOLPH,11/07/2023,voter,DR,REP,W,UN,F,Age Over 66,27,11/27/2023
280627,RANDOLPH,11/07/2023,voter,DR,DEM,B,NL,M,Age 26 - 40,2,11/27/2023
280690,RANDOLPH,11/07/2023,voter,AN,DEM,O,NL,M,Age 26 - 40,1,11/27/2023
280759,RANDOLPH,11/07/2023,voter,TR,DEM,U,UN,F,Age 26 - 40,1,11/27/2023
280778,RANDOLPH,11/07/2023,voter,AW,UNA,B,NL,F,Age 26 - 40,6,11/27/2023
280795,RANDOLPH,11/07/2023,voter,AS,DEM,W,UN,F,Age 26 - 40,10,11/27/2023
280810,RANDOLPH,11/07/2023,voter,RM,DEM,B,NL,M,Age 41 - 65,36,11/27/2023
281220,RANDOLPH,11/07/2023,voter,AR,DEM,B,UN,M,Age 26 - 40,7,11/27/2023
281275,RANDOLPH,11/07/2023,voter,AR,REP,W,UN,M,Age 26 - 40,25,11/27/2023
281369,RANDOLPH,11/07/2023,voter,AR,UNA,A,UN,M,Age 18 - 25,2,11/27/2023
281466,RANDOLPH,11/07/2023,voter,AE,UNA,B,NL,M,Age 41 - 65,19,11/27/2023
281512,RANDOLPH,11/07/2023,voter,BC,REP,O,NL,F,Age 26 - 40,1,11/27/2023
281580,RANDOLPH,11/07/2023,voter,AW,DEM,W,HL,F,Age 26 - 40,1,11/27/2023
281629,RANDOLPH,11/07/2023,voter,AN,UNA,B,NL,F,Age 26 - 40,8,11/27/2023
281801,RANDOLPH,11/07/2023,voter,AE,DEM,U,NL,F,Age 26 - 40,2,11/27/2023
281854,RANDOLPH,11/07/2023,voter,AR,UNA,W,UN,F,Age Over 66,10,11/27/2023
281979,RANDOLPH,11/07/2023,voter,TB,DEM,U,UN,F,Age 26 - 40,1,11/27/2023
282052,RANDOLPH,11/07/2023,voter,LC,DEM,W,NL,F,Age 41 - 65,33,11/27/2023
282109,RANDOLPH,11/07/2023,voter,SE,DEM,U,UN,U,Age 18 - 25,1,11/27/2023
282135,RANDOLPH,11/07/2023,voter,SW,REP,W,NL,F,Age 18 - 25,15,11/27/2023
282203,RANDOLPH,11/07/2023,voter,TR,LIB,W,NL,F,Age 41 - 65,2,11/27/2023
282238,RANDOLPH,11/07/2023,voter,TB,DEM,O,HL,F,Age 18 - 25,4,11/27/2023
282311,RANDOLPH,11/07/2023,voter,UG,UNA,U,UN,U,Age 26 - 40,20,11/27/2023
282359,RANDOLPH,11/07/2023,voter,AR,UNA,W,UN,F,Age 18 - 25,18,11/27/2023
282436,RANDOLPH,11/07/2023,voter,UG,DEM,O,UN,M,Age 18 - 25,2,11/27/2023
282591,RANDOLPH,11/07/2023,voter,DR,DEM,B,HL,F,Age 26 - 40,2,11/27/2023
282663,RANDOLPH,11/07/2023,voter,TT,UNA,U,UN,F,Age 18 - 25,1,11/27/2023
282832,RANDOLPH,11/07/2023,voter,TR,DEM,B,NL,M,Age 18 - 25,1,11/27/2023
282949,RANDOLPH,11/07/2023,voter,NM,REP,W,UN,M,Age 41 - 65,56,11/27/2023
283003,RANDOLPH,11/07/2023,voter,,UNA,U,NL,M,Age 18 - 25,1,11/27/2023
283029,RANDOLPH,11/07/2023,voter,AN,REP,W,UN,U,Age 41 - 65,3,11/27/2023
283095,RANDOLPH,11/07/2023,voter,AE,DEM,U,UN,F,Age 26 - 40,4,11/27/2023
283238,RANDOLPH,11/07/2023,voter,,LIB,W,NL,F,Age 41 - 65,1,11/27/2023
283326,RANDOLPH,11/07/2023,voter,BC,DEM,W,NL,F,Age 26 - 40,10,11/27/2023
283348,RANDOLPH,11/07/2023,voter,NM,DEM,I,UN,F,Age Over 66,1,11/27/2023
283375,RANDOLPH,11/07/2023,voter,TR,DEM,A,NL,F,Age 26 - 40,1,11/27/2023
283408,RANDOLPH,11/07/2023,voter,NM,UNA,W,UN,U,Age 26 - 40,2,11/27/2023
283434,RANDOLPH,11/07/2023,voter,BC,DEM,U,UN,M,Age 18 - 25,1,11/27/2023
283609,RANDOLPH,11/07/2023,voter,NM,UNA,W,NL,M,Age 26 - 40,50,11/27/2023
283637,RANDOLPH,11/07/2023,voter,UG,REP,W,NL,U,Age 18 - 25,2,11/27/2023
283644,RANDOLPH,11/07/2023,voter,GR,DEM,B,NL,U,Age 41 - 65,1,11/27/2023
283668,RANDOLPH,11/07/2023,voter,DR,REP,W,UN,M,Age 26 - 40,39,11/27/2023
283766,RANDOLPH,11/07/2023,voter,,REP,U,UN,U,Age 18 - 25,11,11/27/2023
283809,RANDOLPH,11/07/2023,voter,AW,UNA,O,UN,F,Age 18 - 25,5,11/27/2023
284044,RANDOLPH,11/07/2023,voter,UG,REP,W,NL,F,Age Over 66,182,11/27/2023
284119,RANDOLPH,11/07/2023,voter,RN,UNA,W,NL,M,Age 18 - 25,10,11/27/2023
284122,RANDOLPH,11/07/2023,voter,AR,REP,B,NL,F,Age 26 - 40,3,11/27/2023
284160,RANDOLPH,11/07/2023,voter,UG,DEM,W,NL,M,Age Over 66,34,11/27/2023
284248,RANDOLPH,11/07/2023,voter,TR,REP,A,NL,F,Age 26 - 40,1,11/27/2023
284256,RANDOLPH,11/07/2023,voter,TR,REP,U,HL,F,Age 18 - 25,1,11/27/2023
284323,RANDOLPH,11/07/2023,voter,ST,REP,I,NL,F,Age Over 66,1,11/27/2023
284384,RANDOLPH,11/07/2023,voter,RN,UNA,O,HL,M,Age 41 - 65,7,11/27/2023
284474,RANDOLPH,11/07/2023,voter,SE,UNA,W,UN,F,Age Over 66,3,11/27/2023
284640,RANDOLPH,11/07/2023,voter,AN,UNA,W,NL,F,Age Over 66,33,11/27/2023
284705,RANDOLPH,11/07/2023,voter,SW,DEM,O,UN,F,Age 18 - 25,1,11/27/2023
284723,RANDOLPH,11/07/2023,voter,UG,UNA,U,UN,U,Age 41 - 65,10,11/27/2023
284766,RANDOLPH,11/07/2023,voter,AN,UNA,M,HL,F,Age 41 - 65,1,11/27/2023
284919,RANDOLPH,11/07/2023,voter,TB,DEM,W,NL,M,Age 26 - 40,1,11/27/2023
284925,RANDOLPH,11/07/2023,voter,AE,REP,W,UN,F,Age 18 - 25,13,11/27/2023
284973,RANDOLPH,11/07/2023,voter,AS,REP,U,NL,M,Age Over 66,2,11/27/2023
285009,RANDOLPH,11/07/2023,voter,SO,REP,W,NL,M,Age Over 66,139,11/27/2023
285035,RANDOLPH,11/07/2023,voter,DR,LIB,B,UN,F,Age 41 - 65,1,11/27/2023
285054,RANDOLPH,11/07/2023,voter,AE,DEM,O,HL,F,Age Over 66,3,11/27/2023
285066,RANDOLPH,11/07/2023,voter,TR,DEM,B,NL,M,Age 41 - 65,11,11/27/2023
285132,RANDOLPH,11/07/2023,voter,RN,REP,O,NL,M,Age 18 - 25,1,11/27/2023
285136,RANDOLPH,11/07/2023,voter,AW,DEM,W,UN,F,Age 26 - 40,16,11/27/2023
285231,RANDOLPH,11/07/2023,voter,DR,REP,U,UN,M,Age 41 - 65,2,11/27/2023
285350,RANDOLPH,11/07/2023,voter,SE,REP,U,UN,U,Age 26 - 40,6,11/27/2023
285530,RANDOLPH,11/07/2023,voter,NM,REP,W,NL,M,Age 18 - 25,30,11/27/2023
285545,RANDOLPH,11/07/2023,voter,DR,REP,O,HL,M,Age 18 - 25,1,11/27/2023
285748,RANDOLPH,11/07/2023,voter,AW,UNA,W,UN,F,Age 26 - 40,20,11/27/2023
285838,RANDOLPH,11/07/2023,voter,AN,REP,U,NL,F,Age 18 - 25,1,11/27/2023
285844,RANDOLPH,11/07/2023,voter,AS,DEM,O,UN,F,Age 18 - 25,2,11/27/2023
285929,RANDOLPH,11/07/2023,voter,UG,DEM,O,HL,M,Age 26 - 40,1,11/27/2023
285993,RANDOLPH,11/07/2023,voter,LB,REP,U,UN,U,Age 41 - 65,29,11/27/2023
285999,RANDOLPH,11/07/2023,voter,ST,DEM,W,HL,M,Age Over 66,1,11/27/2023
286018,RANDOLPH,11/07/2023,voter,RN,REP,U,NL,F,Age 41 - 65,1,11/27/2023
286123,RANDOLPH,11/07/2023,voter,GR,UNA,U,UN,F,Age 41 - 65,4,11/27/2023
286155,RANDOLPH,11/07/2023,voter,ST,UNA,B,NL,M,Age 26 - 40,3,11/27/2023
286169,RANDOLPH,11/07/2023,voter,AW,DEM,B,UN,M,Age Over 66,6,11/27/2023
286341,RANDOLPH,11/07/2023,voter,AE,DEM,B,HL,F,Age Over 66,1,11/27/2023
286351,RANDOLPH,11/07/2023,voter,AS,REP,W,UN,M,Age 18 - 25,31,11/27/2023
286434,RANDOLPH,11/07/2023,voter,AW,UNA,B,UN,F,Age 18 - 25,5,11/27/2023
286443,RANDOLPH,11/07/2023,voter,NM,UNA,U,UN,U,Age 41 - 65,10,11/27/2023
286467,RANDOLPH,11/07/2023,voter,ST,REP,W,UN,U,Age 18 - 25,1,11/27/2023
286505,RANDOLPH,11/07/2023,voter,TR,REP,W,NL,M,Age 41 - 65,204,11/27/2023
286591,RANDOLPH,11/07/2023,voter,SW,REP,W,UN,F,Age Over 66,25,11/27/2023
286593,RANDOLPH,11/07/2023,voter,TT,UNA,M,UN,M,Age 26 - 40,1,11/27/2023
286664,RANDOLPH,11/07/2023,voter,TR,LIB,W,NL,F,Age Over 66,1,11/27/2023
286682,RANDOLPH,11/07/2023,voter,SE,UNA,W,UN,U,Age 41 - 65,1,11/27/2023
286719,RANDOLPH,11/07/2023,voter,,DEM,W,NL,F,Age 41 - 65,25,11/27/2023
286733,RANDOLPH,11/07/2023,voter,AW,DEM,O,HL,F,Age 41 - 65,3,11/27/2023
286825,RANDOLPH,11/07/2023,voter,TR,REP,W,UN,U,Age Over 66,3,11/27/2023
286828,RANDOLPH,11/07/2023,voter,TR,REP,U,UN,U,Age 18 - 25,12,11/27/2023
286911,RANDOLPH,11/07/2023,voter,TB,DEM,U,UN,U,Age 26 - 40,3,11/27/2023
286974,RANDOLPH,11/07/2023,voter,NM,REP,W,UN,F,Age 18 - 25,14,11/27/2023
287056,RANDOLPH,11/07/2023,voter,AS,UNA,O,UN,M,Age 41 - 65,1,11/27/2023
287140,RANDOLPH,11/07/2023,voter,AW,DEM,U,UN,M,Age 18 - 25,12,11/27/2023
287246,RANDOLPH,11/07/2023,voter,LC,REP,W,UN,F,Age 26 - 40,33,11/27/2023
287278,RANDOLPH,11/07/2023,voter,AE,REP,B,NL,F,Age Over 66,4,11/27/2023
287319,RANDOLPH,11/07/2023,voter,AE,REP,U,HL,F,Age 18 - 25,2,11/27/2023
287324,RANDOLPH,11/07/2023,voter,TT,UNA,W,UN,M,Age Over 66,19,11/27/2023
287364,RANDOLPH,11/07/2023,voter,TR,REP,B,NL,F,Age 18 - 25,2,11/27/2023
287495,RANDOLPH,11/07/2023,voter,AW,UNA,O,HL,M,Age 18 - 25,3,11/27/2023
287504,RANDOLPH,11/07/2023,voter,SE,UNA,W,NL,M,Age 41 - 65,9,11/27/2023
287510,RANDOLPH,11/07/2023,voter,AR,REP,O,UN,M,Age 18 - 25,1,11/27/2023
287560,RANDOLPH,11/07/2023,voter,BC,DEM,B,NL,F,Age 41 - 65,3,11/27/2023
287561,RANDOLPH,11/07/2023,voter,GR,REP,U,HL,F,Age 18 - 25,2,11/27/2023
287596,RANDOLPH,11/07/2023,voter,DR,DEM,U,UN,U,Age 18 - 25,2,11/27/2023
287759,RANDOLPH,11/07/2023,voter,GR,REP,B,NL,M,Age 41 - 65,1,11/27/2023
287842,RANDOLPH,11/07/2023,voter,TR,DEM,W,UN,M,Age 18 - 25,1,11/27/2023
287849,RANDOLPH,11/07/2023,voter,AS,UNA,W,NL,F,Age 26 - 40,34,11/27/2023
287994,RANDOLPH,11/07/2023,voter,BC,UNA,O,HL,F,Age Over 66,1,11/27/2023
288033,RANDOLPH,11/07/2023,voter,ST,REP,W,NL,M,Age 18 - 25,28,11/27/2023
288167,RANDOLPH,11/07/2023,voter,BC,DEM,W,UN,F,Age 41 - 65,10,11/27/2023
288267,RANDOLPH,11/07/2023,voter,DR,REP,W,HL,F,Age Over 66,1,11/27/2023
288273,RANDOLPH,11/07/2023,voter,DR,UNA,W,HL,M,Age 26 - 40,1,11/27/2023
288354,RANDOLPH,11/07/2023,voter,NM,UNA,W,HL,F,Age 18 - 25,1,11/27/2023
288373,RANDOLPH,11/07/2023,voter,AR,DEM,O,NL,M,Age Over 66,1,11/27/2023
288640,RANDOLPH,11/07/2023,voter,,DEM,B,UN,M,Age 41 - 65,6,11/27/2023
288661,RANDOLPH,11/07/2023,voter,,UNA,W,UN,M,Age Over 66,22,11/27/2023
288667,RANDOLPH,11/07/2023,voter,GR,REP,U,UN,U,Age 41 - 65,30,11/27/2023
288753,RANDOLPH,11/07/2023,voter,SE,UNA,W,NL,F,Age 26 - 40,5,11/27/2023
288799,RANDOLPH,11/07/2023,voter,AE,REP,W,NL,M,Age Over 66,57,11/27/2023
288928,RANDOLPH,11/07/2023,voter,RM,REP,U,UN,M,Age 41 - 65,1,11/27/2023
288976,RANDOLPH,11/07/2023,voter,SW,UNA,A,NL,F,Age 18 - 25,1,11/27/2023
289069,RANDOLPH,11/07/2023,voter,TR,DEM,B,NL,U,Age 41 - 65,1,11/27/2023
289080,RANDOLPH,11/07/2023,voter,,DEM,W,UN,M,Age Over 66,7,11/27/2023
289186,RANDOLPH,11/07/2023,voter,UG,REP,U,HL,M,Age 26 - 40,1,11/27/2023
289289,RANDOLPH,11/07/2023,voter,SW,REP,A,NL,F,Age 18 - 25,1,11/27/2023
289301,RANDOLPH,11/07/2023,voter,AR,UNA,W,UN,F,Age 26 - 40,8,11/27/2023
289417,RANDOLPH,11/07/2023,voter,LB,DEM,O,HL,F,Age 26 - 40,8,11/27/2023
289461,RANDOLPH,11/07/2023,voter,AN,UNA,W,NL,U,Age 18 - 25,1,11/27/2023
289543,RANDOLPH,11/07/2023,voter,AS,DEM,W,UN,M,Age 18 - 25,4,11/27/2023
289567,RANDOLPH,11/07/2023,voter,LC,REP,W,NL,M,Age 26 - 40,64,11/27/2023
289644,RANDOLPH,11/07/2023,voter,AW,DEM,W,NL,M,Age Over 66,30,11/27/2023
289699,RANDOLPH,11/07/2023,voter,BC,UNA,B,UN,F,Age 26 - 40,3,11/27/2023
289704,RANDOLPH,11/07/2023,voter,AW,DEM,B,NL,M,Age 18 - 25,2,11/27/2023
289734,RANDOLPH,11/07/2023,voter,RN,UNA,U,UN,U,Age 41 - 65,26,11/27/2023
289971,RANDOLPH,11/07/2023,voter,UG,DEM,W,NL,F,Age 18 - 25,1,11/27/2023
289974,RANDOLPH,11/07/2023,voter,AW,LIB,W,NL,F,Age Over 66,1,11/27/2023
290131,RANDOLPH,11/07/2023,voter,TB,UNA,B,UN,F,Age 26 - 40,2,11/27/2023
290182,RANDOLPH,11/07/2023,voter,AR,REP,U,UN,U,Age Over 66,8,11/27/2023
290454,RANDOLPH,11/07/2023,voter,NM,UNA,B,NL,F,Age 26 - 40,1,11/27/2023
290463,RANDOLPH,11/07/2023,voter,AW,UNA,O,UN,M,Age 26 - 40,3,11/27/2023
290704,RANDOLPH,11/07/2023,voter,BC,UNA,U,UN,U,Age 41 - 65,18,11/27/2023
290737,RANDOLPH,11/07/2023,voter,AN,DEM,W,NL,M,Age Over 66,15,11/27/2023
290907,RANDOLPH,11/07/2023,voter,SO,REP,B,UN,M,Age 41 - 65,1,11/27/2023
291047,RANDOLPH,11/07/2023,voter,AW,DEM,W,HL,F,Age 26 - 40,1,11/27/2023
291202,RANDOLPH,11/07/2023,voter,DR,REP,I,UN,M,Age 41 - 65,1,11/27/2023
291290,RANDOLPH,11/07/2023,voter,,LIB,W,UN,F,Age 26 - 40,1,11/27/2023
291329,RANDOLPH,11/07/2023,voter,AE,REP,U,HL,M,Age 26 - 40,1,11/27/2023
291435,RANDOLPH,11/07/2023,voter,NM,DEM,O,HL,M,Age 41 - 65,1,11/27/2023
291442,RANDOLPH,11/07/2023,voter,GR,DEM,O,NL,M,Age 41 - 65,1,11/27/2023
291530,RANDOLPH,11/07/2023,voter,,UNA,U,UN,F,Age 26 - 40,1,11/27/2023
291680,RANDOLPH,11/07/2023,voter,TR,UNA,A,UN,F,Age 41 - 65,3,11/27/2023
291775,RANDOLPH,11/07/2023,voter,AW,REP,U,UN,U,Age 18 - 25,1,11/27/2023
291776,RANDOLPH,11/07/2023,voter,SW,UNA,W,UN,U,Age 18 - 25,1,11/27/2023
291796,RANDOLPH,11/07/2023,voter,AN,UNA,B,UN,F,Age 18 - 25,5,11/27/2023
292067,RANDOLPH,11/07/2023,voter,AW,DEM,U,HL,M,Age 18 - 25,4,11/27/2023
292244,RANDOLPH,11/07/2023,voter,SW,UNA,W,NL,F,Age 41 - 65,77,11/27/2023
292255,RANDOLPH,11/07/2023,voter,LC,DEM,W,NL,M,Age 18 - 25,2,11/27/2023
292307,RANDOLPH,11/07/2023,voter,AN,DEM,O,HL,M,Age 41 - 65,3,11/27/2023
292318,RANDOLPH,11/07/2023,voter,AW,REP,W,NL,F,Age Over 66,85,11/27/2023
292354,RANDOLPH,11/07/2023,voter,RN,REP,A,UN,M,Age 26 - 40,1,11/27/2023
292486,RANDOLPH,11/07/2023,voter,DR,REP,U,UN,M,Age Over 66,4,11/27/2023
292513,RANDOLPH,11/07/2023,voter,AE,UNA,A,UN,M,Age 41 - 65,1,11/27/2023
292516,RANDOLPH,11/07/2023,voter,AE,DEM,O,HL,F,Age 26 - 40,3,11/27/2023
292554,RANDOLPH,11/07/2023,voter,RN,UNA,U,NL,M,Age 26 - 40,1,11/27/2023
292755,RANDOLPH,11/07/2023,voter,NM,UNA,B,NL,F,Age 41 - 65,1,11/27/2023
292800,RANDOLPH,11/07/2023,voter,RN,REP,W,HL,M,Age 18 - 25,1,11/27/2023
292815,RANDOLPH,11/07/2023,voter,AS,REP,U,UN,F,Age 18 - 25,2,11/27/2023
292829,RANDOLPH,11/07/2023,voter,AR,UNA,A,NL,F,Age Over 66,4,11/27/2023
293207,RANDOLPH,11/07/2023,voter,SO,REP,B,NL,M,Age 26 - 40,1,11/27/2023
293312,RANDOLPH,11/07/2023,voter,LB,DEM,O,NL,F,Age 18 - 25,2,11/27/2023
293319,RANDOLPH,11/07/2023,voter,AE,DEM,I,UN,U,Age 41 - 65,1,11/27/2023
293322,RANDOLPH,11/07/2023,voter,NM,UNA,A,NL,F,Age 26 - 40,1,11/27/2023
293347,RANDOLPH,11/07/2023,voter,TR,DEM,W,HL,F,Age 41 - 65,1,11/27/2023
293389,RANDOLPH,11/07/2023,voter,UG,REP,A,NL,F,Age 41 - 65,1,11/27/2023
293604,RANDOLPH,11/07/2023,voter,LB,REP,W,UN,F,Age 41 - 65,46,11/27/2023
293605,RANDOLPH,11/07/2023,voter,SO,UNA,W,UN,F,Age 26 - 40,6,11/27/2023
293722,RANDOLPH,11/07/2023,voter,LB,REP,U,UN,F,Age 41 - 65,1,11/27/2023
293799,RANDOLPH,11/07/2023,voter,TT,LIB,W,NL,M,Age 18 - 25,2,11/27/2023
293828,RANDOLPH,11/07/2023,voter,AS,UNA,W,UN,F,Age 18 - 25,14,11/27/2023
293848,RANDOLPH,11/07/2023,voter,AR,DEM,B,UN,F,Age 41 - 65,5,11/27/2023
293908,RANDOLPH,11/07/2023,voter,,UNA,B,UN,M,Age 26 - 40,1,11/27/2023
293934,RANDOLPH,11/07/2023,voter,DR,UNA,B,UN,F,Age Over 66,1,11/27/2023
293972,RANDOLPH,11/07/2023,voter,ST,DEM,B,UN,M,Age Over 66,4,11/27/2023
293995,RANDOLPH,11/07/2023,voter,AE,REP,I,UN,F,Age 41 - 65,1,11/27/2023
294035,RANDOLPH,11/07/2023,voter,ST,DEM,B,NL,F,Age 18 - 25,2,11/27/2023
294114,RANDOLPH,11/07/2023,voter,TR,REP,A,NL,M,Age 18 - 25,2,11/27/2023
294195,RANDOLPH,11/07/2023,voter,AR,REP,O,NL,M,Age 41 - 65,2,11/27/2023
294215,RANDOLPH,11/07/2023,voter,AR,LIB,W,NL,F,Age Over 66,1,11/27/2023
294256,RANDOLPH,11/07/2023,voter,RM,DEM,W,NL,M,Age 41 - 65,27,11/27/2023
294295,RANDOLPH,11/07/2023,voter,AW,DEM,B,NL,F,Age 18 - 25,4,11/27/2023
294322,RANDOLPH,11/07/2023,voter,,DEM,B,NL,M,Age 26 - 40,2,11/27/2023
294342,RANDOLPH,11/07/2023,voter,TB,REP,O,HL,M,Age 18 - 25,1,11/27/2023
294386,RANDOLPH,11/07/2023,voter,RM,DEM,B,UN,U,Age 18 - 25,1,11/27/2023
294462,RANDOLPH,11/07/2023,voter,TB,UNA,W,NL,M,Age 41 - 65,118,11/27/2023
294517,RANDOLPH,11/07/2023,voter,RN,UNA,B,HL,F,Age 18 - 25,1,11/27/2023
294657,RANDOLPH,11/07/2023,voter,UG,DEM,W,NL,F,Age 41 - 65,24,11/27/2023
294658,RANDOLPH,11/07/2023,voter,AN,DEM,O,UN,M,Age Over 66,1,11/27/2023
294764,RANDOLPH,11/07/2023,voter,DR,UNA,I,HL,F,Age 18 - 25,1,11/27/2023
294784,RANDOLPH,11/07/2023,voter,AR,DEM,B,NL,F,Age 26 - 40,11,11/27/2023
294798,RANDOLPH,11/07/2023,voter,NM,REP,B,NL,F,Age Over 66,1,11/27/2023
294820,RANDOLPH,11/07/2023,voter,TR,REP,W,UN,M,Age 18 - 25,16,11/27/2023
294967,RANDOLPH,11/07/2023,voter,AN,DEM,B,NL,U,Age 41 - 65,1,11/27/2023
295048,RANDOLPH,11/07/2023,voter,AS,DEM,B,NL,M,Age 26 - 40,3,11/27/2023
295057,RANDOLPH,11/07/2023,voter,TR,DEM,O,HL,U,Age 26 - 40,1,11/27/2023
295154,RANDOLPH,11/07/2023,voter,BC,UNA,U,UN,M,Age 41 - 65,2,11/27/2023
295162,RANDOLPH,11/07/2023,voter,AR,REP,B,UN,M,Age 41 - 65,1,11/27/2023
295191,RANDOLPH,11/07/2023,voter,,REP,I,NL,F,Age Over 66,2,11/27/2023
295323,RANDOLPH,11/07/2023,voter,AN,DEM,W,HL,M,Age 26 - 40,1,11/27/2023
295359,RANDOLPH,11/07/2023,voter,AN,REP,U,UN,F,Age Over 66,1,11/27/2023
295431,RANDOLPH,11/07/2023,voter,,UNA,U,UN,U,Age Over 66,1,11/27/2023
295457,RANDOLPH,11/07/2023,voter,AW,UNA,U,UN,F,Age 41 - 65,5,11/27/2023
295564,RANDOLPH,11/07/2023,voter,SO,UNA,W,NL,F,Age 26 - 40,21,11/27/2023
295840,RANDOLPH,11/07/2023,voter,RM,DEM,B,NL,F,Age 26 - 40,15,11/27/2023
295873,RANDOLPH,11/07/2023,voter,GR,DEM,U,HL,F,Age 18 - 25,6,11/27/2023
295915,RANDOLPH,11/07/2023,voter,AN,DEM,U,HL,U,Age 18 - 25,3,11/27/2023
295991,RANDOLPH,11/07/2023,voter,AN,LIB,W,NL,F,Age 26 - 40,1,11/27/2023
295998,RANDOLPH,11/07/2023,voter,AW,UNA,B,UN,F,Age 18 - 25,5,11/27/2023
296095,RANDOLPH,11/07/2023,voter,GR,UNA,U,UN,M,Age 26 - 40,4,11/27/2023
296155,RANDOLPH,11/07/2023,voter,AW,DEM,B,NL,F,Age Over 66,7,11/27/2023
296412,RANDOLPH,11/07/2023,voter,AR,UNA,B,NL,F,Age 18 - 25,2,11/27/2023
296509,RANDOLPH,11/07/2023,voter,AS,DEM,O,HL,M,Age 26 - 40,7,11/27/2023
296511,RANDOLPH,11/07/2023,voter,AE,DEM,O,HL,F,Age Over 66,1,11/27/2023
296546,RANDOLPH,11/07/2023,voter,LB,UNA,O,NL,F,Age 41 - 65,2,11/27/2023
296607,RANDOLPH,11/07/2023,voter,BC,REP,O,UN,F,Age 18 - 25,1,11/27/2023
296625,RANDOLPH,11/07/2023,voter,AR,UNA,W,NL,M,Age Over 66,40,11/27/2023
296748,RANDOLPH,11/07/2023,voter,DR,DEM,B,UN,F,Age Over 66,2,11/27/2023
296937,RANDOLPH,11/07/2023,voter,DR,UNA,B,UN,M,Age 18 - 25,6,11/27/2023
296968,RANDOLPH,11/07/2023,voter,NM,UNA,O,HL,U,Age 18 - 25,1,11/27/2023
297056,RANDOLPH,11/07/2023,voter,RN,DEM,O,UN,M,Age 18 - 25,2,11/27/2023
297095,RANDOLPH,11/07/2023,voter,LB,UNA,B,NL,F,Age 41 - 65,9,11/27/2023
297155,RANDOLPH,11/07/2023,voter,AN,UNA,U,NL,F,Age 41 - 65,4,11/27/2023
297176,RANDOLPH,11/07/2023,voter,GR,UNA,W,NL,U,Age 41 - 65,3,11/27/2023
297489,RANDOLPH,11/07/2023,voter,AS,UNA,U,HL,M,Age 18 - 25,3,11/27/2023
297545,RANDOLPH,11/07/2023,voter,TR,UNA,B,UN,U,Age 26 - 40,1,11/27/2023
297560,RANDOLPH,11/07/2023,voter,RN,REP,W,UN,F,Age 26 - 40,26,11/27/2023
297998,RANDOLPH,11/07/2023,voter,LB,UNA,U,UN,U,Age Over 66,5,11/27/2023
298071,RANDOLPH,11/07/2023,voter,UG,UNA,O,UN,M,Age 18 - 25,4,11/27/2023
298265,RANDOLPH,11/07/2023,voter,RM,UNA,B,UN,M,Age 26 - 40,5,11/27/2023
298272,RANDOLPH,11/07/2023,voter,TR,DEM,O,HL,F,Age 26 - 40,1,11/27/2023
298362,RANDOLPH,11/07/2023,voter,NM,REP,U,UN,M,Age 26 - 40,1,11/27/2023
298363,RANDOLPH,11/07/2023,voter,AE,DEM,U,HL,F,Age 26 - 40,2,11/27/2023
298506,RANDOLPH,11/07/2023,voter,AE,DEM,O,UN,F,Age Over 66,1,11/27/2023
298602,RANDOLPH,11/07/2023,voter,AR,UNA,W,UN,F,Age 26 - 40,21,11/27/2023
298933,RANDOLPH,11/07/2023,voter,RN,UNA,U,HL,F,Age 26 - 40,1,11/27/2023
299229,RANDOLPH,11/07/2023,voter,AR,UNA,O,NL,F,Age 26 - 40,5,11/27/2023
299310,RANDOLPH,11/07/2023,voter,SO,UNA,U,HL,F,Age 41 - 65,1,11/27/2023
299336,RANDOLPH,11/07/2023,voter,AE,DEM,U,UN,U,Age 41 - 65,8,11/27/2023
299371,RANDOLPH,11/07/2023,voter,UG,UNA,W,UN,M,Age 26 - 40,27,11/27/2023
299411,RANDOLPH,11/07/2023,voter,DR,REP,U,HL,M,Age 41 - 65,3,11/27/2023
299419,RANDOLPH,11/07/2023,voter,AR,DEM,A,NL,M,Age 18 - 25,2,11/27/2023
299513,RANDOLPH,11/07/2023,voter,AR,DEM,W,NL,M,Age 41 - 65,24,11/27/2023
299525,RANDOLPH,11/07/2023,voter,AS,REP,W,NL,U,Age 26 - 40,2,11/27/2023
299584,RANDOLPH,11/07/2023,voter,LC,UNA,I,UN,F,Age 26 - 40,1,11/27/2023
299856,RANDOLPH,11/07/2023,voter,AR,DEM,O,UN,F,Age 26 - 40,1,11/27/2023
299870,RANDOLPH,11/07/2023,voter,AS,DEM,W,UN,M,Age Over 66,2,11/27/2023
299940,RANDOLPH,11/07/2023,voter,,REP,W,NL,U,Age 41 - 65,11,11/27/2023
299943,RANDOLPH,11/07/2023,voter,AW,REP,U,NL,M,Age 41 - 65,1,11/27/2023
299985,RANDOLPH,11/07/2023,voter,SW,REP,U,UN,F,Age 18 - 25,1,11/27/2023
300127,RANDOLPH,11/07/2023,voter,AN,REP,B,NL,F,Age 41 - 65,1,11/27/2023
300179,RANDOLPH,11/07/2023,voter,AW,REP,B,NL,F,Age 26 - 40,2,11/27/2023
300202,RANDOLPH,11/07/2023,voter,RN,DEM,W,UN,M,Age 18 - 25,1,11/27/2023
300365,RANDOLPH,11/07/2023,voter,UG,DEM,W,NL,M,Age Over 66,34,11/27/2023
300367,RANDOLPH,11/07/2023,voter,LB,UNA,U,UN,F,Age Over 66,2,11/27/2023
300411,RANDOLPH,11/07/2023,voter,SW,DEM,B,UN,M,Age 41 - 65,2,11/27/2023
300471,RANDOLPH,11/07/2023,voter,DR,DEM,W,NL,U,Age 26 - 40,1,11/27/2023
300491,RANDOLPH,11/07/2023,voter,DR,REP,M,NL,F,Age 26 - 40,2,11/27/2023
300634,RANDOLPH,11/07/2023,voter,UG,DEM,W,NL,F,Age Over 66,39,11/27/2023
300663,RANDOLPH,11/07/2023,voter,RN,UNA,U,NL,M,Age 41 - 65,1,11/27/2023
300729,RANDOLPH,11/07/2023,voter,AW,UNA,B,HL,F,Age 18 - 25,1,11/27/2023
300874,RANDOLPH,11/07/2023,voter,AW,LIB,W,UN,F,Age Over 66,1,11/27/2023
300890,RANDOLPH,11/07/2023,voter,GR,REP,O,UN,M,Age 26 - 40,1,11/27/2023
301081,RANDOLPH,11/07/2023,voter,TR,LIB,U,UN,U,Age Over 66,1,11/27/2023
301151,RANDOLPH,11/07/2023,voter,LC,UNA,W,NL,F,Age 41 - 65,87,11/27/2023
301164,RANDOLPH,11/07/2023,voter,SO,UNA,A,NL,F,Age 41 - 65,1,11/27/2023
301184,RANDOLPH,11/07/2023,voter,AW,UNA,O,NL,M,Age 18 - 25,1,11/27/2023
301350,RANDOLPH,11/07/2023,voter,AR,REP,U,UN,U,Age 41 - 65,22,11/27/2023
301412,RANDOLPH,11/07/2023,voter,BC,UNA,O,HL,F,Age 26 - 40,3,11/27/2023
301501,RANDOLPH,11/07/2023,voter,GR,REP,B,HL,M,Age 26 - 40,1,11/27/2023
301516,RANDOLPH,11/07/2023,voter,AS,UNA,U,NL,F,Age Over 66,1,11/27/2023
301843,RANDOLPH,11/07/2023,voter,AN,DEM,B,NL,F,Age Over 66,5,11/27/2023
301856,RANDOLPH,11/07/2023,voter,TB,UNA,U,UN,U,Age Over 66,9,11/27/2023
301904,RANDOLPH,11/07/2023,voter,AR,REP,A,NL,M,Age 41 - 65,6,11/27/2023
301920,RANDOLPH,11/07/2023,voter,ST,DEM,B,NL,F,Age Over 66,21,11/27/2023
302014,RANDOLPH,11/07/2023,voter,UG,DEM,U,UN,F,Age 18 - 25,1,11/27/2023
302021,RANDOLPH,11/07/2023,voter,TR,DEM,W,HL,M,Age 26 - 40,2,11/27/2023
302083,RANDOLPH,11/07/2023,voter,DR,DEM,W,UN,U,Age 41 - 65,2,11/27/2023
302140,RANDOLPH,11/07/2023,voter,AE,DEM,W,HL,F,Age 26 - 40,5,11/27/2023
302147,RANDOLPH,11/07/2023,voter,AR,UNA,B,NL,F,Age 26 - 40,8,11/27/2023
302224,RANDOLPH,11/07/2023,voter,AS,DEM,W,UN,F,Age Over 66,10,11/27/2023
302259,RANDOLPH,11/07/2023,voter,AW,DEM,B,NL,M,Age 18 - 25,1,11/27/2023
302260,RANDOLPH,11/07/2023,voter,GR,UNA,U,HL,M,Age 26 - 40,3,11/27/2023
302267,RANDOLPH,11/07/2023,voter,AW,UNA,A,HL,M,Age 26 - 40,1,11/27/2023
302348,RANDOLPH,11/07/2023,voter,UG,REP,B,UN,F,Age 41 - 65,1,11/27/2023
302403,RANDOLPH,11/07/2023,voter,AN,UNA,B,UN,F,Age 26 - 40,3,11/27/2023
302412,RANDOLPH,11/07/2023,voter,GR,UNA,O,NL,M,Age 18 - 25,2,11/27/2023
302510,RANDOLPH,11/07/2023,voter,,UNA,A,NL,M,Age 18 - 25,1,11/27/2023
302525,RANDOLPH,11/07/2023,voter,AW,DEM,O,UN,M,Age Over 66,1,11/27/2023
302584,RANDOLPH,11/07/2023,voter,BC,UNA,U,HL,M,Age 41 - 65,1,11/27/2023
302707,RANDOLPH,11/07/2023,voter,UG,UNA,W,UN,F,Age 41 - 65,57,11/27/2023
302729,RANDOLPH,11/07/2023,voter,AW,DEM,W,UN,M,Age 26 - 40,6,11/27/2023
302802,RANDOLPH,11/07/2023,voter,RN,REP,O,NL,F,Age 18 - 25,1,11/27/2023
302857,RANDOLPH,11/07/2023,voter,RM,UNA,U,UN,M,Age 18 - 25,8,11/27/2023
303007,RANDOLPH,11/07/2023,voter,UG,DEM,B,UN,F,Age 26 - 40,1,11/27/2023
303064,RANDOLPH,11/07/2023,voter,TR,UNA,W,UN,M,Age 18 - 25,8,11/27/2023
303079,RANDOLPH,11/07/2023,voter,SE,REP,W,UN,M,Age Over 66,20,11/27/2023
303134,RANDOLPH,11/07/2023,voter,RN,UNA,W,NL,F,Age 18 - 25,13,11/27/2023
303142,RANDOLPH,11/07/2023,voter,SO,REP,O,UN,F,Age 41 - 65,1,11/27/2023
303561,RANDOLPH,11/07/2023,voter,DR,UNA,U,HL,F,Age 26 - 40,3,11/27/2023
303588,RANDOLPH,11/07/2023,voter,AE,UNA,M,HL,F,Age Over 66,1,11/27/2023
303701,RANDOLPH,11/07/2023,voter,ST,REP,W,NL,F,Age 18 - 25,22,11/27/2023
303824,RANDOLPH,11/07/2023,voter,AW,REP,O,HL,M,Age 26 - 40,1,11/27/2023
303943,RANDOLPH,11/07/2023,voter,TB,REP,U,UN,F,Age 41 - 65,1,11/27/2023
304002,RANDOLPH,11/07/2023,voter,BC,DEM,B,UN,F,Age 26 - 40,1,11/27/2023
304096,RANDOLPH,11/07/2023,voter,NM,DEM,U,UN,U,Age 26 - 40,6,11/27/2023
304109,RANDOLPH,11/07/2023,voter,,UNA,B,UN,F,Age 18 - 25,3,11/27/2023
304199,RANDOLPH,11/07/2023,voter,RN,UNA,O,NL,M,Age 41 - 65,4,11/27/2023
304243,RANDOLPH,11/07/2023,voter,DR,REP,O,NL,F,Age 26 - 40,1,11/27/2023
304247,RANDOLPH,11/07/2023,voter,RN,REP,I,NL,F,Age Over 66,1,11/27/2023
304304,RANDOLPH,11/07/2023,voter,AE,REP,B,NL,M,Age Over 66,3,11/27/2023
304331,RANDOLPH,11/07/2023,voter,RN,LIB,U,UN,U,Age 26 - 40,1,11/27/2023
304415,RANDOLPH,11/07/2023,voter,AS,UNA,A,UN,M,Age 26 - 40,1,11/27/2023
304462,RANDOLPH,11/07/2023,voter,,REP,W,UN,M,Age Over 66,29,11/27/2023
304470,RANDOLPH,11/07/2023,voter,SO,UNA,W,UN,F,Age 41 - 65,23,11/27/2023
304543,RANDOLPH,11/07/2023,voter,NM,DEM,W,NL,M,Age 18 - 25,3,11/27/2023
304585,RANDOLPH,11/07/2023,voter,SO,REP,W,NL,M,Age 41 - 65,76,11/27/2023
304614,RANDOLPH,11/07/2023,voter,UG,UNA,U,HL,F,Age 41 - 65,2,11/27/2023
304623,RANDOLPH,11/07/2023,voter,UG,UNA,W,UN,U,Age 18 - 25,1,11/27/2023
304770,RANDOLPH,11/07/2023,voter,RM,REP,O,NL,F,Age 18 - 25,1,11/27/2023
304971,RANDOLPH,11/07/2023,voter,UG,UNA,W,HL,F,Age 41 - 65,3,11/27/2023
304992,RANDOLPH,11/07/2023,voter,AR,REP,W,UN,U,Age 41 - 65,2,11/27/2023
305037,RANDOLPH,11/07/2023,voter,NM,DEM,U,UN,M,Age 26 - 40,1,11/27/2023
305071,RANDOLPH,11/07/2023,voter,TT,UNA,U,UN,F,Age Over 66,1,11/27/2023
305164,RANDOLPH,11/07/2023,voter,AR,REP,A,NL,F,Age 18 - 25,1,11/27/2023
305209,RANDOLPH,11/07/2023,voter,TR,UNA,W,NL,M,Age Over 66,71,11/27/2023
305253,RANDOLPH,11/07/2023,voter,DR,UNA,W,HL,F,Age 26 - 40,2,11/27/2023
305321,RANDOLPH,11/07/2023,voter,RN,REP,U,UN,U,Age 41 - 65,11,11/27/2023
305323,RANDOLPH,11/07/2023,voter,AN,REP,W,NL,U,Age Over 66,1,11/27/2023
305334,RANDOLPH,11/07/2023,voter,AR,LIB,U,UN,U,Age 26 - 40,1,11/27/2023
305360,RANDOLPH,11/07/2023,voter,LB,LIB,W,NL,M,Age 41 - 65,3,11/27/2023
305452,RANDOLPH,11/07/2023,voter,AN,UNA,U,UN,U,Age 18 - 25,29,11/27/2023
305477,RANDOLPH,11/07/2023,voter,RM,DEM,B,NL,U,Age 41 - 65,2,11/27/2023
305497,RANDOLPH,11/07/2023,voter,RN,REP,O,HL,F,Age 26 - 40,4,11/27/2023
305519,RANDOLPH,11/07/2023,voter,AW,REP,U,UN,M,Age 18 - 25,2,11/27/2023
305529,RANDOLPH,11/07/2023,voter,TR,UNA,B,NL,F,Age Over 66,1,11/27/2023
305569,RANDOLPH,11/07/2023,voter,BC,DEM,W,UN,M,Age 41 - 65,7,11/27/2023
305623,RANDOLPH,11/07/2023,voter,TR,UNA,W,NL,U,Age 41 - 65,3,11/27/2023
305688,RANDOLPH,11/07/2023,voter,UG,LIB,W,UN,F,Age 26 - 40,2,11/27/2023
305885,RANDOLPH,11/07/2023,voter,SE,DEM,W,UN,M,Age 41 - 65,2,11/27/2023
305929,RANDOLPH,11/07/2023,voter,SW,UNA,W,NL,F,Age Over 66,36,11/27/2023
306004,RANDOLPH,11/07/2023,voter,GR,UNA,W,NL,F,Age 26 - 40,61,11/27/2023
306033,RANDOLPH,11/07/2023,voter,AN,DEM,O,HL,U,Age 26 - 40,1,11/27/2023
306074,RANDOLPH,11/07/2023,voter,RN,REP,W,UN,U,Age 41 - 65,3,11/27/2023
306101,RANDOLPH,11/07/2023,voter,DR,UNA,U,UN,F,Age 26 - 40,1,11/27/2023
306118,RANDOLPH,11/07/2023,voter,AE,REP,O,HL,M,Age 18 - 25,6,11/27/2023
306337,RANDOLPH,11/07/2023,voter,AW,DEM,O,HL,M,Age 41 - 65,3,11/27/2023
306350,RANDOLPH,11/07/2023,voter,DR,DEM,U,HL,F,Age 26 - 40,1,11/27/2023
306431,RANDOLPH,11/07/2023,voter,AR,DEM,I,NL,M,Age 41 - 65,1,11/27/2023
306529,RANDOLPH,11/07/2023,voter,AE,DEM,O,UN,M,Age 18 - 25,3,11/27/2023
306582,RANDOLPH,11/07/2023,voter,RN,DEM,W,HL,F,Age 26 - 40,9,11/27/2023
306652,RANDOLPH,11/07/2023,voter,AR,REP,W,HL,F,Age 26 - 40,1,11/27/2023
306691,RANDOLPH,11/07/2023,voter,BC,UNA,U,HL,F,Age 18 - 25,3,11/27/2023
306828,RANDOLPH,11/07/2023,voter,AS,REP,O,UN,M,Age Over 66,1,11/27/2023
306870,RANDOLPH,11/07/2023,voter,AN,REP,B,UN,M,Age 41 - 65,1,11/27/2023
306947,RANDOLPH,11/07/2023,voter,AW,REP,W,UN,M,Age 18 - 25,15,11/27/2023
306969,RANDOLPH,11/07/2023,voter,AR,REP,U,UN,M,Age Over 66,1,11/27/2023
306975,RANDOLPH,11/07/2023,voter,TR,UNA,U,HL,M,Age Over 66,1,11/27/2023
307025,RANDOLPH,11/07/2023,voter,AW,UNA,B,UN,M,Age Over 66,1,11/27/2023
307067,RANDOLPH,11/07/2023,voter,AR,UNA,U,UN,U,Age Over 66,8,11/27/2023
307103,RANDOLPH,11/07/2023,voter,ST,UNA,I,UN,U,Age 26 - 40,1,11/27/2023
307134,RANDOLPH,11/07/2023,voter,AR,DEM,B,NL,M,Age 41 - 65,33,11/27/2023
307213,RANDOLPH,11/07/2023,voter,AE,REP,W,UN,F,Age 41 - 65,47,11/27/2023
307297,RANDOLPH,11/07/2023,voter,LC,DEM,O,HL,F,Age 26 - 40,4,11/27/2023
307500,RANDOLPH,11/07/2023,voter,AN,UNA,W,UN,F,Age 41 - 65,41,11/27/2023
307530,RANDOLPH,11/07/2023,voter,RN,REP,U,NL,M,Age 26 - 40,1,11/27/2023
307603,RANDOLPH,11/07/2023,voter,AW,DEM,W,NL,M,Age 26 - 40,6,11/27/2023
307621,RANDOLPH,11/07/2023,voter,AW,UNA,O,HL,M,Age 41 - 65,1,11/27/2023
307770,RANDOLPH,11/07/2023,voter,NM,DEM,U,UN,U,Age 41 - 65,1,11/27/2023
307810,RANDOLPH,11/07/2023,voter,AW,DEM,U,HL,M,Age Over 66,1,11/27/2023
307821,RANDOLPH,11/07/2023,voter,AW,REP,U,UN,U,Age Over 66,7,11/27/2023
307833,RANDOLPH,11/07/2023,voter,AE,DEM,U,UN,F,Age 41 - 65,3,11/27/2023
308357,RANDOLPH,11/07/2023,voter,DR,REP,W,HL,M,Age 41 - 65,1,11/27/2023
308427,RANDOLPH,11/07/2023,voter,DR,REP,O,HL,F,Age 26 - 40,2,11/27/2023
308595,RANDOLPH,11/07/2023,voter,RM,DEM,A,NL,M,Age 18 - 25,1,11/27/2023
308634,RANDOLPH,11/07/2023,voter,DR,UNA,W,NL,U,Age 26 - 40,6,11/27/2023
308776,RANDOLPH,11/07/2023,voter,AW,UNA,W,NL,F,Age 26 - 40,38,11/27/2023
308843,RANDOLPH,11/07/2023,voter,NM,REP,W,NL,F,Age 18 - 25,25,11/27/2023
309030,RANDOLPH,11/07/2023,voter,UG,REP,O,HL,F,Age 41 - 65,2,11/27/2023
309179,RANDOLPH,11/07/2023,voter,AS,DEM,W,UN,M,Age 18 - 25,2,11/27/2023
309217,RANDOLPH,11/07/2023,voter,TR,UNA,W,UN,M,Age 26 - 40,16,11/27/2023
309276,RANDOLPH,11/07/2023,voter,BC,UNA,W,HL,F,Age 18 - 25,1,11/27/2023
309405,RANDOLPH,11/07/2023,voter,RN,DEM,B,UN,M,Age 26 - 40,5,11/27/2023
309523,RANDOLPH,11/07/2023,voter,AS,UNA,W,NL,F,Age Over 66,61,11/27/2023
309570,RANDOLPH,11/07/2023,voter,AE,DEM,W,NL,M,Age Over 66,18,11/27/2023
309624,RANDOLPH,11/07/2023,voter,AR,DEM,B,UN,U,Age Over 66,1,11/27/2023
309840,RANDOLPH,11/07/2023,voter,AE,REP,O,NL,M,Age Over 66,1,11/27/2023
309995,RANDOLPH,11/07/2023,voter,RN,REP,W,NL,U,Age 26 - 40,4,11/27/2023
310057,RANDOLPH,11/07/2023,voter,ST,LIB,W,NL,F,Age 26 - 40,3,11/27/2023
310087,RANDOLPH,11/07/2023,voter,BC,DEM,O,HL,F,Age 26 - 40,4,11/27/2023
310174,RANDOLPH,11/07/2023,voter,AE,REP,B,UN,F,Age Over 66,1,11/27/2023
310229,RANDOLPH,11/07/2023,voter,ST,UNA,O,HL,F,Age Over 66,1,11/27/2023
310249,RANDOLPH,11/07/2023,voter,AN,REP,W,UN,F,Age Over 66,25,11/27/2023
310264,RANDOLPH,11/07/2023,voter,BC,DEM,A,NL,M,Age 41 - 65,1,11/27/2023
310286,RANDOLPH,11/07/2023,voter,,DEM,B,UN,F,Age 18 - 25,2,11/27/2023
310321,RANDOLPH,11/07/2023,voter,LC,DEM,O,UN,M,Age Over 66,1,11/27/2023
310408,RANDOLPH,11/07/2023,voter,TB,UNA,B,UN,M,Age 26 - 40,2,11/27/2023
310504,RANDOLPH,11/07/2023,voter,AW,UNA,W,NL,M,Age 18 - 25,10,11/27/2023
310563,RANDOLPH,11/07/2023,voter,LC,REP,U,HL,M,Age 18 - 25,2,11/27/2023
310696,RANDOLPH,11/07/2023,voter,DR,UNA,B,NL,M,Age 26 - 40,1,11/27/2023
310715,RANDOLPH,11/07/2023,voter,LC,UNA,A,NL,M,Age 41 - 65,1,11/27/2023
310765,RANDOLPH,11/07/2023,voter,BC,UNA,W,NL,M,Age 26 - 40,54,11/27/2023
310801,RANDOLPH,11/07/2023,voter,AW,UNA,O,HL,M,Age 18 - 25,7,11/27/2023
310878,RANDOLPH,11/07/2023,voter,TR,REP,U,NL,M,Age 41 - 65,1,11/27/2023
310915,RANDOLPH,11/07/2023,voter,UG,REP,O,NL,F,Age 41 - 65,1,11/27/2023
310972,RANDOLPH,11/07/2023,voter,GR,LIB,W,UN,F,Age 41 - 65,1,11/27/2023
311068,RANDOLPH,11/07/2023,voter,AR,DEM,W,UN,F,Age 26 - 40,7,11/27/2023
311080,RANDOLPH,11/07/2023,voter,SW,UNA,W,UN,U,Age 26 - 40,1,11/27/2023
311084,RANDOLPH,11/07/2023,voter,SE,REP,U,UN,U,Age 26 - 40,2,11/27/2023
311086,RANDOLPH,11/07/2023,voter,AR,UNA,B,NL,M,Age 41 - 65,10,11/27/2023
311100,RANDOLPH,11/07/2023,voter,AW,UNA,U,UN,M,Age 26 - 40,3,11/27/2023
311188,RANDOLPH,11/07/2023,voter,ST,DEM,B,NL,M,Age 18 - 25,3,11/27/2023
311258,RANDOLPH,11/07/2023,voter,AS,UNA,U,UN,M,Age 18 - 25,5,11/27/2023
311313,RANDOLPH,11/07/2023,voter,AN,UNA,I,UN,F,Age 26 - 40,1,11/27/2023
311346,RANDOLPH,11/07/2023,voter,AN,UNA,A,UN,M,Age 41 - 65,2,11/27/2023
311457,RANDOLPH,11/07/2023,voter,TB,REP,I,NL,M,Age 41 - 65,1,11/27/2023
311526,RANDOLPH,11/07/2023,voter,TR,REP,B,UN,M,Age 26 - 40,2,11/27/2023
311527,RANDOLPH,11/07/2023,voter,TT,UNA,B,UN,M,Age 41 - 65,2,11/27/2023
311560,RANDOLPH,11/07/2023,voter,AW,REP,O,UN,M,Age 41 - 65,1,11/27/2023
311562,RANDOLPH,11/07/2023,voter,AN,DEM,O,HL,M,Age Over 66,1,11/27/2023
311588,RANDOLPH,11/07/2023,voter,AR,REP,W,UN,F,Age 26 - 40,15,11/27/2023
311753,RANDOLPH,11/07/2023,voter,TR,DEM,I,UN,U,Age 26 - 40,1,11/27/2023
311926,RANDOLPH,11/07/2023,voter,SW,REP,U,UN,F,Age 41 - 65,1,11/27/2023
311938,RANDOLPH,11/07/2023,voter,AN,LIB,W,HL,F,Age 41 - 65,1,11/27/2023
312021,RANDOLPH,11/07/2023,voter,AW,DEM,O,NL,F,Age Over 66,1,11/27/2023
312095,RANDOLPH,11/07/2023,voter,RN,DEM,O,NL,M,Age 41 - 65,2,11/27/2023
312111,RANDOLPH,11/07/2023,voter,ST,UNA,O,HL,M,Age 18 - 25,3,11/27/2023
312158,RANDOLPH,11/07/2023,voter,AW,REP,W,HL,M,Age 26 - 40,1,11/27/2023
312168,RANDOLPH,11/07/2023,voter,NM,UNA,O,HL,M,Age 18 - 25,1,11/27/2023
312221,RANDOLPH,11/07/2023,voter,SW,REP,W,UN,F,Age 41 - 65,25,11/27/2023
312227,RANDOLPH,11/07/2023,voter,AR,DEM,O,HL,F,Age 41 - 65,2,11/27/2023
312379,RANDOLPH,11/07/2023,voter,GR,DEM,M,UN,F,Age 26 - 40,1,11/27/2023
312411,RANDOLPH,11/07/2023,voter,LB,UNA,U,HL,F,Age Over 66,1,11/27/2023
312459,RANDOLPH,11/07/2023,voter,AN,UNA,U,HL,U,Age 18 - 25,1,11/27/2023
312505,RANDOLPH,11/07/2023,voter,BC,UNA,U,UN,F,Age 18 - 25,1,11/27/2023
312691,RANDOLPH,11/07/2023,voter,RN,DEM,U,UN,U,Age 41 - 65,6,11/27/2023
312701,RANDOLPH,11/07/2023,voter,TR,UNA,I,UN,M,Age 41 - 65,1,11/27/2023
312709,RANDOLPH,11/07/2023,voter,TR,UNA,A,UN,M,Age 41 - 65,1,11/27/2023
312843,RANDOLPH,11/07/2023,voter,GR,DEM,U,NL,F,Age 41 - 65,1,11/27/2023
312863,RANDOLPH,11/07/2023,voter,TT,UNA,W,UN,F,Age Over 66,14,11/27/2023
312885,RANDOLPH,11/07/2023,voter,TR,UNA,U,UN,U,Age 18 - 25,29,11/27/2023
312969,RANDOLPH,11/07/2023,voter,,DEM,O,HL,F,Age 18 - 25,1,11/27/2023
313160,RANDOLPH,11/07/2023,voter,AE,DEM,O,HL,M,Age 26 - 40,1,11/27/2023
313244,RANDOLPH,11/07/2023,voter,AW,UNA,U,HL,F,Age 41 - 65,1,11/27/2023
313321,RANDOLPH,11/07/2023,voter,SO,REP,B,NL,F,Age 26 - 40,1,11/27/2023
313390,RANDOLPH,11/07/2023,voter,AE,DEM,W,UN,M,Age 18 - 25,5,11/27/2023
313506,RANDOLPH,11/07/2023,voter,AE,DEM,B,NL,U,Age Over 66,1,11/27/2023
313531,RANDOLPH,11/07/2023,voter,TT,REP,W,NL,M,Age Over 66,193,11/27/2023
313583,RANDOLPH,11/07/2023,voter,AE,NLB,W,NL,F,Age 26 - 40,1,11/27/2023
313606,RANDOLPH,11/07/2023,voter,SW,REP,W,NL,U,Age 41 - 65,4,11/27/2023
313697,RANDOLPH,11/07/2023,voter,SE,REP,W,UN,U,Age 26 - 40,1,11/27/2023
313711,RANDOLPH,11/07/2023,voter,TR,UNA,B,UN,U,Age 18 - 25,1,11/27/2023
313720,RANDOLPH,11/07/2023,voter,AS,UNA,W,UN,F,Age Over 66,22,11/27/2023
313806,RANDOLPH,11/07/2023,voter,BC,REP,O,NL,M,Age 26 - 40,2,11/27/2023
313818,RANDOLPH,11/07/2023,voter,TB,REP,W,NL,F,Age 26 - 40,114,11/27/2023
313824,RANDOLPH,11/07/2023,voter,RM,REP,W,UN,F,Age 26 - 40,44,11/27/2023
313857,RANDOLPH,11/07/2023,voter,TT,DEM,O,NL,F,Age 41 - 65,1,11/27/2023
313905,RANDOLPH,11/07/2023,voter,UG,REP,M,NL,F,Age 26 - 40,1,11/27/2023
313971,RANDOLPH,11/07/2023,voter,DR,UNA,W,NL,M,Age 18 - 25,13,11/27/2023
314009,RANDOLPH,11/07/2023,voter,TR,REP,U,NL,M,Age Over 66,1,11/27/2023
314379,RANDOLPH,11/07/2023,voter,AS,DEM,O,UN,M,Age 26 - 40,1,11/27/2023
314407,RANDOLPH,11/07/2023,voter,AS,UNA,U,HL,U,Age 26 - 40,1,11/27/2023
314461,RANDOLPH,11/07/2023,voter,AW,UNA,I,UN,M,Age 18 - 25,1,11/27/2023
314531,RANDOLPH,11/07/2023,voter,AR,DEM,B,NL,U,Age 41 - 65,1,11/27/2023
314808,RANDOLPH,11/07/2023,voter,LB,DEM,W,UN,F,Age Over 66,13,11/27/2023
314822,RANDOLPH,11/07/2023,voter,UG,REP,U,UN,U,Age Over 66,2,11/27/2023
314929,RANDOLPH,11/07/2023,voter,TT,UNA,U,UN,M,Age 18 - 25,1,11/27/2023
314976,RANDOLPH,11/07/2023,voter,AW,UNA,W,UN,U,Age 26 - 40,2,11/27/2023
315098,RANDOLPH,11/07/2023,voter,AE,DEM,B,UN,F,Age Over 66,25,11/27/2023
315278,RANDOLPH,11/07/2023,voter,GR,UNA,W,UN,U,Age 18 - 25,1,11/27/2023
315480,RANDOLPH,11/07/2023,voter,RN,REP,O,UN,F,Age 26 - 40,2,11/27/2023
315483,RANDOLPH,11/07/2023,voter,GR,UNA,W,UN,M,Age 26 - 40,48,11/27/2023
315498,RANDOLPH,11/07/2023,voter,AW,DEM,B,UN,M,Age Over 66,3,11/27/2023
315536,RANDOLPH,11/07/2023,voter,RN,UNA,U,UN,M,Age 18 - 25,3,11/27/2023
315562,RANDOLPH,11/07/2023,voter,AW,REP,W,NL,M,Age 41 - 65,84,11/27/2023
315693,RANDOLPH,11/07/2023,voter,SO,REP,U,UN,U,Age Over 66,3,11/27/2023
315758,RANDOLPH,11/07/2023,voter,AR,UNA,I,NL,M,Age 41 - 65,1,11/27/2023
315875,RANDOLPH,11/07/2023,voter,DR,DEM,W,NL,F,Age 26 - 40,9,11/27/2023
315943,RANDOLPH,11/07/2023,voter,TR,UNA,W,NL,U,Age 26 - 40,12,11/27/2023
316058,RANDOLPH,11/07/2023,voter,SW,UNA,W,UN,M,Age Over 66,9,11/27/2023
316273,RANDOLPH,11/07/2023,voter,SW,REP,W,UN,M,Age 26 - 40,18,11/27/2023
316452,RANDOLPH,11/07/2023,voter,AR,DEM,W,HL,M,Age Over 66,1,11/27/2023
316536,RANDOLPH,11/07/2023,voter,TT,UNA,A,UN,F,Age 26 - 40,1,11/27/2023
316558,RANDOLPH,11/07/2023,voter,AR,UNA,W,UN,M,Age 41 - 65,26,11/27/2023
316663,RANDOLPH,11/07/2023,voter,,DEM,O,UN,F,Age 18 - 25,2,11/27/2023
316845,RANDOLPH,11/07/2023,voter,SE,REP,W,NL,F,Age Over 66,112,11/27/2023
316910,RANDOLPH,11/07/2023,voter,AR,LIB,W,UN,F,Age 18 - 25,1,11/27/2023
316940,RANDOLPH,11/07/2023,voter,TR,DEM,B,NL,M,Age 26 - 40,7,11/27/2023
317020,RANDOLPH,11/07/2023,voter,SE,REP,W,UN,M,Age 18 - 25,9,11/27/2023
317295,RANDOLPH,11/07/2023,voter,NM,UNA,O,UN,M,Age 18 - 25,2,11/27/2023
317303,RANDOLPH,11/07/2023,voter,TR,DEM,W,UN,M,Age 26 - 40,1,11/27/2023
317347,RANDOLPH,11/07/2023,voter,LB,REP,W,NL,U,Age 26 - 40,6,11/27/2023
317373,RANDOLPH,11/07/2023,voter,RM,UNA,B,NL,F,Age 26 - 40,6,11/27/2023
317607,RANDOLPH,11/07/2023,voter,DR,REP,U,UN,M,Age 41 - 65,1,11/27/2023
317724,RANDOLPH,11/07/2023,voter,AE,DEM,W,NL,F,Age Over 66,61,11/27/2023
317817,RANDOLPH,11/07/2023,voter,AN,REP,O,HL,M,Age 41 - 65,5,11/27/2023
317874,RANDOLPH,11/07/2023,voter,RM,REP,O,HL,M,Age 18 - 25,4,11/27/2023
317990,RANDOLPH,11/07/2023,voter,DR,UNA,O,NL,M,Age 26 - 40,1,11/27/2023
318127,RANDOLPH,11/07/2023,voter,AN,DEM,U,UN,M,Age 26 - 40,1,11/27/2023
318139,RANDOLPH,11/07/2023,voter,LB,DEM,U,UN,M,Age 18 - 25,4,11/27/2023
318189,RANDOLPH,11/07/2023,voter,DR,REP,W,UN,M,Age 41 - 65,68,11/27/2023
318225,RANDOLPH,11/07/2023,voter,BC,REP,B,NL,M,Age 26 - 40,1,11/27/2023
318246,RANDOLPH,11/07/2023,voter,DR,REP,W,UN,F,Age 18 - 25,30,11/27/2023
318542,RANDOLPH,11/07/2023,voter,RM,REP,B,UN,M,Age 18 - 25,2,11/27/2023
318681,RANDOLPH,11/07/2023,voter,TB,LIB,W,NL,M,Age 26 - 40,1,11/27/2023
318772,RANDOLPH,11/07/2023,voter,RN,DEM,B,NL,M,Age 41 - 65,15,11/27/2023
318950,RANDOLPH,11/07/2023,voter,LB,REP,W,NL,M,Age Over 66,110,11/27/2023
318995,RANDOLPH,11/07/2023,voter,AN,LIB,W,UN,F,Age 41 - 65,2,11/27/2023
319158,RANDOLPH,11/07/2023,voter,RN,DEM,B,UN,M,Age 18 - 25,2,11/27/2023
319180,RANDOLPH,11/07/2023,voter,AS,DEM,U,HL,M,Age 18 - 25,1,11/27/2023
319328,RANDOLPH,11/07/2023,voter,SW,REP,W,HL,M,Age 26 - 40,2,11/27/2023
319347,RANDOLPH,11/07/2023,voter,NM,DEM,B,NL,M,Age 26 - 40,6,11/27/2023
319417,RANDOLPH,11/07/2023,voter,DR,UNA,O,HL,F,Age 18 - 25,6,11/27/2023
319512,RANDOLPH,11/07/2023,voter,DR,DEM,B,NL,M,Age 41 - 65,10,11/27/2023
319520,RANDOLPH,11/07/2023,voter,AR,DEM,W,UN,M,Age Over 66,8,11/27/2023
319574,RANDOLPH,11/07/2023,voter,AR,LIB,O,HL,M,Age 18 - 25,1,11/27/2023
319726,RANDOLPH,11/07/2023,voter,RN,REP,U,UN,M,Age 41 - 65,4,11/27/2023
319738,RANDOLPH,11/07/2023,voter,TB,UNA,B,NL,F,Age 26 - 40,1,11/27/2023
319797,RANDOLPH,11/07/2023,voter,TR,UNA,B,NL,M,Age 18 - 25,2,11/27/2023
319824,RANDOLPH,11/07/2023,voter,AN,DEM,W,UN,M,Age 26 - 40,5,11/27/2023
320021,RANDOLPH,11/07/2023,voter,AR,UNA,B,NL,U,Age 26 - 40,1,11/27/2023
320042,RANDOLPH,11/07/2023,voter,AW,UNA,U,UN,U,Age 41 - 65,19,11/27/2023
320068,RANDOLPH,11/07/2023,voter,AW,UNA,W,UN,M,Age 26 - 40,44,11/27/2023
320085,RANDOLPH,11/07/2023,voter,AS,UNA,B,NL,M,Age Over 66,2,11/27/2023
320182,RANDOLPH,11/07/2023,voter,AW,REP,B,UN,M,Age 26 - 40,1,11/27/2023
320236,RANDOLPH,11/07/2023,voter,,REP,U,UN,M,Age 26 - 40,2,11/27/2023
320301,RANDOLPH,11/07/2023,voter,,UNA,O,HL,M,Age 26 - 40,1,11/27/2023
320355,RANDOLPH,11/07/2023,voter,RM,DEM,O,HL,M,Age 26 - 40,5,11/27/2023
320401,RANDOLPH,11/07/2023,voter,BC,REP,O,HL,F,Age 18 - 25,3,11/27/2023
320564,RANDOLPH,11/07/2023,voter,GR,DEM,U,UN,F,Age 18 - 25,9,11/27/2023
320621,RANDOLPH,11/07/2023,voter,SW,UNA,W,NL,M,Age 18 - 25,6,11/27/2023
320649,RANDOLPH,11/07/2023,voter,TR,UNA,W,NL,F,Age 26 - 40,67,11/27/2023
320742,RANDOLPH,11/07/2023,voter,AN,DEM,U,HL,M,Age 26 - 40,4,11/27/2023
320788,RANDOLPH,11/07/2023,voter,BC,UNA,W,NL,F,Age 41 - 65,114,11/27/2023
320823,RANDOLPH,11/07/2023,voter,AW,UNA,W,NL,F,Age 41 - 65,50,11/27/2023
320850,RANDOLPH,11/07/2023,voter,NM,DEM,O,NL,M,Age 18 - 25,1,11/27/2023
320912,RANDOLPH,11/07/2023,voter,AS,UNA,I,NL,M,Age 41 - 65,1,11/27/2023
321163,RANDOLPH,11/07/2023,voter,SO,REP,U,UN,U,Age Over 66,5,11/27/2023
321244,RANDOLPH,11/07/2023,voter,DR,UNA,W,UN,F,Age 26 - 40,31,11/27/2023
321264,RANDOLPH,11/07/2023,voter,RN,DEM,B,UN,F,Age Over 66,3,11/27/2023
321394,RANDOLPH,11/07/2023,voter,AR,REP,W,UN,M,Age 41 - 65,66,11/27/2023
321480,RANDOLPH,11/07/2023,voter,SE,REP,W,NL,F,Age Over 66,29,11/27/2023
321484,RANDOLPH,11/07/2023,voter,AE,DEM,I,UN,F,Age Over 66,1,11/27/2023
321617,RANDOLPH,11/07/2023,voter,GR,UNA,W,HL,M,Age 26 - 40,2,11/27/2023
321673,RANDOLPH,11/07/2023,voter,NM,DEM,W,UN,M,Age 26 - 40,4,11/27/2023
321700,RANDOLPH,11/07/2023,voter,DR,REP,W,NL,M,Age 26 - 40,58,11/27/2023
321984,RANDOLPH,11/07/2023,voter,TR,REP,P,NL,M,Age Over 66,1,11/27/2023
322052,RANDOLPH,11/07/2023,voter,AS,UNA,I,NL,F,Age 41 - 65,1,11/27/2023
322077,RANDOLPH,11/07/2023,voter,TT,LIB,W,NL,M,Age 41 - 65,3,11/27/2023
322082,RANDOLPH,11/07/2023,voter,AN,REP,U,UN,M,Age 18 - 25,1,11/27/2023
322105,RANDOLPH,11/07/2023,voter,NM,UNA,U,UN,U,Age 26 - 40,15,11/27/2023
322149,RANDOLPH,11/07/2023,voter,ST,REP,U,UN,F,Age Over 66,1,11/27/2023
322152,RANDOLPH,11/07/2023,voter,RN,DEM,B,NL,F,Age 26 - 40,6,11/27/2023
322213,RANDOLPH,11/07/2023,voter,AW,DEM,U,HL,F,Age 41 - 65,4,11/27/2023
322247,RANDOLPH,11/07/2023,voter,RN,UNA,U,NL,F,Age 18 - 25,1,11/27/2023
322275,RANDOLPH,11/07/2023,voter,AR,UNA,O,NL,F,Age 18 - 25,1,11/27/2023
322297,RANDOLPH,11/07/2023,voter,SW,REP,U,NL,M,Age 26 - 40,1,11/27/2023
322309,RANDOLPH,11/07/2023,voter,RN,DEM,B,NL,F,Age 18 - 25,1,11/27/2023
322520,RANDOLPH,11/07/2023,voter,AW,REP,U,UN,M,Age 18 - 25,1,11/27/2023
322532,RANDOLPH,11/07/2023,voter,GR,REP,A,NL,F,Age Over 66,1,11/27/2023
322689,RANDOLPH,11/07/2023,voter,AW,UNA,B,NL,U,Age 18 - 25,1,11/27/2023
322774,RANDOLPH,11/07/2023,voter,SO,REP,O,HL,F,Age 41 - 65,2,11/27/2023
322827,RANDOLPH,11/07/2023,voter,AE,REP,W,NL,M,Age 26 - 40,23,11/27/2023
322840,RANDOLPH,11/07/2023,voter,NM,UNA,W,UN,M,Age 18 - 25,11,11/27/2023
322857,RANDOLPH,11/07/2023,voter,AE,UNA,W,UN,F,Age Over 66,19,11/27/2023
322899,RANDOLPH,11/07/2023,voter,AR,DEM,U,UN,U,Age 18 - 25,3,11/27/2023
322900,RANDOLPH,11/07/2023,voter,LB,DEM,U,HL,M,Age 18 - 25,2,11/27/2023
322943,RANDOLPH,11/07/2023,voter,SO,REP,W,UN,M,Age 41 - 65,35,11/27/2023
322953,RANDOLPH,11/07/2023,voter,AW,REP,W,NL,F,Age 41 - 65,61,11/27/2023
322963,RANDOLPH,11/07/2023,voter,BC,REP,I,UN,M,Age 41 - 65,1,11/27/2023
323033,RANDOLPH,11/07/2023,voter,BC,REP,W,UN,U,Age 26 - 40,3,11/27/2023
323189,RANDOLPH,11/07/2023,voter,NM,REP,M,NL,F,Age 26 - 40,1,11/27/2023
323349,RANDOLPH,11/07/2023,voter,RN,DEM,W,UN,F,Age 26 - 40,16,11/27/2023
323494,RANDOLPH,11/07/2023,voter,AR,REP,W,HL,M,Age 41 - 65,1,11/27/2023
323671,RANDOLPH,11/07/2023,voter,AE,UNA,W,UN,M,Age 18 - 25,20,11/27/2023
323712,RANDOLPH,11/07/2023,voter,AN,DEM,B,NL,M,Age 18 - 25,1,11/27/2023
323764,RANDOLPH,11/07/2023,voter,AR,REP,B,NL,M,Age 41 - 65,1,11/27/2023
323888,RANDOLPH,11/07/2023,voter,AN,UNA,W,NL,M,Age Over 66,23,11/27/2023
324130,RANDOLPH,11/07/2023,voter,UG,REP,U,UN,U,Age 18 - 25,4,11/27/2023
324172,RANDOLPH,11/07/2023,voter,SO,DEM,W,NL,M,Age Over 66,9,11/27/2023
324185,RANDOLPH,11/07/2023,voter,LB,DEM,W,NL,U,Age Over 66,1,11/27/2023
324204,RANDOLPH,11/07/2023,voter,SE,DEM,B,NL,M,Age Over 66,4,11/27/2023
324317,RANDOLPH,11/07/2023,voter,DR,UNA,O,NL,F,Age 18 - 25,2,11/27/2023
324378,RANDOLPH,11/07/2023,voter,DR,REP,U,NL,M,Age 26 - 40,1,11/27/2023
324637,RANDOLPH,11/07/2023,voter,AR,REP,O,UN,M,Age 41 - 65,1,11/27/2023
324679,RANDOLPH,11/07/2023,voter,AE,DEM,U,NL,M,Age 18 - 25,1,11/27/2023
324708,RANDOLPH,11/07/2023,voter,AR,DEM,O,NL,F,Age 26 - 40,1,11/27/2023
324772,RANDOLPH,11/07/2023,voter,ST,DEM,B,UN,U,Age 26 - 40,1,11/27/2023
324828,RANDOLPH,11/07/2023,voter,AE,UNA,A,NL,F,Age 41 - 65,1,11/27/2023
324842,RANDOLPH,11/07/2023,voter,,UNA,B,NL,M,Age Over 66,1,11/27/2023
324868,RANDOLPH,11/07/2023,voter,SE,DEM,W,NL,M,Age 26 - 40,1,11/27/2023
324947,RANDOLPH,11/07/2023,voter,RN,UNA,M,NL,F,Age 26 - 40,2,11/27/2023
325104,RANDOLPH,11/07/2023,voter,AE,DEM,B,UN,M,Age 18 - 25,9,11/27/2023
325266,RANDOLPH,11/07/2023,voter,RM,REP,O,UN,M,Age 18 - 25,1,11/27/2023
325275,RANDOLPH,11/07/2023,voter,AR,DEM,B,UN,M,Age 26 - 40,1,11/27/2023
325408,RANDOLPH,11/07/2023,voter,AW,REP,O,UN,M,Age 26 - 40,1,11/27/2023
325618,RANDOLPH,11/07/2023,voter,TR,DEM,W,NL,F,Age Over 66,45,11/27/2023
325687,RANDOLPH,11/07/2023,voter,TT,DEM,W,HL,F,Age Over 66,1,11/27/2023
325710,RANDOLPH,11/07/2023,voter,,DEM,B,NL,M,Age Over 66,4,11/27/2023
325747,RANDOLPH,11/07/2023,voter,TT,UNA,I,NL,F,Age 41 - 65,2,11/27/2023
325855,RANDOLPH,11/07/2023,voter,AE,UNA,U,UN,M,Age 18 - 25,5,11/27/2023
325856,RANDOLPH,11/07/2023,voter,RN,REP,U,UN,F,Age 18 - 25,1,11/27/2023
325905,RANDOLPH,11/07/2023,voter,SE,UNA,B,UN,F,Age 41 - 65,2,11/27/2023
325910,RANDOLPH,11/07/2023,voter,AE,REP,U,HL,F,Age 18 - 25,1,11/27/2023
326134,RANDOLPH,11/07/2023,voter,TR,UNA,B,UN,F,Age Over 66,1,11/27/2023
326166,RANDOLPH,11/07/2023,voter,AR,DEM,W,NL,F,Age 18 - 25,8,11/27/2023
326171,RANDOLPH,11/07/2023,voter,DR,DEM,U,HL,F,Age 41 - 65,2,11/27/2023
326219,RANDOLPH,11/07/2023,voter,NM,REP,M,UN,M,Age 26 - 40,1,11/27/2023
326255,RANDOLPH,11/07/2023,voter,RN,REP,W,UN,F,Age 18 - 25,49,11/27/2023
326267,RANDOLPH,11/07/2023,voter,AE,UNA,A,NL,F,Age Over 66,1,11/27/2023
326339,RANDOLPH,11/07/2023,voter,NM,DEM,U,HL,F,Age 41 - 65,1,11/27/2023
326463,RANDOLPH,11/07/2023,voter,TT,DEM,W,HL,M,Age 18 - 25,1,11/27/2023
326529,RANDOLPH,11/07/2023,voter,GR,UNA,B,NL,M,Age 18 - 25,4,11/27/2023
326729,RANDOLPH,11/07/2023,voter,LB,UNA,W,NL,U,Age Over 66,1,11/27/2023
326734,RANDOLPH,11/07/2023,voter,RN,UNA,U,UN,F,Age 26 - 40,1,11/27/2023
326772,RANDOLPH,11/07/2023,voter,DR,UNA,B,NL,F,Age 18 - 25,2,11/27/2023
326801,RANDOLPH,11/07/2023,voter,AS,DEM,B,UN,M,Age 26 - 40,4,11/27/2023
327006,RANDOLPH,11/07/2023,voter,DR,DEM,U,UN,U,Age 41 - 65,4,11/27/2023
327047,RANDOLPH,11/07/2023,voter,TR,UNA,W,NL,M,Age 18 - 25,1,11/27/2023
327182,RANDOLPH,11/07/2023,voter,AR,DEM,B,UN,F,Age 41 - 65,4,11/27/2023
327353,RANDOLPH,11/07/2023,voter,AW,REP,B,UN,M,Age 41 - 65,1,11/27/2023
327448,RANDOLPH,11/07/2023,voter,RN,DEM,W,NL,M,Age 41 - 65,16,11/27/2023
327553,RANDOLPH,11/07/2023,voter,AN,DEM,B,UN,U,Age 26 - 40,1,11/27/2023
327560,RANDOLPH,11/07/2023,voter,AE,UNA,W,NL,U,Age 26 - 40,1,11/27/2023
327617,RANDOLPH,11/07/2023,voter,DR,REP,W,UN,F,Age 18 - 25,27,11/27/2023
327642,RANDOLPH,11/07/2023,voter,RM,DEM,W,UN,M,Age 18 - 25,3,11/27/2023
327658,RANDOLPH,11/07/2023,voter,LC,DEM,B,UN,M,Age Over 66,7,11/27/2023
328002,RANDOLPH,11/07/2023,voter,AS,LIB,O,HL,F,Age 18 - 25,1,11/27/2023
328077,RANDOLPH,11/07/2023,voter,UG,UNA,U,UN,F,Age 41 - 65,1,11/27/2023
328225,RANDOLPH,11/07/2023,voter,AW,UNA,O,HL,F,Age 18 - 25,20,11/27/2023
328258,RANDOLPH,11/07/2023,voter,UG,DEM,A,NL,F,Age 41 - 65,2,11/27/2023
328265,RANDOLPH,11/07/2023,voter,AW,REP,A,NL,M,Age 18 - 25,1,11/27/2023
328308,RANDOLPH,11/07/2023,voter,AS,DEM,U,UN,M,Age 18 - 25,6,11/27/2023
328331,RANDOLPH,11/07/2023,voter,AR,UNA,W,NL,F,Age 41 - 65,89,11/27/2023
328675,RANDOLPH,11/07/2023,voter,DR,UNA,U,UN,U,Age 41 - 65,11,11/27/2023
328731,RANDOLPH,11/07/2023,voter,ST,DEM,W,NL,U,Age 41 - 65,1,11/27/2023
328785,RANDOLPH,11/07/2023,voter,AN,REP,U,HL,M,Age 18 - 25,2,11/27/2023
328957,RANDOLPH,11/07/2023,voter,AW,UNA,W,HL,F,Age 26 - 40,1,11/27/2023
328991,RANDOLPH,11/07/2023,voter,AR,DEM,U,NL,F,Age 18 - 25,1,11/27/2023
329173,RANDOLPH,11/07/2023,voter,RM,UNA,B,NL,M,Age Over 66,1,11/27/2023
329176,RANDOLPH,11/07/2023,voter,TR,UNA,U,UN,U,Age 26 - 40,11,11/27/2023
329239,RANDOLPH,11/07/2023,voter,TR,DEM,M,HL,F,Age 26 - 40,1,11/27/2023
329267,RANDOLPH,11/07/2023,voter,NM,UNA,W,UN,F,Age Over 66,5,11/27/2023
329424,RANDOLPH,11/07/2023,voter,AR,LIB,W,NL,M,Age 26 - 40,4,11/27/2023
329518,RANDOLPH,11/07/2023,voter,AE,DEM,B,NL,F,Age Over 66,84,11/27/2023
329525,RANDOLPH,11/07/2023,voter,SO,REP,W,UN,M,Age 41 - 65,93,11/27/2023
329602,RANDOLPH,11/07/2023,voter,SW,DEM,W,UN,U,Age 26 - 40,1,11/27/2023
329650,RANDOLPH,11/07/2023,voter,BC,UNA,O,NL,F,Age 26 - 40,1,11/27/2023
329651,RANDOLPH,11/07/2023,voter,TR,DEM,B,NL,F,Age Over 66,6,11/27/2023
329652,RANDOLPH,11/07/2023,voter,GR,REP,I,NL,F,Age 41 - 65,2,11/27/2023
329711,RANDOLPH,11/07/2023,voter,TR,DEM,B,UN,M,Age Over 66,1,11/27/2023
329772,RANDOLPH,11/07/2023,voter,AW,DEM,U,UN,M,Age 26 - 40,2,11/27/2023
329817,RANDOLPH,11/07/2023,voter,UG,UNA,B,UN,M,Age 18 - 25,2,11/27/2023
329889,RANDOLPH,11/07/2023,voter,RN,UNA,B,NL,U,Age 26 - 40,1,11/27/2023
329915,RANDOLPH,11/07/2023,voter,SE,UNA,O,UN,F,Age 41 - 65,1,11/27/2023
329960,RANDOLPH,11/07/2023,voter,TB,DEM,U,UN,U,Age Over 66,3,11/27/2023
330194,RANDOLPH,11/07/2023,voter,AW,REP,W,UN,F,Age Over 66,20,11/27/2023
330226,RANDOLPH,11/07/2023,voter,AR,UNA,A,UN,M,Age 18 - 25,1,11/27/2023
330244,RANDOLPH,11/07/2023,voter,AW,DEM,U,UN,F,Age 26 - 40,1,11/27/2023
330324,RANDOLPH,11/07/2023,voter,AW,UNA,O,UN,F,Age 18 - 25,1,11/27/2023
330390,RANDOLPH,11/07/2023,voter,TT,UNA,O,UN,M,Age 41 - 65,1,11/27/2023
330504,RANDOLPH,11/07/2023,voter,AE,DEM,U,UN,U,Age 26 - 40,4,11/27/2023
330589,RANDOLPH,11/07/2023,voter,RM,REP,B,UN,F,Age Over 66,1,11/27/2023
330649,RANDOLPH,11/07/2023,voter,AW,REP,W,NL,F,Age 18 - 25,6,11/27/2023
330672,RANDOLPH,11/07/2023,voter,NM,REP,W,NL,F,Age 26 - 40,55,11/27/2023
330749,RANDOLPH,11/07/2023,voter,AS,UNA,W,NL,F,Age 18 - 25,8,11/27/2023
330903,RANDOLPH,11/07/2023,voter,AW,DEM,U,UN,F,Age 41 - 65,3,11/27/2023
331004,RANDOLPH,11/07/2023,voter,RN,UNA,A,UN,F,Age Over 66,1,11/27/2023
331028,RANDOLPH,11/07/2023,voter,TR,UNA,B,UN,F,Age Over 66,2,11/27/2023
331112,RANDOLPH,11/07/2023,voter,AS,REP,B,UN,M,Age 18 - 25,2,11/27/2023
331351,RANDOLPH,11/07/2023,voter,TR,UNA,O,HL,U,Age 26 - 40,2,11/27/2023
331389,RANDOLPH,11/07/2023,voter,AR,DEM,A,NL,M,Age 41 - 65,1,11/27/2023
331675,RANDOLPH,11/07/2023,voter,AW,LIB,U,UN,F,Age Over 66,1,11/27/2023
331700,RANDOLPH,11/07/2023,voter,BC,UNA,M,HL,F,Age 26 - 40,1,11/27/2023
331755,RANDOLPH,11/07/2023,voter,ST,REP,W,UN,F,Age Over 66,18,11/27/2023
331833,RANDOLPH,11/07/2023,voter,AR,UNA,A,NL,F,Age 26 - 40,10,11/27/2023
331834,RANDOLPH,11/07/2023,voter,BC,UNA,W,UN,F,Age 18 - 25,44,11/27/2023
331851,RANDOLPH,11/07/2023,voter,NM,DEM,W,NL,F,Age Over 66,25,11/27/2023
331861,RANDOLPH,11/07/2023,voter,AW,DEM,W,HL,F,Age 41 - 65,2,11/27/2023
331889,RANDOLPH,11/07/2023,voter,AR,DEM,B,UN,F,Age 26 - 40,3,11/27/2023
331942,RANDOLPH,11/07/2023,voter,DR,DEM,B,UN,M,Age 18 - 25,5,11/27/2023
331987,RANDOLPH,11/07/2023,voter,AR,UNA,O,NL,M,Age 41 - 65,8,11/27/2023
332004,RANDOLPH,11/07/2023,voter,UG,DEM,U,UN,U,Age 26 - 40,4,11/27/2023
332008,RANDOLPH,11/07/2023,voter,LC,UNA,U,UN,U,Age 18 - 25,7,11/27/2023
332063,RANDOLPH,11/07/2023,voter,RN,DEM,O,HL,M,Age 26 - 40,3,11/27/2023
332171,RANDOLPH,11/07/2023,voter,AN,DEM,U,UN,U,Age 18 - 25,7,11/27/2023
332285,RANDOLPH,11/07/2023,voter,AN,LIB,U,HL,F,Age 41 - 65,1,11/27/2023
332290,RANDOLPH,11/07/2023,voter,AN,UNA,A,NL,M,Age 41 - 65,1,11/27/2023
332560,RANDOLPH,11/07/2023,voter,AR,DEM,W,NL,F,Age 41 - 65,28,11/27/2023
332637,RANDOLPH,11/07/2023,voter,RN,UNA,O,HL,F,Age 18 - 25,18,11/27/2023
332708,RANDOLPH,11/07/2023,voter,,LIB,W,NL,M,Age 41 - 65,2,11/27/2023
332718,RANDOLPH,11/07/2023,voter,AW,UNA,O,UN,M,Age 18 - 25,3,11/27/2023
332777,RANDOLPH,11/07/2023,voter,RM,UNA,O,UN,M,Age 26 - 40,3,11/27/2023
332793,RANDOLPH,11/07/2023,voter,DR,UNA,W,NL,M,Age 18 - 25,9,11/27/2023
332798,RANDOLPH,11/07/2023,voter,AE,REP,W,NL,F,Age 18 - 25,6,11/27/2023
332864,RANDOLPH,11/07/2023,voter,AN,REP,B,UN,M,Age 41 - 65,2,11/27/2023
332869,RANDOLPH,11/07/2023,voter,SO,REP,B,NL,F,Age 41 - 65,1,11/27/2023
332887,RANDOLPH,11/07/2023,voter,RM,REP,U,HL,F,Age 41 - 65,3,11/27/2023
332889,RANDOLPH,11/07/2023,voter,SW,REP,U,UN,U,Age 18 - 25,2,11/27/2023
332917,RANDOLPH,11/07/2023,voter,AE,UNA,O,HL,M,Age 18 - 25,21,11/27/2023
332948,RANDOLPH,11/07/2023,voter,GR,UNA,U,UN,F,Age 18 - 25,5,11/27/2023
332970,RANDOLPH,11/07/2023,voter,LB,UNA,W,UN,M,Age 18 - 25,22,11/27/2023
332975,RANDOLPH,11/07/2023,voter,RN,DEM,U,UN,F,Age 26 - 40,1,11/27/2023
333215,RANDOLPH,11/07/2023,voter,GR,REP,W,UN,M,Age 18 - 25,64,11/27/2023
333411,RANDOLPH,11/07/2023,voter,AN,DEM,U,UN,U,Age 18 - 25,5,11/27/2023
333491,RANDOLPH,11/07/2023,voter,AS,UNA,O,NL,M,Age 41 - 65,1,11/27/2023
333515,RANDOLPH,11/07/2023,voter,SW,DEM,U,UN,U,Age 41 - 65,2,11/27/2023
333666,RANDOLPH,11/07/2023,voter,NM,DEM,W,NL,F,Age 26 - 40,13,11/27/2023
333690,RANDOLPH,11/07/2023,voter,LC,DEM,B,UN,F,Age 41 - 65,3,11/27/2023
333836,RANDOLPH,11/07/2023,voter,AS,REP,O,HL,F,Age Over 66,2,11/27/2023
333852,RANDOLPH,11/07/2023,voter,,REP,W,UN,M,Age 26 - 40,48,11/27/2023
333902,RANDOLPH,11/07/2023,voter,SW,REP,O,UN,M,Age Over 66,1,11/27/2023
334012,RANDOLPH,11/07/2023,voter,NM,UNA,O,HL,M,Age 26 - 40,3,11/27/2023
334106,RANDOLPH,11/07/2023,voter,AN,REP,U,UN,F,Age Over 66,1,11/27/2023
334197,RANDOLPH,11/07/2023,voter,SO,REP,W,NL,M,Age 41 - 65,214,11/27/2023
334338,RANDOLPH,11/07/2023,voter,AW,DEM,W,UN,M,Age 26 - 40,2,11/27/2023
334495,RANDOLPH,11/07/2023,voter,SO,DEM,W,UN,F,Age 41 - 65,3,11/27/2023
334735,RANDOLPH,11/07/2023,voter,RN,DEM,W,UN,F,Age Over 66,11,11/27/2023
334779,RANDOLPH,11/07/2023,voter,RM,UNA,W,NL,F,Age 18 - 25,15,11/27/2023
334959,RANDOLPH,11/07/2023,voter,AE,UNA,U,HL,F,Age 26 - 40,2,11/27/2023
335010,RANDOLPH,11/07/2023,voter,UG,DEM,U,HL,M,Age 41 - 65,1,11/27/2023
335164,RANDOLPH,11/07/2023,voter,TR,REP,W,UN,U,Age Over 66,2,11/27/2023
335253,RANDOLPH,11/07/2023,voter,TR,UNA,O,NL,M,Age 18 - 25,4,11/27/2023
335344,RANDOLPH,11/07/2023,voter,TR,UNA,O,NL,F,Age Over 66,1,11/27/2023
335390,RANDOLPH,11/07/2023,voter,AR,DEM,A,UN,F,Age 41 - 65,4,11/27/2023
335505,RANDOLPH,11/07/2023,voter,AN,REP,A,UN,F,Age 26 - 40,1,11/27/2023
335553,RANDOLPH,11/07/2023,voter,UG,DEM,O,UN,F,Age 26 - 40,1,11/27/2023
335573,RANDOLPH,11/07/2023,voter,TB,REP,U,NL,F,Age 26 - 40,1,11/27/2023
335638,RANDOLPH,11/07/2023,voter,RN,DEM,W,NL,F,Age 18 - 25,4,11/27/2023
335711,RANDOLPH,11/07/2023,voter,LC,REP,W,HL,F,Age Over 66,1,11/27/2023
335742,RANDOLPH,11/07/2023,voter,TT,LIB,W,UN,M,Age 18 - 25,1,11/27/2023
335795,RANDOLPH,11/07/2023,voter,RN,UNA,B,NL,M,Age 26 - 40,6,11/27/2023
335839,RANDOLPH,11/07/2023,voter,AE,UNA,U,HL,M,Age Over 66,3,11/27/2023
335870,RANDOLPH,11/07/2023,voter,BC,DEM,W,UN,F,Age 18 - 25,3,11/27/2023
335946,RANDOLPH,11/07/2023,voter,AW,DEM,O,HL,M,Age 18 - 25,11,11/27/2023
335968,RANDOLPH,11/07/2023,voter,AR,UNA,A,UN,M,Age 26 - 40,4,11/27/2023
336154,RANDOLPH,11/07/2023,voter,ST,REP,I,NL,F,Age 41 - 65,1,11/27/2023
336186,RANDOLPH,11/07/2023,voter,TR,REP,A,UN,M,Age Over 66,1,11/27/2023
336195,RANDOLPH,11/07/2023,voter,AS,REP,W,NL,M,Age Over 66,104,11/27/2023
336274,RANDOLPH,11/07/2023,voter,GR,DEM,W,HL,M,Age 26 - 40,1,11/27/2023
336307,RANDOLPH,11/07/2023,voter,AR,UNA,A,UN,F,Age 18 - 25,1,11/27/2023
336364,RANDOLPH,11/07/2023,voter,TR,UNA,U,HL,M,Age 26 - 40,1,11/27/2023
336661,RANDOLPH,11/07/2023,voter,UG,DEM,A,UN,F,Age 18 - 25,2,11/27/2023
336684,RANDOLPH,11/07/2023,voter,SE,UNA,U,UN,U,Age Over 66,2,11/27/2023
336750,RANDOLPH,11/07/2023,voter,UG,REP,W,NL,F,Age 41 - 65,237,11/27/2023
336817,RANDOLPH,11/07/2023,voter,RM,DEM,B,UN,M,Age 26 - 40,11,11/27/2023
336838,RANDOLPH,11/07/2023,voter,TR,DEM,U,UN,U,Age 26 - 40,2,11/27/2023
336874,RANDOLPH,11/07/2023,voter,AR,LIB,W,NL,F,Age 26 - 40,1,11/27/2023
336890,RANDOLPH,11/07/2023,voter,AW,UNA,B,NL,M,Age 26 - 40,5,11/27/2023
336892,RANDOLPH,11/07/2023,voter,ST,DEM,W,UN,M,Age 26 - 40,1,11/27/2023
337008,RANDOLPH,11/07/2023,voter,TR,REP,W,NL,U,Age 18 - 25,2,11/27/2023
337012,RANDOLPH,11/07/2023,voter,TR,LIB,W,NL,M,Age Over 66,1,11/27/2023
337044,RANDOLPH,11/07/2023,voter,AW,DEM,W,UN,F,Age 41 - 65,17,11/27/2023
337191,RANDOLPH,11/07/2023,voter,AE,REP,I,HL,F,Age 41 - 65,1,11/27/2023
337227,RANDOLPH,11/07/2023,voter,NM,DEM,U,UN,F,Age 41 - 65,1,11/27/2023
337302,RANDOLPH,11/07/2023,voter,AE,LIB,O,NL,F,Age 18 - 25,1,11/27/2023
337357,RANDOLPH,11/07/2023,voter,GR,UNA,B,NL,F,Age Over 66,1,11/27/2023
337366,RANDOLPH,11/07/2023,voter,RM,REP,W,UN,U,Age 41 - 65,1,11/27/2023
337423,RANDOLPH,11/07/2023,voter,ST,DEM,U,UN,U,Age 18 - 25,2,11/27/2023
337443,RANDOLPH,11/07/2023,voter,AW,UNA,U,UN,U,Age 18 - 25,9,11/27/2023
337473,RANDOLPH,11/07/2023,voter,TR,UNA,W,UN,F,Age Over 66,6,11/27/2023
337556,RANDOLPH,11/07/2023,voter,BC,REP,O,HL,M,Age 41 - 65,2,11/27/2023
337559,RANDOLPH,11/07/2023,voter,,REP,W,NL,F,Age 26 - 40,103,11/27/2023
337614,RANDOLPH,11/07/2023,voter,SO,DEM,W,UN,F,Age 41 - 65,17,11/27/2023
337645,RANDOLPH,11/07/2023,voter,AR,DEM,U,UN,U,Age Over 66,3,11/27/2023
337788,RANDOLPH,11/07/2023,voter,AN,UNA,A,UN,F,Age 18 - 25,1,11/27/2023
337816,RANDOLPH,11/07/2023,voter,AW,LIB,W,UN,M,Age 18 - 25,1,11/27/2023
337820,RANDOLPH,11/07/2023,voter,AN,REP,U,UN,U,Age 26 - 40,9,11/27/2023
337844,RANDOLPH,11/07/2023,voter,AN,REP,U,HL,M,Age 18 - 25,1,11/27/2023
337873,RANDOLPH,11/07/2023,voter,AN,UNA,A,UN,M,Age 41 - 65,1,11/27/2023
337954,RANDOLPH,11/07/2023,voter,ST,REP,I,NL,M,Age Over 66,1,11/27/2023
337993,RANDOLPH,11/07/2023,voter,LC,DEM,W,UN,M,Age 41 - 65,10,11/27/2023
338059,RANDOLPH,11/07/2023,voter,ST,UNA,W,NL,U,Age 26 - 40,4,11/27/2023
338326,RANDOLPH,11/07/2023,voter,TR,UNA,U,NL,M,Age 18 - 25,1,11/27/2023
338340,RANDOLPH,11/07/2023,voter,AW,DEM,B,NL,U,Age 18 - 25,2,11/27/2023
338440,RANDOLPH,11/07/2023,voter,AR,DEM,W,NL,M,Age Over 66,40,11/27/2023
338619,RANDOLPH,11/07/2023,voter,NM,DEM,U,UN,F,Age 26 - 40,1,11/27/2023
338631,RANDOLPH,11/07/2023,voter,TT,DEM,W,UN,F,Age Over 66,8,11/27/2023
338732,RANDOLPH,11/07/2023,voter,SO,UNA,O,UN,M,Age 18 - 25,2,11/27/2023
338810,RANDOLPH,11/07/2023,voter,SE,UNA,U,UN,U,Age 18 - 25,1,11/27/2023
338822,RANDOLPH,11/07/2023,voter,,DEM,O,HL,M,Age 41 - 65,1,11/27/2023
338833,RANDOLPH,11/07/2023,voter,NM,UNA,W,NL,F,Age 26 - 40,60,11/27/2023
338847,RANDOLPH,11/07/2023,voter,TR,UNA,B,UN,M,Age 41 - 65,1,11/27/2023
338851,RANDOLPH,11/07/2023,voter,AR,REP,U,UN,M,Age 41 - 65,7,11/27/2023
338852,RANDOLPH,11/07/2023,voter,TT,REP,W,NL,U,Age 41 - 65,10,11/27/2023
339126,RANDOLPH,11/07/2023,voter,AW,REP,U,UN,U,Age 18 - 25,4,11/27/2023
339214,RANDOLPH,11/07/2023,voter,AW,UNA,I,HL,M,Age 26 - 40,1,11/27/2023
339300,RANDOLPH,11/07/2023,voter,DR,REP,I,UN,M,Age Over 66,1,11/27/2023
339347,RANDOLPH,11/07/2023,voter,AN,REP,W,HL,M,Age 18 - 25,2,11/27/2023
339630,RANDOLPH,11/07/2023,voter,AS,REP,O,HL,F,Age 41 - 65,1,11/27/2023
339696,RANDOLPH,11/07/2023,voter,,DEM,O,HL,M,Age 26 - 40,1,11/27/2023
339714,RANDOLPH,11/07/2023,voter,BC,DEM,W,NL,M,Age 26 - 40,8,11/27/2023
339817,RANDOLPH,11/07/2023,voter,UG,REP,W,NL,M,Age Over 66,160,11/27/2023
339840,RANDOLPH,11/07/2023,voter,AR,UNA,I,UN,M,Age 41 - 65,1,11/27/2023
339938,RANDOLPH,11/07/2023,voter,LB,UNA,W,UN,U,Age Over 66,1,11/27/2023
339961,RANDOLPH,11/07/2023,voter,AW,LIB,W,UN,M,Age Over 66,1,11/27/2023
339962,RANDOLPH,11/07/2023,voter,LC,REP,W,NL,F,Age Over 66,131,11/27/2023
340134,RANDOLPH,11/07/2023,voter,AS,REP,O,HL,F,Age 26 - 40,3,11/27/2023
340150,RANDOLPH,11/07/2023,voter,TR,REP,M,UN,F,Age 41 - 65,1,11/27/2023
340212,RANDOLPH,11/07/2023,voter,UG,UNA,U,HL,F,Age Over 66,1,11/27/2023
340447,RANDOLPH,11/07/2023,voter,AN,UNA,W,NL,M,Age Over 66,25,11/27/2023
340531,RANDOLPH,11/07/2023,voter,DR,UNA,W,HL,F,Age 26 - 40,1,11/27/2023
340636,RANDOLPH,11/07/2023,voter,DR,DEM,U,UN,U,Age 41 - 65,4,11/27/2023
340678,RANDOLPH,11/07/2023,voter,TT,REP,U,UN,M,Age 26 - 40,6,11/27/2023
340713,RANDOLPH,11/07/2023,voter,RM,REP,W,NL,U,Age 41 - 65,4,11/27/2023
340796,RANDOLPH,11/07/2023,voter,AW,REP,W,NL,F,Age 26 - 40,16,11/27/2023
340860,RANDOLPH,11/07/2023,voter,AR,UNA,U,UN,F,Age 41 - 65,1,11/27/2023
340912,RANDOLPH,11/07/2023,voter,SE,LIB,B,NL,M,Age 18 - 25,1,11/27/2023
340936,RANDOLPH,11/07/2023,voter,,UNA,B,UN,M,Age 41 - 65,2,11/27/2023
341085,RANDOLPH,11/07/2023,voter,TR,UNA,O,UN,M,Age 41 - 65,1,11/27/2023
341104,RANDOLPH,11/07/2023,voter,TB,DEM,B,UN,M,Age 41 - 65,2,11/27/2023
341134,RANDOLPH,11/07/2023,voter,AR,REP,O,HL,F,Age 26 - 40,1,11/27/2023
341263,RANDOLPH,11/07/2023,voter,AR,LIB,W,UN,M,Age 41 - 65,1,11/27/2023
341267,RANDOLPH,11/07/2023,voter,UG,DEM,W,HL,F,Age 41 - 65,1,11/27/2023
341274,RANDOLPH,11/07/2023,voter,UG,UNA,U,NL,M,Age 18 - 25,1,11/27/2023
341313,RANDOLPH,11/07/2023,voter,UG,UNA,W,UN,M,Age Over 66,10,11/27/2023
341388,RANDOLPH,11/07/2023,voter,UG,REP,O,HL,M,Age 26 - 40,1,11/27/2023
341424,RANDOLPH,11/07/2023,voter,AN,UNA,B,NL,M,Age 18 - 25,2,11/27/2023
341495,RANDOLPH,11/07/2023,voter,NM,DEM,I,HL,F,Age 18 - 25,1,11/27/2023
341595,RANDOLPH,11/07/2023,voter,GR,DEM,U,HL,M,Age 41 - 65,2,11/27/2023
341679,RANDOLPH,11/07/2023,voter,TR,DEM,W,NL,U,Age 41 - 65,3,11/27/2023
341923,RANDOLPH,11/07/2023,voter,UG,UNA,U,UN,M,Age Over 66,1,11/27/2023
342059,RANDOLPH,11/07/2023,voter,RM,DEM,B,UN,F,Age 18 - 25,2,11/27/2023
342092,RANDOLPH,11/07/2023,voter,AS,DEM,O,HL,F,Age Over 66,1,11/27/2023
342153,RANDOLPH,11/07/2023,voter,,REP,W,NL,M,Age Over 66,130,11/27/2023
342178,RANDOLPH,11/07/2023,voter,AS,UNA,W,UN,M,Age Over 66,13,11/27/2023
342310,RANDOLPH,11/07/2023,voter,,LIB,W,NL,M,Age 26 - 40,3,11/27/2023
342342,RANDOLPH,11/07/2023,voter,AS,REP,W,UN,F,Age 41 - 65,44,11/27/2023
342422,RANDOLPH,11/07/2023,voter,SE,UNA,W,UN,M,Age 41 - 65,25,11/27/2023
342476,RANDOLPH,11/07/2023,voter,LC,DEM,W,NL,U,Age 18 - 25,1,11/27/2023
342578,RANDOLPH,11/07/2023,voter,LC,UNA,W,HL,M,Age 26 - 40,1,11/27/2023
342582,RANDOLPH,11/07/2023,voter,RN,UNA,B,NL,M,Age 41 - 65,8,11/27/2023
342595,RANDOLPH,11/07/2023,voter,RN,UNA,B,NL,M,Age Over 66,1,11/27/2023
342714,RANDOLPH,11/07/2023,voter,SE,UNA,W,NL,F,Age 41 - 65,11,11/27/2023
342771,RANDOLPH,11/07/2023,voter,AE,DEM,W,NL,F,Age 26 - 40,11,11/27/2023
342914,RANDOLPH,11/07/2023,voter,LB,UNA,U,UN,M,Age 18 - 25,5,11/27/2023
342961,RANDOLPH,11/07/2023,voter,UG,DEM,A,UN,M,Age 18 - 25,1,11/27/2023
343046,RANDOLPH,11/07/2023,voter,RN,REP,W,NL,U,Age 41 - 65,9,11/27/2023
343070,RANDOLPH,11/07/2023,voter,AW,UNA,W,UN,M,Age 18 - 25,15,11/27/2023
343104,RANDOLPH,11/07/2023,voter,AW,DEM,U,UN,F,Age 18 - 25,2,11/27/2023
343121,RANDOLPH,11/07/2023,voter,ST,UNA,W,UN,F,Age 41 - 65,24,11/27/2023
343134,RANDOLPH,11/07/2023,voter,AN,REP,W,UN,F,Age Over 66,42,11/27/2023
343193,RANDOLPH,11/07/2023,voter,UG,UNA,W,UN,U,Age 41 - 65,1,11/27/2023
343246,RANDOLPH,11/07/2023,voter,ST,UNA,W,NL,U,Age 41 - 65,1,11/27/2023
343318,RANDOLPH,11/07/2023,voter,TT,UNA,U,UN,U,Age 26 - 40,21,11/27/2023
343319,RANDOLPH,11/07/2023,voter,LC,UNA,O,UN,F,Age 26 - 40,1,11/27/2023
343345,RANDOLPH,11/07/2023,voter,AR,REP,A,NL,M,Age Over 66,2,11/27/2023
343509,RANDOLPH,11/07/2023,voter,RM,DEM,O,UN,F,Age 18 - 25,2,11/27/2023
343581,RANDOLPH,11/07/2023,voter,DR,DEM,W,HL,F,Age 26 - 40,5,11/27/2023
343607,RANDOLPH,11/07/2023,voter,BC,DEM,O,HL,F,Age 41 - 65,2,11/27/2023
343636,RANDOLPH,11/07/2023,voter,RM,NLB,W,NL,M,Age 41 - 65,1,11/27/2023
343788,RANDOLPH,11/07/2023,voter,AW,UNA,W,UN,M,Age 26 - 40,28,11/27/2023
343822,RANDOLPH,11/07/2023,voter,UG,DEM,O,HL,F,Age 26 - 40,1,11/27/2023
343867,RANDOLPH,11/07/2023,voter,AN,UNA,U,UN,M,Age 26 - 40,5,11/27/2023
343874,RANDOLPH,11/07/2023,voter,AR,UNA,I,UN,F,Age 18 - 25,1,11/27/2023
343927,RANDOLPH,11/07/2023,voter,UG,REP,U,UN,M,Age 18 - 25,1,11/27/2023
344038,RANDOLPH,11/07/2023,voter,AE,UNA,B,NL,M,Age Over 66,1,11/27/2023
344343,RANDOLPH,11/07/2023,voter,AE,UNA,W,NL,F,Age Over 66,33,11/27/2023
344396,RANDOLPH,11/07/2023,voter,ST,LIB,O,HL,M,Age 18 - 25,1,11/27/2023
344457,RANDOLPH,11/07/2023,voter,UG,LIB,U,UN,U,Age 18 - 25,1,11/27/2023
344462,RANDOLPH,11/07/2023,voter,UG,UNA,W,NL,M,Age 18 - 25,21,11/27/2023
344610,RANDOLPH,11/07/2023,voter,SW,UNA,W,UN,M,Age 18 - 25,5,11/27/2023
344811,RANDOLPH,11/07/2023,voter,,REP,W,UN,F,Age 26 - 40,34,11/27/2023
344963,RANDOLPH,11/07/2023,voter,AE,UNA,A,UN,M,Age Over 66,1,11/27/2023
345010,RANDOLPH,11/07/2023,voter,AS,UNA,B,UN,M,Age 26 - 40,4,11/27/2023
345092,RANDOLPH,11/07/2023,voter,UG,REP,U,UN,F,Age Over 66,1,11/27/2023
345107,RANDOLPH,11/07/2023,voter,AR,UNA,W,UN,M,Age Over 66,13,11/27/2023
345178,RANDOLPH,11/07/2023,voter,,REP,U,UN,M,Age Over 66,2,11/27/2023
345179,RANDOLPH,11/07/2023,voter,AN,UNA,O,NL,M,Age 18 - 25,2,11/27/2023
345208,RANDOLPH,11/07/2023,voter,TR,DEM,U,UN,U,Age 18 - 25,6,11/27/2023
345252,RANDOLPH,11/07/2023,voter,AS,DEM,M,UN,M,Age 18 - 25,1,11/27/2023
345384,RANDOLPH,11/07/2023,voter,AW,UNA,W,UN,F,Age 26 - 40,34,11/27/2023
345609,RANDOLPH,11/07/2023,voter,AW,REP,U,UN,U,Age 41 - 65,7,11/27/2023
345706,RANDOLPH,11/07/2023,voter,NM,DEM,W,HL,F,Age 41 - 65,1,11/27/2023
345752,RANDOLPH,11/07/2023,voter,UG,UNA,W,NL,F,Age 26 - 40,44,11/27/2023
345754,RANDOLPH,11/07/2023,voter,TR,UNA,I,UN,U,Age 26 - 40,1,11/27/2023
345858,RANDOLPH,11/07/2023,voter,AS,UNA,A,NL,M,Age 18 - 25,1,11/27/2023
345859,RANDOLPH,11/07/2023,voter,RM,UNA,I,UN,M,Age 26 - 40,1,11/27/2023
345933,RANDOLPH,11/07/2023,voter,TR,UNA,W,UN,F,Age 41 - 65,35,11/27/2023
345936,RANDOLPH,11/07/2023,voter,DR,UNA,U,UN,U,Age 26 - 40,19,11/27/2023
346031,RANDOLPH,11/07/2023,voter,TR,DEM,O,NL,M,Age 41 - 65,2,11/27/2023
346097,RANDOLPH,11/07/2023,voter,DR,DEM,U,HL,F,Age 26 - 40,4,11/27/2023
346223,RANDOLPH,11/07/2023,voter,AS,DEM,B,NL,M,Age 18 - 25,4,11/27/2023
346285,RANDOLPH,11/07/2023,voter,GR,REP,U,HL,M,Age 18 - 25,3,11/27/2023
346494,RANDOLPH,11/07/2023,voter,RN,UNA,O,NL,M,Age 26 - 40,2,11/27/2023
346502,RANDOLPH,11/07/2023,voter,UG,LIB,O,UN,M,Age 18 - 25,1,11/27/2023
346689,RANDOLPH,11/07/2023,voter,,DEM,B,UN,F,Age 41 - 65,3,11/27/2023
346730,RANDOLPH,11/07/2023,voter,RN,DEM,W,HL,F,Age 18 - 25,1,11/27/2023
346753,RANDOLPH,11/07/2023,voter,AR,UNA,W,NL,M,Age 26 - 40,43,11/27/2023
346882,RANDOLPH,11/07/2023,voter,GR,UNA,U,UN,M,Age 41 - 65,4,11/27/2023
346961,RANDOLPH,11/07/2023,voter,UG,UNA,U,UN,U,Age 18 - 25,8,11/27/2023
346979,RANDOLPH,11/07/2023,voter,,UNA,W,UN,F,Age Over 66,16,11/27/2023
347002,RANDOLPH,11/07/2023,voter,BC,UNA,W,UN,M,Age 26 - 40,41,11/27/2023
347023,RANDOLPH,11/07/2023,voter,AS,DEM,W,NL,M,Age Over 66,38,11/27/2023
347224,RANDOLPH,11/07/2023,voter,RN,UNA,M,NL,M,Age 41 - 65,1,11/27/2023
347253,RANDOLPH,11/07/2023,voter,TR,REP,W,NL,U,Age 41 - 65,5,11/27/2023
347280,RANDOLPH,11/07/2023,voter,ST,UNA,B,NL,M,Age 18 - 25,1,11/27/2023
347299,RANDOLPH,11/07/2023,voter,AW,DEM,W,NL,M,Age 18 - 25,2,11/27/2023
347399,RANDOLPH,11/07/2023,voter,AS,REP,W,UN,F,Age 18 - 25,16,11/27/2023
347435,RANDOLPH,11/07/2023,voter,AN,UNA,A,NL,M,Age 26 - 40,1,11/27/2023
347468,RANDOLPH,11/07/2023,voter,RN,UNA,W,NL,M,Age 41 - 65,45,11/27/2023
347477,RANDOLPH,11/07/2023,voter,AN,REP,W,HL,M,Age 18 - 25,1,11/27/2023
347792,RANDOLPH,11/07/2023,voter,ST,UNA,A,UN,M,Age 41 - 65,1,11/27/2023
347874,RANDOLPH,11/07/2023,voter,GR,REP,U,UN,F,Age Over 66,3,11/27/2023
347956,RANDOLPH,11/07/2023,voter,TR,REP,W,UN,M,Age 26 - 40,23,11/27/2023
348130,RANDOLPH,11/07/2023,voter,UG,REP,A,NL,F,Age Over 66,1,11/27/2023
348318,RANDOLPH,11/07/2023,voter,TB,REP,W,NL,U,Age 26 - 40,10,11/27/2023
348398,RANDOLPH,11/07/2023,voter,AW,UNA,W,NL,U,Age 26 - 40,2,11/27/2023
348424,RANDOLPH,11/07/2023,voter,DR,UNA,U,HL,M,Age Over 66,1,11/27/2023
348765,RANDOLPH,11/07/2023,voter,LC,LIB,W,NL,F,Age 26 - 40,1,11/27/2023
348796,RANDOLPH,11/07/2023,voter,ST,DEM,B,HL,M,Age 18 - 25,1,11/27/2023
348797,RANDOLPH,11/07/2023,voter,SO,UNA,W,UN,U,Age 41 - 65,1,11/27/2023
349043,RANDOLPH,11/07/2023,voter,AR,DEM,B,NL,F,Age 18 - 25,6,11/27/2023
349145,RANDOLPH,11/07/2023,voter,TR,DEM,B,NL,M,Age 18 - 25,2,11/27/2023
349172,RANDOLPH,11/07/2023,voter,SO,UNA,B,UN,M,Age 18 - 25,2,11/27/2023
349255,RANDOLPH,11/07/2023,voter,AW,UNA,W,HL,F,Age 41 - 65,1,11/27/2023
349276,RANDOLPH,11/07/2023,voter,SW,REP,W,NL,F,Age 41 - 65,61,11/27/2023
349290,RANDOLPH,11/07/2023,voter,AS,DEM,A,UN,M,Age 26 - 40,1,11/27/2023
349323,RANDOLPH,11/07/2023,voter,UG,REP,I,NL,F,Age 41 - 65,1,11/27/2023
349543,RANDOLPH,11/07/2023,voter,,DEM,W,UN,F,Age Over 66,8,11/27/2023
349546,RANDOLPH,11/07/2023,voter,RN,UNA,B,NL,F,Age 18 - 25,1,11/27/2023
349606,RANDOLPH,11/07/2023,voter,LB,REP,U,UN,U,Age 18 - 25,10,11/27/2023
349699,RANDOLPH,11/07/2023,voter,NM,DEM,W,UN,M,Age 18 - 25,3,11/27/2023
349911,RANDOLPH,11/07/2023,voter,,DEM,W,NL,F,Age 18 - 25,4,11/27/2023
349936,RANDOLPH,11/07/2023,voter,AE,UNA,A,UN,F,Age 41 - 65,1,11/27/2023
349989,RANDOLPH,11/07/2023,voter,SW,UNA,U,UN,F,Age 26 - 40,1,11/27/2023
350000,RANDOLPH,11/07/2023,voter,AS,REP,O,HL,M,Age 18 - 25,4,11/27/2023
350010,RANDOLPH,11/07/2023,voter,DR,DEM,B,HL,M,Age 18 - 25,1,11/27/2023
350168,RANDOLPH,11/07/2023,voter,NM,UNA,B,NL,M,Age 26 - 40,2,11/27/2023
350353,RANDOLPH,11/07/2023,voter,RM,DEM,W,NL,F,Age 18 - 25,5,11/27/2023
350375,RANDOLPH,11/07/2023,voter,AR,REP,U,UN,F,Age 18 - 25,1,11/27/2023
350396,RANDOLPH,11/07/2023,voter,AS,DEM,B,NL,M,Age 41 - 65,9,11/27/2023
350415,RANDOLPH,11/07/2023,voter,GR,DEM,O,UN,F,Age 26 - 40,1,11/27/2023
350434,RANDOLPH,11/07/2023,voter,AW,DEM,O,HL,F,Age 18 - 25,15,11/27/2023
350542,RANDOLPH,11/07/2023,voter,AW,UNA,U,NL,F,Age 41 - 65,1,11/27/2023
351073,RANDOLPH,11/07/2023,voter,RN,DEM,U,HL,M,Age Over 66,1,11/27/2023
351239,RANDOLPH,11/07/2023,voter,AE,DEM,W,UN,F,Age Over 66,16,11/27/2023
351260,RANDOLPH,11/07/2023,voter,RM,DEM,M,UN,M,Age 26 - 40,1,11/27/2023
351333,RANDOLPH,11/07/2023,voter,SO,UNA,U,UN,U,Age 41 - 65,12,11/27/2023
351414,RANDOLPH,11/07/2023,voter,GR,REP,W,UN,F,Age Over 66,70,11/27/2023
351615,RANDOLPH,11/07/2023,voter,LB,DEM,A,UN,M,Age Over 66,1,11/27/2023
351655,RANDOLPH,11/07/2023,voter,RN,DEM,B,UN,F,Age 18 - 25,4,11/27/2023
351745,RANDOLPH,11/07/2023,voter,ST,UNA,O,NL,M,Age 18 - 25,2,11/27/2023
351776,RANDOLPH,11/07/2023,voter,BC,REP,U,UN,U,Age 26 - 40,19,11/27/2023
351779,RANDOLPH,11/07/2023,voter,AN,DEM,W,NL,F,Age 41 - 65,20,11/27/2023
351994,RANDOLPH,11/07/2023,voter,,REP,U,UN,U,Age 41 - 65,29,11/27/2023
352009,RANDOLPH,11/07/2023,voter,AS,DEM,W,NL,U,Age 26 - 40,2,11/27/2023
352042,RANDOLPH,11/07/2023,voter,AN,UNA,A,NL,M,Age 41 - 65,1,11/27/2023
352061,RANDOLPH,11/07/2023,voter,RN,UNA,W,NL,M,Age 26 - 40,23,11/27/2023
352194,RANDOLPH,11/07/2023,voter,AS,UNA,A,NL,F,Age 41 - 65,2,11/27/2023
352486,RANDOLPH,11/07/2023,voter,AS,REP,U,UN,M,Age 41 - 65,1,11/27/2023
352524,RANDOLPH,11/07/2023,voter,RN,REP,O,HL,M,Age 18 - 25,1,11/27/2023
352543,RANDOLPH,11/07/2023,voter,SO,REP,W,UN,U,Age Over 66,1,11/27/2023
352544,RANDOLPH,11/07/2023,voter,TB,UNA,M,NL,F,Age 26 - 40,1,11/27/2023
352592,RANDOLPH,11/07/2023,voter,AE,REP,U,UN,M,Age 26 - 40,1,11/27/2023
352645,RANDOLPH,11/07/2023,voter,SO,UNA,W,UN,U,Age 41 - 65,1,11/27/2023
352663,RANDOLPH,11/07/2023,voter,AS,UNA,O,UN,M,Age 41 - 65,2,11/27/2023
352790,RANDOLPH,11/07/2023,voter,ST,REP,B,UN,M,Age 26 - 40,1,11/27/2023
352866,RANDOLPH,11/07/2023,voter,ST,UNA,U,NL,M,Age Over 66,2,11/27/2023
352886,RANDOLPH,11/07/2023,voter,BC,LIB,W,UN,M,Age 26 - 40,2,11/27/2023
352943,RANDOLPH,11/07/2023,voter,AN,REP,I,HL,M,Age 26 - 40,1,11/27/2023
352962,RANDOLPH,11/07/2023,voter,SE,DEM,U,UN,U,Age Over 66,2,11/27/2023
352983,RANDOLPH,11/07/2023,voter,AR,UNA,U,UN,M,Age 41 - 65,4,11/27/2023
353018,RANDOLPH,11/07/2023,voter,AN,DEM,O,HL,M,Age Over 66,3,11/27/2023
353078,RANDOLPH,11/07/2023,voter,AR,UNA,B,UN,F,Age 18 - 25,1,11/27/2023
353135,RANDOLPH,11/07/2023,voter,UG,DEM,U,HL,M,Age 18 - 25,1,11/27/2023
353199,RANDOLPH,11/07/2023,voter,AR,UNA,W,NL,U,Age Over 66,4,11/27/2023
353381,RANDOLPH,11/07/2023,voter,RM,DEM,W,UN,F,Age Over 66,11,11/27/2023
353417,RANDOLPH,11/07/2023,voter,TB,REP,A,NL,F,Age 41 - 65,1,11/27/2023
353457,RANDOLPH,11/07/2023,voter,DR,REP,O,HL,F,Age 26 - 40,3,11/27/2023
353625,RANDOLPH,11/07/2023,voter,TR,DEM,W,UN,F,Age 18 - 25,1,11/27/2023
353633,RANDOLPH,11/07/2023,voter,AE,REP,W,NL,U,Age 26 - 40,7,11/27/2023
353736,RANDOLPH,11/07/2023,voter,AS,DEM,O,NL,M,Age 41 - 65,1,11/27/2023
353753,RANDOLPH,11/07/2023,voter,NM,DEM,O,HL,M,Age 26 - 40,1,11/27/2023
353995,RANDOLPH,11/07/2023,voter,LB,DEM,B,UN,M,Age 41 - 65,23,11/27/2023
354003,RANDOLPH,11/07/2023,voter,AR,UNA,W,NL,F,Age 26 - 40,47,11/27/2023
354072,RANDOLPH,11/07/2023,voter,UG,UNA,U,HL,M,Age 41 - 65,2,11/27/2023
354082,RANDOLPH,11/07/2023,voter,TR,UNA,O,HL,M,Age 18 - 25,6,11/27/2023
354296,RANDOLPH,11/07/2023,voter,AR,UNA,A,UN,U,Age 26 - 40,1,11/27/2023
354384,RANDOLPH,11/07/2023,voter,GR,REP,B,UN,F,Age 18 - 25,1,11/27/2023
354393,RANDOLPH,11/07/2023,voter,AW,REP,W,HL,M,Age 41 - 65,2,11/27/2023
354398,RANDOLPH,11/07/2023,voter,GR,UNA,M,HL,M,Age 18 - 25,1,11/27/2023
354405,RANDOLPH,11/07/2023,voter,NM,DEM,O,HL,F,Age 18 - 25,1,11/27/2023
354747,RANDOLPH,11/07/2023,voter,NM,UNA,W,NL,F,Age 18 - 25,23,11/27/2023
354844,RANDOLPH,11/07/2023,voter,RN,UNA,O,NL,U,Age 41 - 65,1,11/27/2023
354882,RANDOLPH,11/07/2023,voter,TR,REP,W,UN,F,Age Over 66,47,11/27/2023
354910,RANDOLPH,11/07/2023,voter,TR,REP,W,NL,F,Age 18 - 25,69,11/27/2023
354918,RANDOLPH,11/07/2023,voter,LB,LIB,W,UN,F,Age 18 - 25,1,11/27/2023
354957,RANDOLPH,11/07/2023,voter,TB,DEM,W,NL,M,Age 41 - 65,24,11/27/2023
355131,RANDOLPH,11/07/2023,voter,SW,DEM,B,NL,F,Age Over 66,1,11/27/2023
355141,RANDOLPH,11/07/2023,voter,AR,DEM,O,UN,F,Age 41 - 65,1,11/27/2023
355306,RANDOLPH,11/07/2023,voter,SW,REP,W,NL,U,Age 41 - 65,3,11/27/2023
355346,RANDOLPH,11/07/2023,voter,AN,LIB,W,UN,M,Age 41 - 65,2,11/27/2023
355448,RANDOLPH,11/07/2023,voter,RM,UNA,W,NL,M,Age 41 - 65,79,11/27/2023
355465,RANDOLPH,11/07/2023,voter,AW,REP,U,UN,U,Age 26 - 40,2,11/27/2023
355515,RANDOLPH,11/07/2023,voter,AW,UNA,A,NL,F,Age Over 66,1,11/27/2023
355551,RANDOLPH,11/07/2023,voter,SO,DEM,O,HL,F,Age Over 66,1,11/27/2023
355564,RANDOLPH,11/07/2023,voter,ST,REP,O,NL,M,Age Over 66,1,11/27/2023
355708,RANDOLPH,11/07/2023,voter,SW,DEM,W,UN,M,Age Over 66,3,11/27/2023
355770,RANDOLPH,11/07/2023,voter,RN,REP,W,UN,U,Age 18 - 25,1,11/27/2023
355806,RANDOLPH,11/07/2023,voter,SW,DEM,W,NL,M,Age 18 - 25,1,11/27/2023
355859,RANDOLPH,11/07/2023,voter,ST,UNA,W,UN,M,Age 26 - 40,11,11/27/2023
356013,RANDOLPH,11/07/2023,voter,AR,UNA,B,UN,M,Age 26 - 40,1,11/27/2023
356169,RANDOLPH,11/07/2023,voter,DR,REP,W,UN,M,Age 26 - 40,32,11/27/2023
356184,RANDOLPH,11/07/2023,voter,,REP,I,UN,F,Age Over 66,1,11/27/2023
356236,RANDOLPH,11/07/2023,voter,SO,REP,B,NL,F,Age 41 - 65,1,11/27/2023
356246,RANDOLPH,11/07/2023,voter,TT,DEM,O,HL,M,Age 41 - 65,1,11/27/2023
356388,RANDOLPH,11/07/2023,voter,RN,UNA,I,NL,M,Age 41 - 65,1,11/27/2023
356572,RANDOLPH,11/07/2023,voter,AR,UNA,O,UN,M,Age 26 - 40,1,11/27/2023
356612,RANDOLPH,11/07/2023,voter,AR,UNA,O,UN,F,Age 18 - 25,3,11/27/2023
356786,RANDOLPH,11/07/2023,voter,AW,REP,B,UN,F,Age 26 - 40,1,11/27/2023
356939,RANDOLPH,11/07/2023,voter,NM,DEM,W,UN,U,Age 41 - 65,1,11/27/2023
356991,RANDOLPH,11/07/2023,voter,ST,UNA,W,NL,M,Age Over 66,33,11/27/2023
357186,RANDOLPH,11/07/2023,voter,UG,DEM,U,HL,F,Age 18 - 25,2,11/27/2023
357341,RANDOLPH,11/07/2023,voter,GR,UNA,M,HL,F,Age 26 - 40,1,11/27/2023
357401,RANDOLPH,11/07/2023,voter,AS,DEM,U,UN,U,Age 41 - 65,3,11/27/2023
357721,RANDOLPH,11/07/2023,voter,AR,UNA,W,NL,M,Age 41 - 65,68,11/27/2023
357771,RANDOLPH,11/07/2023,voter,AS,REP,W,UN,M,Age 41 - 65,42,11/27/2023
357890,RANDOLPH,11/07/2023,voter,AR,UNA,A,NL,M,Age 41 - 65,2,11/27/2023
357975,RANDOLPH,11/07/2023,voter,AR,DEM,O,NL,F,Age 18 - 25,3,11/27/2023
358054,RANDOLPH,11/07/2023,voter,TT,DEM,O,NL,M,Age 26 - 40,1,11/27/2023
358206,RANDOLPH,11/07/2023,voter,TR,REP,M,NL,M,Age 41 - 65,1,11/27/2023
358246,RANDOLPH,11/07/2023,voter,GR,UNA,U,HL,M,Age Over 66,1,11/27/2023
358280,RANDOLPH,11/07/2023,voter,UG,DEM,U,UN,U,Age 18 - 25,8,11/27/2023
358288,RANDOLPH,11/07/2023,voter,AR,UNA,W,UN,F,Age 41 - 65,13,11/27/2023
358307,RANDOLPH,11/07/2023,voter,UG,UNA,I,UN,F,Age 18 - 25,1,11/27/2023
358344,RANDOLPH,11/07/2023,voter,SW,REP,W,NL,F,Age 26 - 40,17,11/27/2023
358526,RANDOLPH,11/07/2023,voter,,UNA,I,NL,M,Age 26 - 40,1,11/27/2023
358570,RANDOLPH,11/07/2023,voter,AE,DEM,O,NL,F,Age Over 66,1,11/27/2023
358716,RANDOLPH,11/07/2023,voter,NM,UNA,A,NL,F,Age 41 - 65,3,11/27/2023
358775,RANDOLPH,11/07/2023,voter,AR,REP,W,UN,M,Age Over 66,17,11/27/2023
358797,RANDOLPH,11/07/2023,voter,AS,UNA,O,UN,M,Age 26 - 40,2,11/27/2023
358927,RANDOLPH,11/07/2023,voter,LC,DEM,U,UN,U,Age 18 - 25,2,11/27/2023
358929,RANDOLPH,11/07/2023,voter,AR,DEM,M,UN,F,Age 26 - 40,1,11/27/2023
359028,RANDOLPH,11/07/2023,voter,SO,UNA,W,HL,F,Age 41 - 65,2,11/27/2023
359121,RANDOLPH,11/07/2023,voter,SO,DEM,W,NL,M,Age Over 66,32,11/27/2023
359138,RANDOLPH,11/07/2023,voter,TR,DEM,W,NL,F,Age 26 - 40,22,11/27/2023
359171,RANDOLPH,11/07/2023,voter,AE,DEM,B,UN,F,Age 18 - 25,6,11/27/2023
359285,RANDOLPH,11/07/2023,voter,NM,DEM,B,UN,M,Age 18 - 25,1,11/27/2023
359310,RANDOLPH,11/07/2023,voter,SO,UNA,U,UN,U,Age 26 - 40,5,11/27/2023
359604,RANDOLPH,11/07/2023,voter,TR,LIB,W,NL,M,Age 41 - 65,2,11/27/2023
359615,RANDOLPH,11/07/2023,voter,BC,UNA,W,NL,U,Age 41 - 65,4,11/27/2023
359623,RANDOLPH,11/07/2023,voter,TB,REP,U,UN,U,Age 41 - 65,47,11/27/2023
359631,RANDOLPH,11/07/2023,voter,AW,DEM,W,NL,F,Age 41 - 65,19,11/27/2023
359647,RANDOLPH,11/07/2023,voter,DR,UNA,W,NL,F,Age 26 - 40,63,11/27/2023
359710,RANDOLPH,11/07/2023,voter,GR,DEM,U,UN,U,Age 18 - 25,7,11/27/2023
359985,RANDOLPH,11/07/2023,voter,AR,UNA,A,NL,M,Age 26 - 40,5,11/27/2023
359991,RANDOLPH,11/07/2023,voter,RN,UNA,O,UN,M,Age 26 - 40,4,11/27/2023
360145,RANDOLPH,11/07/2023,voter,AN,UNA,W,UN,M,Age 26 - 40,41,11/27/2023
360183,RANDOLPH,11/07/2023,voter,,UNA,W,NL,F,Age 18 - 25,30,11/27/2023
360232,RANDOLPH,11/07/2023,voter,,DEM,W,UN,M,Age 18 - 25,5,11/27/2023
360240,RANDOLPH,11/07/2023,voter,RM,UNA,O,NL,U,Age 41 - 65,1,11/27/2023
360514,RANDOLPH,11/07/2023,voter,TB,REP,W,UN,U,Age 41 - 65,3,11/27/2023
360611,RANDOLPH,11/07/2023,voter,NM,UNA,W,UN,F,Age 41 - 65,21,11/27/2023
360699,RANDOLPH,11/07/2023,voter,,REP,U,UN,M,Age 41 - 65,6,11/27/2023
360706,RANDOLPH,11/07/2023,voter,LB,UNA,M,HL,M,Age 26 - 40,1,11/27/2023
360793,RANDOLPH,11/07/2023,voter,RM,UNA,W,NL,M,Age 26 - 40,39,11/27/2023
360969,RANDOLPH,11/07/2023,voter,AS,REP,U,HL,F,Age 41 - 65,2,11/27/2023
360982,RANDOLPH,11/07/2023,voter,AW,UNA,B,UN,M,Age 18 - 25,6,11/27/2023
360998,RANDOLPH,11/07/2023,voter,UG,REP,B,NL,F,Age 41 - 65,1,11/27/2023
361077,RANDOLPH,11/07/2023,voter,UG,UNA,W,NL,F,Age 41 - 65,85,11/27/2023
361386,RANDOLPH,11/07/2023,voter,TR,UNA,U,NL,U,Age 41 - 65,1,11/27/2023
361681,RANDOLPH,11/07/2023,voter,LC,DEM,U,HL,F,Age 18 - 25,1,11/27/2023
361700,RANDOLPH,11/07/2023,voter,RN,UNA,W,UN,F,Age 26 - 40,62,11/27/2023
361776,RANDOLPH,11/07/2023,voter,SW,UNA,B,NL,F,Age 18 - 25,1,11/27/2023
361811,RANDOLPH,11/07/2023,voter,RM,UNA,U,UN,U,Age Over 66,1,11/27/2023
361833,RANDOLPH,11/07/2023,voter,AR,UNA,U,NL,U,Age Over 66,1,11/27/2023
361898,RANDOLPH,11/07/2023,voter,SO,REP,W,UN,U,Age Over 66,1,11/27/2023
362004,RANDOLPH,11/07/2023,voter,TR,DEM,W,HL,F,Age 41 - 65,4,11/27/2023
362225,RANDOLPH,11/07/2023,voter,TR,REP,O,HL,F,Age 18 - 25,1,11/27/2023
362226,RANDOLPH,11/07/2023,voter,AW,UNA,O,UN,M,Age Over 66,1,11/27/2023
362232,RANDOLPH,11/07/2023,voter,AS,REP,U,UN,M,Age 26 - 40,2,11/27/2023
362277,RANDOLPH,11/07/2023,voter,BC,UNA,W,UN,M,Age 41 - 65,50,11/27/2023
362282,RANDOLPH,11/07/2023,voter,AR,DEM,U,HL,M,Age 26 - 40,1,11/27/2023
362352,RANDOLPH,11/07/2023,voter,GR,DEM,O,NL,F,Age Over 66,1,11/27/2023
362360,RANDOLPH,11/07/2023,voter,AS,REP,W,NL,U,Age 18 - 25,1,11/27/2023
362412,RANDOLPH,11/07/2023,voter,DR,UNA,U,UN,F,Age 41 - 65,3,11/27/2023
362513,RANDOLPH,11/07/2023,voter,DR,REP,U,UN,M,Age 26 - 40,2,11/27/2023
362548,RANDOLPH,11/07/2023,voter,GR,DEM,B,NL,F,Age Over 66,11,11/27/2023
362660,RANDOLPH,11/07/2023,voter,TR,REP,W,NL,M,Age Over 66,167,11/27/2023
362664,RANDOLPH,11/07/2023,voter,AW,UNA,B,NL,M,Age 18 - 25,1,11/27/2023
362901,RANDOLPH,11/07/2023,voter,AW,UNA,W,NL,M,Age Over 66,49,11/27/2023
362910,RANDOLPH,11/07/2023,voter,AW,UNA,U,NL,M,Age Over 66,1,11/27/2023
363072,RANDOLPH,11/07/2023,voter,TR,UNA,U,NL,F,Age 41 - 65,1,11/27/2023
363140,RANDOLPH,11/07/2023,voter,AW,LIB,W,HL,F,Age 26 - 40,1,11/27/2023
363151,RANDOLPH,11/07/2023,voter,UG,DEM,W,UN,M,Age 26 - 40,4,11/27/2023
363172,RANDOLPH,11/07/2023,voter,DR,UNA,O,UN,M,Age 18 - 25,1,11/27/2023
363191,RANDOLPH,11/07/2023,voter,UG,REP,U,UN,M,Age 26 - 40,4,11/27/2023
363288,RANDOLPH,11/07/2023,voter,AN,UNA,U,NL,M,Age Over 66,1,11/27/2023
363289,RANDOLPH,11/07/2023,voter,SE,UNA,M,NL,F,Age 26 - 40,1,11/27/2023
363335,RANDOLPH,11/07/2023,voter,AN,DEM,B,UN,F,Age 26 - 40,11,11/27/2023
363480,RANDOLPH,11/07/2023,voter,RN,DEM,W,HL,M,Age Over 66,1,11/27/2023
363504,RANDOLPH,11/07/2023,voter,AE,REP,W,NL,U,Age 41 - 65,1,11/27/2023
363533,RANDOLPH,11/07/2023,voter,AN,DEM,U,UN,F,Age 18 - 25,12,11/27/2023
363537,RANDOLPH,11/07/2023,voter,LC,REP,I,NL,F,Age 41 - 65,1,11/27/2023
363709,RANDOLPH,11/07/2023,voter,ST,UNA,M,NL,M,Age 26 - 40,1,11/27/2023
363715,RANDOLPH,11/07/2023,voter,AS,REP,U,UN,M,Age 41 - 65,3,11/27/2023
363721,RANDOLPH,11/07/2023,voter,RN,REP,W,NL,F,Age 41 - 65,294,11/27/2023
363752,RANDOLPH,11/07/2023,voter,,REP,W,UN,F,Age Over 66,20,11/27/2023
363788,RANDOLPH,11/07/2023,voter,TT,REP,W,UN,F,Age 41 - 65,84,11/27/2023
363830,RANDOLPH,11/07/2023,voter,ST,DEM,U,UN,F,Age 18 - 25,1,11/27/2023
363912,RANDOLPH,11/07/2023,voter,GR,DEM,U,HL,M,Age 26 - 40,1,11/27/2023
364047,RANDOLPH,11/07/2023,voter,SE,DEM,B,UN,M,Age Over 66,1,11/27/2023
364197,RANDOLPH,11/07/2023,voter,GR,DEM,B,UN,F,Age 26 - 40,3,11/27/2023
364300,RANDOLPH,11/07/2023,voter,TR,DEM,O,UN,M,Age Over 66,1,11/27/2023
364361,RANDOLPH,11/07/2023,voter,TR,UNA,U,UN,F,Age 41 - 65,5,11/27/2023
364429,RANDOLPH,11/07/2023,voter,UG,UNA,I,UN,M,Age 18 - 25,1,11/27/2023
364438,RANDOLPH,11/07/2023,voter,GR,LIB,W,NL,F,Age 26 - 40,3,11/27/2023
364486,RANDOLPH,11/07/2023,voter,UG,DEM,U,HL,F,Age 41 - 65,4,11/27/2023
364605,RANDOLPH,11/07/2023,voter,AW,UNA,O,HL,M,Age 26 - 40,10,11/27/2023
364905,RANDOLPH,11/07/2023,voter,SW,REP,A,UN,F,Age Over 66,1,11/27/2023
364935,RANDOLPH,11/07/2023,voter,RN,DEM,O,HL,F,Age 18 - 25,14,11/27/2023
365146,RANDOLPH,11/07/2023,voter,RN,UNA,B,UN,M,Age 26 - 40,2,11/27/2023
365420,RANDOLPH,11/07/2023,voter,DR,UNA,U,UN,U,Age 41 - 65,14,11/27/2023
365601,RANDOLPH,11/07/2023,voter,DR,UNA,W,UN,U,Age 41 - 65,1,11/27/2023
365730,RANDOLPH,11/07/2023,voter,AE,REP,B,UN,F,Age 41 - 65,1,11/27/2023
365750,RANDOLPH,11/07/2023,voter,TR,DEM,W,HL,M,Age 26 - 40,1,11/27/2023
365801,RANDOLPH,11/07/2023,voter,AS,UNA,W,UN,M,Age Over 66,19,11/27/2023
365814,RANDOLPH,11/07/2023,voter,ST,REP,B,UN,M,Age 41 - 65,2,11/27/2023
365923,RANDOLPH,11/07/2023,voter,TR,DEM,B,NL,U,Age 26 - 40,6,11/27/2023
365952,RANDOLPH,11/07/2023,voter,ST,DEM,O,HL,M,Age 18 - 25,2,11/27/2023
366291,RANDOLPH,11/07/2023,voter,AN,DEM,W,NL,M,Age 26 - 40,11,11/27/2023
366320,RANDOLPH,11/07/2023,voter,,REP,O,HL,M,Age 18 - 25,3,11/27/2023
366443,RANDOLPH,11/07/2023,voter,RN,UNA,W,NL,F,Age Over 66,59,11/27/2023
366605,RANDOLPH,11/07/2023,voter,TR,DEM,W,UN,M,Age 41 - 65,1,11/27/2023
366625,RANDOLPH,11/07/2023,voter,TR,DEM,W,UN,F,Age Over 66,5,11/27/2023
366633,RANDOLPH,11/07/2023,voter,AS,UNA,O,NL,M,Age Over 66,1,11/27/2023
366658,RANDOLPH,11/07/2023,voter,DR,DEM,O,HL,M,Age 18 - 25,3,11/27/2023
366749,RANDOLPH,11/07/2023,voter,AR,UNA,W,UN,F,Age 18 - 25,20,11/27/2023
366804,RANDOLPH,11/07/2023,voter,AS,DEM,B,NL,F,Age 41 - 65,14,11/27/2023
366860,RANDOLPH,11/07/2023,voter,SO,REP,W,NL,U,Age 18 - 25,2,11/27/2023
366866,RANDOLPH,11/07/2023,voter,DR,UNA,O,HL,F,Age 18 - 25,9,11/27/2023
366924,RANDOLPH,11/07/2023,voter,RM,REP,W,NL,U,Age 26 - 40,2,11/27/2023
366935,RANDOLPH,11/07/2023,voter,UG,DEM,B,NL,F,Age Over 66,6,11/27/2023
366949,RANDOLPH,11/07/2023,voter,UG,DEM,B,UN,M,Age Over 66,1,11/27/2023
366967,RANDOLPH,11/07/2023,voter,GR,DEM,W,HL,M,Age 41 - 65,1,11/27/2023
367001,RANDOLPH,11/07/2023,voter,AE,UNA,B,UN,F,Age Over 66,2,11/27/2023
367106,RANDOLPH,11/07/2023,voter,UG,REP,W,UN,M,Age 26 - 40,50,11/27/2023
367113,RANDOLPH,11/07/2023,voter,RN,REP,O,HL,M,Age Over 66,1,11/27/2023
367162,RANDOLPH,11/07/2023,voter,LC,REP,M,NL,M,Age 26 - 40,1,11/27/2023
367205,RANDOLPH,11/07/2023,voter,AR,REP,W,UN,F,Age Over 66,22,11/27/2023
367469,RANDOLPH,11/07/2023,voter,TR,DEM,W,NL,F,Age Over 66,1,11/27/2023
367661,RANDOLPH,11/07/2023,voter,RM,DEM,M,HL,M,Age 26 - 40,1,11/27/2023
367763,RANDOLPH,11/07/2023,voter,AR,DEM,W,NL,F,Age 26 - 40,27,11/27/2023
367788,RANDOLPH,11/07/2023,voter,AR,REP,U,NL,F,Age 26 - 40,1,11/27/2023
367810,RANDOLPH,11/07/2023,voter,SW,UNA,W,NL,M,Age 18 - 25,5,11/27/2023
367834,RANDOLPH,11/07/2023,voter,RN,REP,W,NL,F,Age 26 - 40,52,11/27/2023
367900,RANDOLPH,11/07/2023,voter,AE,REP,B,UN,F,Age 26 - 40,1,11/27/2023
367926,RANDOLPH,11/07/2023,voter,TR,REP,I,NL,F,Age 41 - 65,1,11/27/2023
368016,RANDOLPH,11/07/2023,voter,UG,UNA,W,HL,F,Age 26 - 40,2,11/27/2023
368024,RANDOLPH,11/07/2023,voter,AE,DEM,U,HL,M,Age 41 - 65,1,11/27/2023
368041,RANDOLPH,11/07/2023,voter,TB,LIB,W,UN,F,Age 18 - 25,1,11/27/2023
368108,RANDOLPH,11/07/2023,voter,ST,UNA,O,NL,M,Age 26 - 40,1,11/27/2023
368323,RANDOLPH,11/07/2023,voter,NM,UNA,U,UN,M,Age 41 - 65,1,11/27/2023
368388,RANDOLPH,11/07/2023,voter,RN,UNA,O,NL,F,Age 26 - 40,1,11/27/2023
368418,RANDOLPH,11/07/2023,voter,AW,DEM,B,UN,M,Age 26 - 40,9,11/27/2023
368466,RANDOLPH,11/07/2023,voter,RN,UNA,W,NL,F,Age 26 - 40,25,11/27/2023
368494,RANDOLPH,11/07/2023,voter,TT,UNA,B,UN,F,Age 41 - 65,2,11/27/2023
368500,RANDOLPH,11/07/2023,voter,SW,DEM,O,UN,M,Age 41 - 65,1,11/27/2023
368508,RANDOLPH,11/07/2023,voter,TR,REP,W,NL,U,Age 18 - 25,2,11/27/2023
368659,RANDOLPH,11/07/2023,voter,AE,DEM,B,NL,M,Age 41 - 65,21,11/27/2023
368832,RANDOLPH,11/07/2023,voter,UG,UNA,O,UN,F,Age 41 - 65,1,11/27/2023
368881,RANDOLPH,11/07/2023,voter,AR,UNA,U,HL,M,Age 18 - 25,3,11/27/2023
369107,RANDOLPH,11/07/2023,voter,UG,UNA,B,UN,M,Age 41 - 65,2,11/27/2023
369118,RANDOLPH,11/07/2023,voter,GR,UNA,W,HL,U,Age 18 - 25,1,11/27/2023
369127,RANDOLPH,11/07/2023,voter,LC,UNA,O,NL,F,Age Over 66,1,11/27/2023
369177,RANDOLPH,11/07/2023,voter,LB,UNA,I,HL,F,Age 26 - 40,1,11/27/2023
369192,RANDOLPH,11/07/2023,voter,AW,REP,W,HL,F,Age 26 - 40,1,11/27/2023
369286,RANDOLPH,11/07/2023,voter,RN,UNA,B,NL,M,Age 18 - 25,1,11/27/2023
369337,RANDOLPH,11/07/2023,voter,LB,UNA,U,HL,M,Age Over 66,2,11/27/2023
369392,RANDOLPH,11/07/2023,voter,DR,LIB,I,UN,F,Age 41 - 65,1,11/27/2023
369438,RANDOLPH,11/07/2023,voter,,UNA,O,UN,F,Age 26 - 40,1,11/27/2023
369445,RANDOLPH,11/07/2023,voter,TR,REP,O,NL,F,Age Over 66,1,11/27/2023
369652,RANDOLPH,11/07/2023,voter,TR,REP,W,UN,F,Age 26 - 40,23,11/27/2023
369754,RANDOLPH,11/07/2023,voter,RM,DEM,U,UN,U,Age 26 - 40,1,11/27/2023
369790,RANDOLPH,11/07/2023,voter,UG,UNA,W,HL,M,Age 26 - 40,3,11/27/2023
369807,RANDOLPH,11/07/2023,voter,TB,DEM,W,HL,F,Age 26 - 40,1,11/27/2023
369828,RANDOLPH,11/07/2023,voter,AE,UNA,M,UN,M,Age 26 - 40,1,11/27/2023
369887,RANDOLPH,11/07/2023,voter,TR,REP,W,HL,F,Age 18 - 25,1,11/27/2023
369911,RANDOLPH,11/07/2023,voter,SW,UNA,W,NL,F,Age Over 66,26,11/27/2023
369925,RANDOLPH,11/07/2023,voter,AW,DEM,O,NL,F,Age 26 - 40,1,11/27/2023
369928,RANDOLPH,11/07/2023,voter,SO,UNA,O,HL,U,Age 26 - 40,1,11/27/2023
369967,RANDOLPH,11/07/2023,voter,,DEM,I,NL,F,Age 41 - 65,2,11/27/2023
369989,RANDOLPH,11/07/2023,voter,AS,DEM,O,NL,M,Age 41 - 65,1,11/27/2023
369991,RANDOLPH,11/07/2023,voter,TR,REP,U,UN,M,Age 41 - 65,1,11/27/2023
370067,RANDOLPH,11/07/2023,voter,NM,DEM,W,UN,F,Age 18 - 25,1,11/27/2023
370072,RANDOLPH,11/07/2023,voter,,DEM,B,UN,F,Age 26 - 40,2,11/27/2023
370137,RANDOLPH,11/07/2023,voter,AW,DEM,U,UN,F,Age 26 - 40,1,11/27/2023
370174,RANDOLPH,11/07/2023,voter,TR,REP,W,UN,F,Age 18 - 25,12,11/27/2023
370244,RANDOLPH,11/07/2023,voter,AR,DEM,O,HL,M,Age 26 - 40,1,11/27/2023
370249,RANDOLPH,11/07/2023,voter,AE,REP,B,NL,M,Age 41 - 65,1,11/27/2023
370342,RANDOLPH,11/07/2023,voter,SE,REP,W,NL,F,Age 26 - 40,49,11/27/2023
370388,RANDOLPH,11/07/2023,voter,TR,REP,U,UN,F,Age 18 - 25,1,11/27/2023
370416,RANDOLPH,11/07/2023,voter,,DEM,U,UN,U,Age 18 - 25,2,11/27/2023
370441,RANDOLPH,11/07/2023,voter,UG,DEM,B,UN,F,Age 26 - 40,6,11/27/2023
370550,RANDOLPH,11/07/2023,voter,TT,REP,W,NL,F,Age Over 66,242,11/27/2023
370573,RANDOLPH,11/07/2023,voter,DR,DEM,W,NL,M,Age Over 66,21,11/27/2023
370724,RANDOLPH,11/07/2023,voter,,DEM,B,NL,M,Age 26 - 40,1,11/27/2023
370751,RANDOLPH,11/07/2023,voter,AR,DEM,B,NL,M,Age 18 - 25,9,11/27/2023
370758,RANDOLPH,11/07/2023,voter,AR,REP,U,UN,M,Age 18 - 25,1,11/27/2023
370864,RANDOLPH,11/07/2023,voter,NM,UNA,U,UN,F,Age 18 - 25,1,11/27/2023
370934,RANDOLPH,11/07/2023,voter,AW,DEM,U,UN,F,Age 41 - 65,2,11/27/2023
371230,RANDOLPH,11/07/2023,voter,AW,UNA,W,HL,M,Age 41 - 65,1,11/27/2023
371300,RANDOLPH,11/07/2023,voter,AN,DEM,W,NL,M,Age 41 - 65,13,11/27/2023
371304,RANDOLPH,11/07/2023,voter,GR,REP,I,NL,M,Age 41 - 65,1,11/27/2023
371446,RANDOLPH,11/07/2023,voter,AS,DEM,A,UN,F,Age 26 - 40,1,11/27/2023
371536,RANDOLPH,11/07/2023,voter,AN,DEM,B,UN,M,Age Over 66,5,11/27/2023
371597,RANDOLPH,11/07/2023,voter,RN,DEM,M,UN,M,Age 26 - 40,1,11/27/2023
371672,RANDOLPH,11/07/2023,voter,AW,DEM,O,UN,M,Age 26 - 40,3,11/27/2023
371706,RANDOLPH,11/07/2023,voter,AW,REP,U,NL,F,Age 41 - 65,1,11/27/2023
371776,RANDOLPH,11/07/2023,voter,AW,DEM,B,UN,M,Age 41 - 65,22,11/27/2023
371805,RANDOLPH,11/07/2023,voter,RN,REP,U,HL,M,Age 41 - 65,2,11/27/2023
371806,RANDOLPH,11/07/2023,voter,RM,DEM,O,NL,F,Age 26 - 40,2,11/27/2023
371824,RANDOLPH,11/07/2023,voter,AR,DEM,A,UN,U,Age 26 - 40,1,11/27/2023
371877,RANDOLPH,11/07/2023,voter,,LIB,W,NL,F,Age 41 - 65,1,11/27/2023
371942,RANDOLPH,11/07/2023,voter,SW,DEM,B,UN,M,Age 41 - 65,1,11/27/2023
371946,RANDOLPH,11/07/2023,voter,AE,UNA,M,HL,M,Age 26 - 40,1,11/27/2023
371980,RANDOLPH,11/07/2023,voter,AE,UNA,W,UN,M,Age 18 - 25,15,11/27/2023
372023,RANDOLPH,11/07/2023,voter,LB,DEM,W,UN,M,Age Over 66,6,11/27/2023
372034,RANDOLPH,11/07/2023,voter,AW,DEM,U,UN,F,Age 26 - 40,3,11/27/2023
372051,RANDOLPH,11/07/2023,voter,SE,LIB,M,NL,M,Age 26 - 40,1,11/27/2023
372235,RANDOLPH,11/07/2023,voter,DR,DEM,W,NL,F,Age 41 - 65,25,11/27/2023
372275,RANDOLPH,11/07/2023,voter,AE,DEM,U,UN,U,Age 41 - 65,3,11/27/2023
372334,RANDOLPH,11/07/2023,voter,BC,REP,W,NL,F,Age 26 - 40,105,11/27/2023
372459,RANDOLPH,11/07/2023,voter,AN,UNA,W,NL,M,Age 26 - 40,25,11/27/2023
372492,RANDOLPH,11/07/2023,voter,RN,DEM,B,UN,F,Age 41 - 65,14,11/27/2023
372574,RANDOLPH,11/07/2023,voter,LC,DEM,B,NL,F,Age 26 - 40,1,11/27/2023
372751,RANDOLPH,11/07/2023,voter,AE,UNA,W,UN,F,Age 41 - 65,27,11/27/2023
372928,RANDOLPH,11/07/2023,voter,TB,UNA,W,NL,F,Age Over 66,47,11/27/2023
373050,RANDOLPH,11/07/2023,voter,BC,DEM,O,HL,F,Age 18 - 25,3,11/27/2023
373057,RANDOLPH,11/07/2023,voter,AR,REP,U,NL,M,Age Over 66,1,11/27/2023
373268,RANDOLPH,11/07/2023,voter,AW,UNA,U,HL,M,Age 41 - 65,4,11/27/2023
373324,RANDOLPH,11/07/2023,voter,NM,DEM,B,UN,F,Age Over 66,2,11/27/2023
373434,RANDOLPH,11/07/2023,voter,GR,LIB,U,UN,F,Age 26 - 40,1,11/27/2023
373512,RANDOLPH,11/07/2023,voter,ST,UNA,W,NL,U,Age 18 - 25,1,11/27/2023
373620,RANDOLPH,11/07/2023,voter,AW,DEM,W,UN,F,Age 41 - 65,18,11/27/2023
373652,RANDOLPH,11/07/2023,voter,GR,REP,A,UN,F,Age 41 - 65,1,11/27/2023
373702,RANDOLPH,11/07/2023,voter,TR,REP,U,UN,F,Age Over 66,1,11/27/2023
373769,RANDOLPH,11/07/2023,voter,NM,UNA,O,NL,F,Age 41 - 65,3,11/27/2023
373779,RANDOLPH,11/07/2023,voter,RM,UNA,B,NL,M,Age 26 - 40,7,11/27/2023
373857,RANDOLPH,11/07/2023,voter,SW,DEM,O,HL,F,Age 26 - 40,2,11/27/2023
374027,RANDOLPH,11/07/2023,voter,GR,DEM,B,NL,M,Age 41 - 65,15,11/27/2023
374030,RANDOLPH,11/07/2023,voter,GR,DEM,O,HL,F,Age 18 - 25,7,11/27/2023
374048,RANDOLPH,11/07/2023,voter,AW,REP,W,UN,F,Age 41 - 65,42,11/27/2023
374190,RANDOLPH,11/07/2023,voter,TB,UNA,O,HL,M,Age 18 - 25,2,11/27/2023
374301,RANDOLPH,11/07/2023,voter,BC,DEM,B,UN,F,Age Over 66,2,11/27/2023
374346,RANDOLPH,11/07/2023,voter,NM,UNA,W,NL,U,Age 41 - 65,1,11/27/2023
374513,RANDOLPH,11/07/2023,voter,RM,UNA,U,UN,F,Age 41 - 65,4,11/27/2023
374640,RANDOLPH,11/07/2023,voter,LC,REP,O,HL,F,Age 26 - 40,1,11/27/2023
374671,RANDOLPH,11/07/2023,voter,DR,DEM,O,HL,M,Age Over 66,1,11/27/2023
374720,RANDOLPH,11/07/2023,voter,AW,DEM,O,NL,F,Age 41 - 65,2,11/27/2023
374747,RANDOLPH,11/07/2023,voter,UG,REP,W,UN,M,Age 26 - 40,37,11/27/2023
374760,RANDOLPH,11/07/2023,voter,AE,UNA,A,UN,M,Age 18 - 25,2,11/27/2023
374836,RANDOLPH,11/07/2023,voter,AR,LIB,W,NL,M,Age 41 - 65,3,11/27/2023
374864,RANDOLPH,11/07/2023,voter,GR,UNA,U,NL,F,Age Over 66,2,11/27/2023
374909,RANDOLPH,11/07/2023,voter,TR,REP,W,NL,U,Age 26 - 40,16,11/27/2023
374934,RANDOLPH,11/07/2023,voter,TR,LIB,W,NL,F,Age 26 - 40,2,11/27/2023
374970,RANDOLPH,11/07/2023,voter,SW,DEM,B,NL,M,Age Over 66,1,11/27/2023
375051,RANDOLPH,11/07/2023,voter,AW,DEM,W,NL,M,Age 26 - 40,9,11/27/2023
375174,RANDOLPH,11/07/2023,voter,LC,REP,W,UN,M,Age 41 - 65,67,11/27/2023
375190,RANDOLPH,11/07/2023,voter,NM,REP,W,UN,U,Age Over 66,1,11/27/2023
375196,RANDOLPH,11/07/2023,voter,AR,UNA,O,HL,F,Age 18 - 25,2,11/27/2023
375252,RANDOLPH,11/07/2023,voter,TB,DEM,W,HL,M,Age 26 - 40,1,11/27/2023
375340,RANDOLPH,11/07/2023,voter,RN,UNA,A,UN,U,Age 18 - 25,1,11/27/2023
375454,RANDOLPH,11/07/2023,voter,LB,UNA,O,HL,M,Age 18 - 25,6,11/27/2023
375467,RANDOLPH,11/07/2023,voter,SO,DEM,O,HL,M,Age 26 - 40,1,11/27/2023
375518,RANDOLPH,11/07/2023,voter,AW,UNA,W,HL,M,Age 18 - 25,1,11/27/2023
375530,RANDOLPH,11/07/2023,voter,AE,REP,B,NL,F,Age 26 - 40,2,11/27/2023
375538,RANDOLPH,11/07/2023,voter,DR,UNA,W,NL,F,Age 41 - 65,87,11/27/2023
375653,RANDOLPH,11/07/2023,voter,AE,REP,U,HL,F,Age 26 - 40,2,11/27/2023
375707,RANDOLPH,11/07/2023,voter,AW,UNA,W,NL,M,Age Over 66,24,11/27/2023
375714,RANDOLPH,11/07/2023,voter,RN,UNA,W,UN,F,Age 18 - 25,49,11/27/2023
375720,RANDOLPH,11/07/2023,voter,AW,DEM,O,UN,F,Age 26 - 40,2,11/27/2023
375981,RANDOLPH,11/07/2023,voter,AN,UNA,B,NL,U,Age 18 - 25,1,11/27/2023
376030,RANDOLPH,11/07/2023,voter,SO,UNA,B,UN,M,Age 26 - 40,2,11/27/2023
376056,RANDOLPH,11/07/2023,voter,AE,UNA,W,NL,F,Age 26 - 40,38,11/27/2023
376062,RANDOLPH,11/07/2023,voter,SW,REP,U,UN,U,Age 26 - 40,4,11/27/2023
376085,RANDOLPH,11/07/2023,voter,AE,DEM,U,HL,M,Age 26 - 40,1,11/27/2023
376108,RANDOLPH,11/07/2023,voter,AE,REP,U,HL,F,Age 41 - 65,1,11/27/2023
376140,RANDOLPH,11/07/2023,voter,RN,REP,I,UN,M,Age 41 - 65,1,11/27/2023
376142,RANDOLPH,11/07/2023,voter,AW,REP,U,UN,U,Age 26 - 40,5,11/27/2023
376433,RANDOLPH,11/07/2023,voter,AW,DEM,U,UN,M,Age 41 - 65,2,11/27/2023
376530,RANDOLPH,11/07/2023,voter,LC,UNA,U,UN,U,Age 26 - 40,16,11/27/2023
376589,RANDOLPH,11/07/2023,voter,RN,REP,W,UN,M,Age Over 66,51,11/27/2023
376684,RANDOLPH,11/07/2023,voter,AW,UNA,O,HL,M,Age 26 - 40,1,11/27/2023
376727,RANDOLPH,11/07/2023,voter,ST,UNA,W,UN,M,Age 18 - 25,11,11/27/2023
376743,RANDOLPH,11/07/2023,voter,LC,REP,O,HL,M,Age 18 - 25,2,11/27/2023
376784,RANDOLPH,11/07/2023,voter,DR,DEM,B,NL,F,Age 26 - 40,1,11/27/2023
377019,RANDOLPH,11/07/2023,voter,NM,LIB,W,UN,F,Age 18 - 25,1,11/27/2023
377036,RANDOLPH,11/07/2023,voter,AN,REP,W,NL,F,Age 41 - 65,83,11/27/2023
377055,RANDOLPH,11/07/2023,voter,TT,REP,W,HL,F,Age Over 66,2,11/27/2023
377079,RANDOLPH,11/07/2023,voter,SW,UNA,U,UN,U,Age Over 66,5,11/27/2023
377223,RANDOLPH,11/07/2023,voter,AR,DEM,O,NL,F,Age 18 - 25,2,11/27/2023
377334,RANDOLPH,11/07/2023,voter,AR,DEM,A,UN,M,Age 26 - 40,1,11/27/2023
377353,RANDOLPH,11/07/2023,voter,RN,REP,U,UN,U,Age Over 66,6,11/27/2023
377430,RANDOLPH,11/07/2023,voter,UG,DEM,W,UN,M,Age 41 - 65,8,11/27/2023
377521,RANDOLPH,11/07/2023,voter,AS,UNA,W,NL,M,Age 41 - 65,53,11/27/2023
377523,RANDOLPH,11/07/2023,voter,NM,REP,U,NL,M,Age 41 - 65,1,11/27/2023
377535,RANDOLPH,11/07/2023,voter,TR,REP,W,UN,M,Age Over 66,43,11/27/2023
377589,RANDOLPH,11/07/2023,voter,NM,REP,U,UN,F,Age 18 - 25,1,11/27/2023
377593,RANDOLPH,11/07/2023,voter,ST,UNA,W,HL,F,Age 26 - 40,2,11/27/2023
377729,RANDOLPH,11/07/2023,voter,AW,REP,U,HL,F,Age 18 - 25,1,11/27/2023
377748,RANDOLPH,11/07/2023,voter,SO,DEM,W,NL,F,Age 26 - 40,2,11/27/2023
377788,RANDOLPH,11/07/2023,voter,TR,REP,W,UN,F,Age 18 - 25,26,11/27/2023
377917,RANDOLPH,11/07/2023,voter,ST,UNA,U,UN,U,Age 18 - 25,8,11/27/2023
377989,RANDOLPH,11/07/2023,voter,RN,DEM,U,HL,F,Age 41 - 65,6,11/27/2023
378012,RANDOLPH,11/07/2023,voter,LB,LIB,W,HL,M,Age 41 - 65,1,11/27/2023
378055,RANDOLPH,11/07/2023,voter,AW,UNA,M,HL,M,Age 18 - 25,1,11/27/2023
378249,RANDOLPH,11/07/2023,voter,UG,REP,O,UN,M,Age 18 - 25,1,11/27/2023
378366,RANDOLPH,11/07/2023,voter,TR,DEM,B,UN,M,Age 41 - 65,7,11/27/2023
378405,RANDOLPH,11/07/2023,voter,UG,DEM,U,UN,F,Age 26 - 40,1,11/27/2023
378429,RANDOLPH,11/07/2023,voter,UG,REP,O,NL,M,Age 26 - 40,1,11/27/2023
378566,RANDOLPH,11/07/2023,voter,RM,REP,U,UN,F,Age 26 - 40,1,11/27/2023
378625,RANDOLPH,11/07/2023,voter,TR,REP,W,NL,M,Age 41 - 65,4,11/27/2023
378691,RANDOLPH,11/07/2023,voter,RN,REP,B,NL,M,Age 18 - 25,2,11/27/2023
378716,RANDOLPH,11/07/2023,voter,LB,DEM,O,HL,M,Age 41 - 65,1,11/27/2023
378727,RANDOLPH,11/07/2023,voter,AN,UNA,U,HL,M,Age 26 - 40,3,11/27/2023
378906,RANDOLPH,11/07/2023,voter,NM,REP,I,UN,M,Age 41 - 65,1,11/27/2023
378960,RANDOLPH,11/07/2023,voter,DR,REP,W,HL,F,Age 41 - 65,2,11/27/2023
378971,RANDOLPH,11/07/2023,voter,AS,REP,W,NL,F,Age 41 - 65,161,11/27/2023
378975,RANDOLPH,11/07/2023,voter,RN,REP,B,NL,F,Age 41 - 65,1,11/27/2023
378986,RANDOLPH,11/07/2023,voter,UG,UNA,B,NL,M,Age 41 - 65,7,11/27/2023
378993,RANDOLPH,11/07/2023,voter,DR,REP,I,UN,F,Age 26 - 40,1,11/27/2023
379060,RANDOLPH,11/07/2023,voter,AW,UNA,U,UN,U,Age 26 - 40,14,11/27/2023
379159,RANDOLPH,11/07/2023,voter,UG,DEM,W,HL,F,Age Over 66,1,11/27/2023
379306,RANDOLPH,11/07/2023,voter,DR,UNA,U,HL,F,Age 41 - 65,2,11/27/2023
379335,RANDOLPH,11/07/2023,voter,AE,REP,U,UN,M,Age 18 - 25,1,11/27/2023
379546,RANDOLPH,11/07/2023,voter,,REP,W,UN,F,Age 41 - 65,66,11/27/2023
379739,RANDOLPH,11/07/2023,voter,SO,DEM,W,NL,M,Age 18 - 25,3,11/27/2023
379955,RANDOLPH,11/07/2023,voter,AR,LIB,W,UN,M,Age 26 - 40,1,11/27/2023
380068,RANDOLPH,11/07/2023,voter,AW,DEM,U,UN,U,Age 41 - 65,6,11/27/2023
380161,RANDOLPH,11/07/2023,voter,TR,REP,W,UN,F,Age Over 66,29,11/27/2023
380303,RANDOLPH,11/07/2023,voter,TR,UNA,O,NL,F,Age 26 - 40,1,11/27/2023
380430,RANDOLPH,11/07/2023,voter,AN,DEM,O,HL,F,Age 26 - 40,10,11/27/2023
380474,RANDOLPH,11/07/2023,voter,RN,UNA,B,UN,M,Age 41 - 65,6,11/27/2023
380552,RANDOLPH,11/07/2023,voter,SO,UNA,W,NL,F,Age Over 66,18,11/27/2023
380908,RANDOLPH,11/07/2023,voter,ST,REP,O,HL,M,Age 26 - 40,1,11/27/2023
380959,RANDOLPH,11/07/2023,voter,SE,UNA,W,NL,M,Age Over 66,12,11/27/2023
381090,RANDOLPH,11/07/2023,voter,GR,REP,W,NL,F,Age Over 66,240,11/27/2023
381096,RANDOLPH,11/07/2023,voter,DR,UNA,W,NL,F,Age Over 66,43,11/27/2023
381173,RANDOLPH,11/07/2023,voter,RN,UNA,W,UN,M,Age 18 - 25,19,11/27/2023
381191,RANDOLPH,11/07/2023,voter,TR,DEM,B,NL,F,Age Over 66,18,11/27/2023
381269,RANDOLPH,11/07/2023,voter,SE,UNA,O,UN,M,Age 26 - 40,1,11/27/2023
381391,RANDOLPH,11/07/2023,voter,AN,UNA,O,HL,U,Age 26 - 40,2,11/27/2023
381429,RANDOLPH,11/07/2023,voter,NM,LIB,W,NL,M,Age 41 - 65,1,11/27/2023
381438,RANDOLPH,11/07/2023,voter,AN,REP,U,UN,F,Age 26 - 40,1,11/27/2023
381555,RANDOLPH,11/07/2023,voter,,LIB,W,NL,M,Age 26 - 40,1,11/27/2023
381672,RANDOLPH,11/07/2023,voter,RN,REP,W,NL,M,Age 18 - 25,12,11/27/2023
381700,RANDOLPH,11/07/2023,voter,RN,UNA,O,HL,F,Age 26 - 40,4,11/27/2023
381835,RANDOLPH,11/07/2023,voter,LB,DEM,M,NL,M,Age 26 - 40,1,11/27/2023
381872,RANDOLPH,11/07/2023,voter,AE,DEM,U,HL,M,Age Over 66,2,11/27/2023
381949,RANDOLPH,11/07/2023,voter,RM,UNA,W,UN,M,Age 18 - 25,34,11/27/2023
381975,RANDOLPH,11/07/2023,voter,AW,UNA,I,UN,M,Age 41 - 65,1,11/27/2023
382007,RANDOLPH,11/07/2023,voter,LB,UNA,O,UN,F,Age 18 - 25,1,11/27/2023
382046,RANDOLPH,11/07/2023,voter,AE,REP,W,UN,U,Age 41 - 65,1,11/27/2023
382205,RANDOLPH,11/07/2023,voter,AR,UNA,A,NL,F,Age 18 - 25,3,11/27/2023
382282,RANDOLPH,11/07/2023,voter,GR,DEM,O,NL,M,Age 18 - 25,1,11/27/2023
382319,RANDOLPH,11/07/2023,voter,NM,LIB,W,UN,M,Age 26 - 40,1,11/27/2023
382332,RANDOLPH,11/07/2023,voter,LC,UNA,M,NL,M,Age 18 - 25,1,11/27/2023
382349,RANDOLPH,11/07/2023,voter,TR,UNA,P,UN,F,Age 26 - 40,1,11/27/2023
382356,RANDOLPH,11/07/2023,voter,UG,DEM,W,UN,F,Age 41 - 65,20,11/27/2023
382408,RANDOLPH,11/07/2023,voter,SO,LIB,W,UN,F,Age 26 - 40,1,11/27/2023
382437,RANDOLPH,11/07/2023,voter,,DEM,B,UN,M,Age 26 - 40,1,11/27/2023
382510,RANDOLPH,11/07/2023,voter,BC,UNA,W,HL,M,Age 41 - 65,1,11/27/2023
382730,RANDOLPH,11/07/2023,voter,AW,DEM,I,NL,F,Age 41 - 65,1,11/27/2023
382830,RANDOLPH,11/07/2023,voter,UG,DEM,W,UN,F,Age 26 - 40,6,11/27/2023
382942,RANDOLPH,11/07/2023,voter,UG,LIB,W,NL,M,Age Over 66,1,11/27/2023
382999,RANDOLPH,11/07/2023,voter,UG,DEM,W,NL,F,Age 26 - 40,7,11/27/2023
383001,RANDOLPH,11/07/2023,voter,AR,REP,W,NL,M,Age 26 - 40,54,11/27/2023
383054,RANDOLPH,11/07/2023,voter,TR,DEM,U,HL,M,Age 26 - 40,1,11/27/2023
383190,RANDOLPH,11/07/2023,voter,TT,REP,U,HL,M,Age 26 - 40,1,11/27/2023
383272,RANDOLPH,11/07/2023,voter,RM,REP,W,NL,F,Age 41 - 65,197,11/27/2023
383399,RANDOLPH,11/07/2023,voter,TR,UNA,U,UN,U,Age 41 - 65,32,11/27/2023
383429,RANDOLPH,11/07/2023,voter,UG,DEM,M,NL,F,Age 18 - 25,1,11/27/2023
383469,RANDOLPH,11/07/2023,voter,RN,REP,M,NL,F,Age 41 - 65,1,11/27/2023
383498,RANDOLPH,11/07/2023,voter,RN,DEM,U,HL,F,Age 26 - 40,2,11/27/2023
383582,RANDOLPH,11/07/2023,voter,TR,DEM,B,NL,F,Age 18 - 25,3,11/27/2023
383614,RANDOLPH,11/07/2023,voter,AW,UNA,O,NL,F,Age Over 66,1,11/27/2023
383668,RANDOLPH,11/07/2023,voter,AR,DEM,W,UN,M,Age 41 - 65,3,11/27/2023
383902,RANDOLPH,11/07/2023,voter,TT,UNA,W,UN,F,Age 26 - 40,27,11/27/2023
384117,RANDOLPH,11/07/2023,voter,AW,REP,O,NL,F,Age 41 - 65,1,11/27/2023
384228,RANDOLPH,11/07/2023,voter,AS,NLB,W,UN,F,Age 41 - 65,1,11/27/2023
384525,RANDOLPH,11/07/2023,voter,BC,REP,W,UN,F,Age 26 - 40,66,11/27/2023
384540,RANDOLPH,11/07/2023,voter,LC,DEM,O,UN,F,Age 41 - 65,2,11/27/2023
384693,RANDOLPH,11/07/2023,voter,TT,DEM,I,UN,M,Age 41 - 65,1,11/27/2023
384718,RANDOLPH,11/07/2023,voter,TR,REP,B,NL,F,Age 41 - 65,1,11/27/2023
384759,RANDOLPH,11/07/2023,voter,SW,REP,U,UN,M,Age 41 - 65,2,11/27/2023
384825,RANDOLPH,11/07/2023,voter,AW,DEM,B,NL,F,Age 26 - 40,5,11/27/2023
384863,RANDOLPH,11/07/2023,voter,AE,UNA,W,UN,M,Age Over 66,15,11/27/2023
384921,RANDOLPH,11/07/2023,voter,AN,REP,W,UN,M,Age 18 - 25,26,11/27/2023
385182,RANDOLPH,11/07/2023,voter,DR,DEM,W,NL,F,Age 26 - 40,9,11/27/2023
385234,RANDOLPH,11/07/2023,voter,AR,UNA,U,HL,U,Age 41 - 65,1,11/27/2023
385235,RANDOLPH,11/07/2023,voter,TR,UNA,W,HL,M,Age Over 66,1,11/27/2023
385253,RANDOLPH,11/07/2023,voter,TT,REP,W,HL,M,Age 41 - 65,2,11/27/2023
385273,RANDOLPH,11/07/2023,voter,AR,UNA,U,HL,F,Age 18 - 25,1,11/27/2023
385310,RANDOLPH,11/07/2023,voter,DR,REP,O,UN,M,Age 26 - 40,1,11/27/2023
385346,RANDOLPH,11/07/2023,voter,AW,DEM,O,UN,F,Age 18 - 25,1,11/27/2023
385435,RANDOLPH,11/07/2023,voter,AN,LIB,W,NL,U,Age 26 - 40,1,11/27/2023
385448,RANDOLPH,11/07/2023,voter,AW,UNA,O,HL,U,Age 18 - 25,1,11/27/2023
385506,RANDOLPH,11/07/2023,voter,ST,UNA,W,HL,F,Age 41 - 65,1,11/27/2023
385557,RANDOLPH,11/07/2023,voter,SO,UNA,B,NL,M,Age 41 - 65,3,11/27/2023
385581,RANDOLPH,11/07/2023,voter,ST,REP,O,HL,M,Age 41 - 65,1,11/27/2023
385710,RANDOLPH,11/07/2023,voter,AW,DEM,B,UN,M,Age 18 - 25,5,11/27/2023
385718,RANDOLPH,11/07/2023,voter,NM,LIB,W,NL,F,Age Over 66,1,11/27/2023
385920,RANDOLPH,11/07/2023,voter,,DEM,W,HL,M,Age 18 - 25,1,11/27/2023
385955,RANDOLPH,11/07/2023,voter,SE,REP,W,NL,U,Age 41 - 65,1,11/27/2023
386060,RANDOLPH,11/07/2023,voter,AW,REP,W,UN,M,Age 18 - 25,25,11/27/2023
386071,RANDOLPH,11/07/2023,voter,AW,DEM,B,UN,F,Age 18 - 25,12,11/27/2023
386125,RANDOLPH,11/07/2023,voter,AR,UNA,B,NL,M,Age 18 - 25,2,11/27/2023
386216,RANDOLPH,11/07/2023,voter,SW,NLB,W,NL,U,Age 26 - 40,1,11/27/2023
386269,RANDOLPH,11/07/2023,voter,SO,REP,W,UN,U,Age 18 - 25,1,11/27/2023
386570,RANDOLPH,11/07/2023,voter,AR,UNA,B,NL,F,Age Over 66,1,11/27/2023
386593,RANDOLPH,11/07/2023,voter,AN,DEM,B,UN,U,Age 41 - 65,1,11/27/2023
386730,RANDOLPH,11/07/2023,voter,DR,REP,W,NL,F,Age 41 - 65,155,11/27/2023
386735,RANDOLPH,11/07/2023,voter,RN,DEM,O,NL,M,Age 26 - 40,1,11/27/2023
386767,RANDOLPH,11/07/2023,voter,LC,DEM,W,NL,M,Age 26 - 40,6,11/27/2023
386780,RANDOLPH,11/07/2023,voter,TR,REP,I,NL,M,Age 41 - 65,1,11/27/2023
386803,RANDOLPH,11/07/2023,voter,AE,UNA,A,UN,F,Age 26 - 40,1,11/27/2023
386811,RANDOLPH,11/07/2023,voter,RN,REP,W,NL,F,Age 41 - 65,81,11/27/2023
386883,RANDOLPH,11/07/2023,voter,TR,REP,W,NL,M,Age 26 - 40,1,11/27/2023
386931,RANDOLPH,11/07/2023,voter,TT,DEM,B,UN,M,Age 41 - 65,4,11/27/2023
387185,RANDOLPH,11/07/2023,voter,AW,LIB,W,NL,F,Age 41 - 65,1,11/27/2023
387357,RANDOLPH,11/07/2023,voter,AN,DEM,O,UN,M,Age Over 66,2,11/27/2023
387361,RANDOLPH,11/07/2023,voter,UG,UNA,O,NL,M,Age 26 - 40,1,11/27/2023
387436,RANDOLPH,11/07/2023,voter,TT,REP,B,UN,M,Age 18 - 25,2,11/27/2023
387530,RANDOLPH,11/07/2023,voter,AR,REP,W,NL,M,Age 41 - 65,149,11/27/2023
387791,RANDOLPH,11/07/2023,voter,LC,DEM,B,NL,M,Age Over 66,14,11/27/2023
387842,RANDOLPH,11/07/2023,voter,UG,REP,B,UN,M,Age 41 - 65,1,11/27/2023
387966,RANDOLPH,11/07/2023,voter,GR,REP,O,HL,F,Age 18 - 25,5,11/27/2023
388046,RANDOLPH,11/07/2023,voter,DR,UNA,U,HL,M,Age 18 - 25,4,11/27/2023
388094,RANDOLPH,11/07/2023,voter,,DEM,B,UN,M,Age 41 - 65,3,11/27/2023
388152,RANDOLPH,11/07/2023,voter,RN,REP,B,NL,F,Age 26 - 40,1,11/27/2023
388236,RANDOLPH,11/07/2023,voter,AS,REP,O,UN,M,Age 26 - 40,1,11/27/2023
388283,RANDOLPH,11/07/2023,voter,AS,UNA,B,NL,F,Age 18 - 25,4,11/27/2023
388295,RANDOLPH,11/07/2023,voter,TR,UNA,O,NL,F,Age 41 - 65,3,11/27/2023
388306,RANDOLPH,11/07/2023,voter,GR,DEM,B,UN,M,Age Over 66,4,11/27/2023
388352,RANDOLPH,11/07/2023,voter,SO,LIB,W,UN,F,Age 41 - 65,1,11/27/2023
388431,RANDOLPH,11/07/2023,voter,AW,DEM,W,NL,M,Age Over 66,11,11/27/2023
388514,RANDOLPH,11/07/2023,voter,RN,UNA,W,UN,F,Age Over 66,10,11/27/2023
388569,RANDOLPH,11/07/2023,voter,SW,DEM,W,NL,F,Age Over 66,24,11/27/2023
388768,RANDOLPH,11/07/2023,voter,AS,REP,W,NL,F,Age 26 - 40,41,11/27/2023
388978,RANDOLPH,11/07/2023,voter,TR,DEM,W,NL,M,Age Over 66,46,11/27/2023
388999,RANDOLPH,11/07/2023,voter,UG,REP,O,UN,M,Age 41 - 65,1,11/27/2023
389017,RANDOLPH,11/07/2023,voter,TR,UNA,U,UN,F,Age 18 - 25,1,11/27/2023
389047,RANDOLPH,11/07/2023,voter,GR,DEM,O,HL,F,Age 26 - 40,8,11/27/2023
389061,RANDOLPH,11/07/2023,voter,AN,UNA,W,HL,M,Age 26 - 40,2,11/27/2023
389068,RANDOLPH,11/07/2023,voter,AS,DEM,W,NL,F,Age 26 - 40,11,11/27/2023
389147,RANDOLPH,11/07/2023,voter,AR,UNA,W,UN,M,Age 18 - 25,14,11/27/2023
389178,RANDOLPH,11/07/2023,voter,LC,REP,O,UN,F,Age 18 - 25,1,11/27/2023
389230,RANDOLPH,11/07/2023,voter,SW,DEM,A,UN,F,Age 41 - 65,1,11/27/2023
389250,RANDOLPH,11/07/2023,voter,AS,REP,A,NL,F,Age 18 - 25,1,11/27/2023
389295,RANDOLPH,11/07/2023,voter,RN,DEM,U,HL,M,Age 18 - 25,7,11/27/2023
389339,RANDOLPH,11/07/2023,voter,AE,DEM,W,NL,M,Age 41 - 65,24,11/27/2023
389536,RANDOLPH,11/07/2023,voter,AR,REP,U,HL,M,Age 26 - 40,1,11/27/2023
389682,RANDOLPH,11/07/2023,voter,TB,UNA,W,HL,M,Age 41 - 65,1,11/27/2023
389736,RANDOLPH,11/07/2023,voter,AE,UNA,O,HL,M,Age 26 - 40,4,11/27/2023
389996,RANDOLPH,11/07/2023,voter,AN,REP,I,NL,F,Age 41 - 65,1,11/27/2023
390078,RANDOLPH,11/07/2023,voter,AW,UNA,B,NL,F,Age Over 66,2,11/27/2023
390287,RANDOLPH,11/07/2023,voter,AW,DEM,B,UN,F,Age 26 - 40,11,11/27/2023
390477,RANDOLPH,11/07/2023,voter,AW,DEM,U,HL,F,Age 18 - 25,1,11/27/2023
390547,RANDOLPH,11/07/2023,voter,AW,REP,W,UN,F,Age 26 - 40,18,11/27/2023
390590,RANDOLPH,11/07/2023,voter,AN,UNA,B,UN,M,Age 18 - 25,8,11/27/2023
390595,RANDOLPH,11/07/2023,voter,NM,DEM,W,UN,F,Age Over 66,2,11/27/2023
390725,RANDOLPH,11/07/2023,voter,TR,UNA,B,NL,F,Age 18 - 25,3,11/27/2023
390768,RANDOLPH,11/07/2023,voter,,LIB,U,UN,M,Age 41 - 65,1,11/27/2023
390881,RANDOLPH,11/07/2023,voter,TR,DEM,W,UN,F,Age 41 - 65,10,11/27/2023
390906,RANDOLPH,11/07/2023,voter,BC,REP,W,NL,M,Age Over 66,184,11/27/2023
391054,RANDOLPH,11/07/2023,voter,SE,DEM,B,NL,F,Age 26 - 40,3,11/27/2023
391081,RANDOLPH,11/07/2023,voter,UG,DEM,W,NL,F,Age 26 - 40,11,11/27/2023
391091,RANDOLPH,11/07/2023,voter,TB,REP,W,UN,F,Age 41 - 65,96,11/27/2023
391337,RANDOLPH,11/07/2023,voter,TT,UNA,B,NL,M,Age 41 - 65,1,11/27/2023
391430,RANDOLPH,11/07/2023,voter,AE,LIB,W,UN,F,Age Over 66,1,11/27/2023
391557,RANDOLPH,11/07/2023,voter,UG,REP,U,UN,F,Age 18 - 25,1,11/27/2023
391606,RANDOLPH,11/07/2023,voter,NM,REP,W,NL,U,Age Over 66,3,11/27/2023
391697,RANDOLPH,11/07/2023,voter,UG,DEM,A,UN,M,Age Over 66,1,11/27/2023
391985,RANDOLPH,11/07/2023,voter,UG,UNA,W,UN,F,Age 18 - 25,34,11/27/2023
392138,RANDOLPH,11/07/2023,voter,ST,UNA,I,UN,F,Age 26 - 40,1,11/27/2023
392159,RANDOLPH,11/07/2023,voter,LC,DEM,W,NL,M,Age 41 - 65,11,11/27/2023
392237,RANDOLPH,11/07/2023,voter,SW,UNA,W,UN,M,Age Over 66,8,11/27/2023
392277,RANDOLPH,11/07/2023,voter,AE,DEM,O,HL,M,Age 18 - 25,11,11/27/2023
392354,RANDOLPH,11/07/2023,voter,TR,REP,W,HL,F,Age Over 66,1,11/27/2023
392364,RANDOLPH,11/07/2023,voter,NM,REP,B,UN,M,Age 41 - 65,1,11/27/2023
392430,RANDOLPH,11/07/2023,voter,AW,REP,W,NL,M,Age Over 66,51,11/27/2023
392658,RANDOLPH,11/07/2023,voter,SE,UNA,W,NL,U,Age 41 - 65,1,11/27/2023
392706,RANDOLPH,11/07/2023,voter,AW,REP,W,UN,F,Age 18 - 25,16,11/27/2023
392755,RANDOLPH,11/07/2023,voter,TB,UNA,O,UN,F,Age 41 - 65,1,11/27/2023
392786,RANDOLPH,11/07/2023,voter,RM,REP,U,UN,F,Age 41 - 65,1,11/27/2023
392851,RANDOLPH,11/07/2023,voter,TR,REP,W,NL,F,Age 41 - 65,220,11/27/2023
392998,RANDOLPH,11/07/2023,voter,AW,UNA,B,UN,M,Age 41 - 65,5,11/27/2023
393029,RANDOLPH,11/07/2023,voter,AR,REP,O,NL,F,Age Over 66,2,11/27/2023
393087,RANDOLPH,11/07/2023,voter,UG,UNA,B,NL,M,Age 26 - 40,4,11/27/2023
393245,RANDOLPH,11/07/2023,voter,,UNA,B,NL,F,Age 26 - 40,1,11/27/2023
393269,RANDOLPH,11/07/2023,voter,SO,REP,W,NL,F,Age 18 - 25,13,11/27/2023
393274,RANDOLPH,11/07/2023,voter,AN,DEM,O,NL,F,Age 26 - 40,1,11/27/2023
393341,RANDOLPH,11/07/2023,voter,AN,UNA,W,UN,M,Age 26 - 40,16,11/27/2023
393406,RANDOLPH,11/07/2023,voter,TT,DEM,U,UN,U,Age Over 66,5,11/27/2023
393534,RANDOLPH,11/07/2023,voter,NM,UNA,U,UN,U,Age 41 - 65,18,11/27/2023
393606,RANDOLPH,11/07/2023,voter,LB,UNA,B,UN,F,Age 18 - 25,3,11/27/2023
393610,RANDOLPH,11/07/2023,voter,RN,LIB,W,UN,U,Age 26 - 40,1,11/27/2023
393772,RANDOLPH,11/07/2023,voter,AE,DEM,O,HL,F,Age 41 - 65,5,11/27/2023
393852,RANDOLPH,11/07/2023,voter,AR,REP,W,NL,F,Age 18 - 25,48,11/27/2023
393933,RANDOLPH,11/07/2023,voter,LB,DEM,O,HL,M,Age 26 - 40,3,11/27/2023
393955,RANDOLPH,11/07/2023,voter,AS,REP,U,UN,U,Age 41 - 65,8,11/27/2023
393979,RANDOLPH,11/07/2023,voter,SO,DEM,U,UN,F,Age 41 - 65,2,11/27/2023
394063,RANDOLPH,11/07/2023,voter,NM,DEM,W,UN,F,Age 41 - 65,5,11/27/2023
394100,RANDOLPH,11/07/2023,voter,AN,REP,W,UN,F,Age 26 - 40,26,11/27/2023
394214,RANDOLPH,11/07/2023,voter,RN,REP,I,NL,F,Age 41 - 65,1,11/27/2023
394308,RANDOLPH,11/07/2023,voter,BC,REP,I,NL,F,Age 41 - 65,1,11/27/2023
394389,RANDOLPH,11/07/2023,voter,AN,DEM,B,UN,M,Age Over 66,2,11/27/2023
394463,RANDOLPH,11/07/2023,voter,UG,REP,W,NL,F,Age 18 - 25,19,11/27/2023
394582,RANDOLPH,11/07/2023,voter,DR,REP,I,UN,F,Age 41 - 65,1,11/27/2023
394668,RANDOLPH,11/07/2023,voter,DR,LIB,W,UN,F,Age 26 - 40,2,11/27/2023
394686,RANDOLPH,11/07/2023,voter,NM,LIB,W,NL,M,Age 26 - 40,3,11/27/2023
394693,RANDOLPH,11/07/2023,voter,AS,DEM,B,UN,F,Age Over 66,3,11/27/2023
394723,RANDOLPH,11/07/2023,voter,TB,UNA,U,UN,U,Age 26 - 40,31,11/27/2023
394775,RANDOLPH,11/07/2023,voter,AR,UNA,W,UN,M,Age 26 - 40,5,11/27/2023
394794,RANDOLPH,11/07/2023,voter,RN,REP,W,UN,M,Age 26 - 40,69,11/27/2023
394850,RANDOLPH,11/07/2023,voter,AW,DEM,U,UN,M,Age Over 66,1,11/27/2023
394886,RANDOLPH,11/07/2023,voter,TT,UNA,B,NL,F,Age 41 - 65,2,11/27/2023
394952,RANDOLPH,11/07/2023,voter,AN,DEM,W,UN,M,Age 41 - 65,7,11/27/2023
395016,RANDOLPH,11/07/2023,voter,UG,UNA,M,HL,M,Age 26 - 40,1,11/27/2023
395068,RANDOLPH,11/07/2023,voter,NM,UNA,U,NL,U,Age 41 - 65,1,11/27/2023
395093,RANDOLPH,11/07/2023,voter,,UNA,I,UN,M,Age Over 66,1,11/27/2023
395095,RANDOLPH,11/07/2023,voter,SW,UNA,O,UN,F,Age 18 - 25,1,11/27/2023
395129,RANDOLPH,11/07/2023,voter,SO,UNA,W,UN,M,Age 26 - 40,8,11/27/2023
395184,RANDOLPH,11/07/2023,voter,LB,REP,M,UN,M,Age Over 66,1,11/27/2023
395191,RANDOLPH,11/07/2023,voter,AW,REP,W,NL,U,Age 41 - 65,2,11/27/2023
395206,RANDOLPH,11/07/2023,voter,,DEM,B,NL,F,Age 41 - 65,3,11/27/2023
395364,RANDOLPH,11/07/2023,voter,SE,UNA,W,UN,F,Age 18 - 25,2,11/27/2023
395388,RANDOLPH,11/07/2023,voter,DR,DEM,W,UN,M,Age Over 66,5,11/27/2023
395488,RANDOLPH,11/07/2023,voter,TR,DEM,W,UN,F,Age 26 - 40,6,11/27/2023
395493,RANDOLPH,11/07/2023,voter,AW,DEM,W,HL,M,Age 26 - 40,2,11/27/2023
395500,RANDOLPH,11/07/2023,voter,SO,DEM,W,NL,F,Age 26 - 40,7,11/27/2023
395515,RANDOLPH,11/07/2023,voter,DR,DEM,B,UN,F,Age Over 66,2,11/27/2023
395542,RANDOLPH,11/07/2023,voter,TB,REP,W,UN,F,Age 26 - 40,37,11/27/2023
395562,RANDOLPH,11/07/2023,voter,NM,DEM,O,HL,M,Age 18 - 25,1,11/27/2023
395782,RANDOLPH,11/07/2023,voter,TT,UNA,W,UN,M,Age 18 - 25,23,11/27/2023
395815,RANDOLPH,11/07/2023,voter,RM,DEM,O,NL,F,Age 41 - 65,2,11/27/2023
395876,RANDOLPH,11/07/2023,voter,AS,UNA,U,UN,F,Age 26 - 40,1,11/27/2023
395932,RANDOLPH,11/07/2023,voter,BC,DEM,B,NL,F,Age 26 - 40,3,11/27/2023
396065,RANDOLPH,11/07/2023,voter,AE,LIB,B,UN,M,Age 18 - 25,1,11/27/2023
396075,RANDOLPH,11/07/2023,voter,TT,UNA,O,NL,F,Age 18 - 25,2,11/27/2023
396095,RANDOLPH,11/07/2023,voter,TR,REP,W,UN,M,Age 41 - 65,1,11/27/2023
396098,RANDOLPH,11/07/2023,voter,AR,DEM,W,NL,F,Age Over 66,38,11/27/2023
396178,RANDOLPH,11/07/2023,voter,AE,REP,U,UN,U,Age 18 - 25,1,11/27/2023
396240,RANDOLPH,11/07/2023,voter,UG,DEM,W,HL,M,Age Over 66,1,11/27/2023
396280,RANDOLPH,11/07/2023,voter,RN,UNA,O,UN,M,Age 41 - 65,1,11/27/2023
396287,RANDOLPH,11/07/2023,voter,AW,DEM,O,NL,F,Age 18 - 25,2,11/27/2023
396392,RANDOLPH,11/07/2023,voter,AR,UNA,O,HL,F,Age 18 - 25,2,11/27/2023
396493,RANDOLPH,11/07/2023,voter,SW,LIB,U,UN,U,Age 26 - 40,1,11/27/2023
396518,RANDOLPH,11/07/2023,voter,RM,DEM,B,NL,F,Age 41 - 65,45,11/27/2023
396646,RANDOLPH,11/07/2023,voter,TB,REP,U,UN,F,Age 26 - 40,1,11/27/2023
396695,RANDOLPH,11/07/2023,voter,AE,DEM,W,NL,M,Age 18 - 25,1,11/27/2023
396715,RANDOLPH,11/07/2023,voter,NM,UNA,W,NL,U,Age 41 - 65,2,11/27/2023
396799,RANDOLPH,11/07/2023,voter,AS,REP,W,NL,F,Age 18 - 25,13,11/27/2023
397019,RANDOLPH,11/07/2023,voter,AS,UNA,O,HL,M,Age 26 - 40,4,11/27/2023
397066,RANDOLPH,11/07/2023,voter,AR,UNA,W,HL,M,Age Over 66,1,11/27/2023
397111,RANDOLPH,11/07/2023,voter,SO,UNA,A,UN,F,Age 41 - 65,1,11/27/2023
397276,RANDOLPH,11/07/2023,voter,SO,UNA,W,NL,F,Age Over 66,41,11/27/2023
397278,RANDOLPH,11/07/2023,voter,LC,REP,U,UN,U,Age 26 - 40,21,11/27/2023
397348,RANDOLPH,11/07/2023,voter,TT,UNA,O,NL,F,Age 41 - 65,2,11/27/2023
397393,RANDOLPH,11/07/2023,voter,TT,UNA,B,NL,F,Age 18 - 25,1,11/27/2023
397444,RANDOLPH,11/07/2023,voter,AR,UNA,U,HL,M,Age 41 - 65,2,11/27/2023
397472,RANDOLPH,11/07/2023,voter,UG,REP,W,UN,F,Age Over 66,30,11/27/2023
397494,RANDOLPH,11/07/2023,voter,TR,DEM,W,UN,F,Age 18 - 25,2,11/27/2023
397504,RANDOLPH,11/07/2023,voter,SO,UNA,M,UN,M,Age Over 66,1,11/27/2023
397529,RANDOLPH,11/07/2023,voter,AN,DEM,B,NL,F,Age 26 - 40,24,11/27/2023
397565,RANDOLPH,11/07/2023,voter,BC,UNA,U,NL,M,Age 26 - 40,1,11/27/2023
397612,RANDOLPH,11/07/2023,voter,UG,DEM,U,UN,F,Age 18 - 25,12,11/27/2023
397695,RANDOLPH,11/07/2023,voter,TR,REP,W,NL,F,Age 18 - 25,35,11/27/2023
397711,RANDOLPH,11/07/2023,voter,AE,UNA,I,UN,F,Age 18 - 25,1,11/27/2023
397803,RANDOLPH,11/07/2023,voter,TR,DEM,O,NL,F,Age Over 66,2,11/27/2023
398063,RANDOLPH,11/07/2023,voter,TR,UNA,U,UN,F,Age 41 - 65,3,11/27/2023
398133,RANDOLPH,11/07/2023,voter,UG,REP,I,UN,M,Age 41 - 65,1,11/27/2023
398159,RANDOLPH,11/07/2023,voter,SW,REP,W,NL,M,Age 26 - 40,57,11/27/2023
398194,RANDOLPH,11/07/2023,voter,NM,REP,W,UN,F,Age 18 - 25,26,11/27/2023
398366,RANDOLPH,11/07/2023,voter,AR,DEM,B,UN,U,Age 41 - 65,2,11/27/2023
398393,RANDOLPH,11/07/2023,voter,UG,REP,O,HL,M,Age Over 66,1,11/27/2023
398509,RANDOLPH,11/07/2023,voter,AE,DEM,U,UN,M,Age 18 - 25,2,11/27/2023
398539,RANDOLPH,11/07/2023,voter,UG,UNA,W,UN,F,Age 41 - 65,48,11/27/2023
398541,RANDOLPH,11/07/2023,voter,RM,UNA,W,UN,F,Age Over 66,15,11/27/2023
398654,RANDOLPH,11/07/2023,voter,AE,REP,W,HL,F,Age 41 - 65,2,11/27/2023
398681,RANDOLPH,11/07/2023,voter,SO,UNA,B,NL,M,Age 26 - 40,4,11/27/2023
398791,RANDOLPH,11/07/2023,voter,AR,UNA,O,NL,M,Age 18 - 25,1,11/27/2023
398901,RANDOLPH,11/07/2023,voter,NM,DEM,O,UN,M,Age 41 - 65,1,11/27/2023
398910,RANDOLPH,11/07/2023,voter,GR,DEM,O,HL,F,Age 41 - 65,6,11/27/2023
398929,RANDOLPH,11/07/2023,voter,NM,UNA,W,UN,F,Age 26 - 40,17,11/27/2023
398954,RANDOLPH,11/07/2023,voter,NM,UNA,O,UN,M,Age 26 - 40,1,11/27/2023
398979,RANDOLPH,11/07/2023,voter,BC,LIB,W,NL,F,Age 26 - 40,2,11/27/2023
398987,RANDOLPH,11/07/2023,voter,AN,DEM,W,NL,U,Age 41 - 65,1,11/27/2023
399022,RANDOLPH,11/07/2023,voter,RM,DEM,U,UN,U,Age Over 66,3,11/27/2023
399274,RANDOLPH,11/07/2023,voter,AS,REP,O,UN,M,Age 18 - 25,2,11/27/2023
399365,RANDOLPH,11/07/2023,voter,AR,UNA,A,UN,F,Age Over 66,1,11/27/2023
399463,RANDOLPH,11/07/2023,voter,RM,UNA,U,UN,F,Age Over 66,2,11/27/2023
399500,RANDOLPH,11/07/2023,voter,UG,LIB,W,NL,M,Age 26 - 40,1,11/27/2023
399658,RANDOLPH,11/07/2023,voter,TR,REP,O,NL,F,Age Over 66,1,11/27/2023
399760,RANDOLPH,11/07/2023,voter,AW,UNA,B,NL,M,Age 41 - 65,5,11/27/2023
399835,RANDOLPH,11/07/2023,voter,SW,UNA,U,UN,U,Age 26 - 40,3,11/27/2023
399952,RANDOLPH,11/07/2023,voter,DR,UNA,B,NL,M,Age 41 - 65,4,11/27/2023
400119,RANDOLPH,11/07/2023,voter,AN,UNA,B,NL,F,Age Over 66,1,11/27/2023
400136,RANDOLPH,11/07/2023,voter,UG,DEM,O,NL,F,Age 18 - 25,1,11/27/2023
400241,RANDOLPH,11/07/2023,voter,TT,DEM,W,NL,F,Age 18 - 25,12,11/27/2023
400291,RANDOLPH,11/07/2023,voter,LB,DEM,W,NL,F,Age Over 66,68,11/27/2023
400384,RANDOLPH,11/07/2023,voter,AE,DEM,B,HL,F,Age 41 - 65,1,11/27/2023
400390,RANDOLPH,11/07/2023,voter,,LIB,W,UN,M,Age 18 - 25,2,11/27/2023
400407,RANDOLPH,11/07/2023,voter,AR,UNA,A,UN,F,Age 41 - 65,5,11/27/2023
400463,RANDOLPH,11/07/2023,voter,GR,DEM,W,UN,M,Age 41 - 65,7,11/27/2023
400523,RANDOLPH,11/07/2023,voter,AR,REP,W,NL,F,Age 26 - 40,106,11/27/2023
400673,RANDOLPH,11/07/2023,voter,TB,LIB,W,NL,F,Age 18 - 25,1,11/27/2023
400741,RANDOLPH,11/07/2023,voter,UG,DEM,O,UN,M,Age 18 - 25,2,11/27/2023
400837,RANDOLPH,11/07/2023,voter,AS,DEM,W,NL,M,Age 41 - 65,10,11/27/2023
400879,RANDOLPH,11/07/2023,voter,UG,REP,B,NL,F,Age Over 66,1,11/27/2023
400958,RANDOLPH,11/07/2023,voter,DR,REP,B,UN,M,Age 26 - 40,1,11/27/2023
401025,RANDOLPH,11/07/2023,voter,GR,UNA,A,UN,M,Age 26 - 40,1,11/27/2023
401106,RANDOLPH,11/07/2023,voter,TR,UNA,O,NL,M,Age 26 - 40,1,11/27/2023
401224,RANDOLPH,11/07/2023,voter,TR,REP,I,NL,M,Age 26 - 40,1,11/27/2023
401235,RANDOLPH,11/07/2023,voter,LC,REP,W,UN,U,Age 41 - 65,1,11/27/2023
401273,RANDOLPH,11/07/2023,voter,SW,REP,W,UN,M,Age 41 - 65,61,11/27/2023
401356,RANDOLPH,11/07/2023,voter,AS,UNA,A,UN,M,Age 18 - 25,1,11/27/2023
401381,RANDOLPH,11/07/2023,voter,AE,UNA,U,UN,U,Age 41 - 65,16,11/27/2023
401407,RANDOLPH,11/07/2023,voter,AW,DEM,O,NL,F,Age 26 - 40,1,11/27/2023
401845,RANDOLPH,11/07/2023,voter,LC,REP,U,UN,U,Age 41 - 65,32,11/27/2023
401864,RANDOLPH,11/07/2023,voter,AE,REP,U,UN,M,Age 41 - 65,3,11/27/2023
401891,RANDOLPH,11/07/2023,voter,AE,UNA,W,HL,F,Age 41 - 65,2,11/27/2023
402092,RANDOLPH,11/07/2023,voter,AW,UNA,O,UN,M,Age 41 - 65,4,11/27/2023
402169,RANDOLPH,11/07/2023,voter,UG,REP,B,UN,M,Age 18 - 25,1,11/27/2023
402191,RANDOLPH,11/07/2023,voter,AE,UNA,W,HL,F,Age 26 - 40,4,11/27/2023
402208,RANDOLPH,11/07/2023,voter,BC,DEM,B,UN,F,Age 41 - 65,1,11/27/2023
402235,RANDOLPH,11/07/2023,voter,ST,UNA,A,NL,F,Age 26 - 40,2,11/27/2023
402396,RANDOLPH,11/07/2023,voter,GR,DEM,W,UN,M,Age 26 - 40,7,11/27/2023
402408,RANDOLPH,11/07/2023,voter,RN,UNA,U,HL,M,Age 18 - 25,3,11/27/2023
402495,RANDOLPH,11/07/2023,voter,UG,DEM,W,HL,M,Age 26 - 40,1,11/27/2023
402558,RANDOLPH,11/07/2023,voter,TB,DEM,U,HL,F,Age 26 - 40,1,11/27/2023
402657,RANDOLPH,11/07/2023,voter,TB,DEM,B,NL,F,Age 41 - 65,1,11/27/2023
402799,RANDOLPH,11/07/2023,voter,UG,UNA,U,HL,M,Age 18 - 25,6,11/27/2023
402827,RANDOLPH,11/07/2023,voter,AN,UNA,U,HL,M,Age 18 - 25,6,11/27/2023
402838,RANDOLPH,11/07/2023,voter,AW,UNA,B,UN,M,Age 26 - 40,1,11/27/2023
403033,RANDOLPH,11/07/2023,voter,AN,REP,B,NL,F,Age 41 - 65,1,11/27/2023
403061,RANDOLPH,11/07/2023,voter,GR,REP,O,HL,F,Age 41 - 65,5,11/27/2023
403536,RANDOLPH,11/07/2023,voter,GR,DEM,B,HL,F,Age 26 - 40,1,11/27/2023
403686,RANDOLPH,11/07/2023,voter,AR,UNA,U,HL,U,Age 26 - 40,2,11/27/2023
403730,RANDOLPH,11/07/2023,voter,AR,UNA,U,UN,F,Age 26 - 40,3,11/27/2023
403732,RANDOLPH,11/07/2023,voter,GR,REP,W,NL,M,Age 41 - 65,300,11/27/2023
403759,RANDOLPH,11/07/2023,voter,TT,DEM,O,UN,M,Age 41 - 65,1,11/27/2023
403783,RANDOLPH,11/07/2023,voter,SW,REP,W,NL,M,Age 41 - 65,197,11/27/2023
403791,RANDOLPH,11/07/2023,voter,UG,UNA,O,UN,M,Age Over 66,1,11/27/2023
403796,RANDOLPH,11/07/2023,voter,SO,UNA,O,NL,M,Age 18 - 25,2,11/27/2023
403879,RANDOLPH,11/07/2023,voter,RN,UNA,B,UN,M,Age 18 - 25,5,11/27/2023
403940,RANDOLPH,11/07/2023,voter,TT,REP,W,NL,M,Age 41 - 65,1,11/27/2023
403942,RANDOLPH,11/07/2023,voter,AE,UNA,B,UN,F,Age 18 - 25,5,11/27/2023
403951,RANDOLPH,11/07/2023,voter,UG,UNA,W,UN,M,Age 26 - 40,35,11/27/2023
403958,RANDOLPH,11/07/2023,voter,SO,REP,I,UN,F,Age 41 - 65,1,11/27/2023
403968,RANDOLPH,11/07/2023,voter,AE,DEM,O,HL,M,Age 41 - 65,6,11/27/2023
403978,RANDOLPH,11/07/2023,voter,RN,UNA,I,UN,M,Age 41 - 65,1,11/27/2023
404046,RANDOLPH,11/07/2023,voter,SO,DEM,O,HL,F,Age 18 - 25,4,11/27/2023
404071,RANDOLPH,11/07/2023,voter,AE,UNA,U,UN,F,Age Over 66,1,11/27/2023
404095,RANDOLPH,11/07/2023,voter,GR,UNA,O,HL,F,Age Over 66,1,11/27/2023
404157,RANDOLPH,11/07/2023,voter,SO,UNA,B,NL,M,Age 41 - 65,1,11/27/2023
404161,RANDOLPH,11/07/2023,voter,RN,DEM,I,NL,M,Age 41 - 65,1,11/27/2023
404240,RANDOLPH,11/07/2023,voter,AN,LIB,U,UN,U,Age 41 - 65,1,11/27/2023
404286,RANDOLPH,11/07/2023,voter,TR,DEM,B,UN,M,Age 18 - 25,1,11/27/2023
404409,RANDOLPH,11/07/2023,voter,AW,REP,W,UN,F,Age 41 - 65,46,11/27/2023
404437,RANDOLPH,11/07/2023,voter,SO,DEM,U,UN,F,Age 18 - 25,3,11/27/2023
404459,RANDOLPH,11/07/2023,voter,AN,LIB,W,NL,F,Age 41 - 65,1,11/27/2023
404620,RANDOLPH,11/07/2023,voter,SW,LIB,W,NL,U,Age 26 - 40,1,11/27/2023
404863,RANDOLPH,11/07/2023,voter,AE,REP,W,HL,F,Age 26 - 40,1,11/27/2023
404939,RANDOLPH,11/07/2023,voter,BC,UNA,A,NL,M,Age 41 - 65,2,11/27/2023
405101,RANDOLPH,11/07/2023,voter,AR,REP,O,HL,M,Age 18 - 25,1,11/27/2023
405209,RANDOLPH,11/07/2023,voter,BC,DEM,O,NL,F,Age 41 - 65,1,11/27/2023
405246,RANDOLPH,11/07/2023,voter,AR,REP,W,NL,F,Age 41 - 65,335,11/27/2023
405247,RANDOLPH,11/07/2023,voter,UG,UNA,B,NL,M,Age 18 - 25,2,11/27/2023
405292,RANDOLPH,11/07/2023,voter,LC,UNA,O,HL,M,Age 18 - 25,8,11/27/2023
405306,RANDOLPH,11/07/2023,voter,NM,REP,W,UN,M,Age 26 - 40,17,11/27/2023
405507,RANDOLPH,11/07/2023,voter,AN,DEM,U,HL,F,Age 41 - 65,3,11/27/2023
405565,RANDOLPH,11/07/2023,voter,UG,UNA,B,UN,M,Age Over 66,1,11/27/2023
405693,RANDOLPH,11/07/2023,voter,LB,DEM,B,HL,M,Age 41 - 65,1,11/27/2023
405740,RANDOLPH,11/07/2023,voter,AW,DEM,U,HL,F,Age 26 - 40,1,11/27/2023
405761,RANDOLPH,11/07/2023,voter,SE,UNA,B,UN,M,Age 26 - 40,2,11/27/2023
405792,RANDOLPH,11/07/2023,voter,AE,REP,O,HL,F,Age 41 - 65,3,11/27/2023
405884,RANDOLPH,11/07/2023,voter,AE,DEM,O,HL,F,Age 18 - 25,9,11/27/2023
406335,RANDOLPH,11/07/2023,voter,AW,REP,B,NL,F,Age 26 - 40,1,11/27/2023
406604,RANDOLPH,11/07/2023,voter,RN,UNA,W,UN,M,Age 41 - 65,27,11/27/2023
406728,RANDOLPH,11/07/2023,voter,ST,REP,W,NL,U,Age 18 - 25,1,11/27/2023
406735,RANDOLPH,11/07/2023,voter,AW,DEM,A,UN,M,Age 26 - 40,1,11/27/2023
406741,RANDOLPH,11/07/2023,voter,RN,REP,W,UN,M,Age 41 - 65,136,11/27/2023
406948,RANDOLPH,11/07/2023,voter,SW,UNA,O,NL,M,Age 26 - 40,1,11/27/2023
406982,RANDOLPH,11/07/2023,voter,AN,UNA,O,HL,M,Age Over 66,1,11/27/2023
407123,RANDOLPH,11/07/2023,voter,DR,LIB,O,HL,M,Age 26 - 40,1,11/27/2023
407180,RANDOLPH,11/07/2023,voter,SO,UNA,U,UN,M,Age 26 - 40,1,11/27/2023
407216,RANDOLPH,11/07/2023,voter,TT,DEM,W,NL,U,Age Over 66,1,11/27/2023
407234,RANDOLPH,11/07/2023,voter,TR,REP,U,UN,U,Age Over 66,14,11/27/2023
407238,RANDOLPH,11/07/2023,voter,AR,UNA,B,UN,F,Age 41 - 65,4,11/27/2023
407274,RANDOLPH,11/07/2023,voter,NM,UNA,U,UN,U,Age Over 66,4,11/27/2023
407377,RANDOLPH,11/07/2023,voter,LB,UNA,B,UN,F,Age 41 - 65,6,11/27/2023
407444,RANDOLPH,11/07/2023,voter,AS,UNA,W,UN,F,Age 26 - 40,29,11/27/2023
407523,RANDOLPH,11/07/2023,voter,AW,UNA,W,UN,F,Age 41 - 65,58,11/27/2023
407547,RANDOLPH,11/07/2023,voter,AR,UNA,W,HL,F,Age 18 - 25,2,11/27/2023
407589,RANDOLPH,11/07/2023,voter,AW,UNA,W,HL,M,Age 26 - 40,1,11/27/2023
407609,RANDOLPH,11/07/2023,voter,AE,REP,W,UN,U,Age 18 - 25,1,11/27/2023
407736,RANDOLPH,11/07/2023,voter,AE,UNA,O,UN,F,Age 18 - 25,4,11/27/2023
407914,RANDOLPH,11/07/2023,voter,NM,UNA,W,NL,U,Age 26 - 40,7,11/27/2023
408111,RANDOLPH,11/07/2023,voter,AR,DEM,B,UN,M,Age Over 66,1,11/27/2023
408115,RANDOLPH,11/07/2023,voter,AW,REP,A,UN,M,Age Over 66,1,11/27/2023
408184,RANDOLPH,11/07/2023,voter,BC,DEM,U,UN,U,Age 18 - 25,3,11/27/2023
408254,RANDOLPH,11/07/2023,voter,TR,REP,O,NL,M,Age 26 - 40,1,11/27/2023
408302,RANDOLPH,11/07/2023,voter,GR,DEM,B,NL,U,Age 26 - 40,1,11/27/2023
408479,RANDOLPH,11/07/2023,voter,SW,UNA,W,NL,M,Age 41 - 65,21,11/27/2023
408665,RANDOLPH,11/07/2023,voter,BC,LIB,W,NL,F,Age 41 - 65,1,11/27/2023
408674,RANDOLPH,11/07/2023,voter,UG,UNA,B,NL,F,Age 41 - 65,2,11/27/2023
408773,RANDOLPH,11/07/2023,voter,AN,REP,O,HL,F,Age 18 - 25,3,11/27/2023
408781,RANDOLPH,11/07/2023,voter,TB,DEM,O,HL,M,Age 41 - 65,1,11/27/2023
408848,RANDOLPH,11/07/2023,voter,LB,UNA,U,NL,F,Age 18 - 25,1,11/27/2023
408864,RANDOLPH,11/07/2023,voter,SO,UNA,W,UN,M,Age 26 - 40,27,11/27/2023
409019,RANDOLPH,11/07/2023,voter,NM,UNA,U,UN,U,Age 18 - 25,4,11/27/2023
409080,RANDOLPH,11/07/2023,voter,AS,LIB,W,UN,M,Age 18 - 25,1,11/27/2023
409096,RANDOLPH,11/07/2023,voter,SW,UNA,M,NL,M,Age 26 - 40,1,11/27/2023
409168,RANDOLPH,11/07/2023,voter,TB,DEM,U,HL,F,Age 18 - 25,2,11/27/2023
409254,RANDOLPH,11/07/2023,voter,AR,UNA,U,UN,U,Age 18 - 25,19,11/27/2023
409437,RANDOLPH,11/07/2023,voter,AW,UNA,B,UN,M,Age 18 - 25,6,11/27/2023
409590,RANDOLPH,11/07/2023,voter,SE,LIB,U,NL,F,Age 41 - 65,1,11/27/2023
409608,RANDOLPH,11/07/2023,voter,TR,DEM,B,NL,M,Age 41 - 65,1,11/27/2023
409705,RANDOLPH,11/07/2023,voter,SW,UNA,U,NL,M,Age 41 - 65,1,11/27/2023
409793,RANDOLPH,11/07/2023,voter,GR,REP,U,UN,M,Age 18 - 25,5,11/27/2023
409858,RANDOLPH,11/07/2023,voter,TR,DEM,O,UN,M,Age 18 - 25,1,11/27/2023
409910,RANDOLPH,11/07/2023,voter,AS,REP,A,NL,F,Age 41 - 65,1,11/27/2023
409916,RANDOLPH,11/07/2023,voter,,REP,W,NL,F,Age 26 - 40,86,11/27/2023
409979,RANDOLPH,11/07/2023,voter,,DEM,O,NL,F,Age 41 - 65,1,11/27/2023
410049,RANDOLPH,11/07/2023,voter,AN,UNA,U,HL,M,Age 41 - 65,2,11/27/2023
410069,RANDOLPH,11/07/2023,voter,DR,DEM,W,UN,F,Age 41 - 65,17,11/27/2023
410135,RANDOLPH,11/07/2023,voter,LB,DEM,A,UN,F,Age 41 - 65,1,11/27/2023
410323,RANDOLPH,11/07/2023,voter,AR,REP,O,HL,F,Age 18 - 25,1,11/27/2023
410433,RANDOLPH,11/07/2023,voter,AN,UNA,B,NL,M,Age 18 - 25,2,11/27/2023
410445,RANDOLPH,11/07/2023,voter,RM,REP,M,NL,F,Age 18 - 25,1,11/27/2023
410490,RANDOLPH,11/07/2023,voter,AR,REP,W,HL,F,Age Over 66,1,11/27/2023
410547,RANDOLPH,11/07/2023,voter,AW,UNA,W,HL,M,Age 18 - 25,1,11/27/2023
410557,RANDOLPH,11/07/2023,voter,TT,UNA,M,NL,F,Age 41 - 65,1,11/27/2023
410594,RANDOLPH,11/07/2023,voter,AS,UNA,W,UN,M,Age 18 - 25,25,11/27/2023
410696,RANDOLPH,11/07/2023,voter,,DEM,W,UN,F,Age 18 - 25,3,11/27/2023
410876,RANDOLPH,11/07/2023,voter,AS,LIB,B,UN,U,Age 41 - 65,1,11/27/2023
410974,RANDOLPH,11/07/2023,voter,LC,DEM,B,UN,F,Age 26 - 40,3,11/27/2023
410989,RANDOLPH,11/07/2023,voter,AW,DEM,W,UN,F,Age 26 - 40,9,11/27/2023
411023,RANDOLPH,11/07/2023,voter,,DEM,A,NL,F,Age 41 - 65,1,11/27/2023
411033,RANDOLPH,11/07/2023,voter,LB,UNA,W,HL,F,Age 18 - 25,1,11/27/2023
411191,RANDOLPH,11/07/2023,voter,SW,REP,O,HL,F,Age 41 - 65,1,11/27/2023
411197,RANDOLPH,11/07/2023,voter,RN,UNA,O,UN,M,Age 18 - 25,3,11/27/2023
411252,RANDOLPH,11/07/2023,voter,LC,UNA,U,UN,M,Age 26 - 40,3,11/27/2023
411323,RANDOLPH,11/07/2023,voter,LC,LIB,U,UN,F,Age 41 - 65,1,11/27/2023
411450,RANDOLPH,11/07/2023,voter,AR,DEM,B,NL,F,Age Over 66,22,11/27/2023
411488,RANDOLPH,11/07/2023,voter,TR,DEM,W,NL,U,Age 26 - 40,1,11/27/2023
411495,RANDOLPH,11/07/2023,voter,TB,UNA,B,UN,F,Age 41 - 65,1,11/27/2023
411584,RANDOLPH,11/07/2023,voter,TT,REP,W,NL,F,Age 41 - 65,417,11/27/2023
411641,RANDOLPH,11/07/2023,voter,TR,REP,W,HL,M,Age 41 - 65,1,11/27/2023
411714,RANDOLPH,11/07/2023,voter,SO,DEM,I,HL,F,Age 18 - 25,1,11/27/2023
411721,RANDOLPH,11/07/2023,voter,GR,DEM,B,NL,M,Age 18 - 25,2,11/27/2023
411724,RANDOLPH,11/07/2023,voter,LC,REP,W,HL,F,Age 26 - 40,1,11/27/2023
411728,RANDOLPH,11/07/2023,voter,LC,REP,W,UN,M,Age Over 66,36,11/27/2023
411781,RANDOLPH,11/07/2023,voter,TR,REP,U,HL,M,Age 41 - 65,1,11/27/2023
411840,RANDOLPH,11/07/2023,voter,,UNA,O,HL,M,Age 41 - 65,1,11/27/2023
411950,RANDOLPH,11/07/2023,voter,AN,REP,B,NL,F,Age 26 - 40,2,11/27/2023
411954,RANDOLPH,11/07/2023,voter,UG,DEM,B,UN,F,Age Over 66,1,11/27/2023
412007,RANDOLPH,11/07/2023,voter,AR,NLB,O,HL,F,Age 26 - 40,1,11/27/2023
412134,RANDOLPH,11/07/2023,voter,AR,UNA,U,UN,M,Age 18 - 25,2,11/27/2023
412153,RANDOLPH,11/07/2023,voter,SE,UNA,W,UN,F,Age 41 - 65,4,11/27/2023
412201,RANDOLPH,11/07/2023,voter,AW,REP,W,UN,F,Age Over 66,43,11/27/2023
412238,RANDOLPH,11/07/2023,voter,TR,UNA,B,NL,F,Age 26 - 40,1,11/27/2023
412319,RANDOLPH,11/07/2023,voter,TR,REP,O,NL,M,Age 41 - 65,1,11/27/2023
412422,RANDOLPH,11/07/2023,voter,RM,UNA,U,HL,M,Age 18 - 25,2,11/27/2023
412567,RANDOLPH,11/07/2023,voter,TR,UNA,B,NL,F,Age 41 - 65,7,11/27/2023
412601,RANDOLPH,11/07/2023,voter,TT,REP,I,NL,F,Age Over 66,1,11/27/2023
412602,RANDOLPH,11/07/2023,voter,TR,DEM,O,NL,F,Age 18 - 25,1,11/27/2023
412844,RANDOLPH,11/07/2023,voter,RM,LIB,O,HL,M,Age 26 - 40,1,11/27/2023
412969,RANDOLPH,11/07/2023,voter,AW,DEM,O,HL,M,Age Over 66,3,11/27/2023
413071,RANDOLPH,11/07/2023,voter,UG,UNA,W,HL,M,Age Over 66,1,11/27/2023
413117,RANDOLPH,11/07/2023,voter,AR,UNA,W,NL,F,Age Over 66,90,11/27/2023
413160,RANDOLPH,11/07/2023,voter,AN,UNA,B,NL,F,Age Over 66,3,11/27/2023
413198,RANDOLPH,11/07/2023,voter,GR,REP,A,NL,F,Age 26 - 40,1,11/27/2023
413464,RANDOLPH,11/07/2023,voter,UG,REP,I,UN,M,Age 18 - 25,2,11/27/2023
413617,RANDOLPH,11/07/2023,voter,AW,DEM,O,UN,F,Age 26 - 40,3,11/27/2023
413624,RANDOLPH,11/07/2023,voter,TR,UNA,U,HL,F,Age 26 - 40,1,11/27/2023
413741,RANDOLPH,11/07/2023,voter,UG,LIB,O,HL,M,Age 18 - 25,1,11/27/2023
413759,RANDOLPH,11/07/2023,voter,RM,REP,W,NL,F,Age 26 - 40,55,11/27/2023
413785,RANDOLPH,11/07/2023,voter,TB,DEM,W,NL,U,Age 18 - 25,1,11/27/2023
413936,RANDOLPH,11/07/2023,voter,SE,REP,W,UN,F,Age 26 - 40,33,11/27/2023
413941,RANDOLPH,11/07/2023,voter,TR,UNA,U,UN,F,Age 26 - 40,2,11/27/2023
413972,RANDOLPH,11/07/2023,voter,AW,UNA,W,HL,M,Age 41 - 65,1,11/27/2023
413975,RANDOLPH,11/07/2023,voter,GR,DEM,W,NL,M,Age 26 - 40,9,11/27/2023
414045,RANDOLPH,11/07/2023,voter,SE,UNA,U,UN,U,Age Over 66,1,11/27/2023
414061,RANDOLPH,11/07/2023,voter,AR,REP,W,NL,M,Age 18 - 25,25,11/27/2023
414125,RANDOLPH,11/07/2023,voter,AN,DEM,U,HL,F,Age 18 - 25,6,11/27/2023
414154,RANDOLPH,11/07/2023,voter,DR,DEM,B,NL,F,Age 18 - 25,4,11/27/2023
414217,RANDOLPH,11/07/2023,voter,AE,UNA,W,UN,U,Age 41 - 65,1,11/27/2023
414261,RANDOLPH,11/07/2023,voter,TR,UNA,M,UN,F,Age 26 - 40,1,11/27/2023
414351,RANDOLPH,11/07/2023,voter,TR,UNA,W,UN,F,Age 26 - 40,10,11/27/2023
414401,RANDOLPH,11/07/2023,voter,SW,DEM,O,HL,F,Age 18 - 25,1,11/27/2023
414769,RANDOLPH,11/07/2023,voter,DR,DEM,W,UN,F,Age 26 - 40,7,11/27/2023
414852,RANDOLPH,11/07/2023,voter,,UNA,U,UN,U,Age Over 66,5,11/27/2023
415097,RANDOLPH,11/07/2023,voter,TT,DEM,B,UN,M,Age 18 - 25,1,11/27/2023
415137,RANDOLPH,11/07/2023,voter,UG,DEM,W,UN,F,Age 18 - 25,9,11/27/2023
415253,RANDOLPH,11/07/2023,voter,TB,UNA,O,HL,U,Age 18 - 25,1,11/27/2023
415296,RANDOLPH,11/07/2023,voter,DR,REP,W,UN,U,Age 18 - 25,1,11/27/2023
415415,RANDOLPH,11/07/2023,voter,NM,REP,U,UN,U,Age Over 66,14,11/27/2023
415423,RANDOLPH,11/07/2023,voter,AW,REP,U,UN,F,Age 26 - 40,1,11/27/2023
415477,RANDOLPH,11/07/2023,voter,AN,UNA,U,HL,M,Age 26 - 40,3,11/27/2023
415490,RANDOLPH,11/07/2023,voter,AN,DEM,M,NL,F,Age 26 - 40,1,11/27/2023
415565,RANDOLPH,11/07/2023,voter,TT,UNA,B,NL,M,Age 18 - 25,1,11/27/2023
415582,RANDOLPH,11/07/2023,voter,AR,UNA,I,UN,F,Age 41 - 65,1,11/27/2023
415643,RANDOLPH,11/07/2023,voter,UG,UNA,W,UN,F,Age 26 - 40,38,11/27/2023
415697,RANDOLPH,11/07/2023,voter,DR,REP,W,NL,F,Age 18 - 25,15,11/27/2023
415818,RANDOLPH,11/07/2023,voter,AS,LIB,B,NL,M,Age 41 - 65,1,11/27/2023
415870,RANDOLPH,11/07/2023,voter,UG,REP,O,UN,M,Age 26 - 40,1,11/27/2023
415891,RANDOLPH,11/07/2023,voter,RN,DEM,B,NL,M,Age 26 - 40,5,11/27/2023
416017,RANDOLPH,11/07/2023,voter,AE,UNA,U,NL,F,Age 41 - 65,1,11/27/2023
416066,RANDOLPH,11/07/2023,voter,UG,UNA,B,UN,M,Age Over 66,1,11/27/2023
416134,RANDOLPH,11/07/2023,voter,GR,DEM,U,UN,M,Age 26 - 40,1,11/27/2023
416164,RANDOLPH,11/07/2023,voter,UG,UNA,A,NL,F,Age Over 66,1,11/27/2023
416176,RANDOLPH,11/07/2023,voter,SE,DEM,O,UN,F,Age 41 - 65,2,11/27/2023
416180,RANDOLPH,11/07/2023,voter,SW,REP,O,HL,F,Age 26 - 40,1,11/27/2023
416205,RANDOLPH,11/07/2023,voter,AE,DEM,B,NL,M,Age 41 - 65,48,11/27/2023
416276,RANDOLPH,11/07/2023,voter,AS,DEM,W,UN,F,Age 41 - 65,13,11/27/2023
416466,RANDOLPH,11/07/2023,voter,AN,UNA,U,NL,M,Age 41 - 65,1,11/27/2023
416521,RANDOLPH,11/07/2023,voter,LB,UNA,O,UN,F,Age 41 - 65,2,11/27/2023
416663,RANDOLPH,11/07/2023,voter,ST,DEM,O,HL,F,Age Over 66,1,11/27/2023
416743,RANDOLPH,11/07/2023,voter,TR,DEM,U,NL,U,Age 26 - 40,1,11/27/2023
416832,RANDOLPH,11/07/2023,voter,RN,DEM,O,HL,U,Age 18 - 25,1,11/27/2023
416896,RANDOLPH,11/07/2023,voter,AS,REP,B,UN,M,Age 26 - 40,1,11/27/2023
416973,RANDOLPH,11/07/2023,voter,AE,UNA,U,NL,F,Age 26 - 40,1,11/27/2023
417041,RANDOLPH,11/07/2023,voter,LB,DEM,U,UN,U,Age 26 - 40,12,11/27/2023
417140,RANDOLPH,11/07/2023,voter,AR,DEM,U,HL,F,Age 26 - 40,2,11/27/2023
417248,RANDOLPH,11/07/2023,voter,BC,REP,W,NL,M,Age 18 - 25,48,11/27/2023
417257,RANDOLPH,11/07/2023,voter,AR,UNA,U,UN,F,Age 18 - 25,1,11/27/2023
417307,RANDOLPH,11/07/2023,voter,UG,REP,W,UN,M,Age 18 - 25,32,11/27/2023
417321,RANDOLPH,11/07/2023,voter,TR,LIB,W,NL,F,Age 18 - 25,2,11/27/2023
417505,RANDOLPH,11/07/2023,voter,UG,LIB,W,NL,M,Age 41 - 65,1,11/27/2023
417507,RANDOLPH,11/07/2023,voter,ST,REP,W,HL,U,Age Over 66,1,11/27/2023
417578,RANDOLPH,11/07/2023,voter,TR,DEM,B,UN,U,Age 41 - 65,1,11/27/2023
417612,RANDOLPH,11/07/2023,voter,AW,DEM,A,NL,F,Age 26 - 40,2,11/27/2023
417783,RANDOLPH,11/07/2023,voter,NM,UNA,U,UN,F,Age Over 66,1,11/27/2023
417799,RANDOLPH,11/07/2023,voter,NM,DEM,O,UN,M,Age 18 - 25,1,11/27/2023
417948,RANDOLPH,11/07/2023,voter,SO,UNA,B,UN,M,Age 18 - 25,2,11/27/2023
418143,RANDOLPH,11/07/2023,voter,AE,REP,O,HL,M,Age Over 66,1,11/27/2023
418219,RANDOLPH,11/07/2023,voter,RN,UNA,U,UN,U,Age Over 66,5,11/27/2023
418290,RANDOLPH,11/07/2023,voter,SO,REP,O,HL,F,Age 26 - 40,1,11/27/2023
418353,RANDOLPH,11/07/2023,voter,AR,UNA,O,UN,M,Age 41 - 65,2,11/27/2023
418407,RANDOLPH,11/07/2023,voter,GR,DEM,W,NL,F,Age 41 - 65,47,11/27/2023
418469,RANDOLPH,11/07/2023,voter,UG,UNA,B,UN,M,Age 41 - 65,2,11/27/2023
418485,RANDOLPH,11/07/2023,voter,AS,UNA,O,HL,U,Age 18 - 25,2,11/27/2023
418543,RANDOLPH,11/07/2023,voter,LB,REP,W,HL,F,Age 41 - 65,2,11/27/2023
418669,RANDOLPH,11/07/2023,voter,DR,REP,B,NL,M,Age 18 - 25,1,11/27/2023
418692,RANDOLPH,11/07/2023,voter,AR,REP,O,HL,M,Age 26 - 40,1,11/27/2023
418760,RANDOLPH,11/07/2023,voter,AW,DEM,W,UN,U,Age 26 - 40,1,11/27/2023
418863,RANDOLPH,11/07/2023,voter,AN,LIB,W,NL,M,Age Over 66,1,11/27/2023
418890,RANDOLPH,11/07/2023,voter,AW,UNA,U,UN,F,Age 26 - 40,1,11/27/2023
418960,RANDOLPH,11/07/2023,voter,AR,REP,W,UN,F,Age 18 - 25,24,11/27/2023
419175,RANDOLPH,11/07/2023,voter,AE,REP,W,NL,M,Age Over 66,95,11/27/2023
419225,RANDOLPH,11/07/2023,voter,GR,DEM,W,HL,F,Age 18 - 25,1,11/27/2023
419243,RANDOLPH,11/07/2023,voter,AE,DEM,B,NL,M,Age 26 - 40,2,11/27/2023
419247,RANDOLPH,11/07/2023,voter,TT,REP,U,NL,M,Age Over 66,1,11/27/2023
419391,RANDOLPH,11/07/2023,voter,AR,LIB,A,UN,M,Age Over 66,1,11/27/2023
419551,RANDOLPH,11/07/2023,voter,SO,DEM,U,HL,F,Age 41 - 65,2,11/27/2023
419659,RANDOLPH,11/07/2023,voter,AE,REP,M,NL,M,Age 18 - 25,1,11/27/2023
419755,RANDOLPH,11/07/2023,voter,RM,UNA,A,NL,M,Age 18 - 25,3,11/27/2023
419812,RANDOLPH,11/07/2023,voter,SW,DEM,U,UN,U,Age 26 - 40,2,11/27/2023
419845,RANDOLPH,11/07/2023,voter,TR,REP,W,UN,F,Age 41 - 65,44,11/27/2023
419939,RANDOLPH,11/07/2023,voter,DR,UNA,U,UN,M,Age Over 66,1,11/27/2023
419963,RANDOLPH,11/07/2023,voter,AR,DEM,O,NL,M,Age 41 - 65,2,11/27/2023
420003,RANDOLPH,11/07/2023,voter,GR,UNA,O,HL,M,Age 18 - 25,16,11/27/2023
420037,RANDOLPH,11/07/2023,voter,TT,DEM,W,NL,F,Age Over 66,69,11/27/2023
420067,RANDOLPH,11/07/2023,voter,TR,REP,U,UN,F,Age Over 66,3,11/27/2023
420094,RANDOLPH,11/07/2023,voter,DR,REP,B,NL,F,Age 26 - 40,2,11/27/2023
420099,RANDOLPH,11/07/2023,voter,AS,DEM,U,HL,F,Age 26 - 40,1,11/27/2023
420106,RANDOLPH,11/07/2023,voter,SE,DEM,O,HL,F,Age 41 - 65,1,11/27/2023
420123,RANDOLPH,11/07/2023,voter,DR,UNA,W,UN,M,Age Over 66,12,11/27/2023
420202,RANDOLPH,11/07/2023,voter,DR,REP,W,UN,M,Age 41 - 65,78,11/27/2023
420327,RANDOLPH,11/07/2023,voter,AE,REP,W,UN,M,Age 26 - 40,24,11/27/2023
420385,RANDOLPH,11/07/2023,voter,UG,UNA,M,UN,M,Age 41 - 65,1,11/27/2023
420408,RANDOLPH,11/07/2023,voter,AR,UNA,A,NL,F,Age 18 - 25,1,11/27/2023
420414,RANDOLPH,11/07/2023,voter,UG,DEM,W,UN,M,Age 41 - 65,10,11/27/2023
420427,RANDOLPH,11/07/2023,voter,LC,REP,A,UN,F,Age 41 - 65,1,11/27/2023
420476,RANDOLPH,11/07/2023,voter,TR,DEM,W,NL,M,Age 26 - 40,13,11/27/2023
420570,RANDOLPH,11/07/2023,voter,AR,UNA,A,UN,U,Age 41 - 65,2,11/27/2023
420679,RANDOLPH,11/07/2023,voter,LC,UNA,B,UN,F,Age 26 - 40,2,11/27/2023
420762,RANDOLPH,11/07/2023,voter,UG,UNA,U,UN,U,Age 26 - 40,13,11/27/2023
420920,RANDOLPH,11/07/2023,voter,RN,REP,W,HL,M,Age 26 - 40,2,11/27/2023
420937,RANDOLPH,11/07/2023,voter,SW,UNA,B,NL,F,Age 41 - 65,1,11/27/2023
420959,RANDOLPH,11/07/2023,voter,DR,UNA,W,UN,M,Age Over 66,14,11/27/2023
421064,RANDOLPH,11/07/2023,voter,AN,DEM,W,NL,F,Age 41 - 65,15,11/27/2023
421242,RANDOLPH,11/07/2023,voter,DR,DEM,B,NL,M,Age 41 - 65,3,11/27/2023
421258,RANDOLPH,11/07/2023,voter,TB,UNA,B,NL,F,Age 41 - 65,2,11/27/2023
421350,RANDOLPH,11/07/2023,voter,AR,UNA,O,HL,F,Age 26 - 40,3,11/27/2023
421562,RANDOLPH,11/07/2023,voter,AE,UNA,U,UN,U,Age 26 - 40,14,11/27/2023
421569,RANDOLPH,11/07/2023,voter,RN,REP,W,HL,M,Age 41 - 65,1,11/27/2023
421595,RANDOLPH,11/07/2023,voter,AR,UNA,B,UN,M,Age 41 - 65,5,11/27/2023
422101,RANDOLPH,11/07/2023,voter,GR,REP,W,NL,F,Age 18 - 25,34,11/27/2023
422155,RANDOLPH,11/07/2023,voter,AR,DEM,W,HL,M,Age 41 - 65,1,11/27/2023
422233,RANDOLPH,11/07/2023,voter,AW,UNA,U,UN,M,Age 26 - 40,1,11/27/2023
422478,RANDOLPH,11/07/2023,voter,AW,REP,M,UN,M,Age 41 - 65,1,11/27/2023
422483,RANDOLPH,11/07/2023,voter,UG,UNA,W,UN,U,Age 26 - 40,1,11/27/2023
422508,RANDOLPH,11/07/2023,voter,NM,UNA,O,NL,M,Age 26 - 40,1,11/27/2023
422609,RANDOLPH,11/07/2023,voter,AS,UNA,I,NL,M,Age Over 66,1,11/27/2023
422693,RANDOLPH,11/07/2023,voter,,REP,W,NL,U,Age 26 - 40,3,11/27/2023
422844,RANDOLPH,11/07/2023,voter,,UNA,U,HL,M,Age 18 - 25,1,11/27/2023
422957,RANDOLPH,11/07/2023,voter,BC,UNA,B,NL,F,Age 26 - 40,2,11/27/2023
422967,RANDOLPH,11/07/2023,voter,TB,DEM,W,NL,F,Age 18 - 25,10,11/27/2023
422991,RANDOLPH,11/07/2023,voter,AW,UNA,A,UN,M,Age 41 - 65,1,11/27/2023
423134,RANDOLPH,11/07/2023,voter,TR,DEM,B,NL,U,Age 41 - 65,1,11/27/2023
423168,RANDOLPH,11/07/2023,voter,AN,NLB,B,UN,F,Age 41 - 65,1,11/27/2023
423197,RANDOLPH,11/07/2023,voter,AR,DEM,M,NL,F,Age 26 - 40,1,11/27/2023
423316,RANDOLPH,11/07/2023,voter,AR,UNA,U,NL,M,Age Over 66,1,11/27/2023
423336,RANDOLPH,11/07/2023,voter,UG,REP,O,HL,F,Age Over 66,1,11/27/2023
423442,RANDOLPH,11/07/2023,voter,LC,UNA,B,NL,F,Age 18 - 25,2,11/27/2023
423501,RANDOLPH,11/07/2023,voter,AS,DEM,W,NL,F,Age 41 - 65,14,11/27/2023
423632,RANDOLPH,11/07/2023,voter,,REP,O,HL,F,Age 41 - 65,1,11/27/2023
423741,RANDOLPH,11/07/2023,voter,AE,REP,O,NL,F,Age 41 - 65,1,11/27/2023
423872,RANDOLPH,11/07/2023,voter,SW,REP,W,UN,F,Age 41 - 65,72,11/27/2023
423950,RANDOLPH,11/07/2023,voter,TR,DEM,O,HL,F,Age 41 - 65,1,11/27/2023
424058,RANDOLPH,11/07/2023,voter,AR,UNA,W,HL,F,Age 18 - 25,2,11/27/2023
424059,RANDOLPH,11/07/2023,voter,AE,UNA,U,HL,M,Age 26 - 40,2,11/27/2023
424259,RANDOLPH,11/07/2023,voter,DR,DEM,W,NL,M,Age 26 - 40,6,11/27/2023
424293,RANDOLPH,11/07/2023,voter,AE,UNA,B,NL,F,Age Over 66,8,11/27/2023
424391,RANDOLPH,11/07/2023,voter,AS,REP,U,UN,U,Age 41 - 65,9,11/27/2023
424431,RANDOLPH,11/07/2023,voter,DR,DEM,O,HL,F,Age 41 - 65,2,11/27/2023
424432,RANDOLPH,11/07/2023,voter,AR,UNA,U,UN,U,Age 18 - 25,8,11/27/2023
424446,RANDOLPH,11/07/2023,voter,AS,REP,W,NL,M,Age 18 - 25,16,11/27/2023
424469,RANDOLPH,11/07/2023,voter,AW,REP,U,UN,F,Age Over 66,1,11/27/2023
424474,RANDOLPH,11/07/2023,voter,,DEM,W,NL,M,Age 26 - 40,9,11/27/2023
424478,RANDOLPH,11/07/2023,voter,AE,REP,W,NL,F,Age 18 - 25,7,11/27/2023
424722,RANDOLPH,11/07/2023,voter,AS,UNA,O,NL,U,Age Over 66,1,11/27/2023
424767,RANDOLPH,11/07/2023,voter,AW,UNA,O,HL,F,Age 26 - 40,10,11/27/2023
424789,RANDOLPH,11/07/2023,voter,SO,UNA,W,NL,U,Age 26 - 40,4,11/27/2023
424848,RANDOLPH,11/07/2023,voter,SO,UNA,M,HL,M,Age 26 - 40,1,11/27/2023
424877,RANDOLPH,11/07/2023,voter,AR,DEM,W,UN,F,Age 26 - 40,3,11/27/2023
425010,RANDOLPH,11/07/2023,voter,AN,UNA,W,NL,U,Age 26 - 40,2,11/27/2023
425039,RANDOLPH,11/07/2023,voter,AN,DEM,O,NL,M,Age 41 - 65,3,11/27/2023
425043,RANDOLPH,11/07/2023,voter,AW,DEM,W,UN,M,Age Over 66,5,11/27/2023
425092,RANDOLPH,11/07/2023,voter,TR,DEM,A,NL,F,Age 41 - 65,2,11/27/2023
425113,RANDOLPH,11/07/2023,voter,AW,UNA,W,NL,F,Age 41 - 65,43,11/27/2023
425267,RANDOLPH,11/07/2023,voter,TB,DEM,O,HL,F,Age 26 - 40,2,11/27/2023
425277,RANDOLPH,11/07/2023,voter,TR,DEM,W,UN,M,Age 18 - 25,2,11/27/2023
425504,RANDOLPH,11/07/2023,voter,RN,UNA,W,NL,M,Age Over 66,18,11/27/2023
425565,RANDOLPH,11/07/2023,voter,TR,REP,W,UN,U,Age 41 - 65,3,11/27/2023
425666,RANDOLPH,11/07/2023,voter,ST,LIB,W,UN,M,Age Over 66,1,11/27/2023
425697,RANDOLPH,11/07/2023,voter,TT,REP,W,UN,M,Age Over 66,30,11/27/2023
425715,RANDOLPH,11/07/2023,voter,TT,REP,W,HL,F,Age 18 - 25,1,11/27/2023
425814,RANDOLPH,11/07/2023,voter,AR,DEM,A,NL,F,Age 26 - 40,3,11/27/2023
425843,RANDOLPH,11/07/2023,voter,TT,DEM,W,UN,U,Age 18 - 25,1,11/27/2023
425908,RANDOLPH,11/07/2023,voter,TT,UNA,O,HL,F,Age 26 - 40,2,11/27/2023
425925,RANDOLPH,11/07/2023,voter,SE,DEM,W,NL,F,Age 41 - 65,4,11/27/2023
425926,RANDOLPH,11/07/2023,voter,DR,REP,M,HL,F,Age 41 - 65,1,11/27/2023
425951,RANDOLPH,11/07/2023,voter,SE,REP,W,NL,M,Age Over 66,106,11/27/2023
425962,RANDOLPH,11/07/2023,voter,UG,REP,A,NL,F,Age 41 - 65,1,11/27/2023
426048,RANDOLPH,11/07/2023,voter,AW,UNA,W,NL,M,Age 18 - 25,4,11/27/2023
426102,RANDOLPH,11/07/2023,voter,TB,REP,O,HL,F,Age 26 - 40,2,11/27/2023
426677,RANDOLPH,11/07/2023,voter,AS,REP,A,UN,M,Age Over 66,1,11/27/2023
426679,RANDOLPH,11/07/2023,voter,UG,UNA,A,UN,F,Age 26 - 40,1,11/27/2023
426705,RANDOLPH,11/07/2023,voter,AW,UNA,A,UN,F,Age 18 - 25,1,11/27/2023
426932,RANDOLPH,11/07/2023,voter,AR,DEM,O,UN,M,Age Over 66,1,11/27/2023
426962,RANDOLPH,11/07/2023,voter,TT,UNA,O,HL,M,Age 18 - 25,4,11/27/2023
427068,RANDOLPH,11/07/2023,voter,TR,REP,O,NL,M,Age Over 66,1,11/27/2023
427072,RANDOLPH,11/07/2023,voter,UG,REP,W,HL,F,Age 26 - 40,2,11/27/2023
427080,RANDOLPH,11/07/2023,voter,TT,REP,U,UN,M,Age Over 66,2,11/27/2023
427472,RANDOLPH,11/07/2023,voter,AR,REP,U,UN,U,Age 18 - 25,13,11/27/2023
427474,RANDOLPH,11/07/2023,voter,AN,UNA,W,UN,U,Age 41 - 65,2,11/27/2023
427607,RANDOLPH,11/07/2023,voter,AR,UNA,U,HL,F,Age 41 - 65,2,11/27/2023
427722,RANDOLPH,11/07/2023,voter,RM,DEM,O,HL,M,Age 18 - 25,6,11/27/2023
427743,RANDOLPH,11/07/2023,voter,GR,DEM,W,UN,F,Age 26 - 40,16,11/27/2023
427770,RANDOLPH,11/07/2023,voter,AR,REP,A,UN,M,Age Over 66,1,11/27/2023
427831,RANDOLPH,11/07/2023,voter,UG,DEM,U,UN,M,Age 18 - 25,10,11/27/2023
427911,RANDOLPH,11/07/2023,voter,AN,DEM,B,NL,M,Age 41 - 65,19,11/27/2023
427970,RANDOLPH,11/07/2023,voter,DR,UNA,B,NL,F,Age 18 - 25,1,11/27/2023
427978,RANDOLPH,11/07/2023,voter,AS,REP,W,UN,U,Age 41 - 65,2,11/27/2023
428028,RANDOLPH,11/07/2023,voter,AN,UNA,I,UN,F,Age 26 - 40,1,11/27/2023
428094,RANDOLPH,11/07/2023,voter,SE,DEM,M,NL,M,Age 26 - 40,1,11/27/2023
428253,RANDOLPH,11/07/2023,voter,NM,REP,W,NL,M,Age 41 - 65,234,11/27/2023
428275,RANDOLPH,11/07/2023,voter,AR,REP,U,HL,F,Age 41 - 65,2,11/27/2023
428297,RANDOLPH,11/07/2023,voter,TT,REP,B,NL,M,Age Over 66,1,11/27/2023
428344,RANDOLPH,11/07/2023,voter,ST,UNA,B,UN,M,Age 26 - 40,2,11/27/2023
428451,RANDOLPH,11/07/2023,voter,DR,UNA,W,UN,F,Age 41 - 65,46,11/27/2023
428537,RANDOLPH,11/07/2023,voter,AS,DEM,W,NL,M,Age 18 - 25,4,11/27/2023
428555,RANDOLPH,11/07/2023,voter,NM,REP,W,NL,U,Age 41 - 65,6,11/27/2023
428559,RANDOLPH,11/07/2023,voter,AE,UNA,B,UN,M,Age 18 - 25,18,11/27/2023
428629,RANDOLPH,11/07/2023,voter,AE,REP,W,UN,F,Age 18 - 25,12,11/27/2023
428701,RANDOLPH,11/07/2023,voter,AE,DEM,U,HL,F,Age 41 - 65,4,11/27/2023
428963,RANDOLPH,11/07/2023,voter,DR,DEM,W,NL,F,Age Over 66,42,11/27/2023
428974,RANDOLPH,11/07/2023,voter,,UNA,W,NL,F,Age Over 66,61,11/27/2023
429023,RANDOLPH,11/07/2023,voter,ST,UNA,W,NL,F,Age 26 - 40,44,11/27/2023
429033,RANDOLPH,11/07/2023,voter,GR,DEM,U,NL,M,Age Over 66,1,11/27/2023
429122,RANDOLPH,11/07/2023,voter,NM,UNA,W,NL,F,Age Over 66,27,11/27/2023
429150,RANDOLPH,11/07/2023,voter,RN,UNA,W,NL,U,Age 41 - 65,7,11/27/2023
429184,RANDOLPH,11/07/2023,voter,AW,DEM,A,NL,U,Age 26 - 40,1,11/27/2023
429191,RANDOLPH,11/07/2023,voter,ST,REP,W,UN,M,Age 18 - 25,20,11/27/2023
429195,RANDOLPH,11/07/2023,voter,AR,REP,W,HL,F,Age 41 - 65,1,11/27/2023
429237,RANDOLPH,11/07/2023,voter,TR,REP,W,UN,M,Age Over 66,19,11/27/2023
429317,RANDOLPH,11/07/2023,voter,GR,DEM,O,HL,M,Age 41 - 65,7,11/27/2023
429342,RANDOLPH,11/07/2023,voter,SO,UNA,B,NL,F,Age 41 - 65,5,11/27/2023
429375,RANDOLPH,11/07/2023,voter,ST,UNA,W,NL,U,Age Over 66,1,11/27/2023
429410,RANDOLPH,11/07/2023,voter,AE,REP,W,HL,M,Age 26 - 40,4,11/27/2023
429455,RANDOLPH,11/07/2023,voter,AR,DEM,A,UN,M,Age 41 - 65,1,11/27/2023
429554,RANDOLPH,11/07/2023,voter,SE,DEM,W,UN,F,Age Over 66,2,11/27/2023
429619,RANDOLPH,11/07/2023,voter,AN,DEM,W,NL,F,Age Over 66,31,11/27/2023
429772,RANDOLPH,11/07/2023,voter,BC,UNA,W,UN,U,Age 26 - 40,2,11/27/2023
429839,RANDOLPH,11/07/2023,voter,AR,DEM,U,NL,M,Age 18 - 25,1,11/27/2023
429848,RANDOLPH,11/07/2023,voter,LB,DEM,W,UN,F,Age 26 - 40,6,11/27/2023
429982,RANDOLPH,11/07/2023,voter,AE,DEM,M,HL,M,Age 18 - 25,1,11/27/2023
430020,RANDOLPH,11/07/2023,voter,NM,UNA,O,HL,F,Age 18 - 25,2,11/27/2023
430406,RANDOLPH,11/07/2023,voter,AW,UNA,W,UN,M,Age Over 66,19,11/27/2023
430446,RANDOLPH,11/07/2023,voter,SW,REP,A,NL,M,Age 26 - 40,2,11/27/2023
430632,RANDOLPH,11/07/2023,voter,AR,DEM,W,NL,M,Age 18 - 25,7,11/27/2023
430747,RANDOLPH,11/07/2023,voter,LC,REP,W,HL,M,Age 41 - 65,1,11/27/2023
430761,RANDOLPH,11/07/2023,voter,ST,DEM,B,NL,F,Age 26 - 40,3,11/27/2023
431344,RANDOLPH,11/07/2023,voter,AN,UNA,O,HL,F,Age Over 66,1,11/27/2023
431391,RANDOLPH,11/07/2023,voter,NM,REP,W,NL,M,Age 18 - 25,49,11/27/2023
431440,RANDOLPH,11/07/2023,voter,RN,UNA,B,NL,F,Age 26 - 40,5,11/27/2023
431606,RANDOLPH,11/07/2023,voter,TT,REP,U,NL,M,Age 41 - 65,1,11/27/2023
431914,RANDOLPH,11/07/2023,voter,BC,REP,U,UN,F,Age Over 66,1,11/27/2023
431942,RANDOLPH,11/07/2023,voter,ST,REP,B,NL,M,Age 18 - 25,1,11/27/2023
431946,RANDOLPH,11/07/2023,voter,AS,DEM,B,NL,M,Age Over 66,6,11/27/2023
431963,RANDOLPH,11/07/2023,voter,TR,REP,B,UN,F,Age 26 - 40,1,11/27/2023
431970,RANDOLPH,11/07/2023,voter,AE,UNA,W,HL,M,Age 26 - 40,3,11/27/2023
431975,RANDOLPH,11/07/2023,voter,TR,DEM,U,UN,U,Age 26 - 40,5,11/27/2023
431994,RANDOLPH,11/07/2023,voter,LC,UNA,O,NL,F,Age 41 - 65,1,11/27/2023
432054,RANDOLPH,11/07/2023,voter,AE,DEM,O,NL,F,Age 18 - 25,1,11/27/2023
432202,RANDOLPH,11/07/2023,voter,RN,UNA,W,NL,M,Age 18 - 25,19,11/27/2023
432299,RANDOLPH,11/07/2023,voter,LC,UNA,M,NL,F,Age 41 - 65,1,11/27/2023
432336,RANDOLPH,11/07/2023,voter,TR,REP,U,UN,U,Age 18 - 25,12,11/27/2023
432437,RANDOLPH,11/07/2023,voter,TR,REP,O,HL,F,Age 18 - 25,1,11/27/2023
432441,RANDOLPH,11/07/2023,voter,AR,REP,O,HL,F,Age 18 - 25,2,11/27/2023
432895,RANDOLPH,11/07/2023,voter,,DEM,W,UN,M,Age 18 - 25,4,11/27/2023
432959,RANDOLPH,11/07/2023,voter,AS,REP,O,UN,M,Age 41 - 65,1,11/27/2023
432990,RANDOLPH,11/07/2023,voter,RM,REP,W,NL,M,Age 41 - 65,176,11/27/2023
433129,RANDOLPH,11/07/2023,voter,,DEM,W,NL,F,Age 41 - 65,65,11/27/2023
433199,RANDOLPH,11/07/2023,voter,NM,REP,W,UN,U,Age 41 - 65,2,11/27/2023
433260,RANDOLPH,11/07/2023,voter,TR,DEM,B,NL,M,Age 18 - 25,2,11/27/2023
433277,RANDOLPH,11/07/2023,voter,TB,UNA,W,NL,F,Age 18 - 25,37,11/27/2023
433294,RANDOLPH,11/07/2023,voter,LB,UNA,W,HL,M,Age 18 - 25,2,11/27/2023
433378,RANDOLPH,11/07/2023,voter,LB,DEM,B,UN,M,Age Over 66,16,11/27/2023
433509,RANDOLPH,11/07/2023,voter,TR,DEM,B,NL,M,Age 41 - 65,10,11/27/2023
433539,RANDOLPH,11/07/2023,voter,TT,REP,W,NL,M,Age 41 - 65,445,11/27/2023
433601,RANDOLPH,11/07/2023,voter,NM,REP,W,NL,M,Age Over 66,122,11/27/2023
433649,RANDOLPH,11/07/2023,voter,AW,DEM,U,UN,M,Age 26 - 40,1,11/27/2023
433673,RANDOLPH,11/07/2023,voter,AE,UNA,O,NL,M,Age 26 - 40,1,11/27/2023
433682,RANDOLPH,11/07/2023,voter,UG,REP,W,UN,M,Age Over 66,59,11/27/2023
433697,RANDOLPH,11/07/2023,voter,RN,DEM,W,HL,F,Age 18 - 25,2,11/27/2023
433741,RANDOLPH,11/07/2023,voter,SW,DEM,W,UN,F,Age 41 - 65,6,11/27/2023
433832,RANDOLPH,11/07/2023,voter,SW,UNA,W,NL,F,Age 41 - 65,32,11/27/2023
433896,RANDOLPH,11/07/2023,voter,SW,UNA,U,UN,U,Age 18 - 25,11,11/27/2023
433968,RANDOLPH,11/07/2023,voter,TR,UNA,M,HL,F,Age 26 - 40,1,11/27/2023
434076,RANDOLPH,11/07/2023,voter,AS,REP,A,NL,F,Age 26 - 40,1,11/27/2023
434382,RANDOLPH,11/07/2023,voter,SE,REP,W,NL,F,Age 41 - 65,34,11/27/2023
434414,RANDOLPH,11/07/2023,voter,TR,UNA,O,HL,M,Age 18 - 25,1,11/27/2023
434481,RANDOLPH,11/07/2023,voter,AN,UNA,U,HL,F,Age 41 - 65,1,11/27/2023
434575,RANDOLPH,11/07/2023,voter,AW,REP,W,UN,M,Age 26 - 40,20,11/27/2023
434678,RANDOLPH,11/07/2023,voter,AW,DEM,W,NL,F,Age 26 - 40,23,11/27/2023
434778,RANDOLPH,11/07/2023,voter,UG,UNA,W,NL,F,Age Over 66,33,11/27/2023
434798,RANDOLPH,11/07/2023,voter,UG,UNA,U,UN,M,Age 26 - 40,1,11/27/2023
434961,RANDOLPH,11/07/2023,voter,AR,REP,W,UN,M,Age 18 - 25,17,11/27/2023
434970,RANDOLPH,11/07/2023,voter,,REP,W,NL,M,Age 26 - 40,69,11/27/2023
435090,RANDOLPH,11/07/2023,voter,AR,UNA,O,HL,M,Age 41 - 65,1,11/27/2023
435116,RANDOLPH,11/07/2023,voter,RN,DEM,O,HL,M,Age 26 - 40,5,11/27/2023
435285,RANDOLPH,11/07/2023,voter,SO,REP,W,NL,U,Age Over 66,1,11/27/2023
435294,RANDOLPH,11/07/2023,voter,UG,UNA,W,UN,M,Age 26 - 40,38,11/27/2023
435353,RANDOLPH,11/07/2023,voter,RN,REP,A,UN,M,Age 18 - 25,1,11/27/2023
435475,RANDOLPH,11/07/2023,voter,AW,DEM,W,UN,M,Age 26 - 40,7,11/27/2023
435517,RANDOLPH,11/07/2023,voter,LC,DEM,B,UN,M,Age 26 - 40,5,11/27/2023
435555,RANDOLPH,11/07/2023,voter,AE,DEM,B,NL,F,Age 41 - 65,73,11/27/2023
435709,RANDOLPH,11/07/2023,voter,TB,LIB,W,HL,F,Age 26 - 40,1,11/27/2023
435893,RANDOLPH,11/07/2023,voter,AE,UNA,O,UN,M,Age 18 - 25,5,11/27/2023
435953,RANDOLPH,11/07/2023,voter,DR,UNA,W,HL,F,Age 18 - 25,1,11/27/2023
435959,RANDOLPH,11/07/2023,voter,LB,UNA,U,HL,M,Age 41 - 65,2,11/27/2023
436146,RANDOLPH,11/07/2023,voter,BC,DEM,U,NL,F,Age 18 - 25,1,11/27/2023
436163,RANDOLPH,11/07/2023,voter,RN,UNA,I,NL,M,Age Over 66,1,11/27/2023
436256,RANDOLPH,11/07/2023,voter,TR,REP,W,NL,M,Age 18 - 25,50,11/27/2023
436266,RANDOLPH,11/07/2023,voter,TT,REP,U,UN,U,Age 18 - 25,18,11/27/2023
436398,RANDOLPH,11/07/2023,voter,RM,DEM,U,UN,M,Age 26 - 40,1,11/27/2023
436406,RANDOLPH,11/07/2023,voter,TR,UNA,O,HL,F,Age 26 - 40,4,11/27/2023
436470,RANDOLPH,11/07/2023,voter,,UNA,O,HL,F,Age 41 - 65,2,11/27/2023
436521,RANDOLPH,11/07/2023,voter,AR,DEM,B,NL,M,Age Over 66,16,11/27/2023
436678,RANDOLPH,11/07/2023,voter,TR,REP,W,NL,F,Age Over 66,259,11/27/2023
436815,RANDOLPH,11/07/2023,voter,TT,REP,W,UN,U,Age 18 - 25,1,11/27/2023
437242,RANDOLPH,11/07/2023,voter,LC,LIB,O,HL,M,Age 18 - 25,1,11/27/2023
437273,RANDOLPH,11/07/2023,voter,GR,DEM,U,UN,U,Age Over 66,1,11/27/2023
437409,RANDOLPH,11/07/2023,voter,AR,DEM,B,NL,U,Age 18 - 25,2,11/27/2023
437412,RANDOLPH,11/07/2023,voter,TR,REP,W,UN,F,Age 18 - 25,1,11/27/2023
437481,RANDOLPH,11/07/2023,voter,UG,UNA,A,UN,M,Age 41 - 65,1,11/27/2023
437553,RANDOLPH,11/07/2023,voter,RM,UNA,O,HL,M,Age 41 - 65,4,11/27/2023
437576,RANDOLPH,11/07/2023,voter,SO,UNA,B,NL,F,Age 18 - 25,2,11/27/2023
437618,RANDOLPH,11/07/2023,voter,RN,UNA,W,UN,U,Age 18 - 25,1,11/27/2023
437713,RANDOLPH,11/07/2023,voter,,UNA,W,UN,M,Age 18 - 25,37,11/27/2023
437774,RANDOLPH,11/07/2023,voter,DR,LIB,W,UN,M,Age 26 - 40,2,11/27/2023
437811,RANDOLPH,11/07/2023,voter,TB,LIB,U,UN,U,Age 26 - 40,1,11/27/2023
437850,RANDOLPH,11/07/2023,voter,NM,DEM,W,HL,F,Age 26 - 40,1,11/27/2023
437881,RANDOLPH,11/07/2023,voter,AN,REP,M,NL,M,Age 18 - 25,1,11/27/2023
438169,RANDOLPH,11/07/2023,voter,,DEM,B,HL,F,Age 41 - 65,1,11/27/2023
438190,RANDOLPH,11/07/2023,voter,AS,REP,O,NL,F,Age Over 66,1,11/27/2023
438217,RANDOLPH,11/07/2023,voter,AE,REP,B,UN,M,Age 18 - 25,3,11/27/2023
438579,RANDOLPH,11/07/2023,voter,AW,DEM,B,NL,M,Age 26 - 40,6,11/27/2023
438597,RANDOLPH,11/07/2023,voter,TR,UNA,U,UN,U,Age 18 - 25,1,11/27/2023
438699,RANDOLPH,11/07/2023,voter,AS,UNA,O,HL,M,Age 41 - 65,2,11/27/2023
438764,RANDOLPH,11/07/2023,voter,DR,UNA,O,NL,F,Age 41 - 65,1,11/27/2023
438769,RANDOLPH,11/07/2023,voter,SW,UNA,W,HL,F,Age 18 - 25,1,11/27/2023
438798,RANDOLPH,11/07/2023,voter,GR,UNA,B,UN,F,Age 41 - 65,2,11/27/2023
438870,RANDOLPH,11/07/2023,voter,GR,GRE,U,UN,U,Age 18 - 25,1,11/27/2023
438915,RANDOLPH,11/07/2023,voter,AR,UNA,U,HL,M,Age 41 - 65,1,11/27/2023
439245,RANDOLPH,11/07/2023,voter,AE,UNA,O,HL,U,Age 26 - 40,1,11/27/2023
439481,RANDOLPH,11/07/2023,voter,TR,DEM,W,NL,M,Age 41 - 65,15,11/27/2023
439872,RANDOLPH,11/07/2023,voter,AN,DEM,A,UN,M,Age 41 - 65,1,11/27/2023
440041,RANDOLPH,11/07/2023,voter,TR,DEM,B,NL,M,Age Over 66,17,11/27/2023
440211,RANDOLPH,11/07/2023,voter,UG,LIB,W,UN,F,Age 26 - 40,1,11/27/2023
440227,RANDOLPH,11/07/2023,voter,TR,DEM,B,UN,F,Age 18 - 25,2,11/27/2023
440323,RANDOLPH,11/07/2023,voter,AR,UNA,W,NL,M,Age Over 66,57,11/27/2023
440327,RANDOLPH,11/07/2023,voter,,REP,W,UN,U,Age 26 - 40,4,11/27/2023
440358,RANDOLPH,11/07/2023,voter,TR,REP,B,NL,F,Age 26 - 40,2,11/27/2023
440496,RANDOLPH,11/07/2023,voter,AN,UNA,U,UN,U,Age 18 - 25,12,11/27/2023
440941,RANDOLPH,11/07/2023,voter,AW,DEM,B,UN,U,Age Over 66,1,11/27/2023
441097,RANDOLPH,11/07/2023,voter,RM,DEM,A,UN,F,Age 41 - 65,1,11/27/2023
441310,RANDOLPH,11/07/2023,voter,RN,REP,A,NL,F,Age Over 66,1,11/27/2023
441322,RANDOLPH,11/07/2023,voter,AS,UNA,W,UN,M,Age 18 - 25,11,11/27/2023
441392,RANDOLPH,11/07/2023,voter,DR,UNA,U,HL,F,Age 18 - 25,3,11/27/2023
441454,RANDOLPH,11/07/2023,voter,AW,UNA,M,HL,F,Age 26 - 40,2,11/27/2023
441604,RANDOLPH,11/07/2023,voter,AS,REP,B,UN,M,Age 41 - 65,1,11/27/2023
441615,RANDOLPH,11/07/2023,voter,LC,REP,W,NL,F,Age 26 - 40,78,11/27/2023
441655,RANDOLPH,11/07/2023,voter,RN,UNA,B,UN,F,Age 26 - 40,2,11/27/2023
441687,RANDOLPH,11/07/2023,voter,TT,UNA,W,UN,U,Age Over 66,1,11/27/2023
441738,RANDOLPH,11/07/2023,voter,SE,UNA,W,UN,M,Age 41 - 65,3,11/27/2023
441747,RANDOLPH,11/07/2023,voter,SO,REP,W,HL,M,Age 18 - 25,1,11/27/2023
441759,RANDOLPH,11/07/2023,voter,AR,DEM,W,UN,F,Age 18 - 25,1,11/27/2023
441813,RANDOLPH,11/07/2023,voter,AW,REP,W,UN,M,Age Over 66,44,11/27/2023
441832,RANDOLPH,11/07/2023,voter,UG,DEM,M,NL,M,Age 41 - 65,1,11/27/2023
441835,RANDOLPH,11/07/2023,voter,SO,UNA,W,UN,F,Age 41 - 65,61,11/27/2023
441957,RANDOLPH,11/07/2023,voter,AR,DEM,B,UN,F,Age 26 - 40,3,11/27/2023
441991,RANDOLPH,11/07/2023,voter,UG,DEM,W,NL,F,Age 26 - 40,9,11/27/2023
442037,RANDOLPH,11/07/2023,voter,TR,REP,W,NL,U,Age 41 - 65,15,11/27/2023
442043,RANDOLPH,11/07/2023,voter,UG,UNA,O,HL,F,Age 26 - 40,5,11/27/2023
442130,RANDOLPH,11/07/2023,voter,TR,REP,U,UN,U,Age 26 - 40,22,11/27/2023
442131,RANDOLPH,11/07/2023,voter,AW,REP,U,UN,M,Age Over 66,1,11/27/2023
442302,RANDOLPH,11/07/2023,voter,TB,UNA,U,NL,F,Age 18 - 25,1,11/27/2023
442471,RANDOLPH,11/07/2023,voter,LC,REP,U,NL,U,Age Over 66,1,11/27/2023
442496,RANDOLPH,11/07/2023,voter,AN,UNA,B,UN,F,Age 26 - 40,14,11/27/2023
442567,RANDOLPH,11/07/2023,voter,LB,UNA,U,HL,M,Age 18 - 25,1,11/27/2023
442586,RANDOLPH,11/07/2023,voter,AE,UNA,W,HL,U,Age 26 - 40,1,11/27/2023
442708,RANDOLPH,11/07/2023,voter,UG,UNA,W,NL,U,Age 26 - 40,3,11/27/2023
442725,RANDOLPH,11/07/2023,voter,RM,UNA,W,NL,U,Age 41 - 65,3,11/27/2023
442749,RANDOLPH,11/07/2023,voter,SE,UNA,W,NL,M,Age 26 - 40,4,11/27/2023
442804,RANDOLPH,11/07/2023,voter,SO,UNA,O,HL,M,Age 26 - 40,2,11/27/2023
442873,RANDOLPH,11/07/2023,voter,AS,LIB,W,UN,F,Age 26 - 40,3,11/27/2023
442913,RANDOLPH,11/07/2023,voter,TB,UNA,W,NL,F,Age 41 - 65,127,11/27/2023
442969,RANDOLPH,11/07/2023,voter,BC,DEM,W,NL,F,Age 41 - 65,27,11/27/2023
443019,RANDOLPH,11/07/2023,voter,TR,REP,W,NL,M,Age 26 - 40,1,11/27/2023
443023,RANDOLPH,11/07/2023,voter,DR,REP,U,NL,M,Age 26 - 40,1,11/27/2023
443137,RANDOLPH,11/07/2023,voter,LC,DEM,U,UN,F,Age 18 - 25,2,11/27/2023
443167,RANDOLPH,11/07/2023,voter,AW,DEM,W,UN,F,Age Over 66,15,11/27/2023
443269,RANDOLPH,11/07/2023,voter,AS,DEM,W,NL,M,Age 41 - 65,14,11/27/2023
443284,RANDOLPH,11/07/2023,voter,ST,UNA,W,HL,M,Age 41 - 65,1,11/27/2023
443285,RANDOLPH,11/07/2023,voter,NM,REP,O,HL,M,Age 41 - 65,1,11/27/2023
443380,RANDOLPH,11/07/2023,voter,RN,REP,I,UN,M,Age 41 - 65,1,11/27/2023
443432,RANDOLPH,11/07/2023,voter,NM,UNA,O,HL,F,Age 41 - 65,1,11/27/2023
443640,RANDOLPH,11/07/2023,voter,NM,REP,I,NL,M,Age Over 66,1,11/27/2023
443646,RANDOLPH,11/07/2023,voter,AS,REP,I,NL,F,Age Over 66,1,11/27/2023
443746,RANDOLPH,11/07/2023,voter,SO,UNA,I,NL,F,Age 18 - 25,1,11/27/2023
443818,RANDOLPH,11/07/2023,voter,DR,REP,A,NL,F,Age 41 - 65,1,11/27/2023
443841,RANDOLPH,11/07/2023,voter,AW,REP,O,HL,F,Age 26 - 40,4,11/27/2023
443931,RANDOLPH,11/07/2023,voter,,DEM,W,NL,F,Age Over 66,45,11/27/2023
443964,RANDOLPH,11/07/2023,voter,AE,REP,U,UN,F,Age 18 - 25,2,11/27/2023
444158,RANDOLPH,11/07/2023,voter,TB,DEM,W,UN,M,Age 26 - 40,4,11/27/2023
444164,RANDOLPH,11/07/2023,voter,NM,UNA,W,NL,M,Age 26 - 40,37,11/27/2023
444280,RANDOLPH,11/07/2023,voter,LB,DEM,W,UN,M,Age 18 - 25,6,11/27/2023
444418,RANDOLPH,11/07/2023,voter,ST,REP,W,UN,M,Age 41 - 65,47,11/27/2023
444462,RANDOLPH,11/07/2023,voter,AN,DEM,A,UN,M,Age 18 - 25,1,11/27/2023
444520,RANDOLPH,11/07/2023,voter,SW,DEM,O,HL,M,Age 26 - 40,1,11/27/2023
444581,RANDOLPH,11/07/2023,voter,DR,UNA,O,NL,F,Age 18 - 25,1,11/27/2023
444610,RANDOLPH,11/07/2023,voter,UG,UNA,U,UN,M,Age 18 - 25,1,11/27/2023
444652,RANDOLPH,11/07/2023,voter,GR,REP,U,UN,U,Age Over 66,8,11/27/2023
444659,RANDOLPH,11/07/2023,voter,UG,UNA,A,UN,F,Age 41 - 65,1,11/27/2023
444702,RANDOLPH,11/07/2023,voter,AR,DEM,O,UN,F,Age 26 - 40,1,11/27/2023
444708,RANDOLPH,11/07/2023,voter,AE,UNA,B,UN,M,Age 41 - 65,18,11/27/2023
444850,RANDOLPH,11/07/2023,voter,GR,DEM,O,HL,M,Age 18 - 25,4,11/27/2023
444989,RANDOLPH,11/07/2023,voter,UG,DEM,B,NL,U,Age 26 - 40,1,11/27/2023
445003,RANDOLPH,11/07/2023,voter,,REP,O,UN,F,Age 18 - 25,2,11/27/2023
445103,RANDOLPH,11/07/2023,voter,SO,UNA,B,NL,F,Age 18 - 25,1,11/27/2023
445256,RANDOLPH,11/07/2023,voter,SW,REP,O,NL,F,Age 18 - 25,1,11/27/2023
445402,RANDOLPH,11/07/2023,voter,TR,UNA,A,NL,M,Age 26 - 40,3,11/27/2023
445418,RANDOLPH,11/07/2023,voter,,UNA,U,UN,M,Age 41 - 65,2,11/27/2023
445431,RANDOLPH,11/07/2023,voter,RM,UNA,W,NL,U,Age 18 - 25,1,11/27/2023
445525,RANDOLPH,11/07/2023,voter,AR,UNA,U,UN,U,Age Over 66,5,11/27/2023
445618,RANDOLPH,11/07/2023,voter,UG,LIB,W,NL,M,Age Over 66,1,11/27/2023
445622,RANDOLPH,11/07/2023,voter,AR,DEM,W,UN,M,Age 41 - 65,4,11/27/2023
445643,RANDOLPH,11/07/2023,voter,AW,UNA,B,UN,F,Age 26 - 40,2,11/27/2023
445741,RANDOLPH,11/07/2023,voter,DR,REP,U,UN,U,Age 26 - 40,8,11/27/2023
445762,RANDOLPH,11/07/2023,voter,AR,DEM,A,NL,M,Age 18 - 25,4,11/27/2023
445784,RANDOLPH,11/07/2023,voter,TB,DEM,U,UN,F,Age 18 - 25,1,11/27/2023
445827,RANDOLPH,11/07/2023,voter,AE,UNA,W,NL,U,Age 41 - 65,2,11/27/2023
445951,RANDOLPH,11/07/2023,voter,SE,UNA,W,NL,F,Age Over 66,15,11/27/2023
446111,RANDOLPH,11/07/2023,voter,AS,REP,W,NL,M,Age 41 - 65,149,11/27/2023
446215,RANDOLPH,11/07/2023,voter,AS,UNA,B,NL,M,Age 18 - 25,2,11/27/2023
446334,RANDOLPH,11/07/2023,voter,SW,UNA,U,HL,F,Age 18 - 25,1,11/27/2023
446383,RANDOLPH,11/07/2023,voter,DR,REP,W,NL,M,Age 26 - 40,61,11/27/2023
446390,RANDOLPH,11/07/2023,voter,SE,REP,U,UN,F,Age Over 66,1,11/27/2023
446605,RANDOLPH,11/07/2023,voter,,UNA,O,HL,F,Age 18 - 25,3,11/27/2023
446629,RANDOLPH,11/07/2023,voter,AW,UNA,W,NL,M,Age 18 - 25,6,11/27/2023
446783,RANDOLPH,11/07/2023,voter,RM,UNA,W,NL,M,Age Over 66,49,11/27/2023
446897,RANDOLPH,11/07/2023,voter,SO,DEM,B,UN,M,Age 26 - 40,2,11/27/2023
446982,RANDOLPH,11/07/2023,voter,NM,UNA,W,UN,U,Age 26 - 40,2,11/27/2023
447075,RANDOLPH,11/07/2023,voter,TR,DEM,O,NL,M,Age 41 - 65,3,11/27/2023
447076,RANDOLPH,11/07/2023,voter,AR,REP,A,NL,M,Age 26 - 40,2,11/27/2023
447096,RANDOLPH,11/07/2023,voter,RN,UNA,W,NL,M,Age 41 - 65,116,11/27/2023
447124,RANDOLPH,11/07/2023,voter,LB,REP,U,UN,U,Age Over 66,3,11/27/2023
447143,RANDOLPH,11/07/2023,voter,AR,REP,U,UN,F,Age 26 - 40,2,11/27/2023
447173,RANDOLPH,11/07/2023,voter,DR,DEM,M,NL,M,Age 41 - 65,1,11/27/2023
447220,RANDOLPH,11/07/2023,voter,UG,REP,U,UN,U,Age 26 - 40,11,11/27/2023
447311,RANDOLPH,11/07/2023,voter,,DEM,O,HL,F,Age 18 - 25,1,11/27/2023
447317,RANDOLPH,11/07/2023,voter,LB,DEM,I,UN,M,Age Over 66,1,11/27/2023
447326,RANDOLPH,11/07/2023,voter,TR,DEM,W,HL,F,Age 26 - 40,1,11/27/2023
447416,RANDOLPH,11/07/2023,voter,AR,DEM,A,NL,M,Age 26 - 40,2,11/27/2023
447438,RANDOLPH,11/07/2023,voter,SW,UNA,W,NL,F,Age 18 - 25,6,11/27/2023
447521,RANDOLPH,11/07/2023,voter,AR,LIB,W,UN,M,Age 26 - 40,1,11/27/2023
447535,RANDOLPH,11/07/2023,voter,SW,UNA,U,UN,U,Age 41 - 65,7,11/27/2023
447585,RANDOLPH,11/07/2023,voter,AN,DEM,O,HL,M,Age 26 - 40,3,11/27/2023
447871,RANDOLPH,11/07/2023,voter,TR,REP,W,UN,U,Age 18 - 25,2,11/27/2023
447988,RANDOLPH,11/07/2023,voter,AS,REP,W,NL,F,Age 41 - 65,116,11/27/2023
447991,RANDOLPH,11/07/2023,voter,TR,DEM,B,UN,F,Age 41 - 65,15,11/27/2023
447998,RANDOLPH,11/07/2023,voter,UG,DEM,W,NL,M,Age 26 - 40,4,11/27/2023
448093,RANDOLPH,11/07/2023,voter,AR,REP,W,NL,U,Age Over 66,2,11/27/2023
448171,RANDOLPH,11/07/2023,voter,TT,DEM,B,NL,M,Age Over 66,4,11/27/2023
448216,RANDOLPH,11/07/2023,voter,AN,UNA,U,UN,U,Age 41 - 65,7,11/27/2023
448265,RANDOLPH,11/07/2023,voter,TR,REP,U,UN,M,Age 41 - 65,4,11/27/2023
448334,RANDOLPH,11/07/2023,voter,UG,REP,W,UN,U,Age 18 - 25,2,11/27/2023
448388,RANDOLPH,11/07/2023,voter,AE,REP,B,UN,M,Age 41 - 65,2,11/27/2023
448427,RANDOLPH,11/07/2023,voter,SO,UNA,B,NL,F,Age 41 - 65,2,11/27/2023
448471,RANDOLPH,11/07/2023,voter,,REP,U,UN,M,Age 41 - 65,3,11/27/2023
448533,RANDOLPH,11/07/2023,voter,AN,UNA,O,UN,F,Age 26 - 40,4,11/27/2023
448642,RANDOLPH,11/07/2023,voter,TT,DEM,B,UN,F,Age 26 - 40,1,11/27/2023
448651,RANDOLPH,11/07/2023,voter,UG,DEM,W,NL,F,Age Over 66,50,11/27/2023
448701,RANDOLPH,11/07/2023,voter,SE,DEM,U,UN,F,Age Over 66,1,11/27/2023
448763,RANDOLPH,11/07/2023,voter,DR,DEM,O,UN,M,Age 26 - 40,1,11/27/2023
448797,RANDOLPH,11/07/2023,voter,TT,DEM,W,NL,M,Age 41 - 65,40,11/27/2023
448855,RANDOLPH,11/07/2023,voter,TT,REP,W,NL,U,Age 26 - 40,14,11/27/2023
449018,RANDOLPH,11/07/2023,voter,,DEM,W,UN,M,Age 41 - 65,10,11/27/2023
449038,RANDOLPH,11/07/2023,voter,AW,REP,W,NL,F,Age Over 66,107,11/27/2023
449147,RANDOLPH,11/07/2023,voter,AR,UNA,B,NL,M,Age 41 - 65,7,11/27/2023
449178,RANDOLPH,11/07/2023,voter,GR,UNA,U,HL,F,Age 26 - 40,3,11/27/2023
449264,RANDOLPH,11/07/2023,voter,TR,REP,W,NL,M,Age 26 - 40,113,11/27/2023
449384,RANDOLPH,11/07/2023,voter,AE,DEM,U,HL,F,Age Over 66,2,11/27/2023
449462,RANDOLPH,11/07/2023,voter,AN,UNA,U,HL,F,Age 18 - 25,6,11/27/2023
449572,RANDOLPH,11/07/2023,voter,LB,UNA,W,HL,M,Age 41 - 65,1,11/27/2023
449604,RANDOLPH,11/07/2023,voter,AS,REP,U,UN,U,Age 18 - 25,4,11/27/2023
449676,RANDOLPH,11/07/2023,voter,RN,LIB,W,NL,F,Age 18 - 25,2,11/27/2023
449696,RANDOLPH,11/07/2023,voter,AW,REP,W,HL,F,Age 18 - 25,1,11/27/2023
449769,RANDOLPH,11/07/2023,voter,AS,REP,W,HL,F,Age 41 - 65,1,11/27/2023
449776,RANDOLPH,11/07/2023,voter,AN,REP,A,UN,M,Age 18 - 25,2,11/27/2023
449853,RANDOLPH,11/07/2023,voter,AE,UNA,W,UN,F,Age Over 66,18,11/27/2023
449879,RANDOLPH,11/07/2023,voter,UG,REP,B,NL,U,Age 26 - 40,1,11/27/2023
449903,RANDOLPH,11/07/2023,voter,UG,UNA,U,HL,F,Age 18 - 25,5,11/27/2023
449911,RANDOLPH,11/07/2023,voter,AR,UNA,O,NL,M,Age 41 - 65,1,11/27/2023
449932,RANDOLPH,11/07/2023,voter,ST,DEM,M,NL,F,Age 26 - 40,2,11/27/2023
450064,RANDOLPH,11/07/2023,voter,UG,UNA,W,HL,F,Age 18 - 25,4,11/27/2023
450156,RANDOLPH,11/07/2023,voter,SO,REP,U,UN,U,Age 26 - 40,7,11/27/2023
450162,RANDOLPH,11/07/2023,voter,AR,REP,U,NL,M,Age 41 - 65,1,11/27/2023
450204,RANDOLPH,11/07/2023,voter,TR,LIB,W,NL,F,Age 26 - 40,1,11/27/2023
450285,RANDOLPH,11/07/2023,voter,AE,REP,W,NL,F,Age 41 - 65,89,11/27/2023
450286,RANDOLPH,11/07/2023,voter,TR,REP,M,NL,M,Age 41 - 65,1,11/27/2023
450308,RANDOLPH,11/07/2023,voter,AR,DEM,B,UN,F,Age Over 66,2,11/27/2023
450375,RANDOLPH,11/07/2023,voter,AN,UNA,W,HL,F,Age 18 - 25,2,11/27/2023
450384,RANDOLPH,11/07/2023,voter,TT,DEM,I,NL,U,Age 41 - 65,1,11/27/2023
450547,RANDOLPH,11/07/2023,voter,GR,REP,W,UN,F,Age 26 - 40,63,11/27/2023
450549,RANDOLPH,11/07/2023,voter,ST,REP,B,UN,U,Age 41 - 65,1,11/27/2023
450579,RANDOLPH,11/07/2023,voter,DR,DEM,U,UN,M,Age 18 - 25,1,11/27/2023
450733,RANDOLPH,11/07/2023,voter,SW,LIB,W,NL,F,Age 41 - 65,1,11/27/2023
450774,RANDOLPH,11/07/2023,voter,AR,DEM,U,NL,F,Age Over 66,2,11/27/2023
450825,RANDOLPH,11/07/2023,voter,AW,UNA,W,HL,F,Age 18 - 25,1,11/27/2023
450871,RANDOLPH,11/07/2023,voter,AN,REP,B,UN,F,Age Over 66,1,11/27/2023
450924,RANDOLPH,11/07/2023,voter,TR,DEM,U,HL,F,Age 26 - 40,1,11/27/2023
451024,RANDOLPH,11/07/2023,voter,RN,UNA,W,HL,F,Age 41 - 65,2,11/27/2023
451040,RANDOLPH,11/07/2023,voter,AS,UNA,O,HL,M,Age 18 - 25,7,11/27/2023
451067,RANDOLPH,11/07/2023,voter,,DEM,U,UN,M,Age 41 - 65,1,11/27/2023
451106,RANDOLPH,11/07/2023,voter,UG,DEM,U,NL,F,Age Over 66,1,11/27/2023
451140,RANDOLPH,11/07/2023,voter,GR,DEM,W,NL,M,Age Over 66,38,11/27/2023
451189,RANDOLPH,11/07/2023,voter,AW,REP,U,NL,F,Age Over 66,1,11/27/2023
451358,RANDOLPH,11/07/2023,voter,UG,DEM,O,HL,F,Age 41 - 65,9,11/27/2023
451448,RANDOLPH,11/07/2023,voter,TR,LIB,W,HL,F,Age 41 - 65,1,11/27/2023
451708,RANDOLPH,11/07/2023,voter,BC,REP,W,UN,M,Age 26 - 40,54,11/27/2023
451715,RANDOLPH,11/07/2023,voter,SO,UNA,W,UN,F,Age 18 - 25,35,11/27/2023
451815,RANDOLPH,11/07/2023,voter,DR,DEM,O,HL,F,Age 18 - 25,7,11/27/2023
451824,RANDOLPH,11/07/2023,voter,RN,UNA,O,HL,M,Age 41 - 65,3,11/27/2023
451837,RANDOLPH,11/07/2023,voter,AR,DEM,B,NL,U,Age 41 - 65,2,11/27/2023
451841,RANDOLPH,11/07/2023,voter,SO,UNA,W,UN,F,Age 18 - 25,8,11/27/2023
451907,RANDOLPH,11/07/2023,voter,SW,UNA,U,UN,M,Age Over 66,1,11/27/2023
451932,RANDOLPH,11/07/2023,voter,DR,UNA,O,HL,M,Age 26 - 40,2,11/27/2023
451955,RANDOLPH,11/07/2023,voter,DR,DEM,W,HL,M,Age 18 - 25,1,11/27/2023
452027,RANDOLPH,11/07/2023,voter,UG,LIB,W,UN,F,Age 18 - 25,1,11/27/2023
452046,RANDOLPH,11/07/2023,voter,SO,LIB,W,UN,M,Age 26 - 40,1,11/27/2023
452057,RANDOLPH,11/07/2023,voter,AN,REP,U,UN,M,Age 41 - 65,2,11/27/2023
452101,RANDOLPH,11/07/2023,voter,SW,REP,W,UN,F,Age 18 - 25,36,11/27/2023
452160,RANDOLPH,11/07/2023,voter,AE,REP,O,UN,M,Age 41 - 65,1,11/27/2023
452165,RANDOLPH,11/07/2023,voter,AE,REP,W,UN,F,Age 41 - 65,36,11/27/2023
452364,RANDOLPH,11/07/2023,voter,AE,REP,B,NL,F,Age 18 - 25,1,11/27/2023
452398,RANDOLPH,11/07/2023,voter,SE,UNA,A,NL,F,Age 41 - 65,1,11/27/2023
452404,RANDOLPH,11/07/2023,voter,LC,UNA,M,NL,F,Age 18 - 25,1,11/27/2023
452454,RANDOLPH,11/07/2023,voter,AN,REP,W,NL,F,Age Over 66,93,11/27/2023
452470,RANDOLPH,11/07/2023,voter,TR,UNA,W,UN,M,Age Over 66,10,11/27/2023
452648,RANDOLPH,11/07/2023,voter,TT,REP,W,HL,F,Age 41 - 65,1,11/27/2023
452747,RANDOLPH,11/07/2023,voter,AE,LIB,W,NL,F,Age Over 66,1,11/27/2023
452759,RANDOLPH,11/07/2023,voter,AS,UNA,W,UN,U,Age Over 66,1,11/27/2023
452821,RANDOLPH,11/07/2023,voter,UG,REP,W,NL,M,Age 18 - 25,25,11/27/2023
452886,RANDOLPH,11/07/2023,voter,AS,UNA,W,UN,M,Age 41 - 65,21,11/27/2023
453004,RANDOLPH,11/07/2023,voter,ST,DEM,U,HL,M,Age 18 - 25,2,11/27/2023
453031,RANDOLPH,11/07/2023,voter,LB,DEM,B,NL,F,Age 26 - 40,13,11/27/2023
453116,RANDOLPH,11/07/2023,voter,TR,DEM,W,UN,M,Age 41 - 65,7,11/27/2023
453256,RANDOLPH,11/07/2023,voter,UG,DEM,B,NL,M,Age Over 66,6,11/27/2023
453382,RANDOLPH,11/07/2023,voter,UG,DEM,U,UN,F,Age 41 - 65,1,11/27/2023
453483,RANDOLPH,11/07/2023,voter,AN,REP,W,UN,M,Age 41 - 65,39,11/27/2023
453825,RANDOLPH,11/07/2023,voter,UG,DEM,W,NL,M,Age 41 - 65,18,11/27/2023
454009,RANDOLPH,11/07/2023,voter,TR,DEM,W,NL,M,Age 18 - 25,2,11/27/2023
454064,RANDOLPH,11/07/2023,voter,SO,UNA,O,NL,F,Age 41 - 65,1,11/27/2023
454187,RANDOLPH,11/07/2023,voter,LC,DEM,W,NL,F,Age 26 - 40,9,11/27/2023
454721,RANDOLPH,11/07/2023,voter,AE,DEM,M,NL,F,Age 18 - 25,1,11/27/2023
454774,RANDOLPH,11/07/2023,voter,LB,REP,O,HL,F,Age 18 - 25,2,11/27/2023
454786,RANDOLPH,11/07/2023,voter,NM,REP,W,NL,U,Age 18 - 25,3,11/27/2023
454842,RANDOLPH,11/07/2023,voter,UG,DEM,O,HL,F,Age 18 - 25,3,11/27/2023
454955,RANDOLPH,11/07/2023,voter,AW,DEM,B,NL,M,Age 41 - 65,5,11/27/2023
455165,RANDOLPH,11/07/2023,voter,AN,DEM,U,NL,F,Age Over 66,1,11/27/2023
455304,RANDOLPH,11/07/2023,voter,AR,REP,O,UN,F,Age Over 66,1,11/27/2023
455311,RANDOLPH,11/07/2023,voter,AW,LIB,U,UN,U,Age 26 - 40,1,11/27/2023
455386,RANDOLPH,11/07/2023,voter,ST,REP,I,UN,M,Age Over 66,1,11/27/2023
455389,RANDOLPH,11/07/2023,voter,DR,UNA,B,NL,F,Age 41 - 65,1,11/27/2023
455403,RANDOLPH,11/07/2023,voter,LC,UNA,B,NL,F,Age 41 - 65,4,11/27/2023
455466,RANDOLPH,11/07/2023,voter,AS,UNA,W,NL,F,Age Over 66,41,11/27/2023
455473,RANDOLPH,11/07/2023,voter,LC,UNA,O,HL,F,Age 26 - 40,1,11/27/2023
455508,RANDOLPH,11/07/2023,voter,TR,DEM,W,NL,F,Age Over 66,62,11/27/2023
455576,RANDOLPH,11/07/2023,voter,AS,UNA,W,NL,M,Age Over 66,58,11/27/2023
455577,RANDOLPH,11/07/2023,voter,AE,DEM,B,NL,F,Age 18 - 25,7,11/27/2023
455671,RANDOLPH,11/07/2023,voter,UG,LIB,W,UN,M,Age 26 - 40,2,11/27/2023
455701,RANDOLPH,11/07/2023,voter,DR,UNA,O,HL,M,Age 18 - 25,5,11/27/2023
455742,RANDOLPH,11/07/2023,voter,AW,LIB,W,UN,M,Age 41 - 65,1,11/27/2023
455744,RANDOLPH,11/07/2023,voter,NM,UNA,B,UN,F,Age 41 - 65,1,11/27/2023
455751,RANDOLPH,11/07/2023,voter,DR,DEM,B,NL,F,Age 41 - 65,15,11/27/2023
456006,RANDOLPH,11/07/2023,voter,SE,DEM,B,NL,M,Age 26 - 40,2,11/27/2023
456016,RANDOLPH,11/07/2023,voter,SO,DEM,O,UN,M,Age 26 - 40,1,11/27/2023
456207,RANDOLPH,11/07/2023,voter,TR,DEM,A,NL,F,Age 18 - 25,1,11/27/2023
456339,RANDOLPH,11/07/2023,voter,AE,UNA,B,NL,F,Age 26 - 40,3,11/27/2023
456581,RANDOLPH,11/07/2023,voter,RN,UNA,O,UN,F,Age 26 - 40,2,11/27/2023
456596,RANDOLPH,11/07/2023,voter,AS,DEM,U,UN,F,Age 26 - 40,3,11/27/2023
456744,RANDOLPH,11/07/2023,voter,,UNA,W,NL,M,Age 26 - 40,58,11/27/2023
456872,RANDOLPH,11/07/2023,voter,AW,REP,U,UN,M,Age 26 - 40,1,11/27/2023
456928,RANDOLPH,11/07/2023,voter,AR,UNA,U,UN,U,Age 41 - 65,13,11/27/2023
457013,RANDOLPH,11/07/2023,voter,BC,DEM,W,UN,F,Age Over 66,8,11/27/2023
457114,RANDOLPH,11/07/2023,voter,GR,REP,U,HL,F,Age Over 66,1,11/27/2023
457136,RANDOLPH,11/07/2023,voter,,LIB,W,UN,F,Age 41 - 65,1,11/27/2023
457177,RANDOLPH,11/07/2023,voter,AE,UNA,O,NL,F,Age 26 - 40,1,11/27/2023
457221,RANDOLPH,11/07/2023,voter,UG,DEM,W,NL,M,Age 26 - 40,10,11/27/2023
457400,RANDOLPH,11/07/2023,voter,UG,UNA,O,HL,M,Age 26 - 40,13,11/27/2023
457578,RANDOLPH,11/07/2023,voter,TT,DEM,W,UN,U,Age 41 - 65,2,11/27/2023
457771,RANDOLPH,11/07/2023,voter,AS,REP,B,NL,F,Age Over 66,1,11/27/2023
457778,RANDOLPH,11/07/2023,voter,TR,UNA,U,UN,F,Age Over 66,1,11/27/2023
457953,RANDOLPH,11/07/2023,voter,UG,REP,W,UN,U,Age 26 - 40,1,11/27/2023
458150,RANDOLPH,11/07/2023,voter,TT,LIB,W,UN,F,Age 26 - 40,1,11/27/2023
458180,RANDOLPH,11/07/2023,voter,GR,UNA,U,HL,M,Age 18 - 25,4,11/27/2023
458200,RANDOLPH,11/07/2023,voter,ST,DEM,U,HL,F,Age 26 - 40,2,11/27/2023
458212,RANDOLPH,11/07/2023,voter,AR,UNA,I,NL,M,Age 41 - 65,1,11/27/2023
458277,RANDOLPH,11/07/2023,voter,AR,DEM,U,NL,M,Age 41 - 65,2,11/27/2023
458296,RANDOLPH,11/07/2023,voter,TR,REP,W,UN,F,Age 41 - 65,3,11/27/2023
458451,RANDOLPH,11/07/2023,voter,DR,UNA,W,UN,F,Age 18 - 25,36,11/27/2023
458542,RANDOLPH,11/07/2023,voter,AS,REP,W,NL,F,Age 18 - 25,6,11/27/2023
458577,RANDOLPH,11/07/2023,voter,,UNA,U,HL,U,Age 26 - 40,1,11/27/2023
458649,RANDOLPH,11/07/2023,voter,AE,UNA,O,UN,M,Age 41 - 65,1,11/27/2023
458671,RANDOLPH,11/07/2023,voter,,UNA,W,UN,M,Age 41 - 65,40,11/27/2023
458726,RANDOLPH,11/07/2023,voter,AE,LIB,B,UN,F,Age 18 - 25,1,11/27/2023
458790,RANDOLPH,11/07/2023,voter,SO,REP,W,NL,U,Age Over 66,1,11/27/2023
458846,RANDOLPH,11/07/2023,voter,UG,UNA,A,UN,M,Age 18 - 25,3,11/27/2023
458979,RANDOLPH,11/07/2023,voter,AR,UNA,W,NL,U,Age 26 - 40,4,11/27/2023
459039,RANDOLPH,11/07/2023,voter,NM,UNA,W,UN,M,Age 26 - 40,22,11/27/2023
459083,RANDOLPH,11/07/2023,voter,AR,REP,U,UN,U,Age 41 - 65,35,11/27/2023
459296,RANDOLPH,11/07/2023,voter,AS,UNA,O,NL,M,Age 18 - 25,2,11/27/2023
459439,RANDOLPH,11/07/2023,voter,SW,DEM,W,UN,F,Age 18 - 25,4,11/27/2023
459548,RANDOLPH,11/07/2023,voter,AE,DEM,O,NL,F,Age 41 - 65,3,11/27/2023
459655,RANDOLPH,11/07/2023,voter,AR,REP,U,UN,U,Age 18 - 25,8,11/27/2023
459664,RANDOLPH,11/07/2023,voter,ST,UNA,B,NL,F,Age 41 - 65,2,11/27/2023
459687,RANDOLPH,11/07/2023,voter,TT,UNA,O,UN,M,Age 18 - 25,1,11/27/2023
459749,RANDOLPH,11/07/2023,voter,AE,UNA,M,NL,F,Age 41 - 65,1,11/27/2023
459811,RANDOLPH,11/07/2023,voter,LC,REP,W,UN,M,Age 26 - 40,62,11/27/2023
459816,RANDOLPH,11/07/2023,voter,SE,DEM,W,HL,F,Age 26 - 40,1,11/27/2023
459920,RANDOLPH,11/07/2023,voter,ST,LIB,W,NL,M,Age 41 - 65,1,11/27/2023
459975,RANDOLPH,11/07/2023,voter,AS,UNA,W,UN,F,Age 18 - 25,33,11/27/2023
460087,RANDOLPH,11/07/2023,voter,DR,DEM,U,UN,F,Age 18 - 25,1,11/27/2023
460118,RANDOLPH,11/07/2023,voter,AW,REP,O,HL,M,Age 26 - 40,2,11/27/2023
460122,RANDOLPH,11/07/2023,voter,NM,UNA,A,NL,F,Age 18 - 25,1,11/27/2023
460139,RANDOLPH,11/07/2023,voter,SO,DEM,O,HL,M,Age Over 66,1,11/27/2023
460219,RANDOLPH,11/07/2023,voter,SW,UNA,O,UN,M,Age 18 - 25,1,11/27/2023
460250,RANDOLPH,11/07/2023,voter,AW,UNA,W,NL,F,Age 18 - 25,8,11/27/2023
460256,RANDOLPH,11/07/2023,voter,UG,UNA,M,HL,F,Age 26 - 40,1,11/27/2023
460451,RANDOLPH,11/07/2023,voter,TR,REP,B,NL,M,Age Over 66,1,11/27/2023
460550,RANDOLPH,11/07/2023,voter,AR,UNA,W,HL,F,Age 41 - 65,2,11/27/2023
460594,RANDOLPH,11/07/2023,voter,SO,DEM,B,UN,F,Age 26 - 40,2,11/27/2023
460621,RANDOLPH,11/07/2023,voter,GR,DEM,W,NL,F,Age Over 66,1,11/27/2023
460748,RANDOLPH,11/07/2023,voter,BC,REP,U,NL,M,Age 26 - 40,4,11/27/2023
460751,RANDOLPH,11/07/2023,voter,RN,UNA,B,UN,M,Age 18 - 25,4,11/27/2023
460834,RANDOLPH,11/07/2023,voter,SW,UNA,B,UN,F,Age 41 - 65,2,11/27/2023
460990,RANDOLPH,11/07/2023,voter,TR,NLB,W,UN,F,Age 26 - 40,1,11/27/2023
461033,RANDOLPH,11/07/2023,voter,RN,REP,W,UN,U,Age Over 66,1,11/27/2023
461445,RANDOLPH,11/07/2023,voter,AW,REP,B,UN,M,Age 41 - 65,1,11/27/2023
461476,RANDOLPH,11/07/2023,voter,AS,UNA,W,UN,U,Age 41 - 65,1,11/27/2023
461538,RANDOLPH,11/07/2023,voter,,UNA,U,UN,F,Age Over 66,1,11/27/2023
461567,RANDOLPH,11/07/2023,voter,NM,REP,A,UN,M,Age 41 - 65,1,11/27/2023
461734,RANDOLPH,11/07/2023,voter,AW,UNA,O,NL,M,Age Over 66,1,11/27/2023
461765,RANDOLPH,11/07/2023,voter,AR,DEM,U,UN,M,Age Over 66,2,11/27/2023
461801,RANDOLPH,11/07/2023,voter,RM,DEM,B,NL,M,Age 18 - 25,6,11/27/2023
461922,RANDOLPH,11/07/2023,voter,AS,UNA,U,HL,M,Age 18 - 25,4,11/27/2023
461942,RANDOLPH,11/07/2023,voter,AN,DEM,W,UN,F,Age 26 - 40,7,11/27/2023
462043,RANDOLPH,11/07/2023,voter,RM,UNA,O,NL,M,Age 18 - 25,1,11/27/2023
462085,RANDOLPH,11/07/2023,voter,AR,UNA,O,NL,M,Age 26 - 40,1,11/27/2023
462108,RANDOLPH,11/07/2023,voter,LB,LIB,W,UN,U,Age 41 - 65,2,11/27/2023
462148,RANDOLPH,11/07/2023,voter,TT,LIB,W,UN,M,Age 26 - 40,1,11/27/2023
462152,RANDOLPH,11/07/2023,voter,ST,DEM,A,HL,F,Age 41 - 65,1,11/27/2023
462168,RANDOLPH,11/07/2023,voter,AS,REP,W,UN,M,Age 18 - 25,21,11/27/2023
462306,RANDOLPH,11/07/2023,voter,ST,DEM,M,UN,F,Age 26 - 40,1,11/27/2023
462407,RANDOLPH,11/07/2023,voter,AW,REP,O,HL,F,Age 18 - 25,4,11/27/2023
462442,RANDOLPH,11/07/2023,voter,AR,DEM,U,UN,U,Age 41 - 65,3,11/27/2023
462481,RANDOLPH,11/07/2023,voter,AW,REP,W,NL,U,Age 41 - 65,4,11/27/2023
462495,RANDOLPH,11/07/2023,voter,SO,DEM,W,UN,F,Age Over 66,9,11/27/2023
462684,RANDOLPH,11/07/2023,voter,RN,DEM,U,HL,U,Age 26 - 40,1,11/27/2023
462849,RANDOLPH,11/07/2023,voter,RN,DEM,O,UN,F,Age 26 - 40,2,11/27/2023
463007,RANDOLPH,11/07/2023,voter,SE,UNA,B,NL,M,Age 41 - 65,2,11/27/2023
463039,RANDOLPH,11/07/2023,voter,AE,REP,W,HL,M,Age 41 - 65,2,11/27/2023
463281,RANDOLPH,11/07/2023,voter,AN,UNA,O,UN,M,Age 41 - 65,3,11/27/2023
463393,RANDOLPH,11/07/2023,voter,LB,DEM,W,UN,F,Age 18 - 25,4,11/27/2023
463438,RANDOLPH,11/07/2023,voter,BC,UNA,B,UN,M,Age 18 - 25,1,11/27/2023
463803,RANDOLPH,11/07/2023,voter,SE,REP,U,UN,M,Age 41 - 65,2,11/27/2023
463936,RANDOLPH,11/07/2023,voter,RN,DEM,W,NL,F,Age 26 - 40,4,11/27/2023
464025,RANDOLPH,11/07/2023,voter,AR,UNA,W,NL,F,Age 41 - 65,93,11/27/2023
464097,RANDOLPH,11/07/2023,voter,NM,UNA,W,UN,U,Age 18 - 25,1,11/27/2023
464135,RANDOLPH,11/07/2023,voter,TR,UNA,O,HL,F,Age 18 - 25,5,11/27/2023
464253,RANDOLPH,11/07/2023,voter,SO,DEM,U,UN,U,Age Over 66,1,11/27/2023
464302,RANDOLPH,11/07/2023,voter,TT,LIB,B,NL,F,Age 18 - 25,1,11/27/2023
464310,RANDOLPH,11/07/2023,voter,LB,REP,U,HL,M,Age Over 66,1,11/27/2023
464437,RANDOLPH,11/07/2023,voter,TB,UNA,U,UN,F,Age 41 - 65,1,11/27/2023
464457,RANDOLPH,11/07/2023,voter,DR,UNA,B,UN,F,Age 41 - 65,4,11/27/2023
464496,RANDOLPH,11/07/2023,voter,TR,DEM,W,UN,F,Age 18 - 25,1,11/27/2023
464519,RANDOLPH,11/07/2023,voter,SO,DEM,U,UN,M,Age 18 - 25,1,11/27/2023
464552,RANDOLPH,11/07/2023,voter,RN,DEM,W,NL,F,Age 18 - 25,6,11/27/2023
464591,RANDOLPH,11/07/2023,voter,AW,REP,I,UN,M,Age 41 - 65,1,11/27/2023
464778,RANDOLPH,11/07/2023,voter,LB,REP,O,HL,F,Age 41 - 65,2,11/27/2023
464792,RANDOLPH,11/07/2023,voter,SE,LIB,W,NL,F,Age 26 - 40,1,11/27/2023
464894,RANDOLPH,11/07/2023,voter,DR,UNA,M,HL,F,Age 26 - 40,1,11/27/2023
464917,RANDOLPH,11/07/2023,voter,AR,REP,I,NL,F,Age 41 - 65,1,11/27/2023
464931,RANDOLPH,11/07/2023,voter,,UNA,W,NL,F,Age Over 66,49,11/27/2023
464956,RANDOLPH,11/07/2023,voter,SO,UNA,U,UN,U,Age Over 66,7,11/27/2023
464969,RANDOLPH,11/07/2023,voter,ST,UNA,B,UN,M,Age 18 - 25,1,11/27/2023
464972,RANDOLPH,11/07/2023,voter,DR,UNA,O,NL,F,Age 26 - 40,1,11/27/2023
465003,RANDOLPH,11/07/2023,voter,,DEM,W,NL,F,Age 26 - 40,16,11/27/2023
465019,RANDOLPH,11/07/2023,voter,AR,REP,A,NL,M,Age 18 - 25,1,11/27/2023
465132,RANDOLPH,11/07/2023,voter,,UNA,W,NL,M,Age Over 66,72,11/27/2023
465235,RANDOLPH,11/07/2023,voter,NM,DEM,U,UN,F,Age 41 - 65,1,11/27/2023
465253,RANDOLPH,11/07/2023,voter,AS,DEM,B,NL,M,Age Over 66,4,11/27/2023
465305,RANDOLPH,11/07/2023,voter,AS,UNA,B,HL,F,Age 41 - 65,1,11/27/2023
465469,RANDOLPH,11/07/2023,voter,ST,UNA,W,NL,M,Age 18 - 25,20,11/27/2023
465620,RANDOLPH,11/07/2023,voter,SW,DEM,W,UN,F,Age 26 - 40,4,11/27/2023
465676,RANDOLPH,11/07/2023,voter,AW,UNA,U,UN,U,Age 26 - 40,5,11/27/2023
465731,RANDOLPH,11/07/2023,voter,LC,DEM,B,NL,M,Age 26 - 40,3,11/27/2023
465789,RANDOLPH,11/07/2023,voter,DR,DEM,B,UN,F,Age 41 - 65,2,11/27/2023
465826,RANDOLPH,11/07/2023,voter,AW,DEM,O,UN,F,Age 18 - 25,1,11/27/2023
465843,RANDOLPH,11/07/2023,voter,NM,UNA,O,NL,M,Age Over 66,1,11/27/2023
465855,RANDOLPH,11/07/2023,voter,AR,LIB,W,NL,F,Age 41 - 65,1,11/27/2023
465856,RANDOLPH,11/07/2023,voter,AN,DEM,O,UN,F,Age 18 - 25,5,11/27/2023
465936,RANDOLPH,11/07/2023,voter,RN,DEM,B,NL,M,Age 18 - 25,4,11/27/2023
465938,RANDOLPH,11/07/2023,voter,UG,REP,W,NL,U,Age 41 - 65,5,11/27/2023
465951,RANDOLPH,11/07/2023,voter,AE,DEM,U,HL,U,Age 26 - 40,1,11/27/2023
466018,RANDOLPH,11/07/2023,voter,AR,UNA,B,UN,F,Age 26 - 40,6,11/27/2023
466077,RANDOLPH,11/07/2023,voter,AS,DEM,W,NL,F,Age 41 - 65,39,11/27/2023
466240,RANDOLPH,11/07/2023,voter,RN,REP,O,UN,F,Age 18 - 25,1,11/27/2023
466372,RANDOLPH,11/07/2023,voter,UG,UNA,U,UN,M,Age 41 - 65,1,11/27/2023
466626,RANDOLPH,11/07/2023,voter,DR,UNA,B,UN,F,Age 26 - 40,4,11/27/2023
466687,RANDOLPH,11/07/2023,voter,UG,UNA,I,NL,F,Age 26 - 40,1,11/27/2023
466727,RANDOLPH,11/07/2023,voter,AR,UNA,I,NL,F,Age 41 - 65,1,11/27/2023
466858,RANDOLPH,11/07/2023,voter,AW,LIB,U,HL,U,Age 18 - 25,1,11/27/2023
466986,RANDOLPH,11/07/2023,voter,AE,UNA,B,NL,F,Age 41 - 65,2,11/27/2023
467047,RANDOLPH,11/07/2023,voter,AS,LIB,W,NL,M,Age 18 - 25,1,11/27/2023
467060,RANDOLPH,11/07/2023,voter,SW,UNA,W,NL,M,Age Over 66,26,11/27/2023
467075,RANDOLPH,11/07/2023,voter,RN,UNA,O,UN,M,Age 18 - 25,1,11/27/2023
467165,RANDOLPH,11/07/2023,voter,AR,UNA,U,UN,U,Age 18 - 25,29,11/27/2023
467300,RANDOLPH,11/07/2023,voter,AE,UNA,B,NL,U,Age 26 - 40,2,11/27/2023
467529,RANDOLPH,11/07/2023,voter,AR,DEM,O,HL,M,Age 18 - 25,1,11/27/2023
467565,RANDOLPH,11/07/2023,voter,RN,DEM,U,UN,M,Age 18 - 25,3,11/27/2023
467627,RANDOLPH,11/07/2023,voter,AR,DEM,A,NL,F,Age 26 - 40,1,11/27/2023
467690,RANDOLPH,11/07/2023,voter,UG,REP,U,NL,F,Age 41 - 65,1,11/27/2023
467734,RANDOLPH,11/07/2023,voter,AS,DEM,U,HL,M,Age 41 - 65,3,11/27/2023
467746,RANDOLPH,11/07/2023,voter,,REP,O,NL,F,Age 26 - 40,1,11/27/2023
467820,RANDOLPH,11/07/2023,voter,RM,LIB,U,UN,U,Age 41 - 65,1,11/27/2023
467938,RANDOLPH,11/07/2023,voter,TT,DEM,B,UN,M,Age Over 66,1,11/27/2023
467941,RANDOLPH,11/07/2023,voter,RM,DEM,U,HL,M,Age 18 - 25,4,11/27/2023
467943,RANDOLPH,11/07/2023,voter,TB,UNA,I,NL,F,Age 41 - 65,2,11/27/2023
467957,RANDOLPH,11/07/2023,voter,AW,DEM,W,NL,F,Age 18 - 25,4,11/27/2023
468008,RANDOLPH,11/07/2023,voter,NM,DEM,B,NL,M,Age 18 - 25,1,11/27/2023
468261,RANDOLPH,11/07/2023,voter,AS,LIB,U,UN,U,Age 26 - 40,1,11/27/2023
468361,RANDOLPH,11/07/2023,voter,AW,REP,A,UN,F,Age 41 - 65,1,11/27/2023
468476,RANDOLPH,11/07/2023,voter,UG,DEM,B,UN,F,Age 26 - 40,2,11/27/2023
468600,RANDOLPH,11/07/2023,voter,AW,DEM,O,UN,F,Age 18 - 25,1,11/27/2023
468655,RANDOLPH,11/07/2023,voter,AR,REP,U,UN,M,Age Over 66,2,11/27/2023
468664,RANDOLPH,11/07/2023,voter,NM,UNA,U,UN,M,Age 26 - 40,2,11/27/2023
468690,RANDOLPH,11/07/2023,voter,AW,UNA,B,NL,M,Age 18 - 25,4,11/27/2023
468711,RANDOLPH,11/07/2023,voter,GR,UNA,M,HL,M,Age 26 - 40,1,11/27/2023
468728,RANDOLPH,11/07/2023,voter,AS,LIB,U,UN,U,Age 41 - 65,1,11/27/2023
468811,RANDOLPH,11/07/2023,voter,AR,UNA,A,UN,F,Age 26 - 40,4,11/27/2023
469065,RANDOLPH,11/07/2023,voter,AR,UNA,U,NL,F,Age Over 66,1,11/27/2023
469066,RANDOLPH,11/07/2023,voter,SO,UNA,W,NL,M,Age 26 - 40,43,11/27/2023
469079,RANDOLPH,11/07/2023,voter,AR,UNA,U,UN,M,Age 18 - 25,4,11/27/2023
469084,RANDOLPH,11/07/2023,voter,NM,UNA,U,UN,U,Age 18 - 25,9,11/27/2023
469096,RANDOLPH,11/07/2023,voter,SE,DEM,W,UN,F,Age 41 - 65,4,11/27/2023
469128,RANDOLPH,11/07/2023,voter,AE,DEM,U,HL,F,Age 41 - 65,1,11/27/2023
469187,RANDOLPH,11/07/2023,voter,AE,UNA,W,UN,M,Age 26 - 40,35,11/27/2023
469196,RANDOLPH,11/07/2023,voter,ST,DEM,B,UN,M,Age 41 - 65,7,11/27/2023
469279,RANDOLPH,11/07/2023,voter,RM,UNA,B,NL,F,Age 18 - 25,2,11/27/2023
469362,RANDOLPH,11/07/2023,voter,DR,REP,W,NL,U,Age 26 - 40,4,11/27/2023
469391,RANDOLPH,11/07/2023,voter,RN,UNA,O,HL,M,Age 18 - 25,5,11/27/2023
469435,RANDOLPH,11/07/2023,voter,TR,REP,W,UN,M,Age 26 - 40,17,11/27/2023
469621,RANDOLPH,11/07/2023,voter,,UNA,O,HL,M,Age 26 - 40,1,11/27/2023
469821,RANDOLPH,11/07/2023,voter,AE,UNA,M,UN,F,Age 26 - 40,1,11/27/2023
469825,RANDOLPH,11/07/2023,voter,AR,DEM,B,UN,M,Age Over 66,1,11/27/2023
469900,RANDOLPH,11/07/2023,voter,UG,REP,U,NL,F,Age 41 - 65,1,11/27/2023
469913,RANDOLPH,11/07/2023,voter,RN,DEM,O,HL,F,Age Over 66,3,11/27/2023
470052,RANDOLPH,11/07/2023,voter,UG,REP,B,NL,M,Age Over 66,1,11/27/2023
470054,RANDOLPH,11/07/2023,voter,AR,UNA,O,HL,M,Age 18 - 25,6,11/27/2023
470163,RANDOLPH,11/07/2023,voter,TR,REP,W,NL,M,Age 41 - 65,217,11/27/2023
470169,RANDOLPH,11/07/2023,voter,SW,UNA,B,UN,M,Age 18 - 25,1,11/27/2023
470196,RANDOLPH,11/07/2023,voter,AR,UNA,U,HL,F,Age 18 - 25,1,11/27/2023
470239,RANDOLPH,11/07/2023,voter,AN,UNA,W,UN,M,Age Over 66,12,11/27/2023
470479,RANDOLPH,11/07/2023,voter,AE,DEM,U,HL,F,Age 18 - 25,6,11/27/2023
470549,RANDOLPH,11/07/2023,voter,TR,REP,U,NL,F,Age Over 66,1,11/27/2023
470621,RANDOLPH,11/07/2023,voter,RN,UNA,W,UN,U,Age 41 - 65,4,11/27/2023
470799,RANDOLPH,11/07/2023,voter,TR,DEM,A,NL,F,Age 26 - 40,2,11/27/2023
470817,RANDOLPH,11/07/2023,voter,LB,UNA,O,HL,M,Age Over 66,1,11/27/2023
470842,RANDOLPH,11/07/2023,voter,AR,DEM,W,NL,M,Age 41 - 65,30,11/27/2023
470977,RANDOLPH,11/07/2023,voter,TB,REP,U,UN,M,Age 26 - 40,1,11/27/2023
471043,RANDOLPH,11/07/2023,voter,SW,UNA,W,NL,U,Age 26 - 40,4,11/27/2023
471101,RANDOLPH,11/07/2023,voter,AR,UNA,A,UN,F,Age 26 - 40,4,11/27/2023
471126,RANDOLPH,11/07/2023,voter,UG,REP,U,NL,M,Age 26 - 40,1,11/27/2023
471176,RANDOLPH,11/07/2023,voter,AN,UNA,W,NL,M,Age 18 - 25,10,11/27/2023
471185,RANDOLPH,11/07/2023,voter,TR,LIB,U,UN,U,Age 41 - 65,1,11/27/2023
471240,RANDOLPH,11/07/2023,voter,AW,UNA,U,NL,F,Age 41 - 65,1,11/27/2023
471246,RANDOLPH,11/07/2023,voter,GR,REP,W,HL,F,Age Over 66,1,11/27/2023
471362,RANDOLPH,11/07/2023,voter,AR,LIB,U,UN,U,Age 18 - 25,1,11/27/2023
471503,RANDOLPH,11/07/2023,voter,AE,UNA,U,UN,F,Age 26 - 40,6,11/27/2023
471521,RANDOLPH,11/07/2023,voter,DR,LIB,W,UN,M,Age 26 - 40,1,11/27/2023
471579,RANDOLPH,11/07/2023,voter,ST,REP,I,NL,M,Age 18 - 25,1,11/27/2023
471897,RANDOLPH,11/07/2023,voter,NM,REP,A,UN,F,Age Over 66,1,11/27/2023
471903,RANDOLPH,11/07/2023,voter,AE,UNA,W,UN,F,Age 26 - 40,31,11/27/2023
471997,RANDOLPH,11/07/2023,voter,UG,DEM,W,UN,M,Age Over 66,7,11/27/2023
472054,RANDOLPH,11/07/2023,voter,AS,UNA,U,UN,M,Age 26 - 40,5,11/27/2023
472059,RANDOLPH,11/07/2023,voter,AW,DEM,U,UN,F,Age Over 66,1,11/27/2023
472080,RANDOLPH,11/07/2023,voter,LB,REP,U,UN,F,Age 26 - 40,1,11/27/2023
472247,RANDOLPH,11/07/2023,voter,TT,REP,W,NL,M,Age 18 - 25,97,11/27/2023
472257,RANDOLPH,11/07/2023,voter,TT,REP,U,UN,U,Age 41 - 65,53,11/27/2023
472335,RANDOLPH,11/07/2023,voter,SE,UNA,W,UN,M,Age 18 - 25,5,11/27/2023
472364,RANDOLPH,11/07/2023,voter,AR,REP,W,NL,M,Age 26 - 40,70,11/27/2023
472372,RANDOLPH,11/07/2023,voter,TT,DEM,W,NL,M,Age 18 - 25,6,11/27/2023
472400,RANDOLPH,11/07/2023,voter,AR,UNA,U,UN,M,Age Over 66,1,11/27/2023
472414,RANDOLPH,11/07/2023,voter,TT,REP,W,UN,U,Age 41 - 65,3,11/27/2023
472550,RANDOLPH,11/07/2023,voter,SO,REP,O,NL,M,Age 18 - 25,1,11/27/2023
472567,RANDOLPH,11/07/2023,voter,SW,REP,W,NL,M,Age 18 - 25,10,11/27/2023
472652,RANDOLPH,11/07/2023,voter,AN,DEM,O,UN,M,Age 26 - 40,1,11/27/2023
472702,RANDOLPH,11/07/2023,voter,NM,UNA,W,NL,F,Age 18 - 25,22,11/27/2023
472758,RANDOLPH,11/07/2023,voter,,DEM,M,NL,F,Age 26 - 40,1,11/27/2023
472884,RANDOLPH,11/07/2023,voter,,REP,W,NL,M,Age Over 66,158,11/27/2023
472961,RANDOLPH,11/07/2023,voter,AN,DEM,O,HL,U,Age 41 - 65,1,11/27/2023
473045,RANDOLPH,11/07/2023,voter,AS,UNA,A,NL,F,Age 41 - 65,1,11/27/2023
473107,RANDOLPH,11/07/2023,voter,ST,LIB,U,UN,U,Age 18 - 25,1,11/27/2023
473147,RANDOLPH,11/07/2023,voter,ST,DEM,U,UN,U,Age 26 - 40,5,11/27/2023
473236,RANDOLPH,11/07/2023,voter,AR,REP,W,UN,U,Age 26 - 40,1,11/27/2023
473412,RANDOLPH,11/07/2023,voter,UG,UNA,B,NL,M,Age 26 - 40,1,11/27/2023
473417,RANDOLPH,11/07/2023,voter,AS,DEM,O,UN,F,Age 41 - 65,1,11/27/2023
473469,RANDOLPH,11/07/2023,voter,BC,LIB,W,NL,M,Age 26 - 40,1,11/27/2023
473494,RANDOLPH,11/07/2023,voter,RN,UNA,W,UN,F,Age 26 - 40,28,11/27/2023
473535,RANDOLPH,11/07/2023,voter,TR,UNA,U,HL,F,Age 18 - 25,2,11/27/2023
473863,RANDOLPH,11/07/2023,voter,AS,DEM,W,HL,F,Age 26 - 40,2,11/27/2023
473880,RANDOLPH,11/07/2023,voter,AS,UNA,U,HL,F,Age 26 - 40,4,11/27/2023
473903,RANDOLPH,11/07/2023,voter,AW,UNA,O,NL,U,Age 41 - 65,1,11/27/2023
473965,RANDOLPH,11/07/2023,voter,AN,DEM,A,UN,M,Age 41 - 65,2,11/27/2023
474067,RANDOLPH,11/07/2023,voter,DR,DEM,W,HL,M,Age 18 - 25,1,11/27/2023
474169,RANDOLPH,11/07/2023,voter,NM,REP,W,NL,F,Age 41 - 65,189,11/27/2023
474172,RANDOLPH,11/07/2023,voter,TB,DEM,W,UN,F,Age Over 66,5,11/27/2023
474195,RANDOLPH,11/07/2023,voter,DR,DEM,U,HL,M,Age 41 - 65,1,11/27/2023
474208,RANDOLPH,11/07/2023,voter,LB,UNA,U,UN,U,Age 26 - 40,17,11/27/2023
474239,RANDOLPH,11/07/2023,voter,SE,REP,W,UN,F,Age 26 - 40,7,11/27/2023
474293,RANDOLPH,11/07/2023,voter,AN,REP,U,UN,M,Age 18 - 25,2,11/27/2023
474361,RANDOLPH,11/07/2023,voter,AN,REP,W,HL,M,Age 41 - 65,1,11/27/2023
474436,RANDOLPH,11/07/2023,voter,AN,REP,O,UN,M,Age 26 - 40,3,11/27/2023
474444,RANDOLPH,11/07/2023,voter,TR,DEM,W,NL,F,Age 26 - 40,1,11/27/2023
474467,RANDOLPH,11/07/2023,voter,TT,DEM,B,NL,F,Age 41 - 65,11,11/27/2023
474585,RANDOLPH,11/07/2023,voter,AW,DEM,U,HL,M,Age 41 - 65,1,11/27/2023
474616,RANDOLPH,11/07/2023,voter,LB,REP,W,NL,U,Age 18 - 25,1,11/27/2023
474753,RANDOLPH,11/07/2023,voter,UG,DEM,O,UN,M,Age Over 66,1,11/27/2023
474778,RANDOLPH,11/07/2023,voter,AR,REP,A,NL,F,Age 41 - 65,3,11/27/2023
474791,RANDOLPH,11/07/2023,voter,AW,REP,I,NL,F,Age 41 - 65,1,11/27/2023
474796,RANDOLPH,11/07/2023,voter,AN,DEM,U,HL,M,Age 18 - 25,2,11/27/2023
474878,RANDOLPH,11/07/2023,voter,AN,UNA,O,NL,F,Age 41 - 65,3,11/27/2023
474913,RANDOLPH,11/07/2023,voter,RM,LIB,W,UN,M,Age 41 - 65,2,11/27/2023
474933,RANDOLPH,11/07/2023,voter,TR,UNA,U,UN,M,Age 41 - 65,2,11/27/2023
474937,RANDOLPH,11/07/2023,voter,AS,DEM,O,NL,F,Age 41 - 65,2,11/27/2023
475141,RANDOLPH,11/07/2023,voter,RM,REP,W,HL,M,Age Over 66,1,11/27/2023
475211,RANDOLPH,11/07/2023,voter,UG,REP,U,UN,M,Age 41 - 65,2,11/27/2023
475217,RANDOLPH,11/07/2023,voter,SO,DEM,B,NL,M,Age 41 - 65,11,11/27/2023
475218,RANDOLPH,11/07/2023,voter,AN,REP,U,HL,M,Age 41 - 65,2,11/27/2023
475289,RANDOLPH,11/07/2023,voter,GR,UNA,M,HL,F,Age 18 - 25,1,11/27/2023
475474,RANDOLPH,11/07/2023,voter,AR,UNA,O,NL,M,Age Over 66,1,11/27/2023
475557,RANDOLPH,11/07/2023,voter,AR,UNA,O,NL,F,Age 18 - 25,2,11/27/2023
475623,RANDOLPH,11/07/2023,voter,AW,UNA,W,HL,F,Age 41 - 65,1,11/27/2023
475650,RANDOLPH,11/07/2023,voter,UG,UNA,W,UN,M,Age 41 - 65,36,11/27/2023
475671,RANDOLPH,11/07/2023,voter,AR,REP,W,UN,M,Age 18 - 25,12,11/27/2023
475731,RANDOLPH,11/07/2023,voter,TT,LIB,W,NL,U,Age 41 - 65,1,11/27/2023
475838,RANDOLPH,11/07/2023,voter,ST,UNA,U,NL,F,Age Over 66,1,11/27/2023
475849,RANDOLPH,11/07/2023,voter,AS,REP,U,UN,F,Age 41 - 65,1,11/27/2023
475864,RANDOLPH,11/07/2023,voter,AR,REP,B,NL,F,Age 26 - 40,1,11/27/2023
476132,RANDOLPH,11/07/2023,voter,RN,REP,A,UN,F,Age 41 - 65,1,11/27/2023
476150,RANDOLPH,11/07/2023,voter,AS,REP,W,NL,U,Age 18 - 25,2,11/27/2023
476240,RANDOLPH,11/07/2023,voter,BC,REP,W,UN,F,Age Over 66,33,11/27/2023
476265,RANDOLPH,11/07/2023,voter,ST,DEM,W,NL,M,Age 26 - 40,3,11/27/2023
476395,RANDOLPH,11/07/2023,voter,TR,DEM,M,NL,F,Age 26 - 40,1,11/27/2023
476413,RANDOLPH,11/07/2023,voter,AE,DEM,A,UN,F,Age 41 - 65,1,11/27/2023
476432,RANDOLPH,11/07/2023,voter,AR,DEM,B,NL,M,Age 41 - 65,3,11/27/2023
476493,RANDOLPH,11/07/2023,voter,UG,REP,U,HL,F,Age 41 - 65,1,11/27/2023
476597,RANDOLPH,11/07/2023,voter,AR,UNA,B,NL,M,Age 26 - 40,7,11/27/2023
476606,RANDOLPH,11/07/2023,voter,AW,DEM,A,UN,M,Age 41 - 65,1,11/27/2023
476632,RANDOLPH,11/07/2023,voter,RM,REP,U,HL,M,Age Over 66,1,11/27/2023
476677,RANDOLPH,11/07/2023,voter,RM,DEM,B,UN,M,Age 41 - 65,22,11/27/2023
476707,RANDOLPH,11/07/2023,voter,TR,DEM,A,NL,M,Age 26 - 40,2,11/27/2023
476761,RANDOLPH,11/07/2023,voter,SO,REP,W,NL,M,Age 26 - 40,42,11/27/2023
476776,RANDOLPH,11/07/2023,voter,AN,DEM,U,UN,F,Age 41 - 65,2,11/27/2023
476839,RANDOLPH,11/07/2023,voter,AW,REP,U,UN,U,Age Over 66,6,11/27/2023
476843,RANDOLPH,11/07/2023,voter,LC,UNA,B,NL,M,Age Over 66,1,11/27/2023
477042,RANDOLPH,11/07/2023,voter,SO,REP,U,UN,M,Age 41 - 65,2,11/27/2023
477090,RANDOLPH,11/07/2023,voter,AE,UNA,B,UN,U,Age 26 - 40,2,11/27/2023
477094,RANDOLPH,11/07/2023,voter,UG,REP,W,UN,F,Age 41 - 65,90,11/27/2023
477210,RANDOLPH,11/07/2023,voter,AN,DEM,M,UN,M,Age 26 - 40,1,11/27/2023
477225,RANDOLPH,11/07/2023,voter,BC,DEM,B,NL,F,Age Over 66,2,11/27/2023
477230,RANDOLPH,11/07/2023,voter,UG,REP,W,UN,M,Age 41 - 65,88,11/27/2023
477243,RANDOLPH,11/07/2023,voter,AS,LIB,W,NL,M,Age 26 - 40,1,11/27/2023
477347,RANDOLPH,11/07/2023,voter,SO,DEM,B,UN,M,Age Over 66,3,11/27/2023
477359,RANDOLPH,11/07/2023,voter,UG,DEM,B,NL,M,Age 41 - 65,4,11/27/2023
477376,RANDOLPH,11/07/2023,voter,TT,UNA,M,NL,M,Age 26 - 40,1,11/27/2023
477442,RANDOLPH,11/07/2023,voter,AR,DEM,B,UN,M,Age 18 - 25,3,11/27/2023
477498,RANDOLPH,11/07/2023,voter,AS,REP,U,HL,F,Age 41 - 65,1,11/27/2023
477548,RANDOLPH,11/07/2023,voter,AE,DEM,O,HL,M,Age 18 - 25,8,11/27/2023
477610,RANDOLPH,11/07/2023,voter,TR,REP,O,NL,M,Age 18 - 25,1,11/27/2023
477632,RANDOLPH,11/07/2023,voter,AS,DEM,B,UN,F,Age 18 - 25,5,11/27/2023
477645,RANDOLPH,11/07/2023,voter,AE,UNA,O,UN,F,Age 18 - 25,3,11/27/2023
477697,RANDOLPH,11/07/2023,voter,RN,UNA,U,HL,F,Age 41 - 65,5,11/27/2023
477724,RANDOLPH,11/07/2023,voter,AE,DEM,B,NL,F,Age Over 66,13,11/27/2023
477753,RANDOLPH,11/07/2023,voter,GR,REP,O,HL,M,Age 18 - 25,5,11/27/2023
477786,RANDOLPH,11/07/2023,voter,AS,UNA,I,NL,M,Age 26 - 40,1,11/27/2023
477832,RANDOLPH,11/07/2023,voter,,UNA,W,NL,U,Age Over 66,1,11/27/2023
477957,RANDOLPH,11/07/2023,voter,UG,DEM,U,UN,U,Age 18 - 25,3,11/27/2023
478175,RANDOLPH,11/07/2023,voter,SE,DEM,W,NL,F,Age 18 - 25,2,11/27/2023
478190,RANDOLPH,11/07/2023,voter,AN,DEM,W,UN,F,Age 18 - 25,6,11/27/2023
478228,RANDOLPH,11/07/2023,voter,TB,UNA,I,UN,M,Age 41 - 65,1,11/27/2023
478242,RANDOLPH,11/07/2023,voter,TT,LIB,W,NL,M,Age 26 - 40,8,11/27/2023
478284,RANDOLPH,11/07/2023,voter,AR,UNA,A,NL,M,Age 41 - 65,11,11/27/2023
478330,RANDOLPH,11/07/2023,voter,TR,DEM,B,NL,F,Age 41 - 65,22,11/27/2023
478427,RANDOLPH,11/07/2023,voter,AE,UNA,W,UN,M,Age 26 - 40,17,11/27/2023
478430,RANDOLPH,11/07/2023,voter,AR,DEM,B,NL,M,Age 18 - 25,3,11/27/2023
478508,RANDOLPH,11/07/2023,voter,BC,UNA,I,NL,F,Age 26 - 40,2,11/27/2023
478511,RANDOLPH,11/07/2023,voter,RM,REP,W,UN,F,Age Over 66,36,11/27/2023
478597,RANDOLPH,11/07/2023,voter,UG,REP,U,UN,M,Age 18 - 25,5,11/27/2023
478600,RANDOLPH,11/07/2023,voter,NM,DEM,W,UN,F,Age 26 - 40,3,11/27/2023
478757,RANDOLPH,11/07/2023,voter,RM,REP,W,NL,F,Age 18 - 25,32,11/27/2023
478765,RANDOLPH,11/07/2023,voter,UG,UNA,O,HL,U,Age 41 - 65,1,11/27/2023
478811,RANDOLPH,11/07/2023,voter,BC,DEM,B,UN,M,Age 41 - 65,4,11/27/2023
478821,RANDOLPH,11/07/2023,voter,AE,REP,O,HL,M,Age 26 - 40,2,11/27/2023
478949,RANDOLPH,11/07/2023,voter,NM,DEM,B,NL,F,Age Over 66,8,11/27/2023
479027,RANDOLPH,11/07/2023,voter,NM,UNA,O,UN,M,Age Over 66,1,11/27/2023
479105,RANDOLPH,11/07/2023,voter,AN,LIB,W,NL,M,Age 41 - 65,1,11/27/2023
479135,RANDOLPH,11/07/2023,voter,TT,REP,W,UN,M,Age 26 - 40,43,11/27/2023
479168,RANDOLPH,11/07/2023,voter,TB,REP,A,UN,M,Age Over 66,1,11/27/2023
479232,RANDOLPH,11/07/2023,voter,SE,REP,B,UN,M,Age 41 - 65,1,11/27/2023
479234,RANDOLPH,11/07/2023,voter,UG,LIB,W,NL,F,Age 26 - 40,1,11/27/2023
479252,RANDOLPH,11/07/2023,voter,TR,UNA,O,NL,F,Age 18 - 25,1,11/27/2023
479277,RANDOLPH,11/07/2023,voter,AR,DEM,B,NL,M,Age 26 - 40,20,11/27/2023
479295,RANDOLPH,11/07/2023,voter,DR,DEM,M,NL,F,Age 26 - 40,1,11/27/2023
479305,RANDOLPH,11/07/2023,voter,AW,DEM,U,UN,U,Age 18 - 25,5,11/27/2023
479371,RANDOLPH,11/07/2023,voter,AW,DEM,U,UN,U,Age 41 - 65,6,11/27/2023
479459,RANDOLPH,11/07/2023,voter,AR,DEM,M,NL,F,Age 18 - 25,1,11/27/2023
479610,RANDOLPH,11/07/2023,voter,LB,DEM,B,HL,F,Age 41 - 65,1,11/27/2023
479613,RANDOLPH,11/07/2023,voter,TR,UNA,U,UN,M,Age Over 66,1,11/27/2023
479664,RANDOLPH,11/07/2023,voter,RM,UNA,U,HL,M,Age 26 - 40,2,11/27/2023
479709,RANDOLPH,11/07/2023,voter,AE,REP,W,NL,M,Age 41 - 65,75,11/27/2023
479777,RANDOLPH,11/07/2023,voter,LC,UNA,W,HL,F,Age 18 - 25,2,11/27/2023
479905,RANDOLPH,11/07/2023,voter,BC,UNA,O,UN,F,Age 41 - 65,1,11/27/2023
480027,RANDOLPH,11/07/2023,voter,NM,UNA,O,NL,M,Age 18 - 25,1,11/27/2023
480058,RANDOLPH,11/07/2023,voter,AN,REP,B,UN,M,Age 26 - 40,1,11/27/2023
480085,RANDOLPH,11/07/2023,voter,DR,DEM,B,NL,F,Age 26 - 40,13,11/27/2023
480148,RANDOLPH,11/07/2023,voter,TR,UNA,U,UN,F,Age 18 - 25,1,11/27/2023
480255,RANDOLPH,11/07/2023,voter,AE,DEM,O,HL,F,Age 26 - 40,8,11/27/2023
480281,RANDOLPH,11/07/2023,voter,AS,DEM,B,UN,M,Age 41 - 65,6,11/27/2023
480326,RANDOLPH,11/07/2023,voter,AS,UNA,O,HL,F,Age 41 - 65,2,11/27/2023
480484,RANDOLPH,11/07/2023,voter,AE,UNA,U,UN,F,Age Over 66,2,11/27/2023
480695,RANDOLPH,11/07/2023,voter,TR,DEM,B,NL,F,Age 26 - 40,10,11/27/2023
480714,RANDOLPH,11/07/2023,voter,SW,DEM,W,UN,M,Age Over 66,2,11/27/2023
480722,RANDOLPH,11/07/2023,voter,DR,UNA,W,HL,M,Age 41 - 65,1,11/27/2023
480805,RANDOLPH,11/07/2023,voter,RM,UNA,O,NL,F,Age Over 66,1,11/27/2023
480857,RANDOLPH,11/07/2023,voter,AN,REP,B,UN,M,Age 26 - 40,1,11/27/2023
480882,RANDOLPH,11/07/2023,voter,AE,UNA,A,NL,F,Age 26 - 40,1,11/27/2023
481075,RANDOLPH,11/07/2023,voter,AN,UNA,U,UN,F,Age 18 - 25,11,11/27/2023
481143,RANDOLPH,11/07/2023,voter,GR,REP,O,HL,M,Age 41 - 65,2,11/27/2023
481249,RANDOLPH,11/07/2023,voter,TT,UNA,O,NL,M,Age 26 - 40,1,11/27/2023
481464,RANDOLPH,11/07/2023,voter,ST,UNA,U,UN,M,Age 18 - 25,2,11/27/2023
481473,RANDOLPH,11/07/2023,voter,TR,DEM,U,UN,U,Age 41 - 65,8,11/27/2023
481516,RANDOLPH,11/07/2023,voter,DR,UNA,U,UN,F,Age 41 - 65,3,11/27/2023
481604,RANDOLPH,11/07/2023,voter,AS,UNA,A,NL,M,Age 18 - 25,1,11/27/2023
481661,RANDOLPH,11/07/2023,voter,AR,DEM,W,NL,M,Age 26 - 40,9,11/27/2023
481693,RANDOLPH,11/07/2023,voter,UG,UNA,O,UN,M,Age 26 - 40,2,11/27/2023
481698,RANDOLPH,11/07/2023,voter,TB,REP,W,HL,M,Age Over 66,2,11/27/2023
481832,RANDOLPH,11/07/2023,voter,SO,REP,W,NL,F,Age Over 66,156,11/27/2023
481866,RANDOLPH,11/07/2023,voter,AW,UNA,W,UN,F,Age 18 - 25,20,11/27/2023
481954,RANDOLPH,11/07/2023,voter,AN,LIB,O,NL,M,Age 26 - 40,1,11/27/2023
482165,RANDOLPH,11/07/2023,voter,NM,REP,B,NL,F,Age 26 - 40,1,11/27/2023
482183,RANDOLPH,11/07/2023,voter,UG,UNA,B,UN,F,Age Over 66,1,11/27/2023
482186,RANDOLPH,11/07/2023,voter,UG,UNA,A,NL,M,Age 18 - 25,1,11/27/2023
482274,RANDOLPH,11/07/2023,voter,AN,DEM,O,HL,M,Age 26 - 40,10,11/27/2023
482396,RANDOLPH,11/07/2023,voter,AN,UNA,W,HL,F,Age 18 - 25,4,11/27/2023
482406,RANDOLPH,11/07/2023,voter,SW,DEM,W,NL,M,Age 18 - 25,1,11/27/2023
482438,RANDOLPH,11/07/2023,voter,SO,REP,U,UN,M,Age 41 - 65,1,11/27/2023
482460,RANDOLPH,11/07/2023,voter,UG,UNA,O,HL,M,Age 18 - 25,1,11/27/2023
482488,RANDOLPH,11/07/2023,voter,AE,UNA,B,UN,F,Age 41 - 65,4,11/27/2023
482637,RANDOLPH,11/07/2023,voter,AR,DEM,U,HL,M,Age 26 - 40,3,11/27/2023
482734,RANDOLPH,11/07/2023,voter,AR,REP,W,UN,M,Age Over 66,13,11/27/2023
482750,RANDOLPH,11/07/2023,voter,ST,DEM,W,UN,M,Age 18 - 25,1,11/27/2023
482778,RANDOLPH,11/07/2023,voter,,UNA,O,NL,M,Age 18 - 25,2,11/27/2023
482830,RANDOLPH,11/07/2023,voter,TB,DEM,U,HL,F,Age 41 - 65,1,11/27/2023
482832,RANDOLPH,11/07/2023,voter,RN,REP,W,UN,F,Age Over 66,28,11/27/2023
482859,RANDOLPH,11/07/2023,voter,AE,DEM,U,UN,M,Age Over 66,2,11/27/2023
482901,RANDOLPH,11/07/2023,voter,AW,LIB,O,HL,F,Age 18 - 25,2,11/27/2023
482962,RANDOLPH,11/07/2023,voter,AN,UNA,U,HL,F,Age 18 - 25,9,11/27/2023
483038,RANDOLPH,11/07/2023,voter,UG,UNA,W,NL,F,Age 26 - 40,50,11/27/2023
483060,RANDOLPH,11/07/2023,voter,,UNA,W,UN,F,Age 18 - 25,18,11/27/2023
483218,RANDOLPH,11/07/2023,voter,LC,REP,W,NL,U,Age 26 - 40,6,11/27/2023
483319,RANDOLPH,11/07/2023,voter,TB,UNA,B,UN,M,Age 41 - 65,2,11/27/2023
483404,RANDOLPH,11/07/2023,voter,AR,REP,A,NL,F,Age 18 - 25,1,11/27/2023
483533,RANDOLPH,11/07/2023,voter,AS,LIB,W,UN,M,Age 41 - 65,1,11/27/2023
483560,RANDOLPH,11/07/2023,voter,AN,REP,O,UN,M,Age 26 - 40,1,11/27/2023
483912,RANDOLPH,11/07/2023,voter,TR,UNA,W,HL,M,Age 41 - 65,1,11/27/2023
483915,RANDOLPH,11/07/2023,voter,SW,REP,W,NL,U,Age 26 - 40,1,11/27/2023
483957,RANDOLPH,11/07/2023,voter,UG,REP,U,UN,M,Age Over 66,1,11/27/2023
484004,RANDOLPH,11/07/2023,voter,UG,DEM,W,UN,F,Age 26 - 40,7,11/27/2023
484019,RANDOLPH,11/07/2023,voter,DR,REP,O,HL,F,Age 18 - 25,1,11/27/2023
484382,RANDOLPH,11/07/2023,voter,TR,DEM,O,NL,F,Age 41 - 65,1,11/27/2023
484443,RANDOLPH,11/07/2023,voter,SW,REP,W,UN,M,Age Over 66,28,11/27/2023
484533,RANDOLPH,11/07/2023,voter,AW,UNA,U,HL,F,Age 18 - 25,1,11/27/2023
484677,RANDOLPH,11/07/2023,voter,AW,UNA,B,NL,U,Age 18 - 25,1,11/27/2023
484694,RANDOLPH,11/07/2023,voter,TT,DEM,U,UN,U,Age 41 - 65,5,11/27/2023
484741,RANDOLPH,11/07/2023,voter,AN,DEM,W,HL,M,Age 41 - 65,3,11/27/2023
484769,RANDOLPH,11/07/2023,voter,,REP,U,UN,F,Age 26 - 40,1,11/27/2023
484795,RANDOLPH,11/07/2023,voter,AE,UNA,O,HL,F,Age 18 - 25,9,11/27/2023
484941,RANDOLPH,11/07/2023,voter,LC,REP,M,HL,F,Age 41 - 65,1,11/27/2023
484963,RANDOLPH,11/07/2023,voter,,REP,U,NL,M,Age Over 66,1,11/27/2023
484988,RANDOLPH,11/07/2023,voter,RN,UNA,M,NL,F,Age Over 66,1,11/27/2023
485040,RANDOLPH,11/07/2023,voter,AR,REP,W,UN,U,Age 41 - 65,5,11/27/2023
485125,RANDOLPH,11/07/2023,voter,BC,UNA,M,HL,M,Age 18 - 25,1,11/27/2023
485138,RANDOLPH,11/07/2023,voter,AN,REP,B,UN,F,Age Over 66,1,11/27/2023
485658,RANDOLPH,11/07/2023,voter,TB,LIB,W,UN,M,Age 18 - 25,1,11/27/2023
485662,RANDOLPH,11/07/2023,voter,TR,REP,W,UN,M,Age 41 - 65,71,11/27/2023
485722,RANDOLPH,11/07/2023,voter,RM,DEM,W,UN,M,Age 26 - 40,6,11/27/2023
485766,RANDOLPH,11/07/2023,voter,AE,DEM,W,HL,F,Age 41 - 65,2,11/27/2023
485875,RANDOLPH,11/07/2023,voter,RN,UNA,U,UN,F,Age 18 - 25,7,11/27/2023
485947,RANDOLPH,11/07/2023,voter,AN,DEM,A,NL,M,Age 26 - 40,1,11/27/2023
486064,RANDOLPH,11/07/2023,voter,BC,DEM,O,UN,M,Age 41 - 65,2,11/27/2023
486199,RANDOLPH,11/07/2023,voter,LB,DEM,O,HL,F,Age 18 - 25,10,11/27/2023
486280,RANDOLPH,11/07/2023,voter,DR,DEM,W,UN,M,Age 41 - 65,5,11/27/2023
486288,RANDOLPH,11/07/2023,voter,AW,DEM,B,UN,F,Age Over 66,10,11/27/2023
486376,RANDOLPH,11/07/2023,voter,UG,REP,W,NL,M,Age 26 - 40,56,11/27/2023
486429,RANDOLPH,11/07/2023,voter,RM,UNA,M,HL,M,Age 41 - 65,1,11/27/2023
486488,RANDOLPH,11/07/2023,voter,AR,DEM,U,UN,F,Age 41 - 65,2,11/27/2023
486562,RANDOLPH,11/07/2023,voter,UG,DEM,U,HL,F,Age 26 - 40,1,11/27/2023
486701,RANDOLPH,11/07/2023,voter,GR,UNA,A,NL,F,Age 41 - 65,3,11/27/2023
486712,RANDOLPH,11/07/2023,voter,AN,DEM,B,NL,M,Age 18 - 25,1,11/27/2023
486833,RANDOLPH,11/07/2023,voter,GR,UNA,W,NL,F,Age Over 66,78,11/27/2023
486912,RANDOLPH,11/07/2023,voter,AS,DEM,B,NL,F,Age 18 - 25,2,11/27/2023
486929,RANDOLPH,11/07/2023,voter,AR,LIB,W,UN,F,Age 26 - 40,3,11/27/2023
487030,RANDOLPH,11/07/2023,voter,AN,REP,W,UN,M,Age 18 - 25,16,11/27/2023
487045,RANDOLPH,11/07/2023,voter,AS,UNA,B,UN,F,Age 18 - 25,2,11/27/2023
487062,RANDOLPH,11/07/2023,voter,AW,DEM,I,UN,F,Age Over 66,1,11/27/2023
487260,RANDOLPH,11/07/2023,voter,BC,UNA,U,HL,F,Age 26 - 40,1,11/27/2023
487267,RANDOLPH,11/07/2023,voter,AS,DEM,O,UN,F,Age 18 - 25,4,11/27/2023
487386,RANDOLPH,11/07/2023,voter,UG,REP,W,NL,F,Age Over 66,170,11/27/2023
487418,RANDOLPH,11/07/2023,voter,BC,UNA,W,HL,F,Age 26 - 40,2,11/27/2023
487442,RANDOLPH,11/07/2023,voter,UG,UNA,B,NL,F,Age 18 - 25,2,11/27/2023
487499,RANDOLPH,11/07/2023,voter,LC,REP,O,UN,M,Age 26 - 40,1,11/27/2023
487592,RANDOLPH,11/07/2023,voter,RM,DEM,O,UN,M,Age 41 - 65,2,11/27/2023
487680,RANDOLPH,11/07/2023,voter,AN,UNA,W,NL,F,Age 26 - 40,18,11/27/2023
487919,RANDOLPH,11/07/2023,voter,GR,DEM,U,UN,F,Age 26 - 40,3,11/27/2023
487936,RANDOLPH,11/07/2023,voter,UG,UNA,B,UN,F,Age Over 66,1,11/27/2023
487939,RANDOLPH,11/07/2023,voter,AW,DEM,O,UN,M,Age 26 - 40,3,11/27/2023
488031,RANDOLPH,11/07/2023,voter,SW,REP,U,UN,U,Age 41 - 65,9,11/27/2023
488057,RANDOLPH,11/07/2023,voter,AN,DEM,U,HL,M,Age 18 - 25,7,11/27/2023
488117,RANDOLPH,11/07/2023,voter,RN,DEM,B,UN,M,Age 26 - 40,11,11/27/2023
488153,RANDOLPH,11/07/2023,voter,AE,LIB,U,NL,M,Age Over 66,1,11/27/2023
488195,RANDOLPH,11/07/2023,voter,BC,DEM,O,HL,M,Age 18 - 25,2,11/27/2023
488266,RANDOLPH,11/07/2023,voter,AS,DEM,W,UN,F,Age 26 - 40,5,11/27/2023
488322,RANDOLPH,11/07/2023,voter,AW,DEM,A,NL,F,Age Over 66,1,11/27/2023
488385,RANDOLPH,11/07/2023,voter,NM,UNA,W,UN,F,Age 26 - 40,15,11/27/2023
488390,RANDOLPH,11/07/2023,voter,TB,UNA,W,NL,U,Age 18 - 25,1,11/27/2023
488471,RANDOLPH,11/07/2023,voter,DR,DEM,W,NL,F,Age Over 66,29,11/27/2023
488538,RANDOLPH,11/07/2023,voter,AR,DEM,O,NL,M,Age 41 - 65,3,11/27/2023
488575,RANDOLPH,11/07/2023,voter,RN,DEM,W,UN,M,Age 26 - 40,4,11/27/2023
488579,RANDOLPH,11/07/2023,voter,AW,DEM,W,NL,U,Age 26 - 40,2,11/27/2023
488605,RANDOLPH,11/07/2023,voter,AR,DEM,O,UN,M,Age 41 - 65,1,11/27/2023
488623,RANDOLPH,11/07/2023,voter,AW,NLB,B,UN,M,Age 26 - 40,1,11/27/2023
488673,RANDOLPH,11/07/2023,voter,,UNA,W,NL,U,Age 41 - 65,12,11/27/2023
488712,RANDOLPH,11/07/2023,voter,TR,UNA,B,NL,M,Age 26 - 40,2,11/27/2023
488815,RANDOLPH,11/07/2023,voter,LC,UNA,I,NL,F,Age 41 - 65,1,11/27/2023
488843,RANDOLPH,11/07/2023,voter,AS,REP,U,HL,F,Age Over 66,1,11/27/2023
488950,RANDOLPH,11/07/2023,voter,AN,UNA,B,NL,F,Age 18 - 25,3,11/27/2023
489094,RANDOLPH,11/07/2023,voter,AW,UNA,U,UN,F,Age 41 - 65,2,11/27/2023
489109,RANDOLPH,11/07/2023,voter,AN,DEM,W,UN,F,Age 41 - 65,18,11/27/2023
489126,RANDOLPH,11/07/2023,voter,RN,DEM,W,UN,F,Age 18 - 25,10,11/27/2023
489156,RANDOLPH,11/07/2023,voter,AR,DEM,W,NL,U,Age 18 - 25,1,11/27/2023
489158,RANDOLPH,11/07/2023,voter,TR,REP,W,NL,F,Age 26 - 40,94,11/27/2023
489490,RANDOLPH,11/07/2023,voter,AR,REP,O,NL,F,Age 26 - 40,2,11/27/2023
489518,RANDOLPH,11/07/2023,voter,AR,UNA,O,NL,M,Age 26 - 40,7,11/27/2023
489571,RANDOLPH,11/07/2023,voter,NM,DEM,W,NL,M,Age 41 - 65,42,11/27/2023
489843,RANDOLPH,11/07/2023,voter,AW,DEM,O,HL,F,Age Over 66,5,11/27/2023
489866,RANDOLPH,11/07/2023,voter,AR,UNA,B,NL,F,Age 41 - 65,6,11/27/2023
489927,RANDOLPH,11/07/2023,voter,RN,DEM,B,UN,M,Age 41 - 65,6,11/27/2023
489969,RANDOLPH,11/07/2023,voter,AE,DEM,U,HL,M,Age Over 66,2,11/27/2023
490027,RANDOLPH,11/07/2023,voter,TB,UNA,W,HL,M,Age 26 - 40,1,11/27/2023
490041,RANDOLPH,11/07/2023,voter,DR,UNA,W,UN,F,Age 18 - 25,19,11/27/2023
490649,RANDOLPH,11/07/2023,voter,,REP,W,NL,F,Age 18 - 25,42,11/27/2023
490656,RANDOLPH,11/07/2023,voter,,DEM,B,NL,F,Age 26 - 40,1,11/27/2023
490680,RANDOLPH,11/07/2023,voter,AN,DEM,B,UN,M,Age 26 - 40,6,11/27/2023
490801,RANDOLPH,11/07/2023,voter,SE,REP,W,NL,U,Age 41 - 65,2,11/27/2023
490897,RANDOLPH,11/07/2023,voter,RM,UNA,B,UN,M,Age 41 - 65,5,11/27/2023
490941,RANDOLPH,11/07/2023,voter,ST,REP,O,NL,F,Age 26 - 40,1,11/27/2023
491011,RANDOLPH,11/07/2023,voter,GR,UNA,W,UN,M,Age 18 - 25,36,11/27/2023
491135,RANDOLPH,11/07/2023,voter,UG,DEM,W,NL,U,Age 26 - 40,1,11/27/2023
491142,RANDOLPH,11/07/2023,voter,LB,UNA,W,UN,U,Age 26 - 40,2,11/27/2023
491153,RANDOLPH,11/07/2023,voter,AW,LIB,W,UN,M,Age 26 - 40,2,11/27/2023
491228,RANDOLPH,11/07/2023,voter,AW,REP,W,NL,F,Age 26 - 40,30,11/27/2023
491229,RANDOLPH,11/07/2023,voter,AW,UNA,W,NL,U,Age 41 - 65,2,11/27/2023
491418,RANDOLPH,11/07/2023,voter,RM,LIB,W,NL,M,Age 26 - 40,1,11/27/2023
491453,RANDOLPH,11/07/2023,voter,AR,DEM,B,NL,U,Age 26 - 40,2,11/27/2023
491514,RANDOLPH,11/07/2023,voter,AW,DEM,W,UN,F,Age 41 - 65,9,11/27/2023
491779,RANDOLPH,11/07/2023,voter,AS,UNA,B,NL,M,Age 26 - 40,2,11/27/2023
491821,RANDOLPH,11/07/2023,voter,TR,LIB,W,NL,M,Age 41 - 65,2,11/27/2023
491846,RANDOLPH,11/07/2023,voter,NM,DEM,B,UN,F,Age 26 - 40,1,11/27/2023
491882,RANDOLPH,11/07/2023,voter,AS,UNA,U,UN,U,Age Over 66,3,11/27/2023
491886,RANDOLPH,11/07/2023,voter,RN,DEM,W,HL,M,Age 26 - 40,1,11/27/2023
491889,RANDOLPH,11/07/2023,voter,TT,UNA,U,UN,U,Age Over 66,6,11/27/2023
491898,RANDOLPH,11/07/2023,voter,RM,UNA,U,NL,U,Age 41 - 65,1,11/27/2023
491910,RANDOLPH,11/07/2023,voter,UG,REP,I,NL,F,Age 41 - 65,2,11/27/2023
491917,RANDOLPH,11/07/2023,voter,GR,UNA,W,UN,U,Age 26 - 40,2,11/27/2023
492157,RANDOLPH,11/07/2023,voter,AR,UNA,W,NL,F,Age 18 - 25,53,11/27/2023
492168,RANDOLPH,11/07/2023,voter,NM,UNA,W,UN,F,Age Over 66,12,11/27/2023
492542,RANDOLPH,11/07/2023,voter,DR,UNA,W,HL,F,Age 18 - 25,1,11/27/2023
492555,RANDOLPH,11/07/2023,voter,LB,REP,O,HL,M,Age 41 - 65,3,11/27/2023
492586,RANDOLPH,11/07/2023,voter,DR,DEM,U,UN,M,Age 18 - 25,5,11/27/2023
492608,RANDOLPH,11/07/2023,voter,AR,REP,W,UN,U,Age 18 - 25,2,11/27/2023
492628,RANDOLPH,11/07/2023,voter,LC,DEM,O,HL,M,Age 26 - 40,1,11/27/2023
492637,RANDOLPH,11/07/2023,voter,TT,UNA,B,NL,M,Age 26 - 40,3,11/27/2023
492679,RANDOLPH,11/07/2023,voter,BC,UNA,U,UN,U,Age Over 66,5,11/27/2023
492695,RANDOLPH,11/07/2023,voter,AE,UNA,O,UN,F,Age 41 - 65,1,11/27/2023
492724,RANDOLPH,11/07/2023,voter,AS,DEM,B,UN,M,Age 18 - 25,3,11/27/2023
492800,RANDOLPH,11/07/2023,voter,SO,REP,U,UN,M,Age 18 - 25,2,11/27/2023
492862,RANDOLPH,11/07/2023,voter,TR,REP,U,UN,F,Age 41 - 65,2,11/27/2023
492978,RANDOLPH,11/07/2023,voter,TR,UNA,O,NL,F,Age 41 - 65,1,11/27/2023
492981,RANDOLPH,11/07/2023,voter,AW,UNA,W,UN,F,Age 41 - 65,35,11/27/2023
492982,RANDOLPH,11/07/2023,voter,AW,UNA,W,NL,F,Age 26 - 40,32,11/27/2023
492999,RANDOLPH,11/07/2023,voter,UG,REP,O,NL,F,Age 41 - 65,1,11/27/2023
493013,RANDOLPH,11/07/2023,voter,AE,DEM,B,NL,M,Age Over 66,51,11/27/2023
493068,RANDOLPH,11/07/2023,voter,TT,REP,W,NL,F,Age 26 - 40,168,11/27/2023
493106,RANDOLPH,11/07/2023,voter,AS,UNA,A,NL,M,Age 41 - 65,2,11/27/2023
493193,RANDOLPH,11/07/2023,voter,AS,UNA,M,UN,F,Age 41 - 65,1,11/27/2023
493234,RANDOLPH,11/07/2023,voter,,REP,B,NL,F,Age 26 - 40,1,11/27/2023
493332,RANDOLPH,11/07/2023,voter,AS,REP,W,NL,U,Age 41 - 65,4,11/27/2023
493349,RANDOLPH,11/07/2023,voter,AE,DEM,B,HL,F,Age 26 - 40,2,11/27/2023
493405,RANDOLPH,11/07/2023,voter,AS,UNA,O,HL,F,Age 18 - 25,3,11/27/2023
493435,RANDOLPH,11/07/2023,voter,RN,UNA,W,UN,F,Age Over 66,23,11/27/2023
493570,RANDOLPH,11/07/2023,voter,AE,LIB,W,NL,F,Age 41 - 65,1,11/27/2023
493580,RANDOLPH,11/07/2023,voter,AW,DEM,I,NL,M,Age 41 - 65,1,11/27/2023
493637,RANDOLPH,11/07/2023,voter,GR,UNA,U,UN,M,Age 18 - 25,8,11/27/2023
493801,RANDOLPH,11/07/2023,voter,UG,REP,W,UN,F,Age 18 - 25,46,11/27/2023
493892,RANDOLPH,11/07/2023,voter,AS,UNA,B,NL,F,Age Over 66,2,11/27/2023
493924,RANDOLPH,11/07/2023,voter,UG,REP,W,HL,M,Age 18 - 25,1,11/27/2023
493961,RANDOLPH,11/07/2023,voter,UG,DEM,B,NL,F,Age 41 - 65,6,11/27/2023
494034,RANDOLPH,11/07/2023,voter,ST,DEM,W,NL,F,Age Over 66,23,11/27/2023
494041,RANDOLPH,11/07/2023,voter,NM,REP,O,NL,F,Age 41 - 65,3,11/27/2023
494065,RANDOLPH,11/07/2023,voter,AE,DEM,B,UN,U,Age Over 66,1,11/27/2023
494181,RANDOLPH,11/07/2023,voter,AE,REP,A,UN,F,Age Over 66,1,11/27/2023
494352,RANDOLPH,11/07/2023,voter,AR,DEM,A,UN,F,Age 26 - 40,1,11/27/2023
494448,RANDOLPH,11/07/2023,voter,AW,REP,O,HL,M,Age 18 - 25,3,11/27/2023
494539,RANDOLPH,11/07/2023,voter,TR,REP,W,UN,M,Age 18 - 25,26,11/27/2023
494666,RANDOLPH,11/07/2023,voter,AN,UNA,O,NL,F,Age 41 - 65,2,11/27/2023
494687,RANDOLPH,11/07/2023,voter,TR,UNA,W,UN,F,Age 18 - 25,15,11/27/2023
494715,RANDOLPH,11/07/2023,voter,TB,LIB,W,UN,M,Age 41 - 65,1,11/27/2023
494782,RANDOLPH,11/07/2023,voter,LB,LIB,U,UN,F,Age 18 - 25,1,11/27/2023
494783,RANDOLPH,11/07/2023,voter,SE,REP,W,UN,U,Age Over 66,1,11/27/2023
494854,RANDOLPH,11/07/2023,voter,BC,DEM,A,UN,M,Age 26 - 40,1,11/27/2023
495011,RANDOLPH,11/07/2023,voter,RN,REP,W,NL,F,Age 18 - 25,11,11/27/2023
495055,RANDOLPH,11/07/2023,voter,TB,REP,U,NL,U,Age 26 - 40,1,11/27/2023
495216,RANDOLPH,11/07/2023,voter,RN,LIB,W,NL,M,Age 26 - 40,4,11/27/2023
495244,RANDOLPH,11/07/2023,voter,SO,REP,U,UN,M,Age 18 - 25,1,11/27/2023
495299,RANDOLPH,11/07/2023,voter,GR,REP,W,UN,U,Age Over 66,2,11/27/2023
495431,RANDOLPH,11/07/2023,voter,AW,REP,W,UN,M,Age 41 - 65,32,11/27/2023
495439,RANDOLPH,11/07/2023,voter,SW,DEM,B,UN,F,Age 26 - 40,1,11/27/2023
495506,RANDOLPH,11/07/2023,voter,SE,REP,O,HL,M,Age 41 - 65,1,11/27/2023
495547,RANDOLPH,11/07/2023,voter,TR,LIB,O,NL,F,Age 18 - 25,1,11/27/2023
495591,RANDOLPH,11/07/2023,voter,AR,UNA,U,NL,F,Age 26 - 40,1,11/27/2023
495630,RANDOLPH,11/07/2023,voter,TR,DEM,O,HL,F,Age 18 - 25,4,11/27/2023
495636,RANDOLPH,11/07/2023,voter,SW,UNA,W,UN,M,Age 26 - 40,27,11/27/2023
495683,RANDOLPH,11/07/2023,voter,AE,UNA,B,UN,M,Age Over 66,1,11/27/2023
495779,RANDOLPH,11/07/2023,voter,ST,DEM,I,NL,U,Age 26 - 40,1,11/27/2023
495822,RANDOLPH,11/07/2023,voter,RN,DEM,O,UN,M,Age 26 - 40,1,11/27/2023
495922,RANDOLPH,11/07/2023,voter,LB,DEM,O,HL,F,Age 41 - 65,3,11/27/2023
495965,RANDOLPH,11/07/2023,voter,AR,REP,U,UN,U,Age 26 - 40,13,11/27/2023
496097,RANDOLPH,11/07/2023,voter,AS,UNA,U,HL,M,Age 26 - 40,1,11/27/2023
496116,RANDOLPH,11/07/2023,voter,AN,UNA,W,HL,F,Age 41 - 65,2,11/27/2023
496124,RANDOLPH,11/07/2023,voter,AW,DEM,B,UN,M,Age 26 - 40,2,11/27/2023
496125,RANDOLPH,11/07/2023,voter,UG,UNA,B,NL,F,Age 41 - 65,1,11/27/2023
496313,RANDOLPH,11/07/2023,voter,SW,REP,A,UN,M,Age 41 - 65,1,11/27/2023
496360,RANDOLPH,11/07/2023,voter,TR,UNA,B,UN,U,Age 18 - 25,1,11/27/2023
496379,RANDOLPH,11/07/2023,voter,AS,DEM,O,HL,M,Age 18 - 25,5,11/27/2023
496412,RANDOLPH,11/07/2023,voter,AR,DEM,O,UN,M,Age 18 - 25,1,11/27/2023
496435,RANDOLPH,11/07/2023,voter,DR,UNA,U,HL,M,Age 41 - 65,2,11/27/2023
496470,RANDOLPH,11/07/2023,voter,AE,REP,W,NL,M,Age 18 - 25,10,11/27/2023
496471,RANDOLPH,11/07/2023,voter,TR,UNA,B,UN,M,Age 18 - 25,1,11/27/2023
496496,RANDOLPH,11/07/2023,voter,SO,REP,W,NL,F,Age Over 66,74,11/27/2023
496971,RANDOLPH,11/07/2023,voter,RN,UNA,U,HL,M,Age Over 66,1,11/27/2023
497014,RANDOLPH,11/07/2023,voter,AR,DEM,O,NL,M,Age 26 - 40,2,11/27/2023
497056,RANDOLPH,11/07/2023,voter,AR,REP,A,NL,F,Age 26 - 40,3,11/27/2023
497112,RANDOLPH,11/07/2023,voter,TR,UNA,W,UN,M,Age 41 - 65,29,11/27/2023
497273,RANDOLPH,11/07/2023,voter,SW,UNA,U,NL,F,Age 18 - 25,1,11/27/2023
497317,RANDOLPH,11/07/2023,voter,AN,UNA,U,UN,F,Age 41 - 65,4,11/27/2023
497322,RANDOLPH,11/07/2023,voter,DR,DEM,W,NL,M,Age 26 - 40,9,11/27/2023
497448,RANDOLPH,11/07/2023,voter,ST,REP,W,HL,F,Age 26 - 40,1,11/27/2023
497558,RANDOLPH,11/07/2023,voter,RM,UNA,B,NL,F,Age Over 66,3,11/27/2023
497559,RANDOLPH,11/07/2023,voter,AN,UNA,U,HL,F,Age 41 - 65,7,11/27/2023
497585,RANDOLPH,11/07/2023,voter,AN,REP,W,NL,F,Age Over 66,92,11/27/2023
497610,RANDOLPH,11/07/2023,voter,DR,UNA,W,UN,F,Age 41 - 65,47,11/27/2023
497709,RANDOLPH,11/07/2023,voter,AW,DEM,O,UN,F,Age Over 66,1,11/27/2023
497800,RANDOLPH,11/07/2023,voter,RN,DEM,U,HL,M,Age 41 - 65,2,11/27/2023
497812,RANDOLPH,11/07/2023,voter,AR,REP,W,UN,M,Age 26 - 40,29,11/27/2023
497967,RANDOLPH,11/07/2023,voter,AN,UNA,W,UN,F,Age 41 - 65,40,11/27/2023
498077,RANDOLPH,11/07/2023,voter,AR,REP,U,UN,M,Age 41 - 65,2,11/27/2023
498083,RANDOLPH,11/07/2023,voter,AW,UNA,W,HL,M,Age Over 66,1,11/27/2023
498123,RANDOLPH,11/07/2023,voter,LC,REP,I,UN,M,Age 26 - 40,1,11/27/2023
498256,RANDOLPH,11/07/2023,voter,,UNA,W,HL,M,Age 41 - 65,1,11/27/2023
498350,RANDOLPH,11/07/2023,voter,AR,DEM,W,UN,F,Age 41 - 65,4,11/27/2023
498359,RANDOLPH,11/07/2023,voter,LB,REP,W,NL,U,Age 41 - 65,5,11/27/2023
498380,RANDOLPH,11/07/2023,voter,AW,UNA,U,UN,M,Age Over 66,1,11/27/2023
498531,RANDOLPH,11/07/2023,voter,TR,LIB,I,NL,M,Age 26 - 40,1,11/27/2023
498554,RANDOLPH,11/07/2023,voter,RM,DEM,B,UN,M,Age 18 - 25,5,11/27/2023
498583,RANDOLPH,11/07/2023,voter,LB,UNA,W,NL,F,Age Over 66,44,11/27/2023
498648,RANDOLPH,11/07/2023,voter,AR,UNA,W,NL,F,Age 41 - 65,156,11/27/2023
498744,RANDOLPH,11/07/2023,voter,RM,UNA,B,UN,M,Age Over 66,2,11/27/2023
498772,RANDOLPH,11/07/2023,voter,SE,UNA,U,UN,U,Age 26 - 40,7,11/27/2023
498827,RANDOLPH,11/07/2023,voter,AW,UNA,O,NL,F,Age 41 - 65,1,11/27/2023
498848,RANDOLPH,11/07/2023,voter,TR,UNA,B,UN,M,Age 26 - 40,2,11/27/2023
499035,RANDOLPH,11/07/2023,voter,TR,REP,O,NL,F,Age 26 - 40,1,11/27/2023
499219,RANDOLPH,11/07/2023,voter,UG,DEM,U,HL,M,Age 18 - 25,4,11/27/2023
499245,RANDOLPH,11/07/2023,voter,AR,REP,W,UN,M,Age 41 - 65,33,11/27/2023
499353,RANDOLPH,11/07/2023,voter,AR,LIB,W,NL,M,Age 26 - 40,6,11/27/2023
499628,RANDOLPH,11/07/2023,voter,ST,REP,I,UN,F,Age 41 - 65,1,11/27/2023
499801,RANDOLPH,11/07/2023,voter,AR,REP,W,NL,F,Age Over 66,171,11/27/2023
499974,RANDOLPH,11/07/2023,voter,RN,DEM,W,UN,F,Age 41 - 65,26,11/27/2023
500260,RANDOLPH,11/07/2023,voter,SW,REP,U,UN,U,Age 18 - 25,3,11/27/2023
500370,RANDOLPH,11/07/2023,voter,SW,DEM,B,UN,U,Age Over 66,1,11/27/2023
500387,RANDOLPH,11/07/2023,voter,AN,DEM,A,NL,M,Age 26 - 40,1,11/27/2023
500542,RANDOLPH,11/07/2023,voter,SE,DEM,W,NL,F,Age 41 - 65,14,11/27/2023
500591,RANDOLPH,11/07/2023,voter,LB,REP,I,UN,F,Age 18 - 25,1,11/27/2023
500650,RANDOLPH,11/07/2023,voter,AS,DEM,B,UN,F,Age 41 - 65,6,11/27/2023
500664,RANDOLPH,11/07/2023,voter,AE,DEM,W,UN,M,Age Over 66,9,11/27/2023
500731,RANDOLPH,11/07/2023,voter,NM,LIB,W,NL,F,Age Over 66,1,11/27/2023
500816,RANDOLPH,11/07/2023,voter,SO,REP,W,NL,M,Age 26 - 40,73,11/27/2023
500819,RANDOLPH,11/07/2023,voter,AN,REP,U,UN,M,Age 41 - 65,1,11/27/2023
500834,RANDOLPH,11/07/2023,voter,AN,DEM,A,UN,M,Age 18 - 25,1,11/27/2023
500914,RANDOLPH,11/07/2023,voter,LB,DEM,B,UN,F,Age 18 - 25,7,11/27/2023
500963,RANDOLPH,11/07/2023,voter,AN,UNA,B,NL,F,Age 41 - 65,4,11/27/2023
501010,RANDOLPH,11/07/2023,voter,UG,DEM,B,NL,M,Age 18 - 25,1,11/27/2023
501252,RANDOLPH,11/07/2023,voter,AE,UNA,O,HL,F,Age 41 - 65,8,11/27/2023
501257,RANDOLPH,11/07/2023,voter,TR,UNA,W,UN,M,Age 18 - 25,13,11/27/2023
501376,RANDOLPH,11/07/2023,voter,NM,DEM,W,NL,M,Age 18 - 25,2,11/27/2023
501396,RANDOLPH,11/07/2023,voter,AW,DEM,W,UN,F,Age 18 - 25,4,11/27/2023
501409,RANDOLPH,11/07/2023,voter,DR,REP,U,UN,F,Age 26 - 40,1,11/27/2023
501477,RANDOLPH,11/07/2023,voter,LC,DEM,U,UN,M,Age 41 - 65,1,11/27/2023
501554,RANDOLPH,11/07/2023,voter,AR,UNA,B,NL,M,Age Over 66,1,11/27/2023
501766,RANDOLPH,11/07/2023,voter,AN,DEM,B,NL,M,Age 41 - 65,9,11/27/2023
501776,RANDOLPH,11/07/2023,voter,,UNA,W,UN,F,Age 41 - 65,38,11/27/2023
501858,RANDOLPH,11/07/2023,voter,LB,UNA,O,HL,M,Age 26 - 40,6,11/27/2023
502194,RANDOLPH,11/07/2023,voter,TB,UNA,W,NL,U,Age 41 - 65,12,11/27/2023
502195,RANDOLPH,11/07/2023,voter,SE,REP,W,NL,U,Age 18 - 25,1,11/27/2023
502258,RANDOLPH,11/07/2023,voter,AS,UNA,B,UN,M,Age 41 - 65,4,11/27/2023
502284,RANDOLPH,11/07/2023,voter,TR,REP,A,UN,F,Age 26 - 40,1,11/27/2023
502513,RANDOLPH,11/07/2023,voter,TR,DEM,U,UN,U,Age 18 - 25,2,11/27/2023
502728,RANDOLPH,11/07/2023,voter,DR,LIB,U,UN,U,Age 18 - 25,2,11/27/2023
502752,RANDOLPH,11/07/2023,voter,LB,DEM,W,UN,U,Age 26 - 40,1,11/27/2023
502814,RANDOLPH,11/07/2023,voter,TR,UNA,U,UN,M,Age 18 - 25,2,11/27/2023
502847,RANDOLPH,11/07/2023,voter,AE,REP,W,NL,U,Age 26 - 40,1,11/27/2023
502859,RANDOLPH,11/07/2023,voter,AN,DEM,U,HL,M,Age 41 - 65,3,11/27/2023
502871,RANDOLPH,11/07/2023,voter,TR,UNA,O,UN,M,Age 26 - 40,1,11/27/2023
502938,RANDOLPH,11/07/2023,voter,GR,UNA,W,UN,M,Age 41 - 65,70,11/27/2023
503128,RANDOLPH,11/07/2023,voter,UG,REP,I,NL,M,Age 41 - 65,1,11/27/2023
503311,RANDOLPH,11/07/2023,voter,AR,UNA,O,NL,F,Age 41 - 65,2,11/27/2023
503340,RANDOLPH,11/07/2023,voter,AE,DEM,O,HL,M,Age 41 - 65,5,11/27/2023
503407,RANDOLPH,11/07/2023,voter,SW,REP,W,NL,M,Age 41 - 65,73,11/27/2023
503562,RANDOLPH,11/07/2023,voter,SO,DEM,B,NL,M,Age 41 - 65,10,11/27/2023
503697,RANDOLPH,11/07/2023,voter,TR,LIB,W,NL,M,Age 26 - 40,2,11/27/2023
503721,RANDOLPH,11/07/2023,voter,LC,REP,O,HL,M,Age 26 - 40,4,11/27/2023
503726,RANDOLPH,11/07/2023,voter,AN,UNA,U,UN,M,Age Over 66,2,11/27/2023
503864,RANDOLPH,11/07/2023,voter,RN,UNA,B,NL,F,Age Over 66,1,11/27/2023
503894,RANDOLPH,11/07/2023,voter,BC,DEM,O,HL,M,Age 41 - 65,2,11/27/2023
503989,RANDOLPH,11/07/2023,voter,AN,DEM,W,UN,F,Age 18 - 25,7,11/27/2023
504220,RANDOLPH,11/07/2023,voter,ST,UNA,U,UN,M,Age 41 - 65,3,11/27/2023
504300,RANDOLPH,11/07/2023,voter,,DEM,U,UN,U,Age 26 - 40,4,11/27/2023
504340,RANDOLPH,11/07/2023,voter,TT,REP,U,UN,F,Age 41 - 65,3,11/27/2023
504371,RANDOLPH,11/07/2023,voter,LB,DEM,M,HL,F,Age 18 - 25,1,11/27/2023
504625,RANDOLPH,11/07/2023,voter,TR,UNA,U,HL,F,Age 41 - 65,1,11/27/2023
504898,RANDOLPH,11/07/2023,voter,TR,UNA,W,HL,F,Age 41 - 65,2,11/27/2023
504929,RANDOLPH,11/07/2023,voter,AN,UNA,W,NL,F,Age 26 - 40,33,11/27/2023
505104,RANDOLPH,11/07/2023,voter,RN,UNA,W,UN,F,Age 41 - 65,75,11/27/2023
505112,RANDOLPH,11/07/2023,voter,SW,DEM,W,NL,F,Age 26 - 40,4,11/27/2023
505164,RANDOLPH,11/07/2023,voter,RM,DEM,O,UN,M,Age 18 - 25,2,11/27/2023
505374,RANDOLPH,11/07/2023,voter,AR,DEM,B,UN,M,Age 41 - 65,16,11/27/2023
505379,RANDOLPH,11/07/2023,voter,BC,UNA,W,UN,F,Age 26 - 40,35,11/27/2023
505383,RANDOLPH,11/07/2023,voter,AN,DEM,W,NL,F,Age 26 - 40,9,11/27/2023
505391,RANDOLPH,11/07/2023,voter,,REP,W,NL,F,Age 41 - 65,354,11/27/2023
505450,RANDOLPH,11/07/2023,voter,AE,UNA,U,UN,M,Age 26 - 40,2,11/27/2023
505809,RANDOLPH,11/07/2023,voter,TR,UNA,U,HL,M,Age 41 - 65,1,11/27/2023
505858,RANDOLPH,11/07/2023,voter,UG,UNA,B,UN,M,Age 26 - 40,2,11/27/2023
505988,RANDOLPH,11/07/2023,voter,BC,UNA,O,UN,F,Age 18 - 25,1,11/27/2023
506047,RANDOLPH,11/07/2023,voter,TR,LIB,W,NL,M,Age 18 - 25,4,11/27/2023
506089,RANDOLPH,11/07/2023,voter,AN,UNA,O,NL,F,Age 18 - 25,1,11/27/2023
506112,RANDOLPH,11/07/2023,voter,AE,UNA,B,UN,F,Age 18 - 25,3,11/27/2023
506116,RANDOLPH,11/07/2023,voter,AS,REP,W,UN,F,Age Over 66,44,11/27/2023
506123,RANDOLPH,11/07/2023,voter,AR,DEM,A,UN,U,Age 41 - 65,1,11/27/2023
506149,RANDOLPH,11/07/2023,voter,TR,UNA,B,NL,F,Age 18 - 25,1,11/27/2023
506160,RANDOLPH,11/07/2023,voter,UG,REP,W,UN,M,Age 18 - 25,44,11/27/2023
506175,RANDOLPH,11/07/2023,voter,AE,UNA,U,HL,F,Age 26 - 40,2,11/27/2023
506215,RANDOLPH,11/07/2023,voter,TT,UNA,I,NL,M,Age 26 - 40,1,11/27/2023
506220,RANDOLPH,11/07/2023,voter,NM,REP,U,UN,U,Age 41 - 65,33,11/27/2023
506231,RANDOLPH,11/07/2023,voter,AN,UNA,I,NL,M,Age Over 66,1,11/27/2023
506391,RANDOLPH,11/07/2023,voter,NM,REP,W,NL,F,Age 18 - 25,35,11/27/2023
506441,RANDOLPH,11/07/2023,voter,BC,DEM,B,UN,M,Age 18 - 25,1,11/27/2023
506459,RANDOLPH,11/07/2023,voter,AW,UNA,B,UN,F,Age 26 - 40,4,11/27/2023
506476,RANDOLPH,11/07/2023,voter,UG,DEM,O,HL,M,Age Over 66,1,11/27/2023
506507,RANDOLPH,11/07/2023,voter,SW,UNA,U,NL,F,Age 26 - 40,1,11/27/2023
506642,RANDOLPH,11/07/2023,voter,AE,REP,W,HL,F,Age Over 66,1,11/27/2023
506794,RANDOLPH,11/07/2023,voter,DR,DEM,B,UN,M,Age 26 - 40,6,11/27/2023
506806,RANDOLPH,11/07/2023,voter,AW,LIB,W,NL,M,Age 41 - 65,2,11/27/2023
506859,RANDOLPH,11/07/2023,voter,UG,REP,W,NL,F,Age 26 - 40,62,11/27/2023
506891,RANDOLPH,11/07/2023,voter,TR,DEM,A,NL,M,Age Over 66,2,11/27/2023
506962,RANDOLPH,11/07/2023,voter,RN,REP,M,HL,F,Age 26 - 40,1,11/27/2023
506977,RANDOLPH,11/07/2023,voter,ST,UNA,W,HL,F,Age 18 - 25,3,11/27/2023
507027,RANDOLPH,11/07/2023,voter,AR,DEM,W,NL,U,Age Over 66,1,11/27/2023
507078,RANDOLPH,11/07/2023,voter,DR,DEM,O,UN,M,Age 26 - 40,1,11/27/2023
507315,RANDOLPH,11/07/2023,voter,AN,DEM,U,UN,F,Age 18 - 25,5,11/27/2023
507610,RANDOLPH,11/07/2023,voter,SE,DEM,W,NL,M,Age Over 66,28,11/27/2023
507675,RANDOLPH,11/07/2023,voter,LB,DEM,W,NL,M,Age Over 66,40,11/27/2023
507680,RANDOLPH,11/07/2023,voter,GR,UNA,U,UN,U,Age 26 - 40,16,11/27/2023
507685,RANDOLPH,11/07/2023,voter,UG,DEM,U,UN,U,Age 41 - 65,1,11/27/2023
507808,RANDOLPH,11/07/2023,voter,AR,DEM,W,NL,F,Age 26 - 40,9,11/27/2023
507876,RANDOLPH,11/07/2023,voter,RN,DEM,B,UN,M,Age 18 - 25,2,11/27/2023
507953,RANDOLPH,11/07/2023,voter,AR,REP,W,UN,F,Age Over 66,40,11/27/2023
508044,RANDOLPH,11/07/2023,voter,RN,UNA,U,UN,F,Age 41 - 65,4,11/27/2023
508053,RANDOLPH,11/07/2023,voter,AE,DEM,W,HL,F,Age 18 - 25,3,11/27/2023
508113,RANDOLPH,11/07/2023,voter,TR,UNA,U,UN,U,Age Over 66,2,11/27/2023
508204,RANDOLPH,11/07/2023,voter,AR,UNA,W,NL,U,Age Over 66,1,11/27/2023
508209,RANDOLPH,11/07/2023,voter,AN,UNA,W,UN,F,Age 18 - 25,27,11/27/2023
508230,RANDOLPH,11/07/2023,voter,AS,UNA,O,UN,F,Age 18 - 25,1,11/27/2023
508389,RANDOLPH,11/07/2023,voter,ST,DEM,W,UN,M,Age 41 - 65,2,11/27/2023
508443,RANDOLPH,11/07/2023,voter, ,DEM,W,NL,F,Age 41 - 65,1,11/27/2023
508689,RANDOLPH,11/07/2023,voter,GR,REP,W,NL,U,Age 18 - 25,1,11/27/2023
508710,RANDOLPH,11/07/2023,voter,AS,UNA,B,UN,F,Age 41 - 65,2,11/27/2023
508796,RANDOLPH,11/07/2023,voter,SE,DEM,W,UN,F,Age 26 - 40,2,11/27/2023
508948,RANDOLPH,11/07/2023,voter,NM,UNA,W,NL,M,Age Over 66,47,11/27/2023
509019,RANDOLPH,11/07/2023,voter,AR,UNA,A,NL,M,Age 18 - 25,5,11/27/2023
509130,RANDOLPH,11/07/2023,voter,AW,UNA,U,HL,F,Age Over 66,1,11/27/2023
509148,RANDOLPH,11/07/2023,voter,UG,DEM,O,NL,M,Age 41 - 65,3,11/27/2023
509168,RANDOLPH,11/07/2023,voter,RN,UNA,W,HL,M,Age Over 66,1,11/27/2023
509236,RANDOLPH,11/07/2023,voter,UG,UNA,W,UN,M,Age 18 - 25,24,11/27/2023
509386,RANDOLPH,11/07/2023,voter,AS,DEM,B,NL,F,Age 41 - 65,11,11/27/2023
509535,RANDOLPH,11/07/2023,voter,RM,REP,O,HL,F,Age 26 - 40,2,11/27/2023
509582,RANDOLPH,11/07/2023,voter,ST,REP,O,UN,F,Age 41 - 65,1,11/27/2023
509684,RANDOLPH,11/07/2023,voter,BC,DEM,W,UN,F,Age 26 - 40,3,11/27/2023
509838,RANDOLPH,11/07/2023,voter,AE,LIB,W,UN,F,Age 18 - 25,1,11/27/2023
509853,RANDOLPH,11/07/2023,voter,AR,REP,W,NL,M,Age Over 66,120,11/27/2023
509868,RANDOLPH,11/07/2023,voter,SW,UNA,W,UN,F,Age Over 66,5,11/27/2023
509932,RANDOLPH,11/07/2023,voter,TR,UNA,W,NL,F,Age Over 66,55,11/27/2023
509936,RANDOLPH,11/07/2023,voter,AR,REP,O,NL,M,Age Over 66,1,11/27/2023
509967,RANDOLPH,11/07/2023,voter,RN,DEM,B,UN,U,Age 26 - 40,1,11/27/2023
510017,RANDOLPH,11/07/2023,voter,SO,DEM,B,UN,M,Age Over 66,1,11/27/2023
510021,RANDOLPH,11/07/2023,voter,UG,REP,W,NL,U,Age 41 - 65,3,11/27/2023
510102,RANDOLPH,11/07/2023,voter,LB,LIB,W,NL,F,Age 26 - 40,3,11/27/2023
510297,RANDOLPH,11/07/2023,voter,AR,UNA,I,NL,M,Age Over 66,2,11/27/2023
510322,RANDOLPH,11/07/2023,voter,AN,DEM,W,HL,M,Age 18 - 25,3,11/27/2023
510323,RANDOLPH,11/07/2023,voter,RN,LIB,U,UN,U,Age 26 - 40,2,11/27/2023
510342,RANDOLPH,11/07/2023,voter,RN,DEM,B,NL,F,Age Over 66,17,11/27/2023
510410,RANDOLPH,11/07/2023,voter,AW,UNA,W,HL,F,Age Over 66,1,11/27/2023
510615,RANDOLPH,11/07/2023,voter,BC,DEM,W,HL,M,Age 26 - 40,1,11/27/2023
510734,RANDOLPH,11/07/2023,voter,SE,REP,U,UN,U,Age Over 66,5,11/27/2023
510799,RANDOLPH,11/07/2023,voter,AW,UNA,W,NL,M,Age 41 - 65,50,11/27/2023
510800,RANDOLPH,11/07/2023,voter,LC,DEM,W,UN,F,Age 18 - 25,5,11/27/2023
510806,RANDOLPH,11/07/2023,voter,ST,DEM,U,UN,M,Age 41 - 65,2,11/27/2023
511072,RANDOLPH,11/07/2023,voter,ST,DEM,B,NL,F,Age 41 - 65,19,11/27/2023
511129,RANDOLPH,11/07/2023,voter,AR,DEM,W,UN,M,Age 26 - 40,2,11/27/2023
511206,RANDOLPH,11/07/2023,voter,SE,REP,O,HL,F,Age 41 - 65,1,11/27/2023
511333,RANDOLPH,11/07/2023,voter,NM,UNA,O,NL,M,Age 18 - 25,1,11/27/2023
511344,RANDOLPH,11/07/2023,voter,AR,REP,M,UN,F,Age Over 66,1,11/27/2023
511374,RANDOLPH,11/07/2023,voter,SW,UNA,U,HL,M,Age 18 - 25,1,11/27/2023
511496,RANDOLPH,11/07/2023,voter,AR,REP,U,NL,M,Age Over 66,1,11/27/2023
511538,RANDOLPH,11/07/2023,voter,SW,UNA,U,HL,F,Age 18 - 25,1,11/27/2023
511570,RANDOLPH,11/07/2023,voter,AR,UNA,B,NL,F,Age Over 66,1,11/27/2023
511632,RANDOLPH,11/07/2023,voter,LB,REP,O,UN,F,Age 18 - 25,1,11/27/2023
511679,RANDOLPH,11/07/2023,voter,TR,UNA,W,NL,F,Age 41 - 65,112,11/27/2023
511852,RANDOLPH,11/07/2023,voter,GR,REP,W,NL,F,Age 26 - 40,97,11/27/2023
511903,RANDOLPH,11/07/2023,voter,UG,DEM,W,UN,U,Age Over 66,1,11/27/2023
511954,RANDOLPH,11/07/2023,voter,AS,UNA,O,UN,F,Age 41 - 65,1,11/27/2023
512019,RANDOLPH,11/07/2023,voter,DR,UNA,O,UN,F,Age 18 - 25,1,11/27/2023
512032,RANDOLPH,11/07/2023,voter,RN,LIB,W,NL,F,Age 26 - 40,4,11/27/2023
512132,RANDOLPH,11/07/2023,voter,,UNA,U,UN,F,Age 41 - 65,2,11/27/2023
512190,RANDOLPH,11/07/2023,voter,ST,DEM,B,UN,M,Age 26 - 40,1,11/27/2023
512236,RANDOLPH,11/07/2023,voter,AS,REP,O,UN,F,Age 41 - 65,1,11/27/2023
512284,RANDOLPH,11/07/2023,voter,NM,DEM,U,NL,F,Age 26 - 40,1,11/27/2023
512333,RANDOLPH,11/07/2023,voter,NM,LIB,W,NL,M,Age 41 - 65,1,11/27/2023
512345,RANDOLPH,11/07/2023,voter,AR,DEM,U,HL,M,Age 18 - 25,1,11/27/2023
512506,RANDOLPH,11/07/2023,voter,UG,REP,U,HL,F,Age 18 - 25,1,11/27/2023
512538,RANDOLPH,11/07/2023,voter,RN,REP,U,UN,F,Age 26 - 40,2,11/27/2023
512594,RANDOLPH,11/07/2023,voter,AR,LIB,W,UN,M,Age 18 - 25,1,11/27/2023
512634,RANDOLPH,11/07/2023,voter,TR,DEM,U,UN,F,Age 41 - 65,1,11/27/2023
512784,RANDOLPH,11/07/2023,voter,TR,UNA,W,UN,F,Age 41 - 65,23,11/27/2023
512823,RANDOLPH,11/07/2023,voter,AR,UNA,O,HL,M,Age 26 - 40,3,11/27/2023
512986,RANDOLPH,11/07/2023,voter,AR,DEM,M,NL,M,Age 41 - 65,1,11/27/2023
513171,RANDOLPH,11/07/2023,voter,DR,REP,O,UN,M,Age Over 66,1,11/27/2023
513264,RANDOLPH,11/07/2023,voter,RM,UNA,W,UN,F,Age 26 - 40,35,11/27/2023
513299,RANDOLPH,11/07/2023,voter,RN,UNA,B,UN,M,Age Over 66,1,11/27/2023
513338,RANDOLPH,11/07/2023,voter,LC,UNA,W,HL,F,Age 41 - 65,1,11/27/2023
513397,RANDOLPH,11/07/2023,voter,AN,UNA,I,NL,F,Age 41 - 65,1,11/27/2023
513439,RANDOLPH,11/07/2023,voter,AS,DEM,O,UN,M,Age 41 - 65,1,11/27/2023
513577,RANDOLPH,11/07/2023,voter,LC,DEM,W,UN,M,Age Over 66,4,11/27/2023
513634,RANDOLPH,11/07/2023,voter,TT,REP,O,NL,M,Age Over 66,1,11/27/2023
513658,RANDOLPH,11/07/2023,voter,LC,NLB,B,NL,F,Age 26 - 40,1,11/27/2023
513684,RANDOLPH,11/07/2023,voter,TR,UNA,W,NL,F,Age 26 - 40,77,11/27/2023
513851,RANDOLPH,11/07/2023,voter,AR,DEM,A,UN,M,Age 26 - 40,1,11/27/2023
513957,RANDOLPH,11/07/2023,voter,AS,REP,W,HL,M,Age Over 66,1,11/27/2023
513983,RANDOLPH,11/07/2023,voter,UG,DEM,W,UN,U,Age 41 - 65,1,11/27/2023
514077,RANDOLPH,11/07/2023,voter,AN,DEM,W,UN,F,Age 41 - 65,10,11/27/2023
514156,RANDOLPH,11/07/2023,voter,LB,REP,W,UN,F,Age 26 - 40,24,11/27/2023
514184,RANDOLPH,11/07/2023,voter,AN,REP,W,UN,M,Age 41 - 65,34,11/27/2023
514234,RANDOLPH,11/07/2023,voter,LB,REP,W,NL,M,Age 26 - 40,48,11/27/2023
514394,RANDOLPH,11/07/2023,voter,TB,UNA,O,UN,M,Age 41 - 65,1,11/27/2023
514398,RANDOLPH,11/07/2023,voter,AW,DEM,B,UN,M,Age 26 - 40,7,11/27/2023
514504,RANDOLPH,11/07/2023,voter,AS,UNA,B,NL,F,Age 26 - 40,3,11/27/2023
514533,RANDOLPH,11/07/2023,voter,AS,LIB,W,UN,M,Age 18 - 25,1,11/27/2023
514571,RANDOLPH,11/07/2023,voter,AN,UNA,I,NL,F,Age 41 - 65,1,11/27/2023
514707,RANDOLPH,11/07/2023,voter,AW,DEM,W,HL,M,Age Over 66,1,11/27/2023
514829,RANDOLPH,11/07/2023,voter,AS,REP,W,UN,F,Age 26 - 40,21,11/27/2023
514898,RANDOLPH,11/07/2023,voter,AW,REP,W,HL,F,Age 41 - 65,1,11/27/2023
514989,RANDOLPH,11/07/2023,voter,,UNA,U,NL,M,Age 26 - 40,1,11/27/2023
515057,RANDOLPH,11/07/2023,voter,NM,LIB,U,UN,U,Age 26 - 40,2,11/27/2023
515116,RANDOLPH,11/07/2023,voter,NM,DEM,B,NL,M,Age 26 - 40,1,11/27/2023
515145,RANDOLPH,11/07/2023,voter,AS,REP,W,UN,F,Age 41 - 65,55,11/27/2023
515264,RANDOLPH,11/07/2023,voter,LB,DEM,W,HL,M,Age 41 - 65,2,11/27/2023
515331,RANDOLPH,11/07/2023,voter,AE,DEM,W,NL,M,Age Over 66,28,11/27/2023
515359,RANDOLPH,11/07/2023,voter,TB,REP,W,NL,F,Age 41 - 65,278,11/27/2023
515434,RANDOLPH,11/07/2023,voter,AR,UNA,M,UN,F,Age 26 - 40,1,11/27/2023
515469,RANDOLPH,11/07/2023,voter,AW,REP,I,UN,F,Age 41 - 65,1,11/27/2023
515478,RANDOLPH,11/07/2023,voter,DR,REP,W,UN,M,Age 18 - 25,37,11/27/2023
515541,RANDOLPH,11/07/2023,voter,TR,DEM,A,NL,F,Age 18 - 25,1,11/27/2023
515554,RANDOLPH,11/07/2023,voter,AR,REP,W,UN,U,Age Over 66,2,11/27/2023
515639,RANDOLPH,11/07/2023,voter,,UNA,U,UN,U,Age 26 - 40,26,11/27/2023
515772,RANDOLPH,11/07/2023,voter,DR,UNA,O,UN,M,Age 26 - 40,1,11/27/2023
515911,RANDOLPH,11/07/2023,voter,BC,REP,U,NL,M,Age 41 - 65,2,11/27/2023
515931,RANDOLPH,11/07/2023,voter,TT,UNA,U,NL,M,Age 41 - 65,1,11/27/2023
515936,RANDOLPH,11/07/2023,voter,TT,DEM,P,HL,M,Age 26 - 40,1,11/27/2023
516124,RANDOLPH,11/07/2023,voter,GR,DEM,W,UN,F,Age Over 66,22,11/27/2023
516178,RANDOLPH,11/07/2023,voter,RN,UNA,M,HL,M,Age 26 - 40,1,11/27/2023
516185,RANDOLPH,11/07/2023,voter,RN,UNA,A,UN,F,Age 18 - 25,2,11/27/2023
516202,RANDOLPH,11/07/2023,voter,LB,UNA,O,HL,F,Age 18 - 25,4,11/27/2023
516209,RANDOLPH,11/07/2023,voter,TR,REP,O,HL,F,Age 26 - 40,2,11/27/2023
516277,RANDOLPH,11/07/2023,voter,DR,UNA,W,NL,F,Age 26 - 40,36,11/27/2023
516320,RANDOLPH,11/07/2023,voter,RM,UNA,W,UN,U,Age 26 - 40,1,11/27/2023
516537,RANDOLPH,11/07/2023,voter,RM,DEM,U,UN,U,Age 41 - 65,6,11/27/2023
516548,RANDOLPH,11/07/2023,voter,RM,UNA,W,HL,M,Age 26 - 40,1,11/27/2023
516624,RANDOLPH,11/07/2023,voter,BC,REP,W,NL,M,Age 41 - 65,295,11/27/2023
516705,RANDOLPH,11/07/2023,voter,ST,DEM,W,UN,F,Age Over 66,6,11/27/2023
516712,RANDOLPH,11/07/2023,voter,AR,UNA,U,UN,F,Age 41 - 65,8,11/27/2023
516757,RANDOLPH,11/07/2023,voter,AR,REP,A,UN,U,Age 18 - 25,1,11/27/2023
516843,RANDOLPH,11/07/2023,voter,TB,LIB,W,NL,F,Age Over 66,1,11/27/2023
516910,RANDOLPH,11/07/2023,voter,RN,REP,W,HL,M,Age 18 - 25,1,11/27/2023
516945,RANDOLPH,11/07/2023,voter,SE,REP,W,NL,F,Age 41 - 65,138,11/27/2023
516959,RANDOLPH,11/07/2023,voter,TR,DEM,U,UN,U,Age Over 66,1,11/27/2023
516985,RANDOLPH,11/07/2023,voter,AN,DEM,B,UN,M,Age 41 - 65,17,11/27/2023
517233,RANDOLPH,11/07/2023,voter,AN,DEM,A,NL,F,Age 41 - 65,2,11/27/2023
517235,RANDOLPH,11/07/2023,voter,TR,DEM,W,UN,M,Age 18 - 25,4,11/27/2023
517257,RANDOLPH,11/07/2023,voter,DR,LIB,W,NL,M,Age 41 - 65,1,11/27/2023
517524,RANDOLPH,11/07/2023,voter,AN,UNA,B,NL,F,Age 41 - 65,5,11/27/2023
517528,RANDOLPH,11/07/2023,voter,LC,UNA,U,NL,F,Age 26 - 40,1,11/27/2023
517581,RANDOLPH,11/07/2023,voter,SO,UNA,W,UN,M,Age Over 66,10,11/27/2023
517621,RANDOLPH,11/07/2023,voter,LB,DEM,B,UN,F,Age 41 - 65,23,11/27/2023
517643,RANDOLPH,11/07/2023,voter,AR,UNA,W,UN,F,Age 41 - 65,17,11/27/2023
517727,RANDOLPH,11/07/2023,voter,AR,DEM,W,UN,M,Age Over 66,2,11/27/2023
517841,RANDOLPH,11/07/2023,voter,TT,REP,O,NL,F,Age 18 - 25,1,11/27/2023
517955,RANDOLPH,11/07/2023,voter,LC,DEM,O,NL,F,Age 41 - 65,1,11/27/2023
517975,RANDOLPH,11/07/2023,voter,ST,UNA,W,NL,F,Age Over 66,28,11/27/2023
518241,RANDOLPH,11/07/2023,voter,SW,UNA,O,HL,M,Age 18 - 25,2,11/27/2023
518276,RANDOLPH,11/07/2023,voter,TB,UNA,U,UN,F,Age 26 - 40,1,11/27/2023
518292,RANDOLPH,11/07/2023,voter,AW,UNA,W,UN,M,Age Over 66,19,11/27/2023
518324,RANDOLPH,11/07/2023,voter,AR,UNA,W,UN,U,Age 26 - 40,2,11/27/2023
518331,RANDOLPH,11/07/2023,voter,AR,DEM,U,UN,M,Age 26 - 40,1,11/27/2023
518344,RANDOLPH,11/07/2023,voter,TB,DEM,W,NL,F,Age 41 - 65,37,11/27/2023
518389,RANDOLPH,11/07/2023,voter,TR,REP,W,UN,F,Age 26 - 40,18,11/27/2023
518436,RANDOLPH,11/07/2023,voter,AS,UNA,B,UN,F,Age 26 - 40,4,11/27/2023
518465,RANDOLPH,11/07/2023,voter,UG,UNA,W,NL,M,Age 41 - 65,79,11/27/2023
518524,RANDOLPH,11/07/2023,voter,AR,UNA,W,HL,F,Age 26 - 40,3,11/27/2023
518719,RANDOLPH,11/07/2023,voter,TB,DEM,W,NL,M,Age 18 - 25,3,11/27/2023
518723,RANDOLPH,11/07/2023,voter,NM,LIB,U,UN,U,Age 18 - 25,1,11/27/2023
518800,RANDOLPH,11/07/2023,voter,TT,DEM,U,HL,F,Age 18 - 25,3,11/27/2023
518896,RANDOLPH,11/07/2023,voter,TR,DEM,B,UN,F,Age 41 - 65,8,11/27/2023
518959,RANDOLPH,11/07/2023,voter,ST,UNA,W,HL,U,Age 26 - 40,1,11/27/2023
518991,RANDOLPH,11/07/2023,voter,AR,UNA,B,UN,M,Age 18 - 25,3,11/27/2023
519015,RANDOLPH,11/07/2023,voter,NM,UNA,U,HL,M,Age 41 - 65,1,11/27/2023
519161,RANDOLPH,11/07/2023,voter,SO,UNA,W,NL,M,Age 18 - 25,4,11/27/2023
519192,RANDOLPH,11/07/2023,voter,NM,DEM,B,UN,M,Age 41 - 65,3,11/27/2023
519278,RANDOLPH,11/07/2023,voter,LB,DEM,W,NL,F,Age 18 - 25,5,11/27/2023
519290,RANDOLPH,11/07/2023,voter,DR,REP,O,HL,M,Age 26 - 40,1,11/27/2023
519358,RANDOLPH,11/07/2023,voter,SO,LIB,W,UN,F,Age Over 66,1,11/27/2023
519435,RANDOLPH,11/07/2023,voter,,REP,W,NL,U,Age 41 - 65,8,11/27/2023
519460,RANDOLPH,11/07/2023,voter,GR,UNA,M,NL,F,Age 26 - 40,1,11/27/2023
519561,RANDOLPH,11/07/2023,voter,LC,DEM,B,NL,F,Age 41 - 65,24,11/27/2023
519596,RANDOLPH,11/07/2023,voter,AW,UNA,M,NL,F,Age 26 - 40,1,11/27/2023
519763,RANDOLPH,11/07/2023,voter,AR,UNA,M,UN,M,Age 18 - 25,1,11/27/2023
520052,RANDOLPH,11/07/2023,voter,TR,DEM,W,NL,M,Age 26 - 40,10,11/27/2023
520068,RANDOLPH,11/07/2023,voter,AN,DEM,W,UN,M,Age Over 66,2,11/27/2023
520124,RANDOLPH,11/07/2023,voter,TB,DEM,I,NL,M,Age Over 66,1,11/27/2023
520140,RANDOLPH,11/07/2023,voter,AS,REP,O,HL,F,Age 26 - 40,3,11/27/2023
520156,RANDOLPH,11/07/2023,voter,AN,UNA,I,UN,F,Age Over 66,1,11/27/2023
520182,RANDOLPH,11/07/2023,voter,SE,REP,W,NL,M,Age 18 - 25,33,11/27/2023
520263,RANDOLPH,11/07/2023,voter,LC,DEM,B,NL,M,Age 18 - 25,1,11/27/2023
520297,RANDOLPH,11/07/2023,voter,NM,REP,O,NL,M,Age 26 - 40,1,11/27/2023
520446,RANDOLPH,11/07/2023,voter,NM,UNA,A,NL,F,Age 26 - 40,2,11/27/2023
520469,RANDOLPH,11/07/2023,voter,TR,REP,M,HL,F,Age 41 - 65,1,11/27/2023
520600,RANDOLPH,11/07/2023,voter,UG,UNA,W,NL,M,Age 18 - 25,15,11/27/2023
520622,RANDOLPH,11/07/2023,voter,GR,DEM,B,UN,F,Age 41 - 65,12,11/27/2023
520634,RANDOLPH,11/07/2023,voter,TB,UNA,W,UN,F,Age 26 - 40,36,11/27/2023
520925,RANDOLPH,11/07/2023,voter,,DEM,W,UN,M,Age 41 - 65,8,11/27/2023
521025,RANDOLPH,11/07/2023,voter,UG,REP,U,UN,U,Age Over 66,2,11/27/2023
521108,RANDOLPH,11/07/2023,voter,AS,UNA,A,UN,M,Age Over 66,1,11/27/2023
521171,RANDOLPH,11/07/2023,voter,TR,REP,U,UN,U,Age 26 - 40,27,11/27/2023
521366,RANDOLPH,11/07/2023,voter,AS,UNA,I,UN,F,Age 26 - 40,2,11/27/2023
521369,RANDOLPH,11/07/2023,voter,AR,UNA,A,UN,M,Age Over 66,2,11/27/2023
521560,RANDOLPH,11/07/2023,voter,SW,REP,W,UN,U,Age 41 - 65,7,11/27/2023
521640,RANDOLPH,11/07/2023,voter,TR,REP,U,UN,U,Age Over 66,15,11/27/2023
521724,RANDOLPH,11/07/2023,voter,AR,UNA,A,NL,F,Age 26 - 40,5,11/27/2023
521757,RANDOLPH,11/07/2023,voter,AR,REP,U,UN,M,Age 26 - 40,1,11/27/2023
521760,RANDOLPH,11/07/2023,voter,UG,REP,W,UN,M,Age 41 - 65,69,11/27/2023
521783,RANDOLPH,11/07/2023,voter,AN,DEM,M,NL,F,Age 18 - 25,1,11/27/2023
521839,RANDOLPH,11/07/2023,voter,RN,UNA,O,HL,U,Age 26 - 40,1,11/27/2023
521865,RANDOLPH,11/07/2023,voter,LC,REP,O,HL,F,Age 41 - 65,2,11/27/2023
521926,RANDOLPH,11/07/2023,voter,DR,DEM,W,UN,M,Age 18 - 25,5,11/27/2023
522147,RANDOLPH,11/07/2023,voter,LB,REP,O,UN,F,Age 41 - 65,2,11/27/2023
522178,RANDOLPH,11/07/2023,voter,SW,DEM,U,UN,U,Age 18 - 25,1,11/27/2023
522204,RANDOLPH,11/07/2023,voter,TR,DEM,O,NL,M,Age 41 - 65,1,11/27/2023
522226,RANDOLPH,11/07/2023,voter,AR,UNA,B,UN,M,Age 26 - 40,1,11/27/2023
522232,RANDOLPH,11/07/2023,voter,AN,UNA,W,UN,F,Age 18 - 25,18,11/27/2023
522237,RANDOLPH,11/07/2023,voter,AE,UNA,A,NL,M,Age 41 - 65,1,11/27/2023
522242,RANDOLPH,11/07/2023,voter,DR,DEM,B,NL,M,Age 18 - 25,2,11/27/2023
522300,RANDOLPH,11/07/2023,voter,RN,UNA,W,UN,M,Age 26 - 40,68,11/27/2023
522398,RANDOLPH,11/07/2023,voter,AS,UNA,O,UN,M,Age 18 - 25,4,11/27/2023
522712,RANDOLPH,11/07/2023,voter,DR,LIB,U,UN,U,Age 41 - 65,2,11/27/2023
522907,RANDOLPH,11/07/2023,voter,AS,UNA,U,NL,M,Age 18 - 25,1,11/27/2023
522923,RANDOLPH,11/07/2023,voter,LB,REP,U,NL,F,Age 41 - 65,1,11/27/2023
522961,RANDOLPH,11/07/2023,voter,AS,DEM,U,UN,U,Age 18 - 25,5,11/27/2023
522983,RANDOLPH,11/07/2023,voter,AR,REP,W,UN,F,Age 41 - 65,60,11/27/2023
523032,RANDOLPH,11/07/2023,voter,SW,UNA,W,UN,F,Age 26 - 40,13,11/27/2023
523079,RANDOLPH,11/07/2023,voter,TR,UNA,U,UN,U,Age 41 - 65,22,11/27/2023
523093,RANDOLPH,11/07/2023,voter,LC,DEM,A,UN,F,Age 26 - 40,2,11/27/2023
523097,RANDOLPH,11/07/2023,voter,AS,UNA,W,NL,U,Age Over 66,1,11/27/2023
523137,RANDOLPH,11/07/2023,voter,UG,UNA,W,NL,F,Age 18 - 25,21,11/27/2023
523268,RANDOLPH,11/07/2023,voter,TB,REP,I,NL,F,Age Over 66,2,11/27/2023
523349,RANDOLPH,11/07/2023,voter,UG,DEM,A,UN,M,Age 41 - 65,1,11/27/2023
523520,RANDOLPH,11/07/2023,voter,LC,DEM,A,NL,F,Age Over 66,1,11/27/2023
523620,RANDOLPH,11/07/2023,voter,TT,DEM,W,NL,U,Age 26 - 40,2,11/27/2023
523638,RANDOLPH,11/07/2023,voter,TT,DEM,U,UN,M,Age Over 66,2,11/27/2023
523672,RANDOLPH,11/07/2023,voter,TR,REP,W,NL,M,Age 26 - 40,75,11/27/2023
523673,RANDOLPH,11/07/2023,voter,AE,REP,O,HL,F,Age 26 - 40,2,11/27/2023
523811,RANDOLPH,11/07/2023,voter,,UNA,W,HL,M,Age 41 - 65,1,11/27/2023
524125,RANDOLPH,11/07/2023,voter,SW,REP,W,NL,U,Age 26 - 40,4,11/27/2023
524172,RANDOLPH,11/07/2023,voter,UG,REP,B,NL,M,Age 41 - 65,2,11/27/2023
524305,RANDOLPH,11/07/2023,voter,AS,UNA,B,UN,M,Age 18 - 25,8,11/27/2023
524520,RANDOLPH,11/07/2023,voter,AN,UNA,W,HL,M,Age Over 66,1,11/27/2023
524660,RANDOLPH,11/07/2023,voter,TT,LIB,W,NL,F,Age 41 - 65,1,11/27/2023
524837,RANDOLPH,11/07/2023,voter,AR,DEM,U,HL,F,Age 41 - 65,1,11/27/2023
524947,RANDOLPH,11/07/2023,voter,TB,REP,W,UN,U,Age 18 - 25,1,11/27/2023
524957,RANDOLPH,11/07/2023,voter,RN,REP,W,UN,U,Age 41 - 65,3,11/27/2023
524984,RANDOLPH,11/07/2023,voter,AW,UNA,B,NL,M,Age 26 - 40,2,11/27/2023
525044,RANDOLPH,11/07/2023,voter,AR,UNA,W,UN,F,Age 18 - 25,5,11/27/2023
525094,RANDOLPH,11/07/2023,voter,BC,UNA,W,NL,M,Age Over 66,41,11/27/2023
525178,RANDOLPH,11/07/2023,voter,RN,DEM,U,NL,F,Age 41 - 65,1,11/27/2023
525234,RANDOLPH,11/07/2023,voter,LB,DEM,O,HL,M,Age Over 66,2,11/27/2023
525393,RANDOLPH,11/07/2023,voter,AW,REP,W,UN,U,Age 41 - 65,1,11/27/2023
525568,RANDOLPH,11/07/2023,voter,SO,UNA,B,UN,F,Age 26 - 40,1,11/27/2023
525592,RANDOLPH,11/07/2023,voter,SO,UNA,O,UN,F,Age 26 - 40,1,11/27/2023
525624,RANDOLPH,11/07/2023,voter,GR,REP,B,UN,F,Age 41 - 65,1,11/27/2023
525645,RANDOLPH,11/07/2023,voter,AW,UNA,O,HL,M,Age 18 - 25,13,11/27/2023
525723,RANDOLPH,11/07/2023,voter,UG,UNA,W,HL,F,Age 26 - 40,1,11/27/2023
525791,RANDOLPH,11/07/2023,voter,TR,REP,W,UN,F,Age 18 - 25,18,11/27/2023
525813,RANDOLPH,11/07/2023,voter,BC,UNA,W,UN,M,Age 18 - 25,29,11/27/2023
525856,RANDOLPH,11/07/2023,voter,SO,REP,W,UN,M,Age 18 - 25,13,11/27/2023
525862,RANDOLPH,11/07/2023,voter,,UNA,U,HL,M,Age 41 - 65,2,11/27/2023
525863,RANDOLPH,11/07/2023,voter,AE,DEM,U,UN,F,Age 18 - 25,2,11/27/2023
525878,RANDOLPH,11/07/2023,voter,LB,DEM,I,UN,F,Age 41 - 65,1,11/27/2023
525899,RANDOLPH,11/07/2023,voter,AE,DEM,O,UN,F,Age 41 - 65,1,11/27/2023
525947,RANDOLPH,11/07/2023,voter,SO,DEM,M,NL,F,Age 26 - 40,1,11/27/2023
526050,RANDOLPH,11/07/2023,voter,AE,NLB,O,UN,M,Age 18 - 25,1,11/27/2023
526055,RANDOLPH,11/07/2023,voter,TR,DEM,B,HL,F,Age Over 66,1,11/27/2023
526103,RANDOLPH,11/07/2023,voter,SW,UNA,W,UN,F,Age 41 - 65,35,11/27/2023
526218,RANDOLPH,11/07/2023,voter,ST,LIB,W,UN,M,Age 26 - 40,1,11/27/2023
526286,RANDOLPH,11/07/2023,voter,TB,UNA,W,UN,M,Age 18 - 25,29,11/27/2023
526292,RANDOLPH,11/07/2023,voter,AN,UNA,B,NL,U,Age 41 - 65,1,11/27/2023
526449,RANDOLPH,11/07/2023,voter,RN,UNA,U,UN,M,Age 26 - 40,1,11/27/2023
526470,RANDOLPH,11/07/2023,voter,RM,REP,M,NL,M,Age 26 - 40,1,11/27/2023
526559,RANDOLPH,11/07/2023,voter,BC,UNA,O,HL,M,Age 18 - 25,3,11/27/2023
526685,RANDOLPH,11/07/2023,voter,LB,DEM,A,NL,F,Age 41 - 65,1,11/27/2023
526768,RANDOLPH,11/07/2023,voter,GR,LIB,W,NL,M,Age 26 - 40,1,11/27/2023
526860,RANDOLPH,11/07/2023,voter,AS,UNA,W,UN,U,Age 26 - 40,1,11/27/2023
527006,RANDOLPH,11/07/2023,voter,NM,UNA,B,NL,M,Age 41 - 65,1,11/27/2023
527074,RANDOLPH,11/07/2023,voter,AW,LIB,W,UN,M,Age 26 - 40,3,11/27/2023
527081,RANDOLPH,11/07/2023,voter,TT,LIB,U,UN,U,Age 26 - 40,2,11/27/2023
527212,RANDOLPH,11/07/2023,voter,UG,DEM,U,HL,M,Age 41 - 65,6,11/27/2023
527526,RANDOLPH,11/07/2023,voter,TT,DEM,O,HL,M,Age 26 - 40,2,11/27/2023
527637,RANDOLPH,11/07/2023,voter,AS,REP,W,UN,M,Age 26 - 40,19,11/27/2023
527639,RANDOLPH,11/07/2023,voter,TR,REP,A,NL,F,Age 41 - 65,1,11/27/2023
527697,RANDOLPH,11/07/2023,voter,NM,REP,I,NL,F,Age 41 - 65,1,11/27/2023
527715,RANDOLPH,11/07/2023,voter,BC,REP,W,NL,F,Age 18 - 25,31,11/27/2023
527727,RANDOLPH,11/07/2023,voter,TB,DEM,B,UN,F,Age 26 - 40,1,11/27/2023
527870,RANDOLPH,11/07/2023,voter,DR,UNA,W,HL,F,Age 41 - 65,2,11/27/2023
528057,RANDOLPH,11/07/2023,voter,AS,DEM,U,UN,F,Age Over 66,2,11/27/2023
528105,RANDOLPH,11/07/2023,voter,TR,DEM,W,UN,U,Age 26 - 40,2,11/27/2023
528168,RANDOLPH,11/07/2023,voter,UG,DEM,W,UN,M,Age 18 - 25,1,11/27/2023
528266,RANDOLPH,11/07/2023,voter,TR,DEM,U,UN,M,Age 18 - 25,1,11/27/2023
528305,RANDOLPH,11/07/2023,voter,TR,DEM,W,HL,F,Age 26 - 40,1,11/27/2023
528494,RANDOLPH,11/07/2023,voter,AR,UNA,W,NL,M,Age 41 - 65,59,11/27/2023
528499,RANDOLPH,11/07/2023,voter,DR,DEM,B,UN,F,Age 18 - 25,6,11/27/2023
528584,RANDOLPH,11/07/2023,voter,,REP,B,UN,M,Age Over 66,1,11/27/2023
528620,RANDOLPH,11/07/2023,voter,TB,REP,U,UN,U,Age 18 - 25,16,11/27/2023
528631,RANDOLPH,11/07/2023,voter,AW,DEM,O,NL,F,Age Over 66,1,11/27/2023
528642,RANDOLPH,11/07/2023,voter,UG,DEM,W,NL,M,Age Over 66,19,11/27/2023
528761,RANDOLPH,11/07/2023,voter,DR,DEM,O,UN,F,Age 18 - 25,2,11/27/2023
528807,RANDOLPH,11/07/2023,voter,ST,DEM,O,HL,F,Age 18 - 25,2,11/27/2023
528820,RANDOLPH,11/07/2023,voter,AN,DEM,W,NL,F,Age 26 - 40,12,11/27/2023
528823,RANDOLPH,11/07/2023,voter,NM,DEM,B,UN,U,Age 41 - 65,1,11/27/2023
528910,RANDOLPH,11/07/2023,voter,LB,REP,B,UN,F,Age 41 - 65,2,11/27/2023
528939,RANDOLPH,11/07/2023,voter,AR,REP,B,NL,F,Age 41 - 65,2,11/27/2023
528964,RANDOLPH,11/07/2023,voter,TR,DEM,B,NL,M,Age 41 - 65,26,11/27/2023
528984,RANDOLPH,11/07/2023,voter,,REP,O,HL,F,Age 18 - 25,1,11/27/2023
528994,RANDOLPH,11/07/2023,voter,AE,DEM,O,UN,F,Age 26 - 40,4,11/27/2023
529028,RANDOLPH,11/07/2023,voter,SO,DEM,B,NL,F,Age 26 - 40,2,11/27/2023
529111,RANDOLPH,11/07/2023,voter,UG,UNA,W,UN,M,Age Over 66,17,11/27/2023
529135,RANDOLPH,11/07/2023,voter,AW,REP,W,UN,M,Age Over 66,27,11/27/2023
529387,RANDOLPH,11/07/2023,voter,LB,UNA,W,NL,M,Age 26 - 40,32,11/27/2023
529395,RANDOLPH,11/07/2023,voter,NM,REP,W,NL,M,Age 26 - 40,66,11/27/2023
529591,RANDOLPH,11/07/2023,voter,AN,UNA,U,UN,F,Age 18 - 25,4,11/27/2023
529598,RANDOLPH,11/07/2023,voter,AN,UNA,M,HL,F,Age 26 - 40,1,11/27/2023
529757,RANDOLPH,11/07/2023,voter,TR,DEM,B,HL,F,Age 41 - 65,1,11/27/2023
529772,RANDOLPH,11/07/2023,voter,SE,UNA,W,NL,M,Age Over 66,19,11/27/2023
530011,RANDOLPH,11/07/2023,voter,AS,DEM,O,NL,F,Age 26 - 40,1,11/27/2023
530179,RANDOLPH,11/07/2023,voter,AS,REP,W,NL,U,Age 26 - 40,3,11/27/2023
530262,RANDOLPH,11/07/2023,voter,UG,DEM,O,HL,M,Age 26 - 40,2,11/27/2023
530366,RANDOLPH,11/07/2023,voter,AN,LIB,W,UN,M,Age 26 - 40,2,11/27/2023
530412,RANDOLPH,11/07/2023,voter,RN,UNA,W,NL,U,Age 26 - 40,5,11/27/2023
530443,RANDOLPH,11/07/2023,voter,AS,DEM,W,UN,M,Age 26 - 40,4,11/27/2023
530457,RANDOLPH,11/07/2023,voter,AE,UNA,W,NL,U,Age Over 66,2,11/27/2023
530474,RANDOLPH,11/07/2023,voter,AN,DEM,U,UN,F,Age 41 - 65,1,11/27/2023
530498,RANDOLPH,11/07/2023,voter,RM,UNA,O,UN,M,Age 41 - 65,1,11/27/2023
530529,RANDOLPH,11/07/2023,voter,ST,REP,W,UN,U,Age 26 - 40,1,11/27/2023
530531,RANDOLPH,11/07/2023,voter,AW,UNA,B,NL,F,Age 26 - 40,8,11/27/2023
530532,RANDOLPH,11/07/2023,voter,SW,DEM,W,NL,F,Age 26 - 40,1,11/27/2023
530574,RANDOLPH,11/07/2023,voter,NM,DEM,U,UN,U,Age Over 66,1,11/27/2023
530654,RANDOLPH,11/07/2023,voter,AR,DEM,O,NL,F,Age 41 - 65,3,11/27/2023
530725,RANDOLPH,11/07/2023,voter,NM,UNA,O,NL,F,Age 26 - 40,1,11/27/2023
530810,RANDOLPH,11/07/2023,voter,AS,REP,A,UN,F,Age 18 - 25,1,11/27/2023
530843,RANDOLPH,11/07/2023,voter,AS,UNA,O,HL,M,Age Over 66,1,11/27/2023
530940,RANDOLPH,11/07/2023,voter,ST,REP,O,HL,M,Age Over 66,1,11/27/2023
530950,RANDOLPH,11/07/2023,voter,,DEM,B,UN,F,Age 18 - 25,1,11/27/2023
530972,RANDOLPH,11/07/2023,voter,UG,LIB,W,NL,M,Age 41 - 65,1,11/27/2023
531035,RANDOLPH,11/07/2023,voter,RM,UNA,A,NL,M,Age 41 - 65,2,11/27/2023
531043,RANDOLPH,11/07/2023,voter,GR,UNA,O,HL,F,Age 18 - 25,8,11/27/2023
531167,RANDOLPH,11/07/2023,voter,AR,UNA,A,NL,M,Age 26 - 40,4,11/27/2023
531190,RANDOLPH,11/07/2023,voter,SO,REP,O,HL,M,Age 26 - 40,4,11/27/2023
531254,RANDOLPH,11/07/2023,voter,ST,DEM,U,UN,F,Age 26 - 40,1,11/27/2023
531327,RANDOLPH,11/07/2023,voter,AR,UNA,O,UN,F,Age 41 - 65,3,11/27/2023
531384,RANDOLPH,11/07/2023,voter,AE,DEM,A,UN,F,Age Over 66,1,11/27/2023
531391,RANDOLPH,11/07/2023,voter,AE,REP,A,UN,M,Age Over 66,1,11/27/2023
531479,RANDOLPH,11/07/2023,voter,AE,REP,W,UN,F,Age 26 - 40,19,11/27/2023
531578,RANDOLPH,11/07/2023,voter,SW,UNA,U,UN,F,Age 41 - 65,3,11/27/2023
531722,RANDOLPH,11/07/2023,voter,AR,DEM,O,HL,F,Age Over 66,1,11/27/2023
531779,RANDOLPH,11/07/2023,voter,SO,DEM,B,NL,F,Age 26 - 40,3,11/27/2023
531937,RANDOLPH,11/07/2023,voter,TT,REP,W,UN,F,Age 18 - 25,39,11/27/2023
531985,RANDOLPH,11/07/2023,voter,AE,DEM,B,UN,F,Age 41 - 65,13,11/27/2023
532103,RANDOLPH,11/07/2023,voter,NM,REP,U,UN,U,Age 18 - 25,9,11/27/2023
532171,RANDOLPH,11/07/2023,voter,AE,UNA,O,HL,M,Age Over 66,1,11/27/2023
532241,RANDOLPH,11/07/2023,voter,LC,DEM,U,HL,F,Age 41 - 65,1,11/27/2023
532293,RANDOLPH,11/07/2023,voter,TB,REP,O,NL,M,Age 26 - 40,1,11/27/2023
532526,RANDOLPH,11/07/2023,voter,TB,REP,O,UN,F,Age 26 - 40,1,11/27/2023
532574,RANDOLPH,11/07/2023,voter,UG,DEM,U,UN,U,Age 26 - 40,5,11/27/2023
532624,RANDOLPH,11/07/2023,voter,RM,DEM,B,UN,F,Age 26 - 40,10,11/27/2023
532674,RANDOLPH,11/07/2023,voter,,DEM,U,UN,U,Age 26 - 40,1,11/27/2023
532693,RANDOLPH,11/07/2023,voter,TR,DEM,W,UN,F,Age 26 - 40,4,11/27/2023
532751,RANDOLPH,11/07/2023,voter,AN,UNA,O,HL,F,Age 26 - 40,16,11/27/2023
532765,RANDOLPH,11/07/2023,voter,RM,DEM,U,UN,M,Age Over 66,4,11/27/2023
532828,RANDOLPH,11/07/2023,voter,TR,REP,A,NL,F,Age 18 - 25,2,11/27/2023
532840,RANDOLPH,11/07/2023,voter,AS,DEM,B,NL,M,Age 26 - 40,4,11/27/2023
533027,RANDOLPH,11/07/2023,voter,AS,DEM,U,HL,M,Age 26 - 40,1,11/27/2023
533031,RANDOLPH,11/07/2023,voter,AS,REP,B,NL,F,Age 41 - 65,2,11/27/2023
533254,RANDOLPH,11/07/2023,voter,AR,REP,O,HL,M,Age 18 - 25,3,11/27/2023
533495,RANDOLPH,11/07/2023,voter,AW,LIB,W,UN,F,Age 26 - 40,2,11/27/2023
533776,RANDOLPH,11/07/2023,voter,TT,UNA,U,UN,U,Age 41 - 65,35,11/27/2023
533807,RANDOLPH,11/07/2023,voter,DR,UNA,U,UN,F,Age 18 - 25,6,11/27/2023
533968,RANDOLPH,11/07/2023,voter,SW,DEM,W,NL,M,Age 41 - 65,15,11/27/2023
534230,RANDOLPH,11/07/2023,voter,SW,DEM,U,HL,M,Age 18 - 25,1,11/27/2023
534277,RANDOLPH,11/07/2023,voter,LB,UNA,U,UN,F,Age 26 - 40,1,11/27/2023
534289,RANDOLPH,11/07/2023,voter,AW,UNA,U,UN,M,Age 26 - 40,2,11/27/2023
534295,RANDOLPH,11/07/2023,voter,UG,UNA,W,UN,M,Age Over 66,20,11/27/2023
534311,RANDOLPH,11/07/2023,voter,SO,REP,W,UN,F,Age 26 - 40,22,11/27/2023
534365,RANDOLPH,11/07/2023,voter,TR,DEM,O,HL,F,Age 41 - 65,5,11/27/2023
534379,RANDOLPH,11/07/2023,voter,RM,UNA,O,HL,F,Age 18 - 25,16,11/27/2023
534471,RANDOLPH,11/07/2023,voter,GR,DEM,W,HL,F,Age 26 - 40,2,11/27/2023
534478,RANDOLPH,11/07/2023,voter,TB,DEM,B,NL,M,Age Over 66,2,11/27/2023
534512,RANDOLPH,11/07/2023,voter,AN,UNA,O,HL,F,Age 26 - 40,13,11/27/2023
534554,RANDOLPH,11/07/2023,voter,LC,REP,W,HL,M,Age Over 66,1,11/27/2023
534698,RANDOLPH,11/07/2023,voter,SO,REP,A,NL,U,Age 18 - 25,1,11/27/2023
534787,RANDOLPH,11/07/2023,voter,TR,UNA,U,HL,F,Age 26 - 40,2,11/27/2023
534894,RANDOLPH,11/07/2023,voter,,UNA,U,HL,F,Age 26 - 40,2,11/27/2023
535000,RANDOLPH,11/07/2023,voter,LC,UNA,I,UN,M,Age 18 - 25,1,11/27/2023
535150,RANDOLPH,11/07/2023,voter,RM,DEM,W,NL,F,Age 41 - 65,43,11/27/2023
535266,RANDOLPH,11/07/2023,voter,TR,LIB,W,NL,U,Age 26 - 40,1,11/27/2023
535287,RANDOLPH,11/07/2023,voter,AW,DEM,W,NL,F,Age 26 - 40,7,11/27/2023
535541,RANDOLPH,11/07/2023,voter,SW,DEM,W,NL,M,Age 41 - 65,14,11/27/2023
535655,RANDOLPH,11/07/2023,voter,AW,REP,W,NL,M,Age 41 - 65,71,11/27/2023
535716,RANDOLPH,11/07/2023,voter,,REP,O,HL,M,Age 41 - 65,1,11/27/2023
535727,RANDOLPH,11/07/2023,voter,AW,UNA,B,UN,M,Age 41 - 65,5,11/27/2023
535740,RANDOLPH,11/07/2023,voter,AR,UNA,B,UN,F,Age Over 66,1,11/27/2023
536057,RANDOLPH,11/07/2023,voter,LC,UNA,W,UN,U,Age 41 - 65,2,11/27/2023
536128,RANDOLPH,11/07/2023,voter,SO,REP,W,UN,M,Age 18 - 25,51,11/27/2023
536244,RANDOLPH,11/07/2023,voter,AW,DEM,U,UN,U,Age Over 66,1,11/27/2023
536433,RANDOLPH,11/07/2023,voter,TB,UNA,O,HL,M,Age 41 - 65,2,11/27/2023
536529,RANDOLPH,11/07/2023,voter,AN,REP,U,HL,F,Age 26 - 40,1,11/27/2023
536723,RANDOLPH,11/07/2023,voter,,REP,B,NL,M,Age 18 - 25,1,11/27/2023
536751,RANDOLPH,11/07/2023,voter,AS,REP,O,NL,F,Age 41 - 65,1,11/27/2023
536793,RANDOLPH,11/07/2023,voter,AR,DEM,U,UN,F,Age Over 66,3,11/27/2023
536852,RANDOLPH,11/07/2023,voter,AS,UNA,W,NL,F,Age 41 - 65,59,11/27/2023
537075,RANDOLPH,11/07/2023,voter,AR,DEM,B,NL,F,Age 41 - 65,46,11/27/2023
537121,RANDOLPH,11/07/2023,voter,NM,REP,W,UN,M,Age 26 - 40,37,11/27/2023
537493,RANDOLPH,11/07/2023,voter,TT,UNA,B,UN,F,Age 26 - 40,1,11/27/2023
537589,RANDOLPH,11/07/2023,voter,RN,REP,W,UN,M,Age 26 - 40,31,11/27/2023
537639,RANDOLPH,11/07/2023,voter,TR,UNA,A,NL,M,Age 26 - 40,3,11/27/2023
537820,RANDOLPH,11/07/2023,voter,AE,DEM,B,UN,F,Age 26 - 40,30,11/27/2023
537902,RANDOLPH,11/07/2023,voter,AW,DEM,W,HL,F,Age Over 66,1,11/27/2023
537922,RANDOLPH,11/07/2023,voter,UG,REP,W,NL,F,Age Over 66,98,11/27/2023
538133,RANDOLPH,11/07/2023,voter,RN,REP,W,NL,M,Age Over 66,72,11/27/2023
538310,RANDOLPH,11/07/2023,voter,TR,REP,A,UN,F,Age 41 - 65,1,11/27/2023
538414,RANDOLPH,11/07/2023,voter,LB,UNA,W,UN,M,Age 41 - 65,34,11/27/2023
538431,RANDOLPH,11/07/2023,voter,AS,DEM,B,NL,F,Age 26 - 40,6,11/27/2023
538442,RANDOLPH,11/07/2023,voter,TR,REP,U,HL,M,Age 41 - 65,2,11/27/2023
538470,RANDOLPH,11/07/2023,voter,TB,REP,U,HL,F,Age 18 - 25,1,11/27/2023
538689,RANDOLPH,11/07/2023,voter,RN,REP,W,NL,F,Age 26 - 40,104,11/27/2023
538722,RANDOLPH,11/07/2023,voter,AR,UNA,O,UN,M,Age 26 - 40,2,11/27/2023
538869,RANDOLPH,11/07/2023,voter,AN,UNA,W,NL,M,Age 41 - 65,28,11/27/2023
538871,RANDOLPH,11/07/2023,voter,NM,DEM,W,UN,M,Age 41 - 65,5,11/27/2023
538881,RANDOLPH,11/07/2023,voter,DR,UNA,B,UN,M,Age 26 - 40,7,11/27/2023
538909,RANDOLPH,11/07/2023,voter,RM,DEM,U,NL,F,Age 41 - 65,1,11/27/2023
539057,RANDOLPH,11/07/2023,voter,AN,REP,W,UN,M,Age Over 66,19,11/27/2023
539104,RANDOLPH,11/07/2023,voter,GR,UNA,U,UN,F,Age 26 - 40,3,11/27/2023
539224,RANDOLPH,11/07/2023,voter,AS,DEM,U,HL,F,Age 26 - 40,2,11/27/2023
539350,RANDOLPH,11/07/2023,voter,DR,DEM,U,HL,M,Age 41 - 65,1,11/27/2023
539613,RANDOLPH,11/07/2023,voter,RN,UNA,O,HL,F,Age 18 - 25,2,11/27/2023
539635,RANDOLPH,11/07/2023,voter,GR,REP,U,UN,U,Age 26 - 40,18,11/27/2023
539651,RANDOLPH,11/07/2023,voter,AW,DEM,B,NL,F,Age Over 66,14,11/27/2023
539653,RANDOLPH,11/07/2023,voter,TR,UNA,W,UN,F,Age 41 - 65,1,11/27/2023
539659,RANDOLPH,11/07/2023,voter,AW,UNA,U,HL,M,Age 26 - 40,2,11/27/2023
539719,RANDOLPH,11/07/2023,voter,AR,LIB,W,UN,F,Age 41 - 65,1,11/27/2023
539790,RANDOLPH,11/07/2023,voter,DR,REP,O,HL,F,Age 41 - 65,3,11/27/2023
539834,RANDOLPH,11/07/2023,voter,AS,DEM,W,UN,F,Age Over 66,5,11/27/2023
539842,RANDOLPH,11/07/2023,voter,SO,UNA,W,NL,U,Age Over 66,3,11/27/2023
539898,RANDOLPH,11/07/2023,voter,AE,DEM,W,HL,M,Age 26 - 40,1,11/27/2023
539997,RANDOLPH,11/07/2023,voter,AE,REP,B,UN,F,Age 26 - 40,1,11/27/2023
540098,RANDOLPH,11/07/2023,voter,BC,LIB,W,UN,M,Age 41 - 65,1,11/27/2023
540167,RANDOLPH,11/07/2023,voter,NM,REP,W,UN,F,Age Over 66,37,11/27/2023
540281,RANDOLPH,11/07/2023,voter,AS,REP,I,NL,F,Age 41 - 65,1,11/27/2023
540377,RANDOLPH,11/07/2023,voter,NM,REP,O,HL,F,Age 18 - 25,1,11/27/2023
540468,RANDOLPH,11/07/2023,voter,AW,REP,B,UN,M,Age 18 - 25,3,11/27/2023
540554,RANDOLPH,11/07/2023,voter,SO,UNA,W,UN,M,Age Over 66,19,11/27/2023
540574,RANDOLPH,11/07/2023,voter,TT,REP,O,HL,F,Age 26 - 40,1,11/27/2023
540634,RANDOLPH,11/07/2023,voter,UG,UNA,O,UN,M,Age 18 - 25,1,11/27/2023
540685,RANDOLPH,11/07/2023,voter,AR,DEM,W,UN,M,Age 26 - 40,3,11/27/2023
540716,RANDOLPH,11/07/2023,voter,AS,REP,O,HL,M,Age 26 - 40,1,11/27/2023
540745,RANDOLPH,11/07/2023,voter,RN,UNA,O,HL,M,Age 26 - 40,12,11/27/2023
540811,RANDOLPH,11/07/2023,voter,TR,DEM,U,UN,U,Age 26 - 40,5,11/27/2023
540815,RANDOLPH,11/07/2023,voter,NM,DEM,U,UN,U,Age 18 - 25,2,11/27/2023
540822,RANDOLPH,11/07/2023,voter,NM,DEM,W,UN,M,Age Over 66,5,11/27/2023
540917,RANDOLPH,11/07/2023,voter,LC,REP,W,UN,M,Age 18 - 25,29,11/27/2023
540922,RANDOLPH,11/07/2023,voter,SE,LIB,W,UN,M,Age 18 - 25,1,11/27/2023
540955,RANDOLPH,11/07/2023,voter,,REP,W,NL,F,Age Over 66,144,11/27/2023
540959,RANDOLPH,11/07/2023,voter,UG,REP,A,UN,F,Age 41 - 65,1,11/27/2023
541025,RANDOLPH,11/07/2023,voter,BC,REP,O,NL,U,Age 41 - 65,1,11/27/2023
541155,RANDOLPH,11/07/2023,voter,SW,UNA,W,NL,U,Age 18 - 25,1,11/27/2023
541322,RANDOLPH,11/07/2023,voter,AS,REP,O,HL,M,Age 41 - 65,1,11/27/2023
541495,RANDOLPH,11/07/2023,voter,AN,UNA,A,UN,F,Age 41 - 65,1,11/27/2023
541609,RANDOLPH,11/07/2023,voter,AR,DEM,U,UN,U,Age 26 - 40,2,11/27/2023
541669,RANDOLPH,11/07/2023,voter,AW,DEM,B,NL,F,Age 18 - 25,2,11/27/2023
541734,RANDOLPH,11/07/2023,voter,NM,UNA,W,NL,F,Age 41 - 65,111,11/27/2023
541735,RANDOLPH,11/07/2023,voter,AR,DEM,U,HL,M,Age 41 - 65,1,11/27/2023
541816,RANDOLPH,11/07/2023,voter,UG,DEM,O,HL,F,Age Over 66,1,11/27/2023
541966,RANDOLPH,11/07/2023,voter,AR,DEM,W,NL,F,Age 41 - 65,31,11/27/2023
541988,RANDOLPH,11/07/2023,voter,AW,REP,U,UN,M,Age 41 - 65,3,11/27/2023
542172,RANDOLPH,11/07/2023,voter,RN,UNA,I,UN,M,Age 41 - 65,1,11/27/2023
542206,RANDOLPH,11/07/2023,voter,SO,DEM,U,HL,M,Age 18 - 25,2,11/27/2023
542497,RANDOLPH,11/07/2023,voter,SO,UNA,U,HL,M,Age 41 - 65,3,11/27/2023
542511,RANDOLPH,11/07/2023,voter,,DEM,B,NL,F,Age 26 - 40,2,11/27/2023
542553,RANDOLPH,11/07/2023,voter,,UNA,A,NL,F,Age 18 - 25,1,11/27/2023
542555,RANDOLPH,11/07/2023,voter,UG,UNA,W,UN,F,Age Over 66,14,11/27/2023
542738,RANDOLPH,11/07/2023,voter,SW,REP,W,UN,M,Age Over 66,8,11/27/2023
542796,RANDOLPH,11/07/2023,voter,UG,DEM,W,HL,M,Age 18 - 25,1,11/27/2023
542807,RANDOLPH,11/07/2023,voter,TB,REP,U,UN,M,Age Over 66,2,11/27/2023
543281,RANDOLPH,11/07/2023,voter,,LIB,W,NL,F,Age 26 - 40,1,11/27/2023
543284,RANDOLPH,11/07/2023,voter,BC,UNA,O,NL,M,Age 41 - 65,1,11/27/2023
543364,RANDOLPH,11/07/2023,voter,RM,REP,B,NL,M,Age 26 - 40,3,11/27/2023
543632,RANDOLPH,11/07/2023,voter,LB,UNA,W,UN,F,Age 18 - 25,22,11/27/2023
543754,RANDOLPH,11/07/2023,voter,AR,UNA,O,HL,F,Age 18 - 25,2,11/27/2023
544035,RANDOLPH,11/07/2023,voter,GR,DEM,B,UN,M,Age 18 - 25,4,11/27/2023
544138,RANDOLPH,11/07/2023,voter,AW,DEM,W,NL,M,Age 41 - 65,19,11/27/2023
544150,RANDOLPH,11/07/2023,voter,GR,REP,O,UN,F,Age 41 - 65,1,11/27/2023
544317,RANDOLPH,11/07/2023,voter,TR,UNA,W,NL,F,Age 18 - 25,29,11/27/2023
544520,RANDOLPH,11/07/2023,voter,AW,UNA,W,UN,M,Age 41 - 65,27,11/27/2023
544566,RANDOLPH,11/07/2023,voter,AN,UNA,B,UN,M,Age 26 - 40,6,11/27/2023
544752,RANDOLPH,11/07/2023,voter,AN,UNA,O,UN,M,Age 26 - 40,3,11/27/2023
544808,RANDOLPH,11/07/2023,voter,AR,REP,U,UN,F,Age 41 - 65,2,11/27/2023
544823,RANDOLPH,11/07/2023,voter,SO,LIB,W,NL,M,Age 41 - 65,3,11/27/2023
544850,RANDOLPH,11/07/2023,voter,AW,REP,W,HL,M,Age 41 - 65,2,11/27/2023
544881,RANDOLPH,11/07/2023,voter,AW,UNA,B,NL,F,Age Over 66,2,11/27/2023
544978,RANDOLPH,11/07/2023,voter,SW,REP,U,UN,U,Age 41 - 65,19,11/27/2023
545002,RANDOLPH,11/07/2023,voter,GR,REP,U,HL,F,Age 26 - 40,3,11/27/2023
545011,RANDOLPH,11/07/2023,voter,SO,UNA,W,NL,M,Age 18 - 25,11,11/27/2023
545035,RANDOLPH,11/07/2023,voter,RM,REP,O,NL,M,Age 26 - 40,1,11/27/2023
545065,RANDOLPH,11/07/2023,voter,SE,DEM,W,NL,M,Age Over 66,7,11/27/2023
545141,RANDOLPH,11/07/2023,voter,RN,UNA,A,NL,F,Age Over 66,1,11/27/2023
545143,RANDOLPH,11/07/2023,voter,AE,UNA,O,HL,M,Age 41 - 65,3,11/27/2023
545144,RANDOLPH,11/07/2023,voter,UG,UNA,W,UN,U,Age 41 - 65,1,11/27/2023
545377,RANDOLPH,11/07/2023,voter,UG,REP,W,UN,F,Age 26 - 40,35,11/27/2023
545616,RANDOLPH,11/07/2023,voter,AW,UNA,U,UN,U,Age 18 - 25,11,11/27/2023
545678,RANDOLPH,11/07/2023,voter,UG,DEM,O,UN,F,Age 41 - 65,1,11/27/2023
545722,RANDOLPH,11/07/2023,voter,DR,UNA,U,UN,U,Age 18 - 25,5,11/27/2023
545792,RANDOLPH,11/07/2023,voter,AE,UNA,A,UN,F,Age 18 - 25,3,11/27/2023
545802,RANDOLPH,11/07/2023,voter,SE,REP,W,UN,M,Age 41 - 65,13,11/27/2023
545891,RANDOLPH,11/07/2023,voter,DR,UNA,W,NL,M,Age 41 - 65,50,11/27/2023
545995,RANDOLPH,11/07/2023,voter,SO,UNA,I,UN,F,Age 26 - 40,1,11/27/2023
546019,RANDOLPH,11/07/2023,voter,DR,UNA,W,NL,U,Age Over 66,1,11/27/2023
546086,RANDOLPH,11/07/2023,voter,BC,UNA,B,NL,M,Age 41 - 65,1,11/27/2023
546379,RANDOLPH,11/07/2023,voter,DR,REP,W,NL,U,Age 41 - 65,7,11/27/2023
546383,RANDOLPH,11/07/2023,voter,AR,UNA,W,UN,F,Age Over 66,23,11/27/2023
546399,RANDOLPH,11/07/2023,voter,AW,REP,U,UN,U,Age 41 - 65,7,11/27/2023
546423,RANDOLPH,11/07/2023,voter,DR,DEM,U,UN,U,Age 26 - 40,5,11/27/2023
546459,RANDOLPH,11/07/2023,voter,AR,UNA,U,HL,M,Age Over 66,1,11/27/2023
546558,RANDOLPH,11/07/2023,voter,AN,UNA,O,NL,F,Age 18 - 25,2,11/27/2023
546591,RANDOLPH,11/07/2023,voter,AN,REP,W,UN,M,Age Over 66,14,11/27/2023
546594,RANDOLPH,11/07/2023,voter,RM,DEM,O,UN,F,Age 26 - 40,4,11/27/2023
546671,RANDOLPH,11/07/2023,voter,UG,UNA,W,HL,M,Age 41 - 65,1,11/27/2023
546731,RANDOLPH,11/07/2023,voter,LC,UNA,B,UN,M,Age 18 - 25,3,11/27/2023
546853,RANDOLPH,11/07/2023,voter,ST,UNA,W,UN,M,Age 41 - 65,28,11/27/2023
546995,RANDOLPH,11/07/2023,voter,TR,UNA,U,NL,F,Age Over 66,1,11/27/2023
547029,RANDOLPH,11/07/2023,voter,SO,UNA,W,UN,U,Age 18 - 25,1,11/27/2023
547071,RANDOLPH,11/07/2023,voter,TR,REP,U,UN,M,Age 41 - 65,3,11/27/2023
547091,RANDOLPH,11/07/2023,voter,SE,UNA,W,NL,U,Age 41 - 65,1,11/27/2023
547153,RANDOLPH,11/07/2023,voter,SO,UNA,U,UN,U,Age 18 - 25,6,11/27/2023
547157,RANDOLPH,11/07/2023,voter,AS,DEM,W,HL,F,Age 41 - 65,2,11/27/2023
547350,RANDOLPH,11/07/2023,voter,SO,UNA,W,HL,F,Age 18 - 25,1,11/27/2023
547417,RANDOLPH,11/07/2023,voter,NM,REP,U,UN,F,Age Over 66,1,11/27/2023
547422,RANDOLPH,11/07/2023,voter,AR,REP,O,NL,F,Age 41 - 65,3,11/27/2023
547476,RANDOLPH,11/07/2023,voter,AE,DEM,W,HL,F,Age 26 - 40,4,11/27/2023
547520,RANDOLPH,11/07/2023,voter,LC,UNA,W,UN,M,Age Over 66,11,11/27/2023
547539,RANDOLPH,11/07/2023,voter,AN,REP,U,UN,F,Age 18 - 25,3,11/27/2023
547620,RANDOLPH,11/07/2023,voter,UG,REP,O,HL,F,Age 41 - 65,3,11/27/2023
547724,RANDOLPH,11/07/2023,voter,AW,DEM,W,NL,F,Age 18 - 25,2,11/27/2023
547832,RANDOLPH,11/07/2023,voter,SW,UNA,W,NL,F,Age 26 - 40,38,11/27/2023
548008,RANDOLPH,11/07/2023,voter,TR,LIB,U,UN,U,Age 41 - 65,1,11/27/2023
548029,RANDOLPH,11/07/2023,voter,SW,REP,U,NL,M,Age 41 - 65,1,11/27/2023
548244,RANDOLPH,11/07/2023,voter,RN,UNA,B,NL,F,Age 41 - 65,3,11/27/2023
548510,RANDOLPH,11/07/2023,voter,TR,UNA,B,NL,U,Age 41 - 65,1,11/27/2023
548679,RANDOLPH,11/07/2023,voter,DR,DEM,O,HL,M,Age 26 - 40,2,11/27/2023
548714,RANDOLPH,11/07/2023,voter,AE,UNA,W,NL,F,Age 18 - 25,9,11/27/2023
548742,RANDOLPH,11/07/2023,voter,AW,UNA,O,NL,M,Age 26 - 40,2,11/27/2023
548912,RANDOLPH,11/07/2023,voter,UG,UNA,A,NL,F,Age 41 - 65,1,11/27/2023
549177,RANDOLPH,11/07/2023,voter,UG,REP,O,UN,F,Age Over 66,2,11/27/2023
549350,RANDOLPH,11/07/2023,voter,RN,DEM,U,UN,U,Age 41 - 65,4,11/27/2023
549363,RANDOLPH,11/07/2023,voter,NM,DEM,P,HL,M,Age 18 - 25,1,11/27/2023
549448,RANDOLPH,11/07/2023,voter,DR,NLB,U,UN,U,Age 26 - 40,1,11/27/2023
549453,RANDOLPH,11/07/2023,voter,UG,REP,O,NL,F,Age 18 - 25,1,11/27/2023
549469,RANDOLPH,11/07/2023,voter,AE,DEM,A,NL,F,Age 26 - 40,1,11/27/2023
549498,RANDOLPH,11/07/2023,voter,TR,REP,W,NL,F,Age Over 66,199,11/27/2023
549534,RANDOLPH,11/07/2023,voter,TT,UNA,W,NL,F,Age 18 - 25,63,11/27/2023
549638,RANDOLPH,11/07/2023,voter,NM,UNA,O,NL,M,Age 41 - 65,1,11/27/2023
549662,RANDOLPH,11/07/2023,voter,AE,LIB,U,UN,M,Age 18 - 25,1,11/27/2023
549764,RANDOLPH,11/07/2023,voter,UG,DEM,B,NL,M,Age 41 - 65,1,11/27/2023
549888,RANDOLPH,11/07/2023,voter,LB,DEM,U,HL,F,Age 26 - 40,2,11/27/2023
549939,RANDOLPH,11/07/2023,voter,ST,UNA,W,UN,F,Age 18 - 25,20,11/27/2023
549997,RANDOLPH,11/07/2023,voter,AN,REP,W,HL,M,Age 41 - 65,1,11/27/2023
550120,RANDOLPH,11/07/2023,voter,DR,REP,O,NL,F,Age 18 - 25,1,11/27/2023
550167,RANDOLPH,11/07/2023,voter,RN,UNA,O,UN,M,Age 41 - 65,1,11/27/2023
550213,RANDOLPH,11/07/2023,voter,LB,UNA,U,UN,M,Age 41 - 65,3,11/27/2023
550247,RANDOLPH,11/07/2023,voter,RN,DEM,U,UN,F,Age 18 - 25,5,11/27/2023
550255,RANDOLPH,11/07/2023,voter,AR,REP,O,NL,M,Age 41 - 65,1,11/27/2023
550286,RANDOLPH,11/07/2023,voter,AE,REP,U,UN,U,Age 18 - 25,1,11/27/2023
550350,RANDOLPH,11/07/2023,voter,RN,REP,O,NL,M,Age Over 66,1,11/27/2023
550415,RANDOLPH,11/07/2023,voter,ST,UNA,B,NL,M,Age 41 - 65,6,11/27/2023
550578,RANDOLPH,11/07/2023,voter,UG,DEM,U,HL,F,Age 26 - 40,3,11/27/2023
550775,RANDOLPH,11/07/2023,voter,AW,REP,W,NL,F,Age 18 - 25,5,11/27/2023
550789,RANDOLPH,11/07/2023,voter,AW,REP,O,UN,F,Age 41 - 65,1,11/27/2023
550874,RANDOLPH,11/07/2023,voter,AN,UNA,I,UN,M,Age 26 - 40,1,11/27/2023
550963,RANDOLPH,11/07/2023,voter,TB,DEM,O,UN,F,Age 26 - 40,1,11/27/2023
550972,RANDOLPH,11/07/2023,voter,UG,UNA,A,NL,F,Age 26 - 40,3,11/27/2023
551020,RANDOLPH,11/07/2023,voter,AS,DEM,U,HL,F,Age 41 - 65,1,11/27/2023
551067,RANDOLPH,11/07/2023,voter,UG,DEM,B,UN,F,Age 41 - 65,6,11/27/2023
551119,RANDOLPH,11/07/2023,voter,LC,REP,W,UN,F,Age 41 - 65,83,11/27/2023
551192,RANDOLPH,11/07/2023,voter,,DEM,O,HL,M,Age 18 - 25,1,11/27/2023
551290,RANDOLPH,11/07/2023,voter,RN,UNA,B,UN,M,Age 41 - 65,7,11/27/2023
551560,RANDOLPH,11/07/2023,voter,UG,REP,O,HL,M,Age 26 - 40,6,11/27/2023
551758,RANDOLPH,11/07/2023,voter,AE,DEM,U,HL,F,Age 26 - 40,4,11/27/2023
551761,RANDOLPH,11/07/2023,voter,LC,REP,U,HL,F,Age 18 - 25,1,11/27/2023
551785,RANDOLPH,11/07/2023,voter,NM,LIB,W,NL,F,Age 41 - 65,4,11/27/2023
551893,RANDOLPH,11/07/2023,voter,,UNA,O,NL,M,Age 41 - 65,1,11/27/2023
551902,RANDOLPH,11/07/2023,voter,AW,DEM,U,UN,F,Age 41 - 65,1,11/27/2023
552091,RANDOLPH,11/07/2023,voter,AN,UNA,A,UN,F,Age 41 - 65,1,11/27/2023
552234,RANDOLPH,11/07/2023,voter,AE,UNA,M,HL,M,Age 41 - 65,2,11/27/2023
552306,RANDOLPH,11/07/2023,voter,AW,UNA,O,HL,F,Age 26 - 40,1,11/27/2023
552337,RANDOLPH,11/07/2023,voter,AW,DEM,U,HL,U,Age 41 - 65,1,11/27/2023
552391,RANDOLPH,11/07/2023,voter,AW,REP,U,UN,F,Age 18 - 25,1,11/27/2023
553019,RANDOLPH,11/07/2023,voter,DR,UNA,W,NL,M,Age 41 - 65,67,11/27/2023
553351,RANDOLPH,11/07/2023,voter,AE,UNA,W,NL,M,Age Over 66,26,11/27/2023
553359,RANDOLPH,11/07/2023,voter,TB,REP,O,UN,M,Age 41 - 65,1,11/27/2023
553461,RANDOLPH,11/07/2023,voter,SW,DEM,B,UN,M,Age 26 - 40,1,11/27/2023
553722,RANDOLPH,11/07/2023,voter,DR,UNA,B,UN,M,Age 26 - 40,1,11/27/2023
553734,RANDOLPH,11/07/2023,voter,AW,UNA,O,UN,M,Age 41 - 65,2,11/27/2023
553783,RANDOLPH,11/07/2023,voter,AN,UNA,B,UN,F,Age Over 66,1,11/27/2023
553861,RANDOLPH,11/07/2023,voter,UG,DEM,B,NL,F,Age 26 - 40,10,11/27/2023
553953,RANDOLPH,11/07/2023,voter,UG,UNA,U,UN,U,Age 41 - 65,10,11/27/2023
554164,RANDOLPH,11/07/2023,voter,SO,UNA,B,UN,F,Age 26 - 40,1,11/27/2023
554189,RANDOLPH,11/07/2023,voter,RN,UNA,O,NL,F,Age 41 - 65,1,11/27/2023
554339,RANDOLPH,11/07/2023,voter,TT,DEM,I,NL,F,Age 18 - 25,1,11/27/2023
554414,RANDOLPH,11/07/2023,voter,SE,UNA,W,UN,M,Age 18 - 25,18,11/27/2023
554468,RANDOLPH,11/07/2023,voter,SW,DEM,O,UN,M,Age 26 - 40,1,11/27/2023
554569,RANDOLPH,11/07/2023,voter,SO,UNA,W,NL,F,Age 26 - 40,45,11/27/2023
554824,RANDOLPH,11/07/2023,voter,AR,DEM,W,UN,F,Age Over 66,13,11/27/2023
554877,RANDOLPH,11/07/2023,voter,GR,UNA,B,NL,M,Age 41 - 65,3,11/27/2023
554978,RANDOLPH,11/07/2023,voter,BC,DEM,W,NL,F,Age 18 - 25,5,11/27/2023
555061,RANDOLPH,11/07/2023,voter,TR,DEM,W,UN,F,Age 41 - 65,5,11/27/2023
555121,RANDOLPH,11/07/2023,voter,NM,DEM,B,NL,F,Age 26 - 40,1,11/27/2023
555176,RANDOLPH,11/07/2023,voter,AW,REP,U,HL,F,Age 18 - 25,1,11/27/2023
555215,RANDOLPH,11/07/2023,voter,,DEM,B,NL,M,Age 18 - 25,1,11/27/2023
555221,RANDOLPH,11/07/2023,voter,AW,DEM,I,NL,M,Age 41 - 65,1,11/27/2023
555241,RANDOLPH,11/07/2023,voter,SE,UNA,B,UN,F,Age 18 - 25,1,11/27/2023
555277,RANDOLPH,11/07/2023,voter,TB,UNA,B,UN,F,Age 18 - 25,2,11/27/2023
555288,RANDOLPH,11/07/2023,voter,NM,UNA,W,UN,M,Age 41 - 65,24,11/27/2023
555317,RANDOLPH,11/07/2023,voter,TR,UNA,B,NL,F,Age 18 - 25,5,11/27/2023
555382,RANDOLPH,11/07/2023,voter,,UNA,O,NL,F,Age 26 - 40,1,11/27/2023
555388,RANDOLPH,11/07/2023,voter,LC,DEM,M,NL,F,Age 41 - 65,1,11/27/2023
555409,RANDOLPH,11/07/2023,voter,UG,UNA,U,UN,F,Age 18 - 25,15,11/27/2023
555471,RANDOLPH,11/07/2023,voter,LB,DEM,U,HL,M,Age 41 - 65,1,11/27/2023
555568,RANDOLPH,11/07/2023,voter,AS,REP,O,UN,F,Age 18 - 25,2,11/27/2023
555575,RANDOLPH,11/07/2023,voter,AR,DEM,A,UN,F,Age 18 - 25,1,11/27/2023
555618,RANDOLPH,11/07/2023,voter,NM,DEM,B,NL,M,Age Over 66,1,11/27/2023
555822,RANDOLPH,11/07/2023,voter,TR,UNA,W,NL,M,Age 26 - 40,56,11/27/2023
555834,RANDOLPH,11/07/2023,voter,SO,DEM,W,UN,F,Age 18 - 25,3,11/27/2023
555870,RANDOLPH,11/07/2023,voter,DR,REP,W,UN,F,Age 41 - 65,75,11/27/2023
555878,RANDOLPH,11/07/2023,voter,GR,UNA,W,UN,F,Age 26 - 40,54,11/27/2023
555921,RANDOLPH,11/07/2023,voter,,REP,W,UN,M,Age 18 - 25,35,11/27/2023
555957,RANDOLPH,11/07/2023,voter,AR,DEM,B,UN,F,Age 18 - 25,1,11/27/2023
556045,RANDOLPH,11/07/2023,voter,TR,UNA,B,UN,F,Age Over 66,1,11/27/2023
556211,RANDOLPH,11/07/2023,voter,RM,UNA,W,NL,F,Age 41 - 65,75,11/27/2023
556327,RANDOLPH,11/07/2023,voter,RN,UNA,O,HL,F,Age Over 66,2,11/27/2023
556431,RANDOLPH,11/07/2023,voter,AS,UNA,O,NL,M,Age 41 - 65,3,11/27/2023
556553,RANDOLPH,11/07/2023,voter,SE,REP,W,NL,M,Age Over 66,35,11/27/2023
556564,RANDOLPH,11/07/2023,voter,LB,REP,W,NL,F,Age Over 66,147,11/27/2023
556712,RANDOLPH,11/07/2023,voter,RN,DEM,B,NL,F,Age 41 - 65,28,11/27/2023
556847,RANDOLPH,11/07/2023,voter,UG,UNA,U,HL,F,Age 41 - 65,1,11/27/2023
556955,RANDOLPH,11/07/2023,voter,TR,UNA,U,UN,F,Age 41 - 65,1,11/27/2023
557078,RANDOLPH,11/07/2023,voter,RM,UNA,U,NL,F,Age 41 - 65,1,11/27/2023
557119,RANDOLPH,11/07/2023,voter,AR,UNA,A,UN,M,Age 41 - 65,1,11/27/2023
557152,RANDOLPH,11/07/2023,voter,RM,UNA,U,UN,U,Age 26 - 40,23,11/27/2023
557197,RANDOLPH,11/07/2023,voter,SW,REP,W,NL,F,Age 26 - 40,59,11/27/2023
557221,RANDOLPH,11/07/2023,voter,,UNA,B,NL,F,Age 26 - 40,1,11/27/2023
557224,RANDOLPH,11/07/2023,voter,UG,DEM,W,UN,F,Age Over 66,9,11/27/2023
557441,RANDOLPH,11/07/2023,voter,TR,UNA,I,NL,M,Age 41 - 65,2,11/27/2023
557445,RANDOLPH,11/07/2023,voter,RM,DEM,M,NL,M,Age 26 - 40,1,11/27/2023
557447,RANDOLPH,11/07/2023,voter,RM,UNA,A,NL,F,Age 18 - 25,1,11/27/2023
557530,RANDOLPH,11/07/2023,voter,RM,REP,B,UN,M,Age 41 - 65,1,11/27/2023
557559,RANDOLPH,11/07/2023,voter,AW,UNA,M,UN,M,Age 18 - 25,1,11/27/2023
557683,RANDOLPH,11/07/2023,voter,AR,UNA,B,HL,M,Age 26 - 40,1,11/27/2023
557899,RANDOLPH,11/07/2023,voter,RM,DEM,O,HL,F,Age 26 - 40,8,11/27/2023
557944,RANDOLPH,11/07/2023,voter,DR,UNA,U,UN,U,Age 18 - 25,14,11/27/2023
557995,RANDOLPH,11/07/2023,voter,AE,GRE,O,HL,F,Age 18 - 25,1,11/27/2023
558051,RANDOLPH,11/07/2023,voter,AN,REP,O,HL,F,Age 41 - 65,2,11/27/2023
558198,RANDOLPH,11/07/2023,voter,ST,DEM,U,UN,U,Age Over 66,2,11/27/2023
558250,RANDOLPH,11/07/2023,voter,,UNA,U,UN,U,Age 18 - 25,6,11/27/2023
558313,RANDOLPH,11/07/2023,voter,AR,REP,O,HL,F,Age 41 - 65,2,11/27/2023
558338,RANDOLPH,11/07/2023,voter,AW,DEM,O,NL,M,Age Over 66,1,11/27/2023
558366,RANDOLPH,11/07/2023,voter,AR,UNA,U,UN,U,Age 26 - 40,23,11/27/2023
558432,RANDOLPH,11/07/2023,voter,LB,DEM,W,NL,M,Age 26 - 40,9,11/27/2023
558445,RANDOLPH,11/07/2023,voter,AS,REP,O,HL,F,Age Over 66,1,11/27/2023
558518,RANDOLPH,11/07/2023,voter,AE,DEM,W,NL,F,Age 18 - 25,4,11/27/2023
558532,RANDOLPH,11/07/2023,voter,AW,DEM,U,UN,F,Age 18 - 25,6,11/27/2023
558593,RANDOLPH,11/07/2023,voter,AE,DEM,B,UN,U,Age 41 - 65,1,11/27/2023
558641,RANDOLPH,11/07/2023,voter,SO,UNA,U,UN,M,Age 41 - 65,1,11/27/2023
559103,RANDOLPH,11/07/2023,voter,TB,LIB,W,NL,F,Age 26 - 40,3,11/27/2023
559198,RANDOLPH,11/07/2023,voter,,UNA,A,NL,F,Age 41 - 65,1,11/27/2023
559346,RANDOLPH,11/07/2023,voter,TR,REP,W,NL,U,Age 26 - 40,7,11/27/2023
559643,RANDOLPH,11/07/2023,voter,AW,REP,W,NL,F,Age Over 66,143,11/27/2023
559836,RANDOLPH,11/07/2023,voter,TB,REP,W,NL,U,Age 41 - 65,10,11/27/2023
559847,RANDOLPH,11/07/2023,voter,SO,DEM,W,NL,F,Age Over 66,38,11/27/2023
559945,RANDOLPH,11/07/2023,voter,AS,UNA,U,NL,M,Age 26 - 40,1,11/27/2023
560011,RANDOLPH,11/07/2023,voter,AW,UNA,U,UN,F,Age 18 - 25,1,11/27/2023
560105,RANDOLPH,11/07/2023,voter,RM,REP,O,HL,M,Age 41 - 65,1,11/27/2023
560165,RANDOLPH,11/07/2023,voter,AW,DEM,U,HL,M,Age 41 - 65,1,11/27/2023
560221,RANDOLPH,11/07/2023,voter,RN,REP,W,UN,F,Age 41 - 65,132,11/27/2023
560240,RANDOLPH,11/07/2023,voter,AE,REP,W,NL,F,Age 26 - 40,28,11/27/2023
560545,RANDOLPH,11/07/2023,voter,RN,REP,U,UN,M,Age 18 - 25,2,11/27/2023
560573,RANDOLPH,11/07/2023,voter,AN,DEM,O,HL,F,Age 41 - 65,11,11/27/2023
560691,RANDOLPH,11/07/2023,voter,TB,DEM,U,UN,U,Age 41 - 65,8,11/27/2023
560697,RANDOLPH,11/07/2023,voter,AE,DEM,B,UN,M,Age 41 - 65,42,11/27/2023
560712,RANDOLPH,11/07/2023,voter,AE,DEM,W,NL,M,Age 18 - 25,2,11/27/2023
560778,RANDOLPH,11/07/2023,voter,RN,UNA,W,HL,M,Age 18 - 25,1,11/27/2023
560843,RANDOLPH,11/07/2023,voter,GR,DEM,U,UN,F,Age Over 66,1,11/27/2023
560906,RANDOLPH,11/07/2023,voter,BC,REP,M,NL,F,Age 41 - 65,1,11/27/2023
560912,RANDOLPH,11/07/2023,voter,SE,REP,U,UN,U,Age Over 66,4,11/27/2023
561004,RANDOLPH,11/07/2023,voter,AN,DEM,B,NL,F,Age 18 - 25,4,11/27/2023
561067,RANDOLPH,11/07/2023,voter,RM,DEM,B,UN,U,Age Over 66,1,11/27/2023
561119,RANDOLPH,11/07/2023,voter,SO,DEM,W,NL,F,Age Over 66,8,11/27/2023
561177,RANDOLPH,11/07/2023,voter,,UNA,O,HL,F,Age 18 - 25,3,11/27/2023
561230,RANDOLPH,11/07/2023,voter,SE,DEM,B,NL,F,Age Over 66,6,11/27/2023
561383,RANDOLPH,11/07/2023,voter,DR,DEM,I,UN,F,Age 18 - 25,1,11/27/2023
561429,RANDOLPH,11/07/2023,voter,TR,LIB,W,UN,M,Age 26 - 40,1,11/27/2023
561432,RANDOLPH,11/07/2023,voter,RN,DEM,B,UN,M,Age Over 66,3,11/27/2023
561433,RANDOLPH,11/07/2023,voter,AW,DEM,U,UN,M,Age Over 66,1,11/27/2023
561501,RANDOLPH,11/07/2023,voter,TB,UNA,O,HL,F,Age 26 - 40,1,11/27/2023
561546,RANDOLPH,11/07/2023,voter,UG,REP,O,NL,M,Age 18 - 25,1,11/27/2023
561555,RANDOLPH,11/07/2023,voter,NM,REP,W,UN,F,Age 26 - 40,19,11/27/2023
561572,RANDOLPH,11/07/2023,voter,AN,UNA,B,UN,F,Age Over 66,1,11/27/2023
561637,RANDOLPH,11/07/2023,voter,AN,UNA,B,NL,U,Age 41 - 65,1,11/27/2023
561697,RANDOLPH,11/07/2023,voter,AE,UNA,W,NL,U,Age 18 - 25,2,11/27/2023
561789,RANDOLPH,11/07/2023,voter,AN,DEM,U,UN,U,Age 41 - 65,9,11/27/2023
561801,RANDOLPH,11/07/2023,voter,AR,UNA,A,UN,F,Age 41 - 65,2,11/27/2023
561821,RANDOLPH,11/07/2023,voter,RN,DEM,B,NL,M,Age 18 - 25,2,11/27/2023
561880,RANDOLPH,11/07/2023,voter,GR,REP,W,UN,M,Age 41 - 65,131,11/27/2023
561927,RANDOLPH,11/07/2023,voter,AR,REP,A,UN,M,Age 41 - 65,4,11/27/2023
562089,RANDOLPH,11/07/2023,voter,SW,LIB,O,UN,M,Age 18 - 25,1,11/27/2023
562092,RANDOLPH,11/07/2023,voter,SO,UNA,U,NL,F,Age Over 66,1,11/27/2023
562100,RANDOLPH,11/07/2023,voter,AN,REP,B,NL,M,Age 41 - 65,2,11/27/2023
562103,RANDOLPH,11/07/2023,voter,TR,UNA,B,NL,M,Age Over 66,1,11/27/2023
562203,RANDOLPH,11/07/2023,voter,SO,DEM,M,HL,F,Age 18 - 25,1,11/27/2023
562228,RANDOLPH,11/07/2023,voter,SO,DEM,W,HL,M,Age 41 - 65,1,11/27/2023
562231,RANDOLPH,11/07/2023,voter,TR,UNA,O,NL,M,Age 41 - 65,5,11/27/2023
562323,RANDOLPH,11/07/2023,voter,RN,REP,U,UN,F,Age 41 - 65,1,11/27/2023
562378,RANDOLPH,11/07/2023,voter,AE,UNA,U,HL,M,Age 41 - 65,2,11/27/2023
562433,RANDOLPH,11/07/2023,voter,AW,UNA,B,NL,F,Age 18 - 25,1,11/27/2023
562482,RANDOLPH,11/07/2023,voter,TR,LIB,W,HL,M,Age 26 - 40,1,11/27/2023
562652,RANDOLPH,11/07/2023,voter,NM,DEM,M,UN,F,Age 41 - 65,1,11/27/2023
562669,RANDOLPH,11/07/2023,voter,AE,LIB,U,UN,M,Age 26 - 40,1,11/27/2023
562717,RANDOLPH,11/07/2023,voter,AR,UNA,U,UN,M,Age 26 - 40,1,11/27/2023
562777,RANDOLPH,11/07/2023,voter,TR,UNA,B,UN,F,Age 41 - 65,7,11/27/2023
562878,RANDOLPH,11/07/2023,voter,ST,UNA,B,UN,F,Age 41 - 65,2,11/27/2023
562934,RANDOLPH,11/07/2023,voter,TT,DEM,U,UN,F,Age 41 - 65,2,11/27/2023
563029,RANDOLPH,11/07/2023,voter,TR,DEM,U,HL,F,Age 26 - 40,2,11/27/2023
563122,RANDOLPH,11/07/2023,voter,RN,DEM,B,NL,M,Age 26 - 40,7,11/27/2023
563319,RANDOLPH,11/07/2023,voter,AW,UNA,M,NL,F,Age 18 - 25,1,11/27/2023
563394,RANDOLPH,11/07/2023,voter,AE,LIB,W,UN,M,Age 26 - 40,2,11/27/2023
563514,RANDOLPH,11/07/2023,voter,AW,UNA,W,NL,M,Age 41 - 65,63,11/27/2023
563528,RANDOLPH,11/07/2023,voter,ST,REP,U,HL,M,Age 41 - 65,2,11/27/2023
563663,RANDOLPH,11/07/2023,voter,DR,REP,W,NL,F,Age 26 - 40,70,11/27/2023
563807,RANDOLPH,11/07/2023,voter,AE,UNA,I,UN,F,Age 26 - 40,1,11/27/2023
563982,RANDOLPH,11/07/2023,voter,GR,UNA,W,HL,F,Age 26 - 40,3,11/27/2023
564013,RANDOLPH,11/07/2023,voter,AR,REP,I,NL,F,Age Over 66,1,11/27/2023
564185,RANDOLPH,11/07/2023,voter,AW,REP,U,UN,F,Age 41 - 65,3,11/27/2023
564227,RANDOLPH,11/07/2023,voter,UG,LIB,W,NL,M,Age 18 - 25,1,11/27/2023
564249,RANDOLPH,11/07/2023,voter,AR,UNA,W,UN,M,Age 18 - 25,7,11/27/2023
564299,RANDOLPH,11/07/2023,voter,SW,DEM,U,UN,U,Age 41 - 65,1,11/27/2023
564372,RANDOLPH,11/07/2023,voter,TB,UNA,W,UN,U,Age 26 - 40,1,11/27/2023
564440,RANDOLPH,11/07/2023,voter,AR,REP,W,NL,M,Age 41 - 65,313,11/27/2023
564471,RANDOLPH,11/07/2023,voter,AW,UNA,A,NL,F,Age 26 - 40,1,11/27/2023
564508,RANDOLPH,11/07/2023,voter,AS,UNA,A,UN,F,Age 18 - 25,3,11/27/2023
564541,RANDOLPH,11/07/2023,voter,RM,UNA,O,HL,U,Age 18 - 25,1,11/27/2023
564565,RANDOLPH,11/07/2023,voter,DR,REP,W,UN,M,Age 18 - 25,35,11/27/2023
564574,RANDOLPH,11/07/2023,voter,AR,DEM,A,NL,M,Age Over 66,2,11/27/2023
564588,RANDOLPH,11/07/2023,voter,AS,REP,B,UN,F,Age 18 - 25,1,11/27/2023
564669,RANDOLPH,11/07/2023,voter,UG,DEM,W,HL,M,Age 41 - 65,2,11/27/2023
564799,RANDOLPH,11/07/2023,voter,AS,UNA,U,UN,U,Age 26 - 40,13,11/27/2023
564830,RANDOLPH,11/07/2023,voter,NM,UNA,W,HL,M,Age 26 - 40,1,11/27/2023
564848,RANDOLPH,11/07/2023,voter,UG,UNA,U,UN,M,Age 41 - 65,2,11/27/2023
564849,RANDOLPH,11/07/2023,voter,NM,DEM,W,NL,M,Age Over 66,17,11/27/2023
564974,RANDOLPH,11/07/2023,voter,AS,UNA,B,NL,M,Age 41 - 65,4,11/27/2023
565266,RANDOLPH,11/07/2023,voter,AR,DEM,B,UN,M,Age 26 - 40,3,11/27/2023
565428,RANDOLPH,11/07/2023,voter,AE,UNA,W,NL,F,Age Over 66,39,11/27/2023
565521,RANDOLPH,11/07/2023,voter,UG,UNA,U,HL,F,Age 18 - 25,2,11/27/2023
565525,RANDOLPH,11/07/2023,voter,AN,REP,U,HL,F,Age 18 - 25,1,11/27/2023
565611,RANDOLPH,11/07/2023,voter,AN,DEM,U,UN,U,Age 41 - 65,7,11/27/2023
565614,RANDOLPH,11/07/2023,voter,AW,UNA,U,UN,U,Age 41 - 65,9,11/27/2023
565688,RANDOLPH,11/07/2023,voter,AN,REP,W,HL,F,Age 26 - 40,1,11/27/2023
565770,RANDOLPH,11/07/2023,voter,AW,DEM,O,UN,M,Age 18 - 25,3,11/27/2023
565848,RANDOLPH,11/07/2023,voter,AR,DEM,W,HL,F,Age 41 - 65,1,11/27/2023
566130,RANDOLPH,11/07/2023,voter,TR,DEM,U,NL,F,Age 18 - 25,1,11/27/2023
566174,RANDOLPH,11/07/2023,voter,,UNA,A,NL,M,Age Over 66,1,11/27/2023
566195,RANDOLPH,11/07/2023,voter,AN,DEM,B,UN,M,Age 26 - 40,10,11/27/2023
566239,RANDOLPH,11/07/2023,voter,UG,REP,O,UN,F,Age 18 - 25,2,11/27/2023
566294,RANDOLPH,11/07/2023,voter,AS,UNA,W,UN,M,Age 26 - 40,22,11/27/2023
566395,RANDOLPH,11/07/2023,voter,LB,UNA,W,NL,U,Age 18 - 25,2,11/27/2023
566412,RANDOLPH,11/07/2023,voter,TT,LIB,W,UN,M,Age 41 - 65,2,11/27/2023
566500,RANDOLPH,11/07/2023,voter,ST,REP,W,NL,M,Age 26 - 40,54,11/27/2023
566662,RANDOLPH,11/07/2023,voter,TT,REP,A,NL,M,Age 41 - 65,1,11/27/2023
566689,RANDOLPH,11/07/2023,voter,UG,DEM,O,HL,F,Age 18 - 25,4,11/27/2023
566808,RANDOLPH,11/07/2023,voter,RN,DEM,W,NL,F,Age 41 - 65,24,11/27/2023
566874,RANDOLPH,11/07/2023,voter,BC,REP,U,UN,U,Age Over 66,9,11/27/2023
567310,RANDOLPH,11/07/2023,voter,AR,DEM,A,NL,F,Age 41 - 65,1,11/27/2023
567432,RANDOLPH,11/07/2023,voter,AE,UNA,M,NL,M,Age 26 - 40,1,11/27/2023
567464,RANDOLPH,11/07/2023,voter,LB,UNA,W,UN,F,Age 26 - 40,31,11/27/2023
567506,RANDOLPH,11/07/2023,voter,BC,DEM,W,NL,M,Age Over 66,26,11/27/2023
567728,RANDOLPH,11/07/2023,voter,NM,UNA,I,NL,F,Age Over 66,1,11/27/2023
567768,RANDOLPH,11/07/2023,voter,NM,UNA,O,UN,M,Age 41 - 65,1,11/27/2023
567809,RANDOLPH,11/07/2023,voter,DR,UNA,O,UN,M,Age 26 - 40,1,11/27/2023
567928,RANDOLPH,11/07/2023,voter,,UNA,A,UN,M,Age 18 - 25,1,11/27/2023
568075,RANDOLPH,11/07/2023,voter,RN,DEM,O,HL,F,Age 26 - 40,4,11/27/2023
568089,RANDOLPH,11/07/2023,voter,AN,REP,U,HL,M,Age 41 - 65,3,11/27/2023
568138,RANDOLPH,11/07/2023,voter,BC,UNA,W,NL,F,Age 18 - 25,27,11/27/2023
568166,RANDOLPH,11/07/2023,voter,LC,DEM,B,UN,F,Age Over 66,4,11/27/2023
568240,RANDOLPH,11/07/2023,voter,TR,UNA,B,NL,M,Age 41 - 65,9,11/27/2023
568281,RANDOLPH,11/07/2023,voter,,DEM,O,UN,F,Age 41 - 65,1,11/27/2023
568336,RANDOLPH,11/07/2023,voter,AE,UNA,O,UN,F,Age 26 - 40,3,11/27/2023
568397,RANDOLPH,11/07/2023,voter,AR,UNA,U,NL,M,Age 41 - 65,1,11/27/2023
568427,RANDOLPH,11/07/2023,voter,TR,UNA,W,NL,M,Age 41 - 65,1,11/27/2023
568516,RANDOLPH,11/07/2023,voter,AW,DEM,O,HL,F,Age 26 - 40,4,11/27/2023
568584,RANDOLPH,11/07/2023,voter,,REP,U,UN,U,Age 26 - 40,14,11/27/2023
568587,RANDOLPH,11/07/2023,voter,DR,DEM,I,NL,F,Age 41 - 65,1,11/27/2023
568609,RANDOLPH,11/07/2023,voter,TR,DEM,U,UN,F,Age 26 - 40,2,11/27/2023
568654,RANDOLPH,11/07/2023,voter,TR,REP,B,NL,M,Age 18 - 25,1,11/27/2023
568736,RANDOLPH,11/07/2023,voter,RN,REP,M,UN,U,Age 26 - 40,1,11/27/2023
568779,RANDOLPH,11/07/2023,voter,TR,DEM,W,UN,M,Age Over 66,2,11/27/2023
568799,RANDOLPH,11/07/2023,voter,AR,UNA,W,NL,U,Age 41 - 65,3,11/27/2023
568800,RANDOLPH,11/07/2023,voter,,DEM,I,UN,M,Age Over 66,1,11/27/2023
568928,RANDOLPH,11/07/2023,voter,AW,REP,W,NL,M,Age 18 - 25,9,11/27/2023
568941,RANDOLPH,11/07/2023,voter,TR,REP,W,HL,M,Age 41 - 65,1,11/27/2023
568996,RANDOLPH,11/07/2023,voter,SW,UNA,W,NL,U,Age 26 - 40,3,11/27/2023
569069,RANDOLPH,11/07/2023,voter,DR,DEM,O,HL,F,Age 18 - 25,7,11/27/2023
569197,RANDOLPH,11/07/2023,voter,AW,LIB,W,NL,M,Age 18 - 25,2,11/27/2023
569295,RANDOLPH,11/07/2023,voter,SE,UNA,O,HL,F,Age 18 - 25,1,11/27/2023
569367,RANDOLPH,11/07/2023,voter,,LIB,W,UN,F,Age 41 - 65,1,11/27/2023
569380,RANDOLPH,11/07/2023,voter,AN,UNA,W,UN,M,Age Over 66,9,11/27/2023
569433,RANDOLPH,11/07/2023,voter,AR,REP,U,HL,M,Age 26 - 40,1,11/27/2023
569465,RANDOLPH,11/07/2023,voter,UG,UNA,U,HL,U,Age 26 - 40,1,11/27/2023
569527,RANDOLPH,11/07/2023,voter,LB,DEM,A,NL,U,Age 41 - 65,1,11/27/2023
569622,RANDOLPH,11/07/2023,voter,DR,UNA,W,NL,U,Age 26 - 40,3,11/27/2023
569716,RANDOLPH,11/07/2023,voter,,REP,W,UN,F,Age 26 - 40,50,11/27/2023
569879,RANDOLPH,11/07/2023,voter,ST,DEM,W,UN,F,Age 26 - 40,5,11/27/2023
569990,RANDOLPH,11/07/2023,voter,TR,REP,W,NL,U,Age Over 66,1,11/27/2023
570013,RANDOLPH,11/07/2023,voter,AE,DEM,U,NL,M,Age 41 - 65,1,11/27/2023
570103,RANDOLPH,11/07/2023,voter,UG,UNA,B,UN,F,Age 26 - 40,3,11/27/2023
570117,RANDOLPH,11/07/2023,voter,NM,UNA,O,UN,F,Age 18 - 25,2,11/27/2023
570142,RANDOLPH,11/07/2023,voter,AE,UNA,U,UN,M,Age 41 - 65,3,11/27/2023
570175,RANDOLPH,11/07/2023,voter,DR,REP,U,NL,U,Age 41 - 65,2,11/27/2023
570198,RANDOLPH,11/07/2023,voter,LC,UNA,U,UN,U,Age 41 - 65,16,11/27/2023
570230,RANDOLPH,11/07/2023,voter,DR,DEM,B,NL,M,Age 18 - 25,1,11/27/2023
570343,RANDOLPH,11/07/2023,voter,,UNA,W,UN,U,Age 26 - 40,1,11/27/2023
570401,RANDOLPH,11/07/2023,voter,,REP,W,NL,M,Age 26 - 40,106,11/27/2023
570415,RANDOLPH,11/07/2023,voter,,UNA,W,UN,U,Age 18 - 25,1,11/27/2023
570465,RANDOLPH,11/07/2023,voter,SO,DEM,U,HL,M,Age 41 - 65,3,11/27/2023
570494,RANDOLPH,11/07/2023,voter,LB,REP,W,UN,M,Age 41 - 65,47,11/27/2023
570503,RANDOLPH,11/07/2023,voter,AR,DEM,U,UN,U,Age 41 - 65,3,11/27/2023
570557,RANDOLPH,11/07/2023,voter,LC,UNA,B,UN,M,Age 26 - 40,5,11/27/2023
570628,RANDOLPH,11/07/2023,voter,AR,UNA,U,NL,U,Age 41 - 65,1,11/27/2023
570864,RANDOLPH,11/07/2023,voter,RN,UNA,O,HL,M,Age 18 - 25,20,11/27/2023
570967,RANDOLPH,11/07/2023,voter,RN,DEM,W,UN,M,Age Over 66,6,11/27/2023
571016,RANDOLPH,11/07/2023,voter,LC,UNA,W,NL,M,Age 41 - 65,68,11/27/2023
571020,RANDOLPH,11/07/2023,voter,AE,REP,W,UN,F,Age Over 66,35,11/27/2023
571104,RANDOLPH,11/07/2023,voter,GR,UNA,B,HL,F,Age 41 - 65,1,11/27/2023
571185,RANDOLPH,11/07/2023,voter,LB,DEM,B,NL,M,Age 41 - 65,40,11/27/2023
571205,RANDOLPH,11/07/2023,voter,SE,REP,W,UN,M,Age 26 - 40,38,11/27/2023
571242,RANDOLPH,11/07/2023,voter,SO,DEM,U,UN,U,Age 26 - 40,1,11/27/2023
571258,RANDOLPH,11/07/2023,voter,AN,UNA,W,NL,M,Age 41 - 65,44,11/27/2023
571397,RANDOLPH,11/07/2023,voter,SE,DEM,U,UN,M,Age 26 - 40,1,11/27/2023
571464,RANDOLPH,11/07/2023,voter,AE,DEM,O,UN,U,Age 41 - 65,1,11/27/2023
571477,RANDOLPH,11/07/2023,voter,DR,DEM,B,NL,F,Age 41 - 65,3,11/27/2023
571530,RANDOLPH,11/07/2023,voter,AR,UNA,W,UN,M,Age Over 66,9,11/27/2023
571539,RANDOLPH,11/07/2023,voter,AW,UNA,B,NL,U,Age 41 - 65,1,11/27/2023
571567,RANDOLPH,11/07/2023,voter,AS,DEM,M,NL,F,Age 26 - 40,1,11/27/2023
571628,RANDOLPH,11/07/2023,voter,ST,DEM,W,HL,F,Age 26 - 40,2,11/27/2023
571720,RANDOLPH,11/07/2023,voter,TR,REP,A,UN,F,Age Over 66,1,11/27/2023
571761,RANDOLPH,11/07/2023,voter,AN,REP,W,NL,M,Age 26 - 40,31,11/27/2023
571835,RANDOLPH,11/07/2023,voter,RN,DEM,W,NL,M,Age 18 - 25,2,11/27/2023
572016,RANDOLPH,11/07/2023,voter,UG,REP,U,UN,F,Age 26 - 40,1,11/27/2023
572069,RANDOLPH,11/07/2023,voter,UG,REP,W,NL,M,Age 41 - 65,250,11/27/2023
572116,RANDOLPH,11/07/2023,voter,SO,DEM,U,UN,U,Age 26 - 40,2,11/27/2023
572189,RANDOLPH,11/07/2023,voter,NM,UNA,B,UN,M,Age 41 - 65,2,11/27/2023
572256,RANDOLPH,11/07/2023,voter,DR,REP,W,NL,U,Age 41 - 65,3,11/27/2023
572354,RANDOLPH,11/07/2023,voter,TT,UNA,W,UN,U,Age 41 - 65,1,11/27/2023
572364,RANDOLPH,11/07/2023,voter,AN,REP,U,UN,M,Age Over 66,1,11/27/2023
572392,RANDOLPH,11/07/2023,voter,SE,UNA,O,UN,F,Age 18 - 25,1,11/27/2023
572420,RANDOLPH,11/07/2023,voter,UG,REP,U,UN,U,Age 41 - 65,17,11/27/2023
572563,RANDOLPH,11/07/2023,voter,SW,UNA,W,NL,M,Age 41 - 65,58,11/27/2023
572625,RANDOLPH,11/07/2023,voter,DR,REP,W,UN,F,Age 41 - 65,73,11/27/2023
572738,RANDOLPH,11/07/2023,voter,SO,DEM,W,UN,M,Age 41 - 65,2,11/27/2023
572751,RANDOLPH,11/07/2023,voter,AN,DEM,O,HL,F,Age 41 - 65,5,11/27/2023
572800,RANDOLPH,11/07/2023,voter,AE,UNA,W,UN,M,Age 41 - 65,31,11/27/2023
572938,RANDOLPH,11/07/2023,voter,UG,UNA,O,UN,F,Age 26 - 40,2,11/27/2023
572958,RANDOLPH,11/07/2023,voter,SO,DEM,W,UN,M,Age 41 - 65,11,11/27/2023
573242,RANDOLPH,11/07/2023,voter,ST,REP,I,NL,M,Age 41 - 65,2,11/27/2023
573314,RANDOLPH,11/07/2023,voter,DR,REP,U,UN,M,Age 18 - 25,3,11/27/2023
573376,RANDOLPH,11/07/2023,voter,TR,REP,W,UN,U,Age 26 - 40,2,11/27/2023
573454,RANDOLPH,11/07/2023,voter,SW,UNA,W,HL,M,Age 26 - 40,1,11/27/2023
573525,RANDOLPH,11/07/2023,voter,BC,REP,O,HL,M,Age 18 - 25,3,11/27/2023
573747,RANDOLPH,11/07/2023,voter,AN,DEM,B,NL,M,Age 26 - 40,8,11/27/2023
573851,RANDOLPH,11/07/2023,voter,,LIB,W,NL,F,Age 18 - 25,1,11/27/2023
573855,RANDOLPH,11/07/2023,voter,ST,REP,U,UN,M,Age 41 - 65,2,11/27/2023
573882,RANDOLPH,11/07/2023,voter,AS,REP,O,HL,M,Age 18 - 25,7,11/27/2023
573949,RANDOLPH,11/07/2023,voter,LC,UNA,B,UN,M,Age 41 - 65,4,11/27/2023
574091,RANDOLPH,11/07/2023,voter,NM,DEM,B,UN,M,Age Over 66,1,11/27/2023
574165,RANDOLPH,11/07/2023,voter,RN,UNA,I,HL,F,Age Over 66,1,11/27/2023
574358,RANDOLPH,11/07/2023,voter,,REP,W,HL,F,Age 26 - 40,1,11/27/2023
574411,RANDOLPH,11/07/2023,voter,AR,UNA,O,HL,M,Age 26 - 40,2,11/27/2023
574420,RANDOLPH,11/07/2023,voter,RM,DEM,W,UN,M,Age Over 66,4,11/27/2023
574478,RANDOLPH,11/07/2023,voter,,LIB,W,UN,F,Age Over 66,1,11/27/2023
574495,RANDOLPH,11/07/2023,voter,RN,REP,W,HL,F,Age 41 - 65,1,11/27/2023
574504,RANDOLPH,11/07/2023,voter,AW,DEM,W,UN,F,Age 18 - 25,7,11/27/2023
574541,RANDOLPH,11/07/2023,voter,AE,DEM,B,NL,F,Age 26 - 40,7,11/27/2023
574557,RANDOLPH,11/07/2023,voter,AW,DEM,B,UN,F,Age Over 66,2,11/27/2023
574590,RANDOLPH,11/07/2023,voter,AW,REP,O,NL,M,Age Over 66,1,11/27/2023
574616,RANDOLPH,11/07/2023,voter,AR,DEM,W,HL,F,Age Over 66,1,11/27/2023
574785,RANDOLPH,11/07/2023,voter,TR,UNA,O,HL,M,Age 26 - 40,1,11/27/2023
574824,RANDOLPH,11/07/2023,voter,AW,LIB,W,NL,M,Age 26 - 40,3,11/27/2023
574876,RANDOLPH,11/07/2023,voter,UG,REP,U,NL,M,Age 41 - 65,1,11/27/2023
574945,RANDOLPH,11/07/2023,voter,LB,REP,U,UN,U,Age 26 - 40,13,11/27/2023
575025,RANDOLPH,11/07/2023,voter,AR,LIB,W,NL,M,Age Over 66,2,11/27/2023
575058,RANDOLPH,11/07/2023,voter,UG,REP,O,NL,F,Age 26 - 40,1,11/27/2023
575078,RANDOLPH,11/07/2023,voter,AR,LIB,W,NL,F,Age 26 - 40,1,11/27/2023
575163,RANDOLPH,11/07/2023,voter,RN,UNA,B,HL,M,Age 18 - 25,1,11/27/2023
575291,RANDOLPH,11/07/2023,voter,RM,REP,U,UN,M,Age 26 - 40,2,11/27/2023
575301,RANDOLPH,11/07/2023,voter,AS,UNA,O,NL,U,Age 26 - 40,1,11/27/2023
575311,RANDOLPH,11/07/2023,voter,,DEM,W,UN,F,Age 26 - 40,10,11/27/2023
575442,RANDOLPH,11/07/2023,voter,TR,LIB,W,NL,M,Age 18 - 25,3,11/27/2023
575599,RANDOLPH,11/07/2023,voter,SW,UNA,U,UN,U,Age Over 66,2,11/27/2023
575633,RANDOLPH,11/07/2023,voter,RM,DEM,B,NL,M,Age 26 - 40,12,11/27/2023
575723,RANDOLPH,11/07/2023,voter,AN,UNA,M,HL,F,Age Over 66,1,11/27/2023
575745,RANDOLPH,11/07/2023,voter,AW,DEM,O,NL,F,Age 41 - 65,1,11/27/2023
575884,RANDOLPH,11/07/2023,voter,GR,LIB,W,UN,M,Age 41 - 65,2,11/27/2023
575894,RANDOLPH,11/07/2023,voter,SO,UNA,W,NL,M,Age 26 - 40,16,11/27/2023
575955,RANDOLPH,11/07/2023,voter,RN,DEM,U,UN,U,Age 18 - 25,6,11/27/2023
576197,RANDOLPH,11/07/2023,voter,SE,REP,W,NL,F,Age 18 - 25,4,11/27/2023
576199,RANDOLPH,11/07/2023,voter,LB,REP,W,NL,F,Age 41 - 65,169,11/27/2023
576247,RANDOLPH,11/07/2023,voter,DR,DEM,O,UN,F,Age 18 - 25,1,11/27/2023
576270,RANDOLPH,11/07/2023,voter,SE,DEM,W,UN,F,Age Over 66,4,11/27/2023
576517,RANDOLPH,11/07/2023,voter,ST,UNA,U,HL,F,Age 26 - 40,2,11/27/2023
576599,RANDOLPH,11/07/2023,voter,SW,REP,W,UN,F,Age 18 - 25,12,11/27/2023
576689,RANDOLPH,11/07/2023,voter,GR,REP,M,NL,F,Age 26 - 40,1,11/27/2023
576763,RANDOLPH,11/07/2023,voter,ST,REP,U,UN,U,Age 26 - 40,15,11/27/2023
576800,RANDOLPH,11/07/2023,voter,AR,REP,A,NL,F,Age Over 66,1,11/27/2023
576843,RANDOLPH,11/07/2023,voter,AW,DEM,W,UN,U,Age Over 66,1,11/27/2023
576854,RANDOLPH,11/07/2023,voter,SO,DEM,W,NL,M,Age 26 - 40,1,11/27/2023
576950,RANDOLPH,11/07/2023,voter,AW,UNA,O,HL,F,Age 41 - 65,2,11/27/2023
577056,RANDOLPH,11/07/2023,voter,AR,DEM,A,NL,M,Age 41 - 65,2,11/27/2023
577069,RANDOLPH,11/07/2023,voter,ST,DEM,O,HL,F,Age 41 - 65,2,11/27/2023
577160,RANDOLPH,11/07/2023,voter,AW,DEM,B,NL,F,Age 18 - 25,2,11/27/2023
577249,RANDOLPH,11/07/2023,voter,TR,REP,U,NL,U,Age 26 - 40,1,11/27/2023
577306,RANDOLPH,11/07/2023,voter,AE,UNA,B,NL,M,Age 41 - 65,6,11/27/2023
577380,RANDOLPH,11/07/2023,voter,RM,UNA,W,HL,M,Age 18 - 25,1,11/27/2023
577388,RANDOLPH,11/07/2023,voter,RN,DEM,O,UN,F,Age 26 - 40,1,11/27/2023
577465,RANDOLPH,11/07/2023,voter,SW,UNA,A,UN,M,Age Over 66,1,11/27/2023
577672,RANDOLPH,11/07/2023,voter,AN,REP,W,NL,M,Age 26 - 40,37,11/27/2023
577724,RANDOLPH,11/07/2023,voter,SE,DEM,I,UN,M,Age 41 - 65,1,11/27/2023
577735,RANDOLPH,11/07/2023,voter,LB,UNA,B,NL,M,Age 41 - 65,9,11/27/2023
577767,RANDOLPH,11/07/2023,voter,BC,DEM,A,UN,F,Age 18 - 25,1,11/27/2023
577790,RANDOLPH,11/07/2023,voter,AW,REP,W,NL,M,Age 26 - 40,42,11/27/2023
577996,RANDOLPH,11/07/2023,voter,SW,REP,U,UN,F,Age 18 - 25,1,11/27/2023
578085,RANDOLPH,11/07/2023,voter,AR,DEM,M,HL,M,Age 41 - 65,1,11/27/2023
578251,RANDOLPH,11/07/2023,voter,UG,UNA,B,NL,M,Age 41 - 65,1,11/27/2023
578280,RANDOLPH,11/07/2023,voter,SW,DEM,B,UN,F,Age Over 66,2,11/27/2023
578708,RANDOLPH,11/07/2023,voter,AW,DEM,O,HL,F,Age 41 - 65,1,11/27/2023
578898,RANDOLPH,11/07/2023,voter,TR,UNA,O,UN,F,Age 41 - 65,1,11/27/2023
578901,RANDOLPH,11/07/2023,voter,LC,REP,U,UN,F,Age 41 - 65,1,11/27/2023
578941,RANDOLPH,11/07/2023,voter,RN,REP,O,NL,F,Age Over 66,1,11/27/2023
579142,RANDOLPH,11/07/2023,voter,SE,DEM,O,NL,F,Age Over 66,1,11/27/2023
579156,RANDOLPH,11/07/2023,voter,GR,UNA,O,HL,F,Age 41 - 65,1,11/27/2023
579211,RANDOLPH,11/07/2023,voter,AN,DEM,B,UN,F,Age Over 66,7,11/27/2023
579311,RANDOLPH,11/07/2023,voter,RN,REP,U,HL,F,Age 41 - 65,1,11/27/2023
579469,RANDOLPH,11/07/2023,voter,AW,UNA,W,HL,M,Age 26 - 40,1,11/27/2023
579478,RANDOLPH,11/07/2023,voter,GR,REP,W,UN,U,Age 26 - 40,4,11/27/2023
579582,RANDOLPH,11/07/2023,voter,AE,UNA,O,NL,M,Age 41 - 65,1,11/27/2023
579622,RANDOLPH,11/07/2023,voter,DR,UNA,O,HL,M,Age 26 - 40,3,11/27/2023
579623,RANDOLPH,11/07/2023,voter,AE,UNA,W,NL,M,Age 18 - 25,3,11/27/2023
579631,RANDOLPH,11/07/2023,voter,AW,DEM,B,NL,M,Age Over 66,7,11/27/2023
579653,RANDOLPH,11/07/2023,voter,SO,DEM,W,NL,M,Age 26 - 40,6,11/27/2023
579787,RANDOLPH,11/07/2023,voter,AW,REP,W,UN,M,Age 41 - 65,52,11/27/2023
579828,RANDOLPH,11/07/2023,voter,GR,REP,U,NL,M,Age 41 - 65,1,11/27/2023
579838,RANDOLPH,11/07/2023,voter,AN,UNA,B,NL,F,Age 18 - 25,1,11/27/2023
579906,RANDOLPH,11/07/2023,voter,,DEM,O,HL,F,Age 41 - 65,1,11/27/2023
579992,RANDOLPH,11/07/2023,voter,TB,LIB,O,HL,M,Age 41 - 65,1,11/27/2023
580135,RANDOLPH,11/07/2023,voter,AW,REP,W,UN,F,Age 18 - 25,19,11/27/2023
580193,RANDOLPH,11/07/2023,voter,AN,REP,W,UN,F,Age 18 - 25,17,11/27/2023
580389,RANDOLPH,11/07/2023,voter,NM,UNA,O,HL,M,Age 41 - 65,3,11/27/2023
580552,RANDOLPH,11/07/2023,voter,SE,REP,W,UN,F,Age Over 66,31,11/27/2023
580648,RANDOLPH,11/07/2023,voter,AS,UNA,W,UN,F,Age Over 66,15,11/27/2023
580663,RANDOLPH,11/07/2023,voter,AR,REP,U,UN,U,Age Over 66,22,11/27/2023
580805,RANDOLPH,11/07/2023,voter,TR,REP,U,UN,U,Age 41 - 65,19,11/27/2023
580942,RANDOLPH,11/07/2023,voter,RN,REP,O,UN,M,Age 41 - 65,1,11/27/2023
580950,RANDOLPH,11/07/2023,voter,AR,UNA,W,UN,M,Age 26 - 40,15,11/27/2023
581177,RANDOLPH,11/07/2023,voter,RN,UNA,U,NL,F,Age 41 - 65,1,11/27/2023
581332,RANDOLPH,11/07/2023,voter,UG,UNA,O,NL,M,Age 41 - 65,1,11/27/2023
581337,RANDOLPH,11/07/2023,voter,TT,DEM,W,UN,F,Age 41 - 65,8,11/27/2023
581583,RANDOLPH,11/07/2023,voter,TT,DEM,W,UN,M,Age Over 66,5,11/27/2023
581591,RANDOLPH,11/07/2023,voter,AN,DEM,B,NL,M,Age Over 66,5,11/27/2023
581666,RANDOLPH,11/07/2023,voter,TR,LIB,W,HL,F,Age 18 - 25,1,11/27/2023
581717,RANDOLPH,11/07/2023,voter,AW,DEM,O,HL,F,Age Over 66,1,11/27/2023
581801,RANDOLPH,11/07/2023,voter,NM,DEM,B,UN,F,Age 41 - 65,3,11/27/2023
581817,RANDOLPH,11/07/2023,voter,AE,DEM,U,UN,U,Age 18 - 25,7,11/27/2023
581950,RANDOLPH,11/07/2023,voter,AR,DEM,O,UN,M,Age 26 - 40,2,11/27/2023
581974,RANDOLPH,11/07/2023,voter,SO,REP,O,UN,F,Age 18 - 25,2,11/27/2023
581979,RANDOLPH,11/07/2023,voter,AW,UNA,W,NL,U,Age 26 - 40,3,11/27/2023
582000,RANDOLPH,11/07/2023,voter,AR,DEM,A,NL,F,Age 18 - 25,2,11/27/2023
582064,RANDOLPH,11/07/2023,voter,AR,REP,W,NL,U,Age 26 - 40,8,11/27/2023
582148,RANDOLPH,11/07/2023,voter,AE,DEM,W,UN,M,Age 41 - 65,11,11/27/2023
582254,RANDOLPH,11/07/2023,voter,AE,UNA,U,NL,M,Age 18 - 25,1,11/27/2023
582293,RANDOLPH,11/07/2023,voter,AN,REP,O,UN,F,Age 41 - 65,1,11/27/2023
582442,RANDOLPH,11/07/2023,voter,AW,UNA,U,UN,U,Age Over 66,7,11/27/2023
582480,RANDOLPH,11/07/2023,voter,TB,REP,U,UN,F,Age 18 - 25,1,11/27/2023
582488,RANDOLPH,11/07/2023,voter,AW,REP,U,HL,F,Age 41 - 65,2,11/27/2023
582510,RANDOLPH,11/07/2023,voter,AS,UNA,W,NL,M,Age 26 - 40,14,11/27/2023
582569,RANDOLPH,11/07/2023,voter,AE,REP,U,UN,U,Age 41 - 65,8,11/27/2023
582623,RANDOLPH,11/07/2023,voter,SO,UNA,U,UN,F,Age 18 - 25,1,11/27/2023
582755,RANDOLPH,11/07/2023,voter,AR,REP,W,NL,U,Age 41 - 65,7,11/27/2023
582792,RANDOLPH,11/07/2023,voter,LB,DEM,I,NL,M,Age 41 - 65,1,11/27/2023
582824,RANDOLPH,11/07/2023,voter,AS,DEM,B,UN,F,Age 26 - 40,4,11/27/2023
582919,RANDOLPH,11/07/2023,voter,UG,REP,O,HL,M,Age Over 66,1,11/27/2023
582932,RANDOLPH,11/07/2023,voter,AW,DEM,B,UN,M,Age 18 - 25,6,11/27/2023
583017,RANDOLPH,11/07/2023,voter,AR,DEM,O,HL,F,Age 18 - 25,2,11/27/2023
583027,RANDOLPH,11/07/2023,voter,AW,DEM,W,HL,F,Age 26 - 40,1,11/27/2023
583259,RANDOLPH,11/07/2023,voter,AR,LIB,O,NL,F,Age 26 - 40,1,11/27/2023
583311,RANDOLPH,11/07/2023,voter,UG,REP,O,HL,F,Age 18 - 25,4,11/27/2023
583316,RANDOLPH,11/07/2023,voter,AW,REP,U,HL,M,Age Over 66,2,11/27/2023
583323,RANDOLPH,11/07/2023,voter,NM,UNA,A,UN,M,Age 18 - 25,1,11/27/2023
583332,RANDOLPH,11/07/2023,voter,AS,UNA,U,HL,M,Age 41 - 65,1,11/27/2023
583429,RANDOLPH,11/07/2023,voter,RM,LIB,B,UN,F,Age 18 - 25,1,11/27/2023
583482,RANDOLPH,11/07/2023,voter,AR,REP,O,NL,M,Age 18 - 25,1,11/27/2023
583533,RANDOLPH,11/07/2023,voter,RM,UNA,O,HL,F,Age 26 - 40,8,11/27/2023
583666,RANDOLPH,11/07/2023,voter,,DEM,U,UN,U,Age 18 - 25,2,11/27/2023
583842,RANDOLPH,11/07/2023,voter,TR,DEM,W,HL,F,Age 18 - 25,2,11/27/2023
583881,RANDOLPH,11/07/2023,voter,RN,DEM,B,UN,U,Age 41 - 65,1,11/27/2023
583956,RANDOLPH,11/07/2023,voter,TR,REP,W,NL,M,Age 18 - 25,38,11/27/2023
583975,RANDOLPH,11/07/2023,voter,AS,UNA,O,HL,M,Age 18 - 25,4,11/27/2023
583986,RANDOLPH,11/07/2023,voter,RM,LIB,W,NL,M,Age Over 66,1,11/27/2023
584020,RANDOLPH,11/07/2023,voter,AR,DEM,U,UN,M,Age 18 - 25,1,11/27/2023
584067,RANDOLPH,11/07/2023,voter,RN,UNA,M,HL,F,Age 18 - 25,1,11/27/2023
584169,RANDOLPH,11/07/2023,voter,AE,UNA,W,NL,F,Age 41 - 65,64,11/27/2023
584175,RANDOLPH,11/07/2023,voter,RN,DEM,U,UN,U,Age 18 - 25,1,11/27/2023
584217,RANDOLPH,11/07/2023,voter,UG,REP,O,NL,M,Age 41 - 65,3,11/27/2023
584475,RANDOLPH,11/07/2023,voter,TT,DEM,O,HL,F,Age 41 - 65,2,11/27/2023
584517,RANDOLPH,11/07/2023,voter,ST,DEM,W,NL,F,Age 18 - 25,1,11/27/2023
584612,RANDOLPH,11/07/2023,voter,AS,DEM,U,NL,F,Age 41 - 65,1,11/27/2023
584680,RANDOLPH,11/07/2023,voter,SW,REP,A,UN,F,Age 41 - 65,1,11/27/2023
584804,RANDOLPH,11/07/2023,voter,AR,DEM,B,UN,M,Age 41 - 65,5,11/27/2023
584991,RANDOLPH,11/07/2023,voter,AR,DEM,U,UN,U,Age 26 - 40,5,11/27/2023
585057,RANDOLPH,11/07/2023,voter,SO,DEM,U,HL,M,Age 26 - 40,1,11/27/2023
585062,RANDOLPH,11/07/2023,voter,AE,DEM,B,NL,U,Age 26 - 40,1,11/27/2023
585099,RANDOLPH,11/07/2023,voter,AR,UNA,U,UN,F,Age 26 - 40,1,11/27/2023
585106,RANDOLPH,11/07/2023,voter,NM,DEM,W,UN,F,Age 41 - 65,3,11/27/2023
585152,RANDOLPH,11/07/2023,voter,AN,UNA,W,NL,U,Age Over 66,2,11/27/2023
585193,RANDOLPH,11/07/2023,voter,RN,DEM,W,UN,F,Age 26 - 40,5,11/27/2023
585365,RANDOLPH,11/07/2023,voter,RM,UNA,A,NL,M,Age Over 66,1,11/27/2023
585484,RANDOLPH,11/07/2023,voter,SW,REP,U,UN,M,Age Over 66,1,11/27/2023
585502,RANDOLPH,11/07/2023,voter,SW,REP,U,UN,F,Age 41 - 65,3,11/27/2023
585602,RANDOLPH,11/07/2023,voter,RN,UNA,U,UN,U,Age 18 - 25,19,11/27/2023
585656,RANDOLPH,11/07/2023,voter,AN,UNA,M,NL,F,Age 18 - 25,1,11/27/2023
585732,RANDOLPH,11/07/2023,voter,AW,UNA,I,UN,F,Age 41 - 65,1,11/27/2023
585906,RANDOLPH,11/07/2023,voter,TR,UNA,W,NL,M,Age 18 - 25,48,11/27/2023
586010,RANDOLPH,11/07/2023,voter,AR,UNA,U,UN,F,Age Over 66,1,11/27/2023
586019,RANDOLPH,11/07/2023,voter,AE,UNA,W,NL,F,Age 41 - 65,44,11/27/2023
586037,RANDOLPH,11/07/2023,voter,UG,DEM,W,UN,M,Age 41 - 65,14,11/27/2023
586091,RANDOLPH,11/07/2023,voter,,DEM,U,UN,U,Age Over 66,1,11/27/2023
586092,RANDOLPH,11/07/2023,voter,NM,REP,U,HL,M,Age 41 - 65,1,11/27/2023
586241,RANDOLPH,11/07/2023,voter,GR,UNA,U,UN,U,Age Over 66,3,11/27/2023
586289,RANDOLPH,11/07/2023,voter,SO,LIB,B,NL,M,Age 26 - 40,1,11/27/2023
586295,RANDOLPH,11/07/2023,voter,TR,DEM,O,HL,F,Age 18 - 25,2,11/27/2023
586389,RANDOLPH,11/07/2023,voter,AE,DEM,U,HL,M,Age 26 - 40,2,11/27/2023
586543,RANDOLPH,11/07/2023,voter,AN,DEM,A,UN,U,Age 26 - 40,1,11/27/2023
586554,RANDOLPH,11/07/2023,voter,AW,UNA,U,HL,F,Age 26 - 40,6,11/27/2023
586601,RANDOLPH,11/07/2023,voter,GR,NLB,W,NL,F,Age 18 - 25,1,11/27/2023
586644,RANDOLPH,11/07/2023,voter,RN,DEM,W,NL,F,Age 26 - 40,23,11/27/2023
586716,RANDOLPH,11/07/2023,voter,AW,DEM,U,UN,U,Age 41 - 65,2,11/27/2023
586740,RANDOLPH,11/07/2023,voter,UG,UNA,W,NL,M,Age 26 - 40,33,11/27/2023
586812,RANDOLPH,11/07/2023,voter,AW,REP,W,HL,M,Age 41 - 65,1,11/27/2023
586843,RANDOLPH,11/07/2023,voter,ST,UNA,M,HL,F,Age 41 - 65,1,11/27/2023
586933,RANDOLPH,11/07/2023,voter,GR,UNA,W,NL,U,Age 18 - 25,1,11/27/2023
586973,RANDOLPH,11/07/2023,voter,TR,UNA,B,NL,U,Age 26 - 40,1,11/27/2023
587156,RANDOLPH,11/07/2023,voter,RN,UNA,W,NL,F,Age 41 - 65,60,11/27/2023
587270,RANDOLPH,11/07/2023,voter,AR,REP,B,NL,F,Age 18 - 25,1,11/27/2023
587283,RANDOLPH,11/07/2023,voter,TR,UNA,B,UN,F,Age 26 - 40,3,11/27/2023
587509,RANDOLPH,11/07/2023,voter,GR,LIB,W,UN,M,Age Over 66,1,11/27/2023
587526,RANDOLPH,11/07/2023,voter,UG,DEM,W,UN,F,Age 41 - 65,12,11/27/2023
587573,RANDOLPH,11/07/2023,voter,AR,REP,U,HL,F,Age 18 - 25,1,11/27/2023
587609,RANDOLPH,11/07/2023,voter,AR,REP,O,HL,F,Age Over 66,1,11/27/2023
587837,RANDOLPH,11/07/2023,voter,AE,UNA,A,UN,F,Age Over 66,1,11/27/2023
587866,RANDOLPH,11/07/2023,voter,AR,REP,W,HL,M,Age 26 - 40,2,11/27/2023
587963,RANDOLPH,11/07/2023,voter,TR,UNA,W,NL,U,Age 18 - 25,3,11/27/2023
587998,RANDOLPH,11/07/2023,voter,TR,UNA,U,UN,U,Age 18 - 25,13,11/27/2023
588116,RANDOLPH,11/07/2023,voter,LB,UNA,U,UN,F,Age 18 - 25,4,11/27/2023
588192,RANDOLPH,11/07/2023,voter,AS,DEM,W,NL,F,Age Over 66,62,11/27/2023
588272,RANDOLPH,11/07/2023,voter,NM,DEM,W,NL,F,Age 18 - 25,3,11/27/2023
588417,RANDOLPH,11/07/2023,voter,TR,UNA,W,UN,M,Age 41 - 65,40,11/27/2023
588450,RANDOLPH,11/07/2023,voter,AR,UNA,O,HL,F,Age 26 - 40,2,11/27/2023
588494,RANDOLPH,11/07/2023,voter,SW,REP,O,NL,M,Age Over 66,2,11/27/2023
588543,RANDOLPH,11/07/2023,voter,LC,UNA,O,UN,M,Age 26 - 40,2,11/27/2023
588576,RANDOLPH,11/07/2023,voter,TR,REP,W,UN,M,Age 41 - 65,50,11/27/2023
588593,RANDOLPH,11/07/2023,voter,DR,REP,O,HL,M,Age 26 - 40,4,11/27/2023
588626,RANDOLPH,11/07/2023,voter,ST,DEM,B,UN,F,Age 41 - 65,4,11/27/2023
588631,RANDOLPH,11/07/2023,voter,AW,UNA,W,HL,F,Age 26 - 40,2,11/27/2023
588661,RANDOLPH,11/07/2023,voter,UG,UNA,U,HL,M,Age 41 - 65,3,11/27/2023
588686,RANDOLPH,11/07/2023,voter,AN,REP,I,NL,M,Age 41 - 65,1,11/27/2023
588712,RANDOLPH,11/07/2023,voter,AR,UNA,A,NL,F,Age Over 66,1,11/27/2023
588714,RANDOLPH,11/07/2023,voter,AW,DEM,B,NL,M,Age Over 66,7,11/27/2023
588718,RANDOLPH,11/07/2023,voter,TR,UNA,A,UN,M,Age 26 - 40,1,11/27/2023
588773,RANDOLPH,11/07/2023,voter,SE,DEM,B,UN,M,Age 41 - 65,3,11/27/2023
588866,RANDOLPH,11/07/2023,voter,LB,UNA,U,NL,M,Age 26 - 40,2,11/27/2023
588913,RANDOLPH,11/07/2023,voter,TR,UNA,W,NL,F,Age Over 66,68,11/27/2023
588924,RANDOLPH,11/07/2023,voter,AW,DEM,B,NL,F,Age 41 - 65,32,11/27/2023
589032,RANDOLPH,11/07/2023,voter,AR,REP,A,NL,M,Age 18 - 25,2,11/27/2023
589087,RANDOLPH,11/07/2023,voter,LB,DEM,O,NL,M,Age 41 - 65,2,11/27/2023
589118,RANDOLPH,11/07/2023,voter,TB,UNA,O,HL,F,Age 18 - 25,2,11/27/2023
589124,RANDOLPH,11/07/2023,voter,SW,UNA,U,UN,U,Age 41 - 65,5,11/27/2023
589142,RANDOLPH,11/07/2023,voter,DR,REP,U,HL,M,Age 18 - 25,1,11/27/2023
589424,RANDOLPH,11/07/2023,voter,UG,REP,B,NL,M,Age 18 - 25,1,11/27/2023
589489,RANDOLPH,11/07/2023,voter,TR,DEM,A,UN,U,Age Over 66,1,11/27/2023
589492,RANDOLPH,11/07/2023,voter,RM,UNA,A,UN,F,Age 41 - 65,2,11/27/2023
589722,RANDOLPH,11/07/2023,voter,TB,UNA,O,NL,M,Age 26 - 40,2,11/27/2023
589927,RANDOLPH,11/07/2023,voter,RN,REP,U,HL,M,Age 26 - 40,1,11/27/2023
589946,RANDOLPH,11/07/2023,voter,GR,UNA,W,NL,M,Age 26 - 40,53,11/27/2023
590000,RANDOLPH,11/07/2023,voter,TR,REP,W,NL,F,Age 26 - 40,1,11/27/2023
590025,RANDOLPH,11/07/2023,voter,AE,REP,O,HL,F,Age 18 - 25,3,11/27/2023
590241,RANDOLPH,11/07/2023,voter,SE,DEM,W,UN,M,Age 26 - 40,1,11/27/2023
590265,RANDOLPH,11/07/2023,voter,UG,UNA,W,NL,F,Age Over 66,61,11/27/2023
590271,RANDOLPH,11/07/2023,voter,AN,REP,B,UN,F,Age 41 - 65,1,11/27/2023
590629,RANDOLPH,11/07/2023,voter,RN,DEM,B,UN,F,Age 26 - 40,7,11/27/2023
590666,RANDOLPH,11/07/2023,voter,AS,DEM,U,UN,U,Age 26 - 40,3,11/27/2023
590672,RANDOLPH,11/07/2023,voter,RN,UNA,U,UN,U,Age 26 - 40,16,11/27/2023
590910,RANDOLPH,11/07/2023,voter,TR,UNA,I,NL,M,Age Over 66,1,11/27/2023
591039,RANDOLPH,11/07/2023,voter,ST,DEM,B,NL,M,Age 41 - 65,13,11/27/2023
591124,RANDOLPH,11/07/2023,voter,UG,DEM,W,HL,F,Age 41 - 65,1,11/27/2023
591183,RANDOLPH,11/07/2023,voter,SW,REP,A,UN,F,Age 26 - 40,1,11/27/2023
591264,RANDOLPH,11/07/2023,voter,LC,UNA,A,UN,U,Age 26 - 40,1,11/27/2023
591462,RANDOLPH,11/07/2023,voter,BC,REP,O,UN,M,Age 18 - 25,1,11/27/2023
591514,RANDOLPH,11/07/2023,voter,AE,DEM,O,UN,M,Age 41 - 65,2,11/27/2023
591613,RANDOLPH,11/07/2023,voter,TR,UNA,M,NL,M,Age 41 - 65,1,11/27/2023
591688,RANDOLPH,11/07/2023,voter,TB,REP,W,UN,M,Age 26 - 40,41,11/27/2023
591785,RANDOLPH,11/07/2023,voter,AN,UNA,W,NL,U,Age 26 - 40,5,11/27/2023
591829,RANDOLPH,11/07/2023,voter,DR,DEM,B,UN,F,Age 18 - 25,1,11/27/2023
591899,RANDOLPH,11/07/2023,voter,AW,UNA,U,HL,F,Age 18 - 25,4,11/27/2023
591951,RANDOLPH,11/07/2023,voter,RM,REP,U,UN,U,Age 18 - 25,4,11/27/2023
592230,RANDOLPH,11/07/2023,voter,SO,DEM,U,UN,M,Age 41 - 65,2,11/27/2023
592236,RANDOLPH,11/07/2023,voter,TR,REP,A,UN,F,Age 26 - 40,1,11/27/2023
592354,RANDOLPH,11/07/2023,voter,TR,REP,O,NL,M,Age 18 - 25,2,11/27/2023
592415,RANDOLPH,11/07/2023,voter,DR,LIB,W,UN,F,Age 41 - 65,1,11/27/2023
592447,RANDOLPH,11/07/2023,voter,AR,LIB,W,NL,F,Age 18 - 25,4,11/27/2023
592601,RANDOLPH,11/07/2023,voter,BC,UNA,W,UN,F,Age Over 66,20,11/27/2023
592638,RANDOLPH,11/07/2023,voter,RM,DEM,W,NL,M,Age 18 - 25,5,11/27/2023
592659,RANDOLPH,11/07/2023,voter,AE,REP,W,UN,M,Age 26 - 40,26,11/27/2023
592671,RANDOLPH,11/07/2023,voter,AE,DEM,O,NL,F,Age 26 - 40,1,11/27/2023
592770,RANDOLPH,11/07/2023,voter,AS,REP,M,HL,F,Age 18 - 25,1,11/27/2023
592792,RANDOLPH,11/07/2023,voter,AN,UNA,U,UN,U,Age 41 - 65,24,11/27/2023
592842,RANDOLPH,11/07/2023,voter,,REP,O,HL,M,Age 26 - 40,2,11/27/2023
592884,RANDOLPH,11/07/2023,voter,AW,DEM,O,HL,M,Age 18 - 25,17,11/27/2023
592987,RANDOLPH,11/07/2023,voter,AW,REP,W,UN,F,Age 18 - 25,19,11/27/2023
593078,RANDOLPH,11/07/2023,voter,UG,UNA,W,UN,F,Age 18 - 25,38,11/27/2023
593468,RANDOLPH,11/07/2023,voter,UG,DEM,W,NL,F,Age 18 - 25,3,11/27/2023
593733,RANDOLPH,11/07/2023,voter,UG,REP,W,NL,U,Age 26 - 40,4,11/27/2023
593805,RANDOLPH,11/07/2023,voter,TR,UNA,O,UN,F,Age 26 - 40,3,11/27/2023
593806,RANDOLPH,11/07/2023,voter,UG,UNA,U,UN,F,Age 41 - 65,2,11/27/2023
593919,RANDOLPH,11/07/2023,voter,,REP,W,NL,F,Age 41 - 65,233,11/27/2023
593924,RANDOLPH,11/07/2023,voter,DR,DEM,B,UN,M,Age Over 66,1,11/27/2023
593925,RANDOLPH,11/07/2023,voter,NM,LIB,W,UN,M,Age 18 - 25,1,11/27/2023
594068,RANDOLPH,11/07/2023,voter,,DEM,B,UN,F,Age 41 - 65,4,11/27/2023
594082,RANDOLPH,11/07/2023,voter,TB,UNA,B,NL,M,Age 26 - 40,1,11/27/2023
594271,RANDOLPH,11/07/2023,voter,TR,UNA,B,NL,U,Age 41 - 65,1,11/27/2023
594286,RANDOLPH,11/07/2023,voter,RM,REP,W,UN,M,Age 26 - 40,37,11/27/2023
594287,RANDOLPH,11/07/2023,voter,TT,UNA,W,NL,U,Age 18 - 25,1,11/27/2023
594288,RANDOLPH,11/07/2023,voter,DR,LIB,W,NL,M,Age 41 - 65,1,11/27/2023
594365,RANDOLPH,11/07/2023,voter,AE,UNA,B,UN,F,Age 26 - 40,21,11/27/2023
594404,RANDOLPH,11/07/2023,voter,AW,UNA,B,UN,F,Age 41 - 65,11,11/27/2023
594490,RANDOLPH,11/07/2023,voter,SE,DEM,W,NL,F,Age 18 - 25,1,11/27/2023
594644,RANDOLPH,11/07/2023,voter,AN,DEM,W,NL,U,Age 26 - 40,3,11/27/2023
594652,RANDOLPH,11/07/2023,voter,DR,REP,U,UN,M,Age 18 - 25,2,11/27/2023
594683,RANDOLPH,11/07/2023,voter,AS,REP,O,HL,F,Age 18 - 25,1,11/27/2023
594698,RANDOLPH,11/07/2023,voter,LC,UNA,B,NL,U,Age 41 - 65,1,11/27/2023
594789,RANDOLPH,11/07/2023,voter,BC,UNA,U,UN,M,Age 18 - 25,3,11/27/2023
594813,RANDOLPH,11/07/2023,voter,AE,REP,U,UN,F,Age 26 - 40,1,11/27/2023
595051,RANDOLPH,11/07/2023,voter,RN,REP,U,UN,U,Age 18 - 25,2,11/27/2023
595104,RANDOLPH,11/07/2023,voter,NM,UNA,W,HL,M,Age 41 - 65,1,11/27/2023
595147,RANDOLPH,11/07/2023,voter,ST,UNA,M,NL,F,Age 18 - 25,1,11/27/2023
595148,RANDOLPH,11/07/2023,voter,AN,DEM,B,UN,F,Age Over 66,1,11/27/2023
595252,RANDOLPH,11/07/2023,voter,AW,DEM,B,NL,M,Age 41 - 65,14,11/27/2023
595278,RANDOLPH,11/07/2023,voter,AS,DEM,W,UN,M,Age 41 - 65,9,11/27/2023
595348,RANDOLPH,11/07/2023,voter,AE,DEM,B,NL,U,Age 18 - 25,1,11/27/2023
595476,RANDOLPH,11/07/2023,voter,TB,REP,I,UN,M,Age 41 - 65,1,11/27/2023
595478,RANDOLPH,11/07/2023,voter,AE,UNA,B,NL,M,Age 26 - 40,14,11/27/2023
595489,RANDOLPH,11/07/2023,voter,TR,DEM,U,UN,F,Age Over 66,2,11/27/2023
595523,RANDOLPH,11/07/2023,voter,AS,UNA,W,NL,U,Age 41 - 65,3,11/27/2023
595744,RANDOLPH,11/07/2023,voter,UG,UNA,I,NL,M,Age 41 - 65,1,11/27/2023
595792,RANDOLPH,11/07/2023,voter,LC,UNA,W,NL,U,Age 26 - 40,5,11/27/2023
595845,RANDOLPH,11/07/2023,voter,AR,LIB,B,NL,F,Age 26 - 40,1,11/27/2023
595861,RANDOLPH,11/07/2023,voter,ST,REP,W,NL,F,Age Over 66,144,11/27/2023
595862,RANDOLPH,11/07/2023,voter,AE,DEM,B,NL,M,Age 26 - 40,16,11/27/2023
595883,RANDOLPH,11/07/2023,voter,AE,UNA,W,NL,M,Age 26 - 40,25,11/27/2023
595981,RANDOLPH,11/07/2023,voter,AS,REP,U,UN,U,Age Over 66,4,11/27/2023
595988,RANDOLPH,11/07/2023,voter,AE,REP,U,UN,F,Age Over 66,1,11/27/2023
595991,RANDOLPH,11/07/2023,voter,AW,UNA,A,NL,F,Age 41 - 65,2,11/27/2023
596238,RANDOLPH,11/07/2023,voter,,DEM,P,HL,F,Age 41 - 65,1,11/27/2023
596350,RANDOLPH,11/07/2023,voter,DR,REP,U,UN,U,Age 18 - 25,5,11/27/2023
596352,RANDOLPH,11/07/2023,voter,UG,UNA,U,UN,U,Age 18 - 25,24,11/27/2023
596414,RANDOLPH,11/07/2023,voter,AR,UNA,W,HL,M,Age 26 - 40,2,11/27/2023
596445,RANDOLPH,11/07/2023,voter,UG,UNA,U,UN,M,Age 26 - 40,4,11/27/2023
596472,RANDOLPH,11/07/2023,voter,DR,DEM,W,HL,F,Age 41 - 65,1,11/27/2023
596507,RANDOLPH,11/07/2023,voter,SE,DEM,B,UN,F,Age 26 - 40,2,11/27/2023
596613,RANDOLPH,11/07/2023,voter,AN,REP,O,HL,M,Age 26 - 40,8,11/27/2023
596636,RANDOLPH,11/07/2023,voter,AE,DEM,O,NL,M,Age 41 - 65,3,11/27/2023
596834,RANDOLPH,11/07/2023,voter,SE,UNA,W,NL,M,Age 26 - 40,28,11/27/2023
596983,RANDOLPH,11/07/2023,voter,TR,UNA,A,UN,M,Age 41 - 65,1,11/27/2023
597057,RANDOLPH,11/07/2023,voter,AW,DEM,W,HL,M,Age Over 66,1,11/27/2023
597163,RANDOLPH,11/07/2023,voter,RN,DEM,O,UN,F,Age 18 - 25,2,11/27/2023
597227,RANDOLPH,11/07/2023,voter,AW,REP,O,NL,M,Age Over 66,1,11/27/2023
597234,RANDOLPH,11/07/2023,voter,AR,UNA,W,UN,U,Age 26 - 40,2,11/27/2023
597276,RANDOLPH,11/07/2023,voter,AE,REP,U,UN,U,Age Over 66,8,11/27/2023
597366,RANDOLPH,11/07/2023,voter,RM,UNA,B,UN,F,Age 18 - 25,6,11/27/2023
597560,RANDOLPH,11/07/2023,voter,AN,REP,I,UN,F,Age 18 - 25,1,11/27/2023
597677,RANDOLPH,11/07/2023,voter,DR,REP,U,UN,U,Age Over 66,4,11/27/2023
597683,RANDOLPH,11/07/2023,voter,,DEM,W,NL,F,Age Over 66,54,11/27/2023
597724,RANDOLPH,11/07/2023,voter,LC,UNA,U,UN,F,Age 41 - 65,2,11/27/2023
597782,RANDOLPH,11/07/2023,voter,TR,UNA,O,UN,F,Age 18 - 25,1,11/27/2023
597799,RANDOLPH,11/07/2023,voter,ST,UNA,U,HL,M,Age Over 66,1,11/27/2023
597968,RANDOLPH,11/07/2023,voter,TR,UNA,A,NL,F,Age 26 - 40,4,11/27/2023
598056,RANDOLPH,11/07/2023,voter,,REP,O,UN,F,Age 26 - 40,1,11/27/2023
598118,RANDOLPH,11/07/2023,voter,SO,LIB,W,NL,F,Age 26 - 40,1,11/27/2023
598295,RANDOLPH,11/07/2023,voter,,REP,W,UN,M,Age 41 - 65,120,11/27/2023
598308,RANDOLPH,11/07/2023,voter,UG,DEM,W,NL,U,Age 41 - 65,1,11/27/2023
598311,RANDOLPH,11/07/2023,voter,LC,REP,I,NL,M,Age 26 - 40,1,11/27/2023
598339,RANDOLPH,11/07/2023,voter,SW,UNA,W,UN,F,Age 26 - 40,25,11/27/2023
598387,RANDOLPH,11/07/2023,voter,DR,UNA,W,HL,F,Age Over 66,1,11/27/2023
598486,RANDOLPH,11/07/2023,voter,DR,REP,W,UN,U,Age Over 66,3,11/27/2023
598502,RANDOLPH,11/07/2023,voter,AE,GRE,W,UN,F,Age 18 - 25,1,11/27/2023
598528,RANDOLPH,11/07/2023,voter,AN,REP,W,NL,M,Age 18 - 25,8,11/27/2023
598530,RANDOLPH,11/07/2023,voter,GR,UNA,W,NL,F,Age 41 - 65,139,11/27/2023
598569,RANDOLPH,11/07/2023,voter,NM,UNA,W,HL,F,Age 41 - 65,1,11/27/2023
598588,RANDOLPH,11/07/2023,voter,AW,DEM,B,UN,F,Age 26 - 40,6,11/27/2023
598643,RANDOLPH,11/07/2023,voter,AR,DEM,W,NL,U,Age 41 - 65,1,11/27/2023
598746,RANDOLPH,11/07/2023,voter,AN,UNA,B,NL,U,Age 26 - 40,1,11/27/2023
598757,RANDOLPH,11/07/2023,voter,TR,DEM,O,HL,M,Age 18 - 25,3,11/27/2023
598969,RANDOLPH,11/07/2023,voter,,LIB,W,UN,U,Age Over 66,1,11/27/2023
598991,RANDOLPH,11/07/2023,voter,RN,DEM,W,NL,U,Age 18 - 25,2,11/27/2023
599027,RANDOLPH,11/07/2023,voter,AW,REP,W,NL,U,Age 26 - 40,1,11/27/2023
599107,RANDOLPH,11/07/2023,voter,AW,UNA,I,NL,M,Age 41 - 65,1,11/27/2023
599177,RANDOLPH,11/07/2023,voter,SO,DEM,U,UN,U,Age 41 - 65,4,11/27/2023
599227,RANDOLPH,11/07/2023,voter,AN,REP,O,NL,F,Age 26 - 40,1,11/27/2023
599256,RANDOLPH,11/07/2023,voter,DR,REP,B,NL,M,Age Over 66,2,11/27/2023
599363,RANDOLPH,11/07/2023,voter,AR,NLB,W,UN,F,Age 26 - 40,1,11/27/2023
599368,RANDOLPH,11/07/2023,voter,AS,DEM,O,HL,F,Age 18 - 25,5,11/27/2023
599565,RANDOLPH,11/07/2023,voter,AE,REP,W,UN,M,Age 41 - 65,38,11/27/2023
599571,RANDOLPH,11/07/2023,voter,BC,REP,U,UN,M,Age 18 - 25,2,11/27/2023
599676,RANDOLPH,11/07/2023,voter,TR,UNA,W,UN,U,Age 26 - 40,1,11/27/2023
599747,RANDOLPH,11/07/2023,voter,AR,REP,A,NL,M,Age 26 - 40,3,11/27/2023
599765,RANDOLPH,11/07/2023,voter,AE,DEM,W,UN,F,Age 26 - 40,10,11/27/2023
599842,RANDOLPH,11/07/2023,voter,GR,UNA,U,HL,M,Age 41 - 65,2,11/27/2023
599964,RANDOLPH,11/07/2023,voter,LB,LIB,W,NL,M,Age 26 - 40,4,11/27/2023
599972,RANDOLPH,11/07/2023,voter,AN,UNA,U,UN,M,Age 41 - 65,4,11/27/2023
600004,RANDOLPH,11/07/2023,voter,SO,UNA,U,HL,F,Age 26 - 40,2,11/27/2023
600100,RANDOLPH,11/07/2023,voter,SE,REP,W,NL,U,Age 26 - 40,1,11/27/2023
600189,RANDOLPH,11/07/2023,voter,AW,UNA,W,UN,F,Age Over 66,12,11/27/2023
600331,RANDOLPH,11/07/2023,voter,AR,UNA,B,UN,M,Age 18 - 25,2,11/27/2023
600355,RANDOLPH,11/07/2023,voter,LC,UNA,W,UN,F,Age 18 - 25,21,11/27/2023
600357,RANDOLPH,11/07/2023,voter,LB,UNA,B,UN,M,Age 26 - 40,7,11/27/2023
600390,RANDOLPH,11/07/2023,voter,TR,UNA,O,NL,M,Age 41 - 65,3,11/27/2023
600447,RANDOLPH,11/07/2023,voter,AW,UNA,W,NL,F,Age Over 66,28,11/27/2023
600489,RANDOLPH,11/07/2023,voter,TR,UNA,W,UN,F,Age 41 - 65,26,11/27/2023
600606,RANDOLPH,11/07/2023,voter,AW,UNA,W,NL,M,Age 26 - 40,26,11/27/2023
600711,RANDOLPH,11/07/2023,voter,AS,DEM,O,HL,M,Age 18 - 25,8,11/27/2023
600712,RANDOLPH,11/07/2023,voter,ST,DEM,U,HL,M,Age 41 - 65,2,11/27/2023
600761,RANDOLPH,11/07/2023,voter,AR,DEM,W,UN,F,Age Over 66,7,11/27/2023
600805,RANDOLPH,11/07/2023,voter,RN,UNA,W,UN,M,Age Over 66,19,11/27/2023
600947,RANDOLPH,11/07/2023,voter,RM,REP,W,HL,F,Age 41 - 65,1,11/27/2023
600988,RANDOLPH,11/07/2023,voter,DR,REP,I,UN,F,Age 41 - 65,1,11/27/2023
601011,RANDOLPH,11/07/2023,voter,GR,DEM,B,NL,F,Age 26 - 40,10,11/27/2023
601061,RANDOLPH,11/07/2023,voter,SW,UNA,O,HL,M,Age 18 - 25,1,11/27/2023
601076,RANDOLPH,11/07/2023,voter,DR,REP,W,NL,F,Age 41 - 65,167,11/27/2023
601138,RANDOLPH,11/07/2023,voter,SE,UNA,W,NL,F,Age 18 - 25,9,11/27/2023
601161,RANDOLPH,11/07/2023,voter,NM,UNA,U,NL,M,Age 18 - 25,1,11/27/2023
601264,RANDOLPH,11/07/2023,voter,AW,REP,A,UN,M,Age 41 - 65,1,11/27/2023
601396,RANDOLPH,11/07/2023,voter,TR,UNA,B,UN,U,Age 26 - 40,2,11/27/2023
601539,RANDOLPH,11/07/2023,voter,DR,DEM,W,UN,M,Age Over 66,4,11/27/2023
601549,RANDOLPH,11/07/2023,voter,AE,LIB,W,NL,M,Age 26 - 40,2,11/27/2023
601558,RANDOLPH,11/07/2023,voter,AN,REP,U,UN,U,Age 26 - 40,12,11/27/2023
601653,RANDOLPH,11/07/2023,voter,AE,UNA,W,NL,F,Age 26 - 40,27,11/27/2023
601713,RANDOLPH,11/07/2023,voter,RN,REP,W,UN,F,Age 41 - 65,50,11/27/2023
601763,RANDOLPH,11/07/2023,voter,SE,REP,U,UN,U,Age 41 - 65,7,11/27/2023
601932,RANDOLPH,11/07/2023,voter,SO,DEM,U,UN,U,Age 18 - 25,1,11/27/2023
601984,RANDOLPH,11/07/2023,voter,RN,UNA,U,NL,F,Age Over 66,1,11/27/2023
602004,RANDOLPH,11/07/2023,voter,AR,UNA,M,NL,F,Age 41 - 65,1,11/27/2023
602244,RANDOLPH,11/07/2023,voter,UG,LIB,U,NL,M,Age 26 - 40,1,11/27/2023
602423,RANDOLPH,11/07/2023,voter,TB,UNA,W,NL,M,Age 26 - 40,47,11/27/2023
602469,RANDOLPH,11/07/2023,voter,AR,UNA,O,NL,F,Age 41 - 65,3,11/27/2023
602500,RANDOLPH,11/07/2023,voter,RM,DEM,W,HL,F,Age 18 - 25,4,11/27/2023
602510,RANDOLPH,11/07/2023,voter,AW,REP,W,NL,M,Age 18 - 25,17,11/27/2023
602512,RANDOLPH,11/07/2023,voter,TR,UNA,A,NL,F,Age 41 - 65,1,11/27/2023
602587,RANDOLPH,11/07/2023,voter,AR,DEM,M,HL,M,Age 18 - 25,1,11/27/2023
602633,RANDOLPH,11/07/2023,voter,AN,UNA,U,HL,M,Age 41 - 65,3,11/27/2023
602731,RANDOLPH,11/07/2023,voter,AR,DEM,W,NL,U,Age 18 - 25,1,11/27/2023
602787,RANDOLPH,11/07/2023,voter,TR,DEM,O,HL,F,Age Over 66,1,11/27/2023
602816,RANDOLPH,11/07/2023,voter,AE,DEM,U,UN,F,Age 26 - 40,2,11/27/2023
602891,RANDOLPH,11/07/2023,voter,TB,UNA,U,HL,M,Age 41 - 65,1,11/27/2023
602925,RANDOLPH,11/07/2023,voter,AS,DEM,B,UN,M,Age 41 - 65,8,11/27/2023
603000,RANDOLPH,11/07/2023,voter,SE,DEM,W,NL,M,Age 41 - 65,16,11/27/2023
603034,RANDOLPH,11/07/2023,voter,AS,UNA,O,HL,F,Age 18 - 25,7,11/27/2023
603108,RANDOLPH,11/07/2023,voter,RN,REP,U,UN,U,Age 26 - 40,7,11/27/2023
603118,RANDOLPH,11/07/2023,voter,AN,DEM,I,UN,F,Age 26 - 40,1,11/27/2023
603244,RANDOLPH,11/07/2023,voter,AE,LIB,O,HL,F,Age 26 - 40,1,11/27/2023
603574,RANDOLPH,11/07/2023,voter,RM,REP,U,UN,M,Age Over 66,2,11/27/2023
603688,RANDOLPH,11/07/2023,voter,RN,DEM,B,NL,F,Age 41 - 65,16,11/27/2023
603725,RANDOLPH,11/07/2023,voter,AW,DEM,B,UN,U,Age Over 66,1,11/27/2023
603798,RANDOLPH,11/07/2023,voter,TR,REP,I,UN,M,Age 41 - 65,1,11/27/2023
603802,RANDOLPH,11/07/2023,voter,RM,REP,U,UN,U,Age 26 - 40,13,11/27/2023
603814,RANDOLPH,11/07/2023,voter,AN,NLB,B,UN,F,Age 26 - 40,1,11/27/2023
603846,RANDOLPH,11/07/2023,voter,SO,REP,W,UN,F,Age 18 - 25,33,11/27/2023
603852,RANDOLPH,11/07/2023,voter,SE,REP,W,HL,F,Age 26 - 40,1,11/27/2023
603871,RANDOLPH,11/07/2023,voter,TR,UNA,B,UN,F,Age 26 - 40,1,11/27/2023
603891,RANDOLPH,11/07/2023,voter,AW,UNA,U,UN,M,Age 18 - 25,6,11/27/2023
603897,RANDOLPH,11/07/2023,voter,AN,UNA,O,HL,M,Age 18 - 25,17,11/27/2023
604009,RANDOLPH,11/07/2023,voter,AW,REP,O,HL,F,Age 41 - 65,1,11/27/2023
604032,RANDOLPH,11/07/2023,voter,RN,UNA,U,UN,M,Age Over 66,1,11/27/2023
604045,RANDOLPH,11/07/2023,voter,RN,REP,U,UN,M,Age Over 66,1,11/27/2023
604102,RANDOLPH,11/07/2023,voter,AR,DEM,B,UN,F,Age Over 66,6,11/27/2023
604104,RANDOLPH,11/07/2023,voter,,UNA,W,UN,M,Age 41 - 65,26,11/27/2023
604118,RANDOLPH,11/07/2023,voter,RN,LIB,B,UN,F,Age Over 66,1,11/27/2023
604195,RANDOLPH,11/07/2023,voter,TR,REP,W,UN,U,Age Over 66,1,11/27/2023
604212,RANDOLPH,11/07/2023,voter,AR,LIB,W,NL,F,Age 41 - 65,1,11/27/2023
604291,RANDOLPH,11/07/2023,voter,GR,REP,O,UN,M,Age 41 - 65,1,11/27/2023
604294,RANDOLPH,11/07/2023,voter,NM,REP,U,UN,M,Age 41 - 65,2,11/27/2023
604324,RANDOLPH,11/07/2023,voter,AR,UNA,B,NL,F,Age 41 - 65,3,11/27/2023
604498,RANDOLPH,11/07/2023,voter,TR,UNA,W,NL,M,Age 18 - 25,37,11/27/2023
604593,RANDOLPH,11/07/2023,voter,RM,DEM,W,NL,M,Age 26 - 40,10,11/27/2023
604712,RANDOLPH,11/07/2023,voter,SE,DEM,W,UN,M,Age 18 - 25,2,11/27/2023
604777,RANDOLPH,11/07/2023,voter,TT,UNA,O,HL,F,Age 41 - 65,1,11/27/2023
604887,RANDOLPH,11/07/2023,voter,RN,DEM,U,HL,U,Age 26 - 40,1,11/27/2023
604917,RANDOLPH,11/07/2023,voter,AR,DEM,O,NL,M,Age Over 66,2,11/27/2023
604991,RANDOLPH,11/07/2023,voter,AE,UNA,O,NL,F,Age 18 - 25,3,11/27/2023
605139,RANDOLPH,11/07/2023,voter,NM,UNA,A,UN,F,Age 41 - 65,1,11/27/2023
605179,RANDOLPH,11/07/2023,voter,AR,DEM,W,NL,U,Age 26 - 40,4,11/27/2023
605198,RANDOLPH,11/07/2023,voter,RN,REP,W,UN,M,Age Over 66,19,11/27/2023
605246,RANDOLPH,11/07/2023,voter,LB,UNA,I,NL,F,Age 26 - 40,1,11/27/2023
605248,RANDOLPH,11/07/2023,voter,AE,REP,B,UN,M,Age 26 - 40,3,11/27/2023
605249,RANDOLPH,11/07/2023,voter,SO,REP,W,UN,F,Age 18 - 25,13,11/27/2023
605472,RANDOLPH,11/07/2023,voter,BC,LIB,W,UN,F,Age 41 - 65,3,11/27/2023
605549,RANDOLPH,11/07/2023,voter,TB,REP,W,NL,M,Age 18 - 25,40,11/27/2023
605764,RANDOLPH,11/07/2023,voter,AE,REP,O,UN,M,Age 26 - 40,3,11/27/2023
605775,RANDOLPH,11/07/2023,voter,DR,DEM,W,UN,F,Age 41 - 65,12,11/27/2023
605842,RANDOLPH,11/07/2023,voter,SE,REP,W,UN,F,Age Over 66,4,11/27/2023
606130,RANDOLPH,11/07/2023,voter,TR,UNA,W,UN,F,Age 18 - 25,11,11/27/2023
606493,RANDOLPH,11/07/2023,voter,UG,DEM,W,UN,U,Age 41 - 65,1,11/27/2023
606675,RANDOLPH,11/07/2023,voter,AE,UNA,O,NL,M,Age 26 - 40,2,11/27/2023
606774,RANDOLPH,11/07/2023,voter,RN,UNA,O,HL,F,Age 41 - 65,3,11/27/2023
606899,RANDOLPH,11/07/2023,voter,RN,DEM,A,UN,F,Age 41 - 65,1,11/27/2023
606918,RANDOLPH,11/07/2023,voter,LC,UNA,A,NL,M,Age 26 - 40,2,11/27/2023
607059,RANDOLPH,11/07/2023,voter,GR,REP,B,NL,F,Age 41 - 65,1,11/27/2023
607115,RANDOLPH,11/07/2023,voter,RN,REP,W,NL,M,Age 41 - 65,300,11/27/2023
607194,RANDOLPH,11/07/2023,voter,TT,UNA,W,NL,M,Age 18 - 25,47,11/27/2023
607278,RANDOLPH,11/07/2023,voter,NM,REP,W,UN,U,Age Over 66,5,11/27/2023
607367,RANDOLPH,11/07/2023,voter,LB,REP,B,NL,M,Age 41 - 65,1,11/27/2023
607374,RANDOLPH,11/07/2023,voter,AE,DEM,A,NL,M,Age 26 - 40,1,11/27/2023
607403,RANDOLPH,11/07/2023,voter,SW,REP,B,NL,F,Age 26 - 40,1,11/27/2023
607565,RANDOLPH,11/07/2023,voter,UG,REP,O,UN,F,Age 26 - 40,1,11/27/2023
607676,RANDOLPH,11/07/2023,voter,AN,DEM,W,NL,M,Age 26 - 40,6,11/27/2023
607692,RANDOLPH,11/07/2023,voter,AN,REP,U,NL,M,Age 18 - 25,1,11/27/2023
607893,RANDOLPH,11/07/2023,voter,LB,DEM,B,NL,M,Age 26 - 40,12,11/27/2023
607949,RANDOLPH,11/07/2023,voter,SW,REP,A,NL,M,Age 41 - 65,1,11/27/2023
608042,RANDOLPH,11/07/2023,voter,GR,UNA,W,UN,F,Age 41 - 65,72,11/27/2023
608062,RANDOLPH,11/07/2023,voter,AE,DEM,B,NL,M,Age 18 - 25,3,11/27/2023
608333,RANDOLPH,11/07/2023,voter,TR,REP,O,HL,M,Age 26 - 40,1,11/27/2023
608567,RANDOLPH,11/07/2023,voter,AN,REP,O,HL,M,Age 26 - 40,4,11/27/2023
608793,RANDOLPH,11/07/2023,voter,,DEM,W,NL,M,Age 41 - 65,13,11/27/2023
608826,RANDOLPH,11/07/2023,voter,TT,UNA,W,UN,U,Age 26 - 40,3,11/27/2023
608861,RANDOLPH,11/07/2023,voter,TT,UNA,B,UN,F,Age 18 - 25,3,11/27/2023
608875,RANDOLPH,11/07/2023,voter,AR,REP,W,NL,U,Age 41 - 65,13,11/27/2023
609035,RANDOLPH,11/07/2023,voter,NM,UNA,W,NL,F,Age Over 66,53,11/27/2023
609129,RANDOLPH,11/07/2023,voter,AN,REP,W,UN,U,Age 26 - 40,1,11/27/2023
609239,RANDOLPH,11/07/2023,voter,RN,DEM,O,NL,F,Age 41 - 65,1,11/27/2023
609281,RANDOLPH,11/07/2023,voter,TB,REP,W,UN,U,Age 26 - 40,1,11/27/2023
609330,RANDOLPH,11/07/2023,voter,AR,UNA,O,NL,M,Age 18 - 25,2,11/27/2023
609362,RANDOLPH,11/07/2023,voter,LB,UNA,O,UN,M,Age 26 - 40,1,11/27/2023
609382,RANDOLPH,11/07/2023,voter,LB,DEM,U,UN,U,Age Over 66,3,11/27/2023
609569,RANDOLPH,11/07/2023,voter,TR,DEM,U,UN,F,Age 18 - 25,1,11/27/2023
609698,RANDOLPH,11/07/2023,voter,AN,UNA,W,NL,M,Age 26 - 40,28,11/27/2023
609750,RANDOLPH,11/07/2023,voter,SO,DEM,B,NL,F,Age 18 - 25,2,11/27/2023
609770,RANDOLPH,11/07/2023,voter,UG,DEM,O,HL,M,Age 18 - 25,3,11/27/2023
609772,RANDOLPH,11/07/2023,voter,SE,UNA,U,UN,M,Age 41 - 65,1,11/27/2023
609933,RANDOLPH,11/07/2023,voter,DR,REP,I,NL,F,Age 26 - 40,1,11/27/2023
609967,RANDOLPH,11/07/2023,voter,RM,REP,W,NL,M,Age Over 66,136,11/27/2023
609989,RANDOLPH,11/07/2023,voter,LC,DEM,W,HL,M,Age 41 - 65,1,11/27/2023
610176,RANDOLPH,11/07/2023,voter,TR,UNA,O,UN,F,Age 26 - 40,1,11/27/2023
610425,RANDOLPH,11/07/2023,voter,AR,REP,U,UN,U,Age 26 - 40,8,11/27/2023
610429,RANDOLPH,11/07/2023,voter,RN,DEM,W,NL,F,Age Over 66,66,11/27/2023
610512,RANDOLPH,11/07/2023,voter,RN,UNA,M,HL,F,Age 41 - 65,1,11/27/2023
610529,RANDOLPH,11/07/2023,voter,AS,REP,U,UN,F,Age 41 - 65,1,11/27/2023
610533,RANDOLPH,11/07/2023,voter,AW,UNA,W,NL,M,Age Over 66,45,11/27/2023
610776,RANDOLPH,11/07/2023,voter,UG,REP,W,NL,M,Age 26 - 40,61,11/27/2023
610818,RANDOLPH,11/07/2023,voter,AE,UNA,O,UN,M,Age 26 - 40,1,11/27/2023
610842,RANDOLPH,11/07/2023,voter,TR,UNA,B,NL,M,Age 18 - 25,4,11/27/2023
611129,RANDOLPH,11/07/2023,voter,RM,LIB,W,NL,F,Age 41 - 65,2,11/27/2023
611150,RANDOLPH,11/07/2023,voter,UG,REP,W,UN,F,Age 18 - 25,24,11/27/2023
611167,RANDOLPH,11/07/2023,voter,UG,UNA,M,NL,F,Age 41 - 65,1,11/27/2023
611184,RANDOLPH,11/07/2023,voter,AE,UNA,B,NL,M,Age 26 - 40,2,11/27/2023
611220,RANDOLPH,11/07/2023,voter,TT,UNA,I,NL,F,Age 26 - 40,1,11/27/2023
611280,RANDOLPH,11/07/2023,voter,AN,DEM,W,HL,F,Age 18 - 25,1,11/27/2023
611312,RANDOLPH,11/07/2023,voter,BC,REP,W,UN,M,Age Over 66,47,11/27/2023
611480,RANDOLPH,11/07/2023,voter,AE,DEM,W,UN,F,Age 41 - 65,9,11/27/2023
611510,RANDOLPH,11/07/2023,voter,AW,UNA,U,HL,M,Age Over 66,2,11/27/2023
611573,RANDOLPH,11/07/2023,voter,LC,REP,W,NL,M,Age 18 - 25,32,11/27/2023
611616,RANDOLPH,11/07/2023,voter,UG,UNA,W,HL,F,Age 26 - 40,4,11/27/2023
611682,RANDOLPH,11/07/2023,voter,AR,UNA,B,NL,M,Age Over 66,1,11/27/2023
611712,RANDOLPH,11/07/2023,voter,AE,LIB,W,UN,M,Age 18 - 25,1,11/27/2023
611766,RANDOLPH,11/07/2023,voter,AW,REP,W,UN,U,Age 26 - 40,2,11/27/2023
611869,RANDOLPH,11/07/2023,voter,BC,DEM,W,UN,M,Age 26 - 40,8,11/27/2023
611915,RANDOLPH,11/07/2023,voter,LB,REP,W,UN,M,Age 26 - 40,26,11/27/2023
612022,RANDOLPH,11/07/2023,voter,TR,UNA,W,NL,M,Age Over 66,47,11/27/2023
612111,RANDOLPH,11/07/2023,voter,SO,DEM,B,UN,F,Age Over 66,4,11/27/2023
612151,RANDOLPH,11/07/2023,voter,SO,REP,B,UN,F,Age 26 - 40,1,11/27/2023
612188,RANDOLPH,11/07/2023,voter,AR,REP,W,NL,F,Age Over 66,188,11/27/2023
612198,RANDOLPH,11/07/2023,voter,AS,UNA,B,NL,M,Age 26 - 40,1,11/27/2023
612204,RANDOLPH,11/07/2023,voter,SO,UNA,O,HL,M,Age 18 - 25,5,11/27/2023
612537,RANDOLPH,11/07/2023,voter,AS,UNA,U,UN,U,Age Over 66,4,11/27/2023
612559,RANDOLPH,11/07/2023,voter,UG,UNA,U,HL,F,Age 26 - 40,2,11/27/2023
612607,RANDOLPH,11/07/2023,voter,AR,UNA,B,NL,M,Age 18 - 25,5,11/27/2023
612634,RANDOLPH,11/07/2023,voter,,DEM,W,UN,F,Age Over 66,17,11/27/2023
612738,RANDOLPH,11/07/2023,voter,AR,UNA,B,NL,U,Age 18 - 25,1,11/27/2023
612743,RANDOLPH,11/07/2023,voter,SO,LIB,B,NL,M,Age 41 - 65,1,11/27/2023
612812,RANDOLPH,11/07/2023,voter,TB,UNA,U,UN,M,Age 18 - 25,1,11/27/2023
612898,RANDOLPH,11/07/2023,voter,AN,REP,I,HL,F,Age 41 - 65,1,11/27/2023
612987,RANDOLPH,11/07/2023,voter,ST,DEM,W,UN,F,Age 41 - 65,4,11/27/2023
613115,RANDOLPH,11/07/2023,voter,AE,UNA,U,UN,F,Age 41 - 65,1,11/27/2023
613499,RANDOLPH,11/07/2023,voter,AN,REP,W,NL,M,Age 41 - 65,80,11/27/2023
613551,RANDOLPH,11/07/2023,voter,GR,REP,W,NL,U,Age Over 66,1,11/27/2023
613763,RANDOLPH,11/07/2023,voter,AS,UNA,U,HL,F,Age 26 - 40,2,11/27/2023
614061,RANDOLPH,11/07/2023,voter,RN,LIB,W,UN,F,Age 18 - 25,1,11/27/2023
614112,RANDOLPH,11/07/2023,voter,RN,DEM,U,UN,U,Age 26 - 40,6,11/27/2023
614182,RANDOLPH,11/07/2023,voter,AR,REP,W,NL,U,Age 18 - 25,1,11/27/2023
614190,RANDOLPH,11/07/2023,voter,RN,UNA,B,UN,F,Age 41 - 65,2,11/27/2023
614304,RANDOLPH,11/07/2023,voter,AS,LIB,U,UN,M,Age 18 - 25,1,11/27/2023
614349,RANDOLPH,11/07/2023,voter,AN,REP,O,HL,F,Age 18 - 25,3,11/27/2023
614718,RANDOLPH,11/07/2023,voter,LC,REP,O,NL,M,Age 26 - 40,1,11/27/2023
614742,RANDOLPH,11/07/2023,voter,LB,REP,W,NL,F,Age 26 - 40,69,11/27/2023
614813,RANDOLPH,11/07/2023,voter,ST,REP,B,NL,M,Age 26 - 40,1,11/27/2023
614863,RANDOLPH,11/07/2023,voter,GR,LIB,W,HL,F,Age 26 - 40,1,11/27/2023
614927,RANDOLPH,11/07/2023,voter,,UNA,O,HL,F,Age 26 - 40,2,11/27/2023
615084,RANDOLPH,11/07/2023,voter,GR,UNA,W,NL,U,Age 26 - 40,6,11/27/2023
615101,RANDOLPH,11/07/2023,voter,LC,UNA,U,HL,M,Age 41 - 65,1,11/27/2023
615168,RANDOLPH,11/07/2023,voter,,REP,I,UN,F,Age 18 - 25,1,11/27/2023
615182,RANDOLPH,11/07/2023,voter,LB,UNA,W,NL,F,Age 18 - 25,25,11/27/2023
615257,RANDOLPH,11/07/2023,voter,LB,REP,U,HL,M,Age 26 - 40,1,11/27/2023
615267,RANDOLPH,11/07/2023,voter,AE,DEM,B,NL,F,Age 41 - 65,27,11/27/2023
615289,RANDOLPH,11/07/2023,voter,RN,DEM,B,NL,M,Age Over 66,9,11/27/2023
615419,RANDOLPH,11/07/2023,voter,DR,REP,B,UN,F,Age 41 - 65,1,11/27/2023
615442,RANDOLPH,11/07/2023,voter,AR,DEM,W,NL,M,Age 26 - 40,2,11/27/2023
615452,RANDOLPH,11/07/2023,voter,AR,UNA,A,NL,M,Age Over 66,2,11/27/2023
615459,RANDOLPH,11/07/2023,voter,BC,REP,W,UN,M,Age 18 - 25,56,11/27/2023
615490,RANDOLPH,11/07/2023,voter,AE,UNA,O,UN,M,Age 41 - 65,1,11/27/2023
615495,RANDOLPH,11/07/2023,voter,AW,UNA,W,NL,F,Age 41 - 65,61,11/27/2023
615571,RANDOLPH,11/07/2023,voter,AR,DEM,O,HL,M,Age 18 - 25,2,11/27/2023
615600,RANDOLPH,11/07/2023,voter,AW,DEM,W,UN,M,Age Over 66,7,11/27/2023
615724,RANDOLPH,11/07/2023,voter,TR,DEM,A,UN,M,Age 41 - 65,1,11/27/2023
615803,RANDOLPH,11/07/2023,voter,AN,UNA,B,UN,M,Age 18 - 25,3,11/27/2023
615813,RANDOLPH,11/07/2023,voter,AN,DEM,U,HL,F,Age 41 - 65,1,11/27/2023
615906,RANDOLPH,11/07/2023,voter,ST,REP,M,NL,M,Age 26 - 40,1,11/27/2023
615919,RANDOLPH,11/07/2023,voter,,REP,W,UN,U,Age 41 - 65,1,11/27/2023
615937,RANDOLPH,11/07/2023,voter,AR,UNA,O,NL,M,Age Over 66,1,11/27/2023
616041,RANDOLPH,11/07/2023,voter,SO,UNA,U,UN,U,Age 18 - 25,2,11/27/2023
616054,RANDOLPH,11/07/2023,voter,GR,LIB,B,NL,M,Age 18 - 25,1,11/27/2023
616126,RANDOLPH,11/07/2023,voter,AW,REP,O,HL,F,Age 18 - 25,1,11/27/2023
616158,RANDOLPH,11/07/2023,voter,AN,DEM,W,HL,F,Age 18 - 25,2,11/27/2023
616182,RANDOLPH,11/07/2023,voter,GR,UNA,A,UN,M,Age 18 - 25,1,11/27/2023
616381,RANDOLPH,11/07/2023,voter,AR,DEM,U,UN,F,Age Over 66,1,11/27/2023
616462,RANDOLPH,11/07/2023,voter,AR,DEM,W,NL,U,Age Over 66,1,11/27/2023
616646,RANDOLPH,11/07/2023,voter,RN,DEM,W,NL,M,Age 26 - 40,8,11/27/2023
616774,RANDOLPH,11/07/2023,voter,NM,REP,W,UN,M,Age 41 - 65,38,11/27/2023
616776,RANDOLPH,11/07/2023,voter,TR,DEM,A,NL,M,Age 41 - 65,1,11/27/2023
616821,RANDOLPH,11/07/2023,voter,LC,UNA,W,UN,F,Age 41 - 65,42,11/27/2023
616824,RANDOLPH,11/07/2023,voter,AS,REP,A,UN,F,Age Over 66,1,11/27/2023
616905,RANDOLPH,11/07/2023,voter,AW,UNA,U,NL,F,Age Over 66,1,11/27/2023
616931,RANDOLPH,11/07/2023,voter,AS,REP,A,UN,F,Age 18 - 25,2,11/27/2023
617024,RANDOLPH,11/07/2023,voter,UG,REP,U,UN,M,Age 41 - 65,3,11/27/2023
617054,RANDOLPH,11/07/2023,voter,UG,UNA,M,NL,F,Age 18 - 25,1,11/27/2023
617108,RANDOLPH,11/07/2023,voter,AE,LIB,U,UN,U,Age 26 - 40,1,11/27/2023
617126,RANDOLPH,11/07/2023,voter,AN,UNA,M,HL,F,Age 26 - 40,1,11/27/2023
617267,RANDOLPH,11/07/2023,voter,GR,UNA,W,HL,M,Age 41 - 65,2,11/27/2023
617344,RANDOLPH,11/07/2023,voter,AE,UNA,B,UN,M,Age 41 - 65,5,11/27/2023
617353,RANDOLPH,11/07/2023,voter,AR,UNA,U,HL,F,Age 26 - 40,1,11/27/2023
617394,RANDOLPH,11/07/2023,voter,AW,DEM,M,UN,M,Age 18 - 25,1,11/27/2023
617432,RANDOLPH,11/07/2023,voter,AR,UNA,U,UN,U,Age 26 - 40,36,11/27/2023
617573,RANDOLPH,11/07/2023,voter,AS,REP,W,UN,M,Age 26 - 40,24,11/27/2023
617594,RANDOLPH,11/07/2023,voter,DR,UNA,U,UN,U,Age 26 - 40,17,11/27/2023
617773,RANDOLPH,11/07/2023,voter,AN,DEM,O,UN,F,Age 26 - 40,2,11/27/2023
617774,RANDOLPH,11/07/2023,voter,RN,REP,U,UN,U,Age 18 - 25,8,11/27/2023
617801,RANDOLPH,11/07/2023,voter,,DEM,U,UN,F,Age Over 66,1,11/27/2023
617920,RANDOLPH,11/07/2023,voter,LB,REP,M,NL,M,Age 18 - 25,1,11/27/2023
617965,RANDOLPH,11/07/2023,voter,UG,DEM,O,HL,F,Age 41 - 65,1,11/27/2023
617981,RANDOLPH,11/07/2023,voter,RN,DEM,U,UN,M,Age Over 66,1,11/27/2023
617984,RANDOLPH,11/07/2023,voter,AR,UNA,U,UN,M,Age 26 - 40,1,11/27/2023
618015,RANDOLPH,11/07/2023,voter,TR,UNA,W,NL,M,Age 41 - 65,87,11/27/2023
618207,RANDOLPH,11/07/2023,voter,ST,DEM,W,HL,M,Age 41 - 65,1,11/27/2023
618241,RANDOLPH,11/07/2023,voter,LB,REP,O,NL,M,Age 18 - 25,1,11/27/2023
618353,RANDOLPH,11/07/2023,voter,SE,UNA,U,UN,F,Age Over 66,1,11/27/2023
618408,RANDOLPH,11/07/2023,voter,RN,REP,O,HL,F,Age 41 - 65,1,11/27/2023
618472,RANDOLPH,11/07/2023,voter,SO,DEM,U,UN,U,Age 41 - 65,2,11/27/2023
618480,RANDOLPH,11/07/2023,voter,RN,DEM,W,NL,M,Age 18 - 25,5,11/27/2023
618500,RANDOLPH,11/07/2023,voter,RM,REP,W,UN,U,Age 26 - 40,2,11/27/2023
618518,RANDOLPH,11/07/2023,voter,NM,UNA,W,NL,M,Age 18 - 25,23,11/27/2023
618775,RANDOLPH,11/07/2023,voter,TB,UNA,B,NL,U,Age 26 - 40,1,11/27/2023
618793,RANDOLPH,11/07/2023,voter,DR,REP,O,UN,F,Age 41 - 65,1,11/27/2023
618845,RANDOLPH,11/07/2023,voter,SE,UNA,W,UN,F,Age Over 66,6,11/27/2023
618927,RANDOLPH,11/07/2023,voter,RN,UNA,O,HL,M,Age Over 66,2,11/27/2023
619073,RANDOLPH,11/07/2023,voter,,UNA,W,NL,M,Age 26 - 40,38,11/27/2023
619147,RANDOLPH,11/07/2023,voter,UG,REP,U,HL,M,Age 41 - 65,2,11/27/2023
619215,RANDOLPH,11/07/2023,voter,DR,REP,O,UN,F,Age 41 - 65,1,11/27/2023
619287,RANDOLPH,11/07/2023,voter,,LIB,W,NL,M,Age 18 - 25,1,11/27/2023
619316,RANDOLPH,11/07/2023,voter,AS,DEM,B,NL,F,Age Over 66,6,11/27/2023
619540,RANDOLPH,11/07/2023,voter,AN,DEM,U,HL,F,Age 18 - 25,5,11/27/2023
619657,RANDOLPH,11/07/2023,voter,RM,DEM,U,HL,F,Age 18 - 25,5,11/27/2023
619702,RANDOLPH,11/07/2023,voter,DR,DEM,W,NL,M,Age 18 - 25,3,11/27/2023
619818,RANDOLPH,11/07/2023,voter,SW,LIB,W,UN,M,Age 18 - 25,1,11/27/2023
620113,RANDOLPH,11/07/2023,voter,AN,DEM,W,NL,U,Age 41 - 65,2,11/27/2023
620217,RANDOLPH,11/07/2023,voter,AW,REP,B,UN,F,Age 18 - 25,1,11/27/2023
620243,RANDOLPH,11/07/2023,voter,AE,UNA,U,UN,U,Age Over 66,3,11/27/2023
620299,RANDOLPH,11/07/2023,voter,DR,REP,B,NL,F,Age 26 - 40,1,11/27/2023
620441,RANDOLPH,11/07/2023,voter,TT,UNA,O,HL,M,Age 26 - 40,2,11/27/2023
620479,RANDOLPH,11/07/2023,voter,SO,DEM,U,HL,F,Age 26 - 40,2,11/27/2023
620582,RANDOLPH,11/07/2023,voter,AS,UNA,M,NL,M,Age 26 - 40,2,11/27/2023
620613,RANDOLPH,11/07/2023,voter,NM,REP,O,HL,F,Age 41 - 65,2,11/27/2023
620680,RANDOLPH,11/07/2023,voter,SE,DEM,W,NL,M,Age 41 - 65,11,11/27/2023
620771,RANDOLPH,11/07/2023,voter,,UNA,O,NL,M,Age Over 66,1,11/27/2023
621045,RANDOLPH,11/07/2023,voter,DR,REP,U,UN,U,Age Over 66,11,11/27/2023
621049,RANDOLPH,11/07/2023,voter,AS,UNA,W,HL,F,Age 26 - 40,2,11/27/2023
621148,RANDOLPH,11/07/2023,voter,TT,UNA,O,HL,F,Age 18 - 25,2,11/27/2023
621188,RANDOLPH,11/07/2023,voter,TR,REP,W,NL,M,Age 41 - 65,341,11/27/2023
621206,RANDOLPH,11/07/2023,voter,SO,REP,W,NL,U,Age 18 - 25,1,11/27/2023
621248,RANDOLPH,11/07/2023,voter,AS,DEM,O,UN,M,Age 41 - 65,1,11/27/2023
621279,RANDOLPH,11/07/2023,voter,NM,REP,W,UN,U,Age 18 - 25,1,11/27/2023
621298,RANDOLPH,11/07/2023,voter,RM,REP,W,UN,M,Age Over 66,41,11/27/2023
621319,RANDOLPH,11/07/2023,voter,TT,UNA,W,NL,M,Age 41 - 65,167,11/27/2023
621332,RANDOLPH,11/07/2023,voter,ST,REP,U,UN,U,Age Over 66,13,11/27/2023
621342,RANDOLPH,11/07/2023,voter,AR,DEM,O,UN,F,Age Over 66,1,11/27/2023
621551,RANDOLPH,11/07/2023,voter,AS,UNA,W,NL,M,Age 18 - 25,9,11/27/2023
621747,RANDOLPH,11/07/2023,voter,RN,REP,O,UN,F,Age 41 - 65,2,11/27/2023
622125,RANDOLPH,11/07/2023,voter,TT,LIB,W,UN,F,Age Over 66,1,11/27/2023
622142,RANDOLPH,11/07/2023,voter,UG,DEM,A,UN,M,Age 26 - 40,1,11/27/2023
622225,RANDOLPH,11/07/2023,voter,TR,UNA,B,NL,M,Age 41 - 65,6,11/27/2023
622235,RANDOLPH,11/07/2023,voter,RM,DEM,B,NL,M,Age Over 66,36,11/27/2023
622428,RANDOLPH,11/07/2023,voter,SO,DEM,B,UN,F,Age Over 66,3,11/27/2023
622476,RANDOLPH,11/07/2023,voter,UG,REP,U,NL,F,Age Over 66,1,11/27/2023
622632,RANDOLPH,11/07/2023,voter,LC,UNA,W,UN,M,Age 26 - 40,27,11/27/2023
622656,RANDOLPH,11/07/2023,voter,TT,REP,U,NL,F,Age 41 - 65,1,11/27/2023
622829,RANDOLPH,11/07/2023,voter,SO,UNA,U,UN,U,Age 41 - 65,2,11/27/2023
622884,RANDOLPH,11/07/2023,voter,AN,REP,B,NL,F,Age 26 - 40,3,11/27/2023
622902,RANDOLPH,11/07/2023,voter,,DEM,B,NL,M,Age 41 - 65,1,11/27/2023
622959,RANDOLPH,11/07/2023,voter,,UNA,U,UN,M,Age 41 - 65,1,11/27/2023
622972,RANDOLPH,11/07/2023,voter,,UNA,B,UN,F,Age 26 - 40,2,11/27/2023
623069,RANDOLPH,11/07/2023,voter,TB,REP,W,UN,M,Age Over 66,36,11/27/2023
623165,RANDOLPH,11/07/2023,voter,ST,UNA,U,HL,F,Age 41 - 65,2,11/27/2023
623174,RANDOLPH,11/07/2023,voter,AR,DEM,B,NL,U,Age 26 - 40,2,11/27/2023
623200,RANDOLPH,11/07/2023,voter,AE,REP,W,UN,M,Age 18 - 25,17,11/27/2023
623201,RANDOLPH,11/07/2023,voter,LB,DEM,O,UN,M,Age 26 - 40,1,11/27/2023
623245,RANDOLPH,11/07/2023,voter,TR,UNA,O,NL,M,Age 18 - 25,1,11/27/2023
623368,RANDOLPH,11/07/2023,voter,AR,UNA,A,NL,F,Age 41 - 65,9,11/27/2023
623400,RANDOLPH,11/07/2023,voter,AS,UNA,U,UN,U,Age 41 - 65,8,11/27/2023
623448,RANDOLPH,11/07/2023,voter,DR,DEM,W,NL,M,Age Over 66,22,11/27/2023
623667,RANDOLPH,11/07/2023,voter,RN,REP,U,NL,F,Age 41 - 65,1,11/27/2023
623705,RANDOLPH,11/07/2023,voter,UG,REP,W,HL,F,Age Over 66,1,11/27/2023
623774,RANDOLPH,11/07/2023,voter,AE,REP,O,HL,F,Age 26 - 40,2,11/27/2023
623785,RANDOLPH,11/07/2023,voter,RM,REP,W,NL,M,Age 18 - 25,36,11/27/2023
623811,RANDOLPH,11/07/2023,voter,AW,REP,W,NL,M,Age 41 - 65,110,11/27/2023
624007,RANDOLPH,11/07/2023,voter,UG,UNA,W,NL,U,Age 26 - 40,3,11/27/2023
624034,RANDOLPH,11/07/2023,voter,SW,UNA,W,NL,U,Age Over 66,1,11/27/2023
624103,RANDOLPH,11/07/2023,voter,RM,DEM,O,HL,M,Age 41 - 65,6,11/27/2023
624108,RANDOLPH,11/07/2023,voter,TR,UNA,W,NL,U,Age 26 - 40,9,11/27/2023
624175,RANDOLPH,11/07/2023,voter,BC,REP,U,UN,M,Age Over 66,3,11/27/2023
624282,RANDOLPH,11/07/2023,voter,NM,REP,U,NL,U,Age Over 66,1,11/27/2023
624404,RANDOLPH,11/07/2023,voter,AR,UNA,U,HL,M,Age 26 - 40,1,11/27/2023
624476,RANDOLPH,11/07/2023,voter,NM,LIB,U,UN,U,Age 26 - 40,1,11/27/2023
624698,RANDOLPH,11/07/2023,voter,UG,UNA,O,HL,F,Age 18 - 25,1,11/27/2023
624899,RANDOLPH,11/07/2023,voter,AE,DEM,B,UN,U,Age 26 - 40,1,11/27/2023
625063,RANDOLPH,11/07/2023,voter,AN,LIB,U,UN,U,Age 41 - 65,1,11/27/2023
625098,RANDOLPH,11/07/2023,voter,TR,DEM,W,UN,M,Age Over 66,7,11/27/2023
625139,RANDOLPH,11/07/2023,voter,,UNA,U,HL,F,Age Over 66,1,11/27/2023
625146,RANDOLPH,11/07/2023,voter,DR,DEM,U,UN,U,Age 26 - 40,6,11/27/2023
625169,RANDOLPH,11/07/2023,voter,AN,DEM,O,HL,F,Age 26 - 40,11,11/27/2023
625349,RANDOLPH,11/07/2023,voter,NM,UNA,W,NL,U,Age 18 - 25,1,11/27/2023
625437,RANDOLPH,11/07/2023,voter,BC,REP,W,HL,M,Age Over 66,1,11/27/2023
625509,RANDOLPH,11/07/2023,voter,TR,REP,W,NL,U,Age 18 - 25,2,11/27/2023
625511,RANDOLPH,11/07/2023,voter,AE,DEM,B,NL,F,Age 18 - 25,4,11/27/2023
625512,RANDOLPH,11/07/2023,voter,ST,DEM,W,NL,F,Age 41 - 65,19,11/27/2023
625518,RANDOLPH,11/07/2023,voter,AS,UNA,B,UN,F,Age 18 - 25,1,11/27/2023
625651,RANDOLPH,11/07/2023,voter,RM,REP,U,NL,F,Age 41 - 65,1,11/27/2023
625760,RANDOLPH,11/07/2023,voter,TR,DEM,W,NL,M,Age Over 66,26,11/27/2023
625800,RANDOLPH,11/07/2023,voter,DR,DEM,A,NL,F,Age 41 - 65,1,11/27/2023
625985,RANDOLPH,11/07/2023,voter,TR,UNA,W,UN,U,Age 41 - 65,4,11/27/2023
626027,RANDOLPH,11/07/2023,voter,RN,DEM,O,UN,F,Age 41 - 65,1,11/27/2023
626101,RANDOLPH,11/07/2023,voter,AS,LIB,W,NL,M,Age 26 - 40,1,11/27/2023
626123,RANDOLPH,11/07/2023,voter,AR,DEM,B,UN,F,Age 18 - 25,1,11/27/2023
626125,RANDOLPH,11/07/2023,voter,AS,UNA,O,UN,F,Age 18 - 25,2,11/27/2023
626297,RANDOLPH,11/07/2023,voter,TR,REP,A,NL,F,Age Over 66,2,11/27/2023
626313,RANDOLPH,11/07/2023,voter,AR,DEM,B,NL,M,Age Over 66,8,11/27/2023
626346,RANDOLPH,11/07/2023,voter,,LIB,U,UN,U,Age 26 - 40,2,11/27/2023
626365,RANDOLPH,11/07/2023,voter,UG,UNA,O,HL,M,Age 26 - 40,4,11/27/2023
626531,RANDOLPH,11/07/2023,voter,AR,DEM,U,UN,U,Age 41 - 65,7,11/27/2023
626612,RANDOLPH,11/07/2023,voter,GR,REP,A,UN,F,Age 26 - 40,1,11/27/2023
626623,RANDOLPH,11/07/2023,voter,AW,DEM,W,UN,M,Age 18 - 25,2,11/27/2023
626632,RANDOLPH,11/07/2023,voter,TR,UNA,O,HL,F,Age 18 - 25,4,11/27/2023
626635,RANDOLPH,11/07/2023,voter,TR,REP,W,NL,U,Age Over 66,2,11/27/2023
626675,RANDOLPH,11/07/2023,voter,AN,REP,O,UN,F,Age 18 - 25,1,11/27/2023
626741,RANDOLPH,11/07/2023,voter,TR,REP,O,HL,M,Age 41 - 65,3,11/27/2023
626842,RANDOLPH,11/07/2023,voter,,REP,A,NL,F,Age 41 - 65,3,11/27/2023
626913,RANDOLPH,11/07/2023,voter,LB,DEM,B,UN,M,Age 26 - 40,7,11/27/2023
626963,RANDOLPH,11/07/2023,voter,GR,UNA,W,NL,M,Age Over 66,61,11/27/2023
626976,RANDOLPH,11/07/2023,voter,AS,DEM,O,HL,M,Age 41 - 65,1,11/27/2023
627030,RANDOLPH,11/07/2023,voter,UG,UNA,W,NL,M,Age Over 66,35,11/27/2023
627060,RANDOLPH,11/07/2023,voter,AN,REP,W,NL,M,Age 18 - 25,8,11/27/2023
627291,RANDOLPH,11/07/2023,voter,AR,REP,A,UN,F,Age 41 - 65,1,11/27/2023
627304,RANDOLPH,11/07/2023,voter,DR,LIB,W,UN,F,Age 26 - 40,1,11/27/2023
627323,RANDOLPH,11/07/2023,voter,RN,UNA,B,UN,F,Age 18 - 25,1,11/27/2023
627505,RANDOLPH,11/07/2023,voter,ST,DEM,W,UN,F,Age 18 - 25,5,11/27/2023
627610,RANDOLPH,11/07/2023,voter,RM,REP,W,UN,F,Age 41 - 65,60,11/27/2023
627826,RANDOLPH,11/07/2023,voter,AR,DEM,O,HL,M,Age 41 - 65,3,11/27/2023
627856,RANDOLPH,11/07/2023,voter,,UNA,B,NL,M,Age 41 - 65,6,11/27/2023
627924,RANDOLPH,11/07/2023,voter,DR,REP,U,UN,U,Age 18 - 25,12,11/27/2023
628040,RANDOLPH,11/07/2023,voter,GR,REP,B,UN,M,Age 41 - 65,2,11/27/2023
628092,RANDOLPH,11/07/2023,voter,RM,REP,U,NL,M,Age 18 - 25,1,11/27/2023
628152,RANDOLPH,11/07/2023,voter,AE,UNA,B,NL,F,Age 18 - 25,1,11/27/2023
628268,RANDOLPH,11/07/2023,voter,,LIB,W,UN,U,Age 26 - 40,1,11/27/2023
628310,RANDOLPH,11/07/2023,voter,AE,LIB,W,UN,M,Age 41 - 65,1,11/27/2023
628367,RANDOLPH,11/07/2023,voter,RN,REP,W,HL,F,Age 41 - 65,3,11/27/2023
628378,RANDOLPH,11/07/2023,voter,AE,DEM,W,UN,M,Age 26 - 40,3,11/27/2023
628441,RANDOLPH,11/07/2023,voter,TR,UNA,O,HL,M,Age 26 - 40,3,11/27/2023
628476,RANDOLPH,11/07/2023,voter,TT,DEM,U,HL,U,Age 41 - 65,1,11/27/2023
628512,RANDOLPH,11/07/2023,voter,TR,UNA,A,NL,F,Age 18 - 25,2,11/27/2023
628581,RANDOLPH,11/07/2023,voter,TR,UNA,W,HL,F,Age 41 - 65,2,11/27/2023
628723,RANDOLPH,11/07/2023,voter,UG,UNA,O,HL,M,Age 18 - 25,21,11/27/2023
628776,RANDOLPH,11/07/2023,voter,SO,DEM,W,UN,F,Age 26 - 40,3,11/27/2023
628806,RANDOLPH,11/07/2023,voter,RN,UNA,I,HL,M,Age Over 66,1,11/27/2023
628938,RANDOLPH,11/07/2023,voter,AW,DEM,U,HL,U,Age 26 - 40,1,11/27/2023
628956,RANDOLPH,11/07/2023,voter,AN,REP,O,HL,F,Age 41 - 65,4,11/27/2023
629032,RANDOLPH,11/07/2023,voter,,UNA,W,NL,M,Age 41 - 65,76,11/27/2023
629153,RANDOLPH,11/07/2023,voter,SE,REP,O,UN,F,Age 18 - 25,1,11/27/2023
629180,RANDOLPH,11/07/2023,voter,AN,REP,I,HL,F,Age 18 - 25,1,11/27/2023
629224,RANDOLPH,11/07/2023,voter,SO,UNA,U,HL,F,Age 26 - 40,1,11/27/2023
629421,RANDOLPH,11/07/2023,voter,UG,UNA,U,UN,F,Age 26 - 40,2,11/27/2023
629465,RANDOLPH,11/07/2023,voter,RN,REP,B,UN,F,Age 41 - 65,1,11/27/2023
629553,RANDOLPH,11/07/2023,voter,AR,DEM,U,UN,M,Age 41 - 65,1,11/27/2023
629561,RANDOLPH,11/07/2023,voter,DR,DEM,W,UN,U,Age 26 - 40,1,11/27/2023
629661,RANDOLPH,11/07/2023,voter,UG,DEM,B,NL,M,Age 26 - 40,3,11/27/2023
629717,RANDOLPH,11/07/2023,voter,TB,UNA,U,HL,M,Age 18 - 25,2,11/27/2023
629822,RANDOLPH,11/07/2023,voter,AN,UNA,O,UN,M,Age 18 - 25,1,11/27/2023
629875,RANDOLPH,11/07/2023,voter,AN,DEM,W,HL,F,Age 41 - 65,2,11/27/2023
630144,RANDOLPH,11/07/2023,voter,SO,DEM,W,UN,F,Age 26 - 40,9,11/27/2023
630170,RANDOLPH,11/07/2023,voter,SW,DEM,W,NL,F,Age 18 - 25,1,11/27/2023
630337,RANDOLPH,11/07/2023,voter,SE,UNA,W,NL,F,Age 41 - 65,52,11/27/2023
630454,RANDOLPH,11/07/2023,voter,SO,DEM,W,HL,F,Age 26 - 40,1,11/27/2023
630478,RANDOLPH,11/07/2023,voter,,UNA,W,UN,M,Age 18 - 25,25,11/27/2023
630502,RANDOLPH,11/07/2023,voter,NM,UNA,I,NL,M,Age Over 66,1,11/27/2023
630515,RANDOLPH,11/07/2023,voter,TB,REP,W,NL,M,Age Over 66,166,11/27/2023
630596,RANDOLPH,11/07/2023,voter,,DEM,W,NL,F,Age 18 - 25,10,11/27/2023
630643,RANDOLPH,11/07/2023,voter,DR,UNA,W,NL,F,Age Over 66,33,11/27/2023
630698,RANDOLPH,11/07/2023,voter,BC,LIB,W,UN,F,Age 18 - 25,1,11/27/2023
630743,RANDOLPH,11/07/2023,voter,UG,DEM,U,HL,M,Age 26 - 40,1,11/27/2023
630804,RANDOLPH,11/07/2023,voter,BC,DEM,B,UN,M,Age Over 66,1,11/27/2023
630899,RANDOLPH,11/07/2023,voter,AN,UNA,U,UN,M,Age 26 - 40,3,11/27/2023
630944,RANDOLPH,11/07/2023,voter,AW,UNA,B,NL,M,Age 41 - 65,9,11/27/2023
631040,RANDOLPH,11/07/2023,voter,AE,UNA,W,UN,F,Age 26 - 40,36,11/27/2023
631112,RANDOLPH,11/07/2023,voter,SW,DEM,W,UN,F,Age Over 66,3,11/27/2023
631156,RANDOLPH,11/07/2023,voter,SE,REP,W,UN,U,Age 41 - 65,2,11/27/2023
631199,RANDOLPH,11/07/2023,voter,AW,LIB,W,UN,F,Age 26 - 40,1,11/27/2023
631369,RANDOLPH,11/07/2023,voter,AW,REP,W,NL,M,Age 26 - 40,26,11/27/2023
631372,RANDOLPH,11/07/2023,voter,AS,DEM,O,HL,F,Age 41 - 65,3,11/27/2023
631495,RANDOLPH,11/07/2023,voter,LC,UNA,W,NL,F,Age 26 - 40,50,11/27/2023
631586,RANDOLPH,11/07/2023,voter,TR,UNA,W,UN,M,Age 26 - 40,25,11/27/2023
631621,RANDOLPH,11/07/2023,voter,LC,REP,O,HL,F,Age 18 - 25,3,11/27/2023
631790,RANDOLPH,11/07/2023,voter,AE,REP,U,HL,M,Age Over 66,1,11/27/2023
631831,RANDOLPH,11/07/2023,voter,AE,DEM,B,UN,M,Age 41 - 65,14,11/27/2023
631846,RANDOLPH,11/07/2023,voter,AR,UNA,U,UN,U,Age 41 - 65,36,11/27/2023
631891,RANDOLPH,11/07/2023,voter,DR,DEM,U,UN,M,Age Over 66,1,11/27/2023
631901,RANDOLPH,11/07/2023,voter,AE,UNA,B,UN,M,Age 26 - 40,5,11/27/2023
631909,RANDOLPH,11/07/2023,voter,UG,DEM,W,HL,F,Age 26 - 40,6,11/27/2023
631911,RANDOLPH,11/07/2023,voter,AN,REP,W,NL,M,Age 41 - 65,85,11/27/2023
631942,RANDOLPH,11/07/2023,voter,AR,UNA,W,NL,M,Age 18 - 25,34,11/27/2023
632018,RANDOLPH,11/07/2023,voter,AN,DEM,W,UN,M,Age 41 - 65,6,11/27/2023
632060,RANDOLPH,11/07/2023,voter,NM,UNA,W,UN,M,Age Over 66,16,11/27/2023
632067,RANDOLPH,11/07/2023,voter,AW,DEM,W,UN,M,Age 41 - 65,6,11/27/2023
632094,RANDOLPH,11/07/2023,voter,RN,DEM,W,UN,M,Age Over 66,11,11/27/2023
632096,RANDOLPH,11/07/2023,voter,LB,UNA,M,NL,F,Age 26 - 40,1,11/27/2023
632103,RANDOLPH,11/07/2023,voter,NM,DEM,W,NL,F,Age 41 - 65,40,11/27/2023
632120,RANDOLPH,11/07/2023,voter,GR,LIB,W,UN,M,Age 26 - 40,2,11/27/2023
632136,RANDOLPH,11/07/2023,voter,AN,DEM,M,HL,F,Age 26 - 40,1,11/27/2023
632615,RANDOLPH,11/07/2023,voter,LC,DEM,A,UN,F,Age 18 - 25,2,11/27/2023
632691,RANDOLPH,11/07/2023,voter,TR,REP,A,UN,M,Age 26 - 40,1,11/27/2023
632889,RANDOLPH,11/07/2023,voter,SE,UNA,O,HL,F,Age 26 - 40,1,11/27/2023
632929,RANDOLPH,11/07/2023,voter,TR,UNA,I,NL,M,Age 41 - 65,2,11/27/2023
632962,RANDOLPH,11/07/2023,voter,RN,UNA,O,UN,F,Age 18 - 25,4,11/27/2023
633088,RANDOLPH,11/07/2023,voter,AN,DEM,B,UN,F,Age 26 - 40,14,11/27/2023
633249,RANDOLPH,11/07/2023,voter,AE,UNA,U,HL,F,Age 41 - 65,1,11/27/2023
633269,RANDOLPH,11/07/2023,voter,GR,UNA,W,UN,F,Age 18 - 25,50,11/27/2023
633311,RANDOLPH,11/07/2023,voter,RN,REP,I,UN,F,Age 41 - 65,1,11/27/2023
633371,RANDOLPH,11/07/2023,voter,TR,LIB,W,NL,U,Age 26 - 40,1,11/27/2023
633510,RANDOLPH,11/07/2023,voter,AR,UNA,W,NL,U,Age 26 - 40,11,11/27/2023
633776,RANDOLPH,11/07/2023,voter,UG,UNA,U,UN,U,Age 41 - 65,20,11/27/2023
633801,RANDOLPH,11/07/2023,voter,UG,DEM,U,UN,M,Age 26 - 40,1,11/27/2023
633888,RANDOLPH,11/07/2023,voter,LC,REP,W,NL,M,Age 41 - 65,204,11/27/2023
633944,RANDOLPH,11/07/2023,voter,UG,DEM,B,UN,M,Age 41 - 65,2,11/27/2023
633967,RANDOLPH,11/07/2023,voter,SW,UNA,O,HL,M,Age 41 - 65,3,11/27/2023
634015,RANDOLPH,11/07/2023,voter,ST,DEM,W,NL,M,Age Over 66,17,11/27/2023
634124,RANDOLPH,11/07/2023,voter,AS,DEM,U,UN,M,Age 26 - 40,2,11/27/2023
634217,RANDOLPH,11/07/2023,voter,AN,DEM,B,NL,M,Age Over 66,4,11/27/2023
634251,RANDOLPH,11/07/2023,voter,TR,REP,W,NL,M,Age 26 - 40,82,11/27/2023
634284,RANDOLPH,11/07/2023,voter,AR,REP,A,UN,M,Age Over 66,1,11/27/2023
634337,RANDOLPH,11/07/2023,voter,RM,UNA,O,UN,F,Age 41 - 65,2,11/27/2023
634353,RANDOLPH,11/07/2023,voter,AN,DEM,U,UN,M,Age 41 - 65,7,11/27/2023
634433,RANDOLPH,11/07/2023,voter,LB,UNA,B,NL,F,Age 26 - 40,5,11/27/2023
634470,RANDOLPH,11/07/2023,voter,RM,UNA,O,HL,F,Age 41 - 65,3,11/27/2023
634505,RANDOLPH,11/07/2023,voter,AW,UNA,U,HL,M,Age 18 - 25,5,11/27/2023
634570,RANDOLPH,11/07/2023,voter,SO,UNA,O,NL,M,Age 26 - 40,2,11/27/2023
634749,RANDOLPH,11/07/2023,voter,TB,UNA,W,UN,F,Age Over 66,17,11/27/2023
634753,RANDOLPH,11/07/2023,voter,AW,REP,U,UN,F,Age Over 66,3,11/27/2023
634777,RANDOLPH,11/07/2023,voter,AW,LIB,W,UN,F,Age 26 - 40,2,11/27/2023
635061,RANDOLPH,11/07/2023,voter,RM,UNA,B,UN,F,Age 41 - 65,1,11/27/2023
635209,RANDOLPH,11/07/2023,voter,AN,REP,U,NL,M,Age 41 - 65,1,11/27/2023
635276,RANDOLPH,11/07/2023,voter,AS,UNA,W,NL,U,Age 26 - 40,2,11/27/2023
635341,RANDOLPH,11/07/2023,voter,ST,UNA,U,UN,F,Age 18 - 25,2,11/27/2023
635665,RANDOLPH,11/07/2023,voter,SE,DEM,W,UN,M,Age 41 - 65,4,11/27/2023
635686,RANDOLPH,11/07/2023,voter,NM,DEM,B,NL,M,Age 41 - 65,6,11/27/2023
635842,RANDOLPH,11/07/2023,voter,DR,UNA,U,HL,M,Age 18 - 25,2,11/27/2023
635895,RANDOLPH,11/07/2023,voter,LC,REP,W,UN,U,Age 26 - 40,3,11/27/2023
635905,RANDOLPH,11/07/2023,voter,SE,DEM,O,UN,F,Age 26 - 40,1,11/27/2023
635969,RANDOLPH,11/07/2023,voter,SW,REP,W,HL,M,Age 41 - 65,1,11/27/2023
635980,RANDOLPH,11/07/2023,voter,,DEM,U,HL,M,Age 18 - 25,1,11/27/2023
636013,RANDOLPH,11/07/2023,voter,AW,DEM,O,HL,F,Age 26 - 40,2,11/27/2023
636034,RANDOLPH,11/07/2023,voter,UG,LIB,W,UN,M,Age 26 - 40,2,11/27/2023
636060,RANDOLPH,11/07/2023,voter,AW,UNA,A,UN,F,Age 26 - 40,1,11/27/2023
