County,Election Date,Precinct,Contest Group ID,Contest Type,Contest Name,Choice,Choice Party,Vote For,Election Day,One Stop,Absentee by Mail,Provisional,Total Votes,Real Precinct
ORANGE,10/10/23,TRANSFER,320004,C,CITY OF DURHAM CITY COUNCIL AT-LARGE,Shelia Ann Huggins, ,3,0,0,0,0,0,N
ORANGE,10/10/23,TRANSFER,320004,C,CITY OF DURHAM CITY COUNCIL AT-LARGE,Sherri Zann Rosenthal, ,3,0,0,0,0,0,N
ORANGE,10/10/23,TRANSFER,320004,C,CITY OF DURHAM CITY COUNCIL AT-LARGE,Waldo Fenner, ,3,0,0,0,0,0,N
PASQUOTANK,10/10/23,EAST,3,C,CITY OF ELIZABETH CITY COUNCILMAN 2ND WARD,Carol Peterson, ,2,7,9,0,0,16,Y
PASQUOTANK,10/10/23,EAST,3,C,CITY OF ELIZABETH CITY COUNCILMAN 2ND WARD,Javis Gibbs, ,2,7,8,0,0,15,Y
PASQUOTANK,10/10/23,EAST,3,C,CITY OF ELIZABETH CITY COUNCILMAN 2ND WARD,Rose Marie Whitehurst, ,2,2,15,0,0,17,Y
PASQUOTANK,10/10/23,EAST,3,C,CITY OF ELIZABETH CITY COUNCILMAN 2ND WARD,Write-In (Miscellaneous),,2,0,0,0,0,0,Y
PASQUOTANK,10/10/23,EAST,4,C,CITY OF ELIZABETH CITY COUNCILMAN 3RD WARD,Evelyn Strader, ,2,5,4,0,0,9,Y
PASQUOTANK,10/10/23,EAST,4,C,CITY OF ELIZABETH CITY COUNCILMAN 3RD WARD,Katherine W. Felton, ,2,6,16,0,0,22,Y
PASQUOTANK,10/10/23,EAST,4,C,CITY OF ELIZABETH CITY COUNCILMAN 3RD WARD,Kem Spence, ,2,7,18,0,0,25,Y
PASQUOTANK,10/10/23,EAST,4,C,CITY OF ELIZABETH CITY COUNCILMAN 3RD WARD,Moe Moore, ,2,1,2,0,0,3,Y
PASQUOTANK,10/10/23,EAST,4,C,CITY OF ELIZABETH CITY COUNCILMAN 3RD WARD,Write-In (Miscellaneous),,2,0,0,0,0,0,Y
PASQUOTANK,10/10/23,EAST,5,C,CITY OF ELIZABETH CITY COUNCILMAN 4TH WARD,Barbara Ann Baxter, ,2,11,6,0,0,17,Y
PASQUOTANK,10/10/23,EAST,5,C,CITY OF ELIZABETH CITY COUNCILMAN 4TH WARD,Johnnie B. Walton, ,2,12,23,0,0,35,Y
PASQUOTANK,10/10/23,EAST,5,C,CITY OF ELIZABETH CITY COUNCILMAN 4TH WARD,Ronnie (Sugarbear) Morris, ,2,11,16,0,0,27,Y
PASQUOTANK,10/10/23,EAST,5,C,CITY OF ELIZABETH CITY COUNCILMAN 4TH WARD,Sandra E. White, ,2,7,10,0,0,17,Y
PASQUOTANK,10/10/23,EAST,5,C,CITY OF ELIZABETH CITY COUNCILMAN 4TH WARD,Write-In (Miscellaneous),,2,0,1,0,0,1,Y
PASQUOTANK,10/10/23,EAST,150002,C,CITY OF ELIZABETH CITY COUNCILMAN 1ST WARD,Johnson Biggs, ,2,94,175,2,1,272,Y
PASQUOTANK,10/10/23,EAST,150002,C,CITY OF ELIZABETH CITY COUNCILMAN 1ST WARD,Joseph Peel, ,2,114,219,3,1,337,Y
PASQUOTANK,10/10/23,EAST,150002,C,CITY OF ELIZABETH CITY COUNCILMAN 1ST WARD,Write-In (Miscellaneous),,2,2,8,0,0,10,Y
PASQUOTANK,10/10/23,EAST,700001,C,CITY OF ELIZABETH CITY MAYOR,Bennie Murphy, ,1,9,32,1,0,42,Y
PASQUOTANK,10/10/23,EAST,700001,C,CITY OF ELIZABETH CITY MAYOR,Christina Williams, ,1,73,125,2,0,200,Y
PASQUOTANK,10/10/23,EAST,700001,C,CITY OF ELIZABETH CITY MAYOR,Kirk Rivers, ,1,105,184,0,1,290,Y
PASQUOTANK,10/10/23,EAST,700001,C,CITY OF ELIZABETH CITY MAYOR,Write-In (Miscellaneous),,1,0,0,0,0,0,Y
PASQUOTANK,10/10/23,MH,3,C,CITY OF ELIZABETH CITY COUNCILMAN 2ND WARD,Carol Peterson, ,2,15,10,3,0,28,Y
PASQUOTANK,10/10/23,MH,3,C,CITY OF ELIZABETH CITY COUNCILMAN 2ND WARD,Javis Gibbs, ,2,20,18,1,0,39,Y
PASQUOTANK,10/10/23,MH,3,C,CITY OF ELIZABETH CITY COUNCILMAN 2ND WARD,Rose Marie Whitehurst, ,2,19,26,0,0,45,Y
PASQUOTANK,10/10/23,MH,3,C,CITY OF ELIZABETH CITY COUNCILMAN 2ND WARD,Write-In (Miscellaneous),,2,0,0,0,0,0,Y
PASQUOTANK,10/10/23,MH,4,C,CITY OF ELIZABETH CITY COUNCILMAN 3RD WARD,Evelyn Strader, ,2,5,12,4,0,21,Y
PASQUOTANK,10/10/23,MH,4,C,CITY OF ELIZABETH CITY COUNCILMAN 3RD WARD,Katherine W. Felton, ,2,8,25,1,1,35,Y
PASQUOTANK,10/10/23,MH,4,C,CITY OF ELIZABETH CITY COUNCILMAN 3RD WARD,Kem Spence, ,2,9,21,0,2,32,Y
PASQUOTANK,10/10/23,MH,4,C,CITY OF ELIZABETH CITY COUNCILMAN 3RD WARD,Moe Moore, ,2,5,12,4,0,21,Y
PASQUOTANK,10/10/23,MH,4,C,CITY OF ELIZABETH CITY COUNCILMAN 3RD WARD,Write-In (Miscellaneous),,2,0,1,0,0,1,Y
PASQUOTANK,10/10/23,MH,700001,C,CITY OF ELIZABETH CITY MAYOR,Bennie Murphy, ,1,2,2,0,0,4,Y
PASQUOTANK,10/10/23,MH,700001,C,CITY OF ELIZABETH CITY MAYOR,Christina Williams, ,1,18,24,8,0,50,Y
PASQUOTANK,10/10/23,MH,700001,C,CITY OF ELIZABETH CITY MAYOR,Kirk Rivers, ,1,29,47,0,2,78,Y
PASQUOTANK,10/10/23,MH,700001,C,CITY OF ELIZABETH CITY MAYOR,Write-In (Miscellaneous),,1,0,1,0,0,1,Y
PASQUOTANK,10/10/23,NORTH,3,C,CITY OF ELIZABETH CITY COUNCILMAN 2ND WARD,Carol Peterson, ,2,30,25,0,0,55,Y
PASQUOTANK,10/10/23,NORTH,3,C,CITY OF ELIZABETH CITY COUNCILMAN 2ND WARD,Javis Gibbs, ,2,62,56,1,0,119,Y
PASQUOTANK,10/10/23,NORTH,3,C,CITY OF ELIZABETH CITY COUNCILMAN 2ND WARD,Rose Marie Whitehurst, ,2,29,47,1,0,77,Y
PASQUOTANK,10/10/23,NORTH,3,C,CITY OF ELIZABETH CITY COUNCILMAN 2ND WARD,Write-In (Miscellaneous),,2,1,2,0,0,3,Y
PASQUOTANK,10/10/23,NORTH,150002,C,CITY OF ELIZABETH CITY COUNCILMAN 1ST WARD,Johnson Biggs, ,2,10,36,0,0,46,Y
PASQUOTANK,10/10/23,NORTH,150002,C,CITY OF ELIZABETH CITY COUNCILMAN 1ST WARD,Joseph Peel, ,2,10,32,0,0,42,Y
PASQUOTANK,10/10/23,NORTH,150002,C,CITY OF ELIZABETH CITY COUNCILMAN 1ST WARD,Write-In (Miscellaneous),,2,0,4,0,1,5,Y
PASQUOTANK,10/10/23,NORTH,700001,C,CITY OF ELIZABETH CITY MAYOR,Bennie Murphy, ,1,8,10,0,0,18,Y
PASQUOTANK,10/10/23,NORTH,700001,C,CITY OF ELIZABETH CITY MAYOR,Christina Williams, ,1,41,44,0,0,85,Y
PASQUOTANK,10/10/23,NORTH,700001,C,CITY OF ELIZABETH CITY MAYOR,Kirk Rivers, ,1,53,77,1,1,132,Y
PASQUOTANK,10/10/23,NORTH,700001,C,CITY OF ELIZABETH CITY MAYOR,Write-In (Miscellaneous),,1,1,0,0,0,1,Y
PASQUOTANK,10/10/23,SOUTH,5,C,CITY OF ELIZABETH CITY COUNCILMAN 4TH WARD,Barbara Ann Baxter, ,2,34,82,2,1,119,Y
PASQUOTANK,10/10/23,SOUTH,5,C,CITY OF ELIZABETH CITY COUNCILMAN 4TH WARD,Johnnie B. Walton, ,2,83,204,4,2,293,Y
PASQUOTANK,10/10/23,SOUTH,5,C,CITY OF ELIZABETH CITY COUNCILMAN 4TH WARD,Ronnie (Sugarbear) Morris, ,2,76,142,2,1,221,Y
PASQUOTANK,10/10/23,SOUTH,5,C,CITY OF ELIZABETH CITY COUNCILMAN 4TH WARD,Sandra E. White, ,2,28,74,0,0,102,Y
PASQUOTANK,10/10/23,SOUTH,5,C,CITY OF ELIZABETH CITY COUNCILMAN 4TH WARD,Write-In (Miscellaneous),,2,3,2,0,0,5,Y
PASQUOTANK,10/10/23,SOUTH,150002,C,CITY OF ELIZABETH CITY COUNCILMAN 1ST WARD,Johnson Biggs, ,2,13,24,0,0,37,Y
PASQUOTANK,10/10/23,SOUTH,150002,C,CITY OF ELIZABETH CITY COUNCILMAN 1ST WARD,Joseph Peel, ,2,19,24,0,0,43,Y
PASQUOTANK,10/10/23,SOUTH,150002,C,CITY OF ELIZABETH CITY COUNCILMAN 1ST WARD,Write-In (Miscellaneous),,2,11,2,0,0,13,Y
PASQUOTANK,10/10/23,SOUTH,700001,C,CITY OF ELIZABETH CITY MAYOR,Bennie Murphy, ,1,4,16,1,0,21,Y
PASQUOTANK,10/10/23,SOUTH,700001,C,CITY OF ELIZABETH CITY MAYOR,Christina Williams, ,1,23,48,0,0,71,Y
PASQUOTANK,10/10/23,SOUTH,700001,C,CITY OF ELIZABETH CITY MAYOR,Kirk Rivers, ,1,130,281,4,2,417,Y
PASQUOTANK,10/10/23,SOUTH,700001,C,CITY OF ELIZABETH CITY MAYOR,Write-In (Miscellaneous),,1,1,0,0,0,1,Y
PASQUOTANK,10/10/23,WEST,3,C,CITY OF ELIZABETH CITY COUNCILMAN 2ND WARD,Carol Peterson, ,2,7,11,0,0,18,Y
PASQUOTANK,10/10/23,WEST,3,C,CITY OF ELIZABETH CITY COUNCILMAN 2ND WARD,Javis Gibbs, ,2,10,5,1,0,16,Y
PASQUOTANK,10/10/23,WEST,3,C,CITY OF ELIZABETH CITY COUNCILMAN 2ND WARD,Rose Marie Whitehurst, ,2,5,7,1,1,14,Y
PASQUOTANK,10/10/23,WEST,3,C,CITY OF ELIZABETH CITY COUNCILMAN 2ND WARD,Write-In (Miscellaneous),,2,0,0,0,0,0,Y
PASQUOTANK,10/10/23,WEST,4,C,CITY OF ELIZABETH CITY COUNCILMAN 3RD WARD,Evelyn Strader, ,2,14,27,1,0,42,Y
PASQUOTANK,10/10/23,WEST,4,C,CITY OF ELIZABETH CITY COUNCILMAN 3RD WARD,Katherine W. Felton, ,2,72,135,4,1,212,Y
PASQUOTANK,10/10/23,WEST,4,C,CITY OF ELIZABETH CITY COUNCILMAN 3RD WARD,Kem Spence, ,2,77,132,4,1,214,Y
PASQUOTANK,10/10/23,WEST,4,C,CITY OF ELIZABETH CITY COUNCILMAN 3RD WARD,Moe Moore, ,2,11,27,1,0,39,Y
PASQUOTANK,10/10/23,WEST,4,C,CITY OF ELIZABETH CITY COUNCILMAN 3RD WARD,Write-In (Miscellaneous),,2,0,0,0,0,0,Y
PASQUOTANK,10/10/23,WEST,5,C,CITY OF ELIZABETH CITY COUNCILMAN 4TH WARD,Barbara Ann Baxter, ,2,0,0,0,0,0,Y
PASQUOTANK,10/10/23,WEST,5,C,CITY OF ELIZABETH CITY COUNCILMAN 4TH WARD,Johnnie B. Walton, ,2,6,3,0,0,9,Y
PASQUOTANK,10/10/23,WEST,5,C,CITY OF ELIZABETH CITY COUNCILMAN 4TH WARD,Ronnie (Sugarbear) Morris, ,2,4,0,0,0,4,Y
PASQUOTANK,10/10/23,WEST,5,C,CITY OF ELIZABETH CITY COUNCILMAN 4TH WARD,Sandra E. White, ,2,6,2,0,0,8,Y
PASQUOTANK,10/10/23,WEST,5,C,CITY OF ELIZABETH CITY COUNCILMAN 4TH WARD,Write-In (Miscellaneous),,2,2,0,0,0,2,Y
PASQUOTANK,10/10/23,WEST,700001,C,CITY OF ELIZABETH CITY MAYOR,Bennie Murphy, ,1,1,1,1,0,3,Y
PASQUOTANK,10/10/23,WEST,700001,C,CITY OF ELIZABETH CITY MAYOR,Christina Williams, ,1,24,39,1,1,65,Y
PASQUOTANK,10/10/23,WEST,700001,C,CITY OF ELIZABETH CITY MAYOR,Kirk Rivers, ,1,102,149,4,1,256,Y
PASQUOTANK,10/10/23,WEST,700001,C,CITY OF ELIZABETH CITY MAYOR,Write-In (Miscellaneous),,1,0,0,0,0,0,Y
RANDOLPH,10/10/23,AR,410003,C,CITY OF HIGH POINT MAYOR,Abdul Rashid (Richard) Siddiqui, ,1,0,0,0,0,0,Y
RANDOLPH,10/10/23,AR,410003,C,CITY OF HIGH POINT MAYOR,Cyril Jefferson, ,1,0,0,0,0,0,Y
RANDOLPH,10/10/23,AR,410003,C,CITY OF HIGH POINT MAYOR,Gene Kininmonth, ,1,0,0,0,0,0,Y
RANDOLPH,10/10/23,AR,410003,C,CITY OF HIGH POINT MAYOR,Victor Jones, ,1,0,0,0,0,0,Y
RANDOLPH,10/10/23,AR,410004,C,CITY OF HIGH POINT CITY COUNCIL AT-LARGE,Amanda Cook, ,2,0,0,0,0,0,Y
RANDOLPH,10/10/23,AR,410004,C,CITY OF HIGH POINT CITY COUNCIL AT-LARGE,Britt W. Moore, ,2,0,0,0,0,0,Y
RANDOLPH,10/10/23,AR,410004,C,CITY OF HIGH POINT CITY COUNCIL AT-LARGE,"Kenneth Jabari Harper, Jr.", ,2,0,0,0,0,0,Y
RANDOLPH,10/10/23,AR,410004,C,CITY OF HIGH POINT CITY COUNCIL AT-LARGE,Orel Henry, ,2,0,0,0,0,0,Y
RANDOLPH,10/10/23,AR,410004,C,CITY OF HIGH POINT CITY COUNCIL AT-LARGE,Sam Carr, ,2,0,0,0,0,0,Y
RANDOLPH,10/10/23,AR,410004,C,CITY OF HIGH POINT CITY COUNCIL AT-LARGE,Shazia Iqbal, ,2,0,0,0,0,0,Y
RANDOLPH,10/10/23,AR,410004,C,CITY OF HIGH POINT CITY COUNCIL AT-LARGE,Willie H. Davis, ,2,0,0,0,0,0,Y
RANDOLPH,10/10/23,TR,410003,C,CITY OF HIGH POINT MAYOR,Abdul Rashid (Richard) Siddiqui, ,1,0,0,0,0,0,Y
RANDOLPH,10/10/23,TR,410003,C,CITY OF HIGH POINT MAYOR,Cyril Jefferson, ,1,0,0,0,0,0,Y
RANDOLPH,10/10/23,TR,410003,C,CITY OF HIGH POINT MAYOR,Gene Kininmonth, ,1,0,0,0,0,0,Y
RANDOLPH,10/10/23,TR,410003,C,CITY OF HIGH POINT MAYOR,Victor Jones, ,1,0,0,0,0,0,Y
RANDOLPH,10/10/23,TR,410004,C,CITY OF HIGH POINT CITY COUNCIL AT-LARGE,Amanda Cook, ,2,0,0,0,0,0,Y
RANDOLPH,10/10/23,TR,410004,C,CITY OF HIGH POINT CITY COUNCIL AT-LARGE,Britt W. Moore, ,2,0,0,0,0,0,Y
RANDOLPH,10/10/23,TR,410004,C,CITY OF HIGH POINT CITY COUNCIL AT-LARGE,"Kenneth Jabari Harper, Jr.", ,2,0,0,0,0,0,Y
RANDOLPH,10/10/23,TR,410004,C,CITY OF HIGH POINT CITY COUNCIL AT-LARGE,Orel Henry, ,2,0,0,0,0,0,Y
RANDOLPH,10/10/23,TR,410004,C,CITY OF HIGH POINT CITY COUNCIL AT-LARGE,Sam Carr, ,2,0,0,0,0,0,Y
RANDOLPH,10/10/23,TR,410004,C,CITY OF HIGH POINT CITY COUNCIL AT-LARGE,Shazia Iqbal, ,2,0,0,0,0,0,Y
RANDOLPH,10/10/23,TR,410004,C,CITY OF HIGH POINT CITY COUNCIL AT-LARGE,Willie H. Davis, ,2,0,0,0,0,0,Y
RICHMOND,10/10/23,8,1,C,TOWN OF DOBBINS HEIGHTS MAYOR,Antonio Blue, ,1,31,10,0,0,41,Y
RICHMOND,10/10/23,8,1,C,TOWN OF DOBBINS HEIGHTS MAYOR,Write-In (Miscellaneous),,1,2,0,0,0,2,Y
RICHMOND,10/10/23,8,2,C,TOWN OF DOBBINS HEIGHTS TOWN COUNCIL,Mary Ann Gibson, ,2,27,10,0,0,37,Y
RICHMOND,10/10/23,8,2,C,TOWN OF DOBBINS HEIGHTS TOWN COUNCIL,Revonna Magee, ,2,31,10,0,0,41,Y
RICHMOND,10/10/23,8,2,C,TOWN OF DOBBINS HEIGHTS TOWN COUNCIL,Write-In (Miscellaneous),,2,2,0,0,0,2,Y
VANCE,10/10/23,CC,1,C,CITY OF HENDERSON MAYOR,Greg Etheridge, ,1,2,2,0,0,4,Y
VANCE,10/10/23,CC,1,C,CITY OF HENDERSON MAYOR,Jason Spriggs, ,1,0,0,0,0,0,Y
VANCE,10/10/23,CC,1,C,CITY OF HENDERSON MAYOR,Melissa Elliott, ,1,0,3,0,0,3,Y
VANCE,10/10/23,CC,1,C,CITY OF HENDERSON MAYOR,Sara M. Coffey, ,1,1,0,0,0,1,Y
VANCE,10/10/23,CC,1,C,CITY OF HENDERSON MAYOR,Write-In (Miscellaneous),,1,0,0,0,0,0,Y
VANCE,10/10/23,CC,3,C,CITY OF HENDERSON ALDERMAN 2ND WARD,Janice D. Ward, ,1,0,3,0,0,3,Y
VANCE,10/10/23,CC,3,C,CITY OF HENDERSON ALDERMAN 2ND WARD,Mike Rainey, ,1,1,0,0,0,1,Y
VANCE,10/10/23,CC,3,C,CITY OF HENDERSON ALDERMAN 2ND WARD,Sam Seifert, ,1,2,2,0,0,4,Y
VANCE,10/10/23,CC,3,C,CITY OF HENDERSON ALDERMAN 2ND WARD,Write-In (Miscellaneous),,1,0,0,0,0,0,Y
VANCE,10/10/23,CC,4,C,CITY OF HENDERSON ALDERMAN AT-LARGE 3RD WARD,Kory H. Franklin, ,1,0,0,0,0,0,Y
VANCE,10/10/23,CC,4,C,CITY OF HENDERSON ALDERMAN AT-LARGE 3RD WARD,Michael Venable, ,1,2,3,0,0,5,Y
VANCE,10/10/23,CC,4,C,CITY OF HENDERSON ALDERMAN AT-LARGE 3RD WARD,Michelle Horner Wood, ,1,1,2,0,0,3,Y
VANCE,10/10/23,CC,4,C,CITY OF HENDERSON ALDERMAN AT-LARGE 3RD WARD,Write-In (Miscellaneous),,1,0,0,0,0,0,Y
VANCE,10/10/23,CC,5,C,CITY OF HENDERSON ALDERMAN AT-LARGE 4TH WARD,George M. Daye, ,1,2,1,0,0,3,Y
VANCE,10/10/23,CC,5,C,CITY OF HENDERSON ALDERMAN AT-LARGE 4TH WARD,Lora Durham, ,1,0,0,0,0,0,Y
VANCE,10/10/23,CC,5,C,CITY OF HENDERSON ALDERMAN AT-LARGE 4TH WARD,Tami Walker, ,1,0,3,0,0,3,Y
VANCE,10/10/23,CC,5,C,CITY OF HENDERSON ALDERMAN AT-LARGE 4TH WARD,Write-In (Miscellaneous),,1,0,0,0,0,0,Y
VANCE,10/10/23,EH1,1,C,CITY OF HENDERSON MAYOR,Greg Etheridge, ,1,15,15,2,0,32,Y
VANCE,10/10/23,EH1,1,C,CITY OF HENDERSON MAYOR,Jason Spriggs, ,1,4,8,0,0,12,Y
VANCE,10/10/23,EH1,1,C,CITY OF HENDERSON MAYOR,Melissa Elliott, ,1,39,169,0,0,208,Y
VANCE,10/10/23,EH1,1,C,CITY OF HENDERSON MAYOR,Sara M. Coffey, ,1,6,18,0,0,24,Y
VANCE,10/10/23,EH1,1,C,CITY OF HENDERSON MAYOR,Write-In (Miscellaneous),,1,0,0,0,0,0,Y
VANCE,10/10/23,EH1,4,C,CITY OF HENDERSON ALDERMAN AT-LARGE 3RD WARD,Kory H. Franklin, ,1,3,35,0,0,38,Y
VANCE,10/10/23,EH1,4,C,CITY OF HENDERSON ALDERMAN AT-LARGE 3RD WARD,Michael Venable, ,1,50,157,0,0,207,Y
VANCE,10/10/23,EH1,4,C,CITY OF HENDERSON ALDERMAN AT-LARGE 3RD WARD,Michelle Horner Wood, ,1,9,15,2,0,26,Y
VANCE,10/10/23,EH1,4,C,CITY OF HENDERSON ALDERMAN AT-LARGE 3RD WARD,Write-In (Miscellaneous),,1,0,0,0,0,0,Y
VANCE,10/10/23,EH1,5,C,CITY OF HENDERSON ALDERMAN AT-LARGE 4TH WARD,George M. Daye, ,1,13,48,0,0,61,Y
VANCE,10/10/23,EH1,5,C,CITY OF HENDERSON ALDERMAN AT-LARGE 4TH WARD,Lora Durham, ,1,7,13,0,0,20,Y
VANCE,10/10/23,EH1,5,C,CITY OF HENDERSON ALDERMAN AT-LARGE 4TH WARD,Tami Walker, ,1,44,144,0,0,188,Y
VANCE,10/10/23,EH1,5,C,CITY OF HENDERSON ALDERMAN AT-LARGE 4TH WARD,Write-In (Miscellaneous),,1,0,0,0,0,0,Y
VANCE,10/10/23,HTOP,1,C,CITY OF HENDERSON MAYOR,Greg Etheridge, ,1,29,11,0,0,40,Y
VANCE,10/10/23,HTOP,1,C,CITY OF HENDERSON MAYOR,Jason Spriggs, ,1,0,4,0,0,4,Y
VANCE,10/10/23,HTOP,1,C,CITY OF HENDERSON MAYOR,Melissa Elliott, ,1,19,16,0,0,35,Y
VANCE,10/10/23,HTOP,1,C,CITY OF HENDERSON MAYOR,Sara M. Coffey, ,1,0,2,0,0,2,Y
VANCE,10/10/23,HTOP,1,C,CITY OF HENDERSON MAYOR,Write-In (Miscellaneous),,1,0,1,0,0,1,Y
VANCE,10/10/23,HTOP,4,C,CITY OF HENDERSON ALDERMAN AT-LARGE 3RD WARD,Kory H. Franklin, ,1,12,12,0,0,24,Y
VANCE,10/10/23,HTOP,4,C,CITY OF HENDERSON ALDERMAN AT-LARGE 3RD WARD,Michael Venable, ,1,9,14,0,0,23,Y
VANCE,10/10/23,HTOP,4,C,CITY OF HENDERSON ALDERMAN AT-LARGE 3RD WARD,Michelle Horner Wood, ,1,25,7,0,0,32,Y
VANCE,10/10/23,HTOP,4,C,CITY OF HENDERSON ALDERMAN AT-LARGE 3RD WARD,Write-In (Miscellaneous),,1,0,1,0,0,1,Y
VANCE,10/10/23,HTOP,5,C,CITY OF HENDERSON ALDERMAN AT-LARGE 4TH WARD,George M. Daye, ,1,19,11,0,0,30,Y
VANCE,10/10/23,HTOP,5,C,CITY OF HENDERSON ALDERMAN AT-LARGE 4TH WARD,Lora Durham, ,1,5,1,0,0,6,Y
VANCE,10/10/23,HTOP,5,C,CITY OF HENDERSON ALDERMAN AT-LARGE 4TH WARD,Tami Walker, ,1,19,18,0,0,37,Y
VANCE,10/10/23,HTOP,5,C,CITY OF HENDERSON ALDERMAN AT-LARGE 4TH WARD,Write-In (Miscellaneous),,1,0,1,0,0,1,Y
VANCE,10/10/23,NH1,1,C,CITY OF HENDERSON MAYOR,Greg Etheridge, ,1,17,23,0,0,40,Y
VANCE,10/10/23,NH1,1,C,CITY OF HENDERSON MAYOR,Jason Spriggs, ,1,2,3,0,0,5,Y
VANCE,10/10/23,NH1,1,C,CITY OF HENDERSON MAYOR,Melissa Elliott, ,1,47,132,0,0,179,Y
VANCE,10/10/23,NH1,1,C,CITY OF HENDERSON MAYOR,Sara M. Coffey, ,1,7,31,1,0,39,Y
VANCE,10/10/23,NH1,1,C,CITY OF HENDERSON MAYOR,Write-In (Miscellaneous),,1,0,0,0,0,0,Y
VANCE,10/10/23,NH1,2,C,CITY OF HENDERSON ALDERMAN 1ST WARD,Clementine Hunter, ,1,3,10,0,0,13,Y
VANCE,10/10/23,NH1,2,C,CITY OF HENDERSON ALDERMAN 1ST WARD,Corey Pearson, ,1,9,18,1,0,28,Y
VANCE,10/10/23,NH1,2,C,CITY OF HENDERSON ALDERMAN 1ST WARD,Geraldine Champion, ,1,30,119,0,0,149,Y
VANCE,10/10/23,NH1,2,C,CITY OF HENDERSON ALDERMAN 1ST WARD,Symia Crews, ,1,31,31,0,0,62,Y
VANCE,10/10/23,NH1,2,C,CITY OF HENDERSON ALDERMAN 1ST WARD,Write-In (Miscellaneous),,1,0,0,0,0,0,Y
VANCE,10/10/23,NH1,3,C,CITY OF HENDERSON ALDERMAN 2ND WARD,Janice D. Ward, ,1,0,5,0,0,5,Y
VANCE,10/10/23,NH1,3,C,CITY OF HENDERSON ALDERMAN 2ND WARD,Mike Rainey, ,1,0,0,0,0,0,Y
VANCE,10/10/23,NH1,3,C,CITY OF HENDERSON ALDERMAN 2ND WARD,Sam Seifert, ,1,0,0,0,0,0,Y
VANCE,10/10/23,NH1,3,C,CITY OF HENDERSON ALDERMAN 2ND WARD,Write-In (Miscellaneous),,1,0,0,0,0,0,Y
VANCE,10/10/23,NH1,4,C,CITY OF HENDERSON ALDERMAN AT-LARGE 3RD WARD,Kory H. Franklin, ,1,14,18,0,0,32,Y
VANCE,10/10/23,NH1,4,C,CITY OF HENDERSON ALDERMAN AT-LARGE 3RD WARD,Michael Venable, ,1,44,144,1,0,189,Y
VANCE,10/10/23,NH1,4,C,CITY OF HENDERSON ALDERMAN AT-LARGE 3RD WARD,Michelle Horner Wood, ,1,10,19,0,0,29,Y
VANCE,10/10/23,NH1,4,C,CITY OF HENDERSON ALDERMAN AT-LARGE 3RD WARD,Write-In (Miscellaneous),,1,0,0,0,0,0,Y
VANCE,10/10/23,NH1,5,C,CITY OF HENDERSON ALDERMAN AT-LARGE 4TH WARD,George M. Daye, ,1,17,31,0,0,48,Y
VANCE,10/10/23,NH1,5,C,CITY OF HENDERSON ALDERMAN AT-LARGE 4TH WARD,Lora Durham, ,1,14,21,1,0,36,Y
VANCE,10/10/23,NH1,5,C,CITY OF HENDERSON ALDERMAN AT-LARGE 4TH WARD,Tami Walker, ,1,37,130,0,0,167,Y
VANCE,10/10/23,NH1,5,C,CITY OF HENDERSON ALDERMAN AT-LARGE 4TH WARD,Write-In (Miscellaneous),,1,0,1,0,0,1,Y
VANCE,10/10/23,NV,1,C,CITY OF HENDERSON MAYOR,Greg Etheridge, ,1,0,0,0,0,0,Y
VANCE,10/10/23,NV,1,C,CITY OF HENDERSON MAYOR,Jason Spriggs, ,1,0,0,0,0,0,Y
VANCE,10/10/23,NV,1,C,CITY OF HENDERSON MAYOR,Melissa Elliott, ,1,0,1,0,0,1,Y
VANCE,10/10/23,NV,1,C,CITY OF HENDERSON MAYOR,Sara M. Coffey, ,1,0,1,0,0,1,Y
VANCE,10/10/23,NV,1,C,CITY OF HENDERSON MAYOR,Write-In (Miscellaneous),,1,0,0,0,0,0,Y
VANCE,10/10/23,NV,4,C,CITY OF HENDERSON ALDERMAN AT-LARGE 3RD WARD,Kory H. Franklin, ,1,0,1,0,0,1,Y
VANCE,10/10/23,NV,4,C,CITY OF HENDERSON ALDERMAN AT-LARGE 3RD WARD,Michael Venable, ,1,0,1,0,0,1,Y
VANCE,10/10/23,NV,4,C,CITY OF HENDERSON ALDERMAN AT-LARGE 3RD WARD,Michelle Horner Wood, ,1,0,0,0,0,0,Y
VANCE,10/10/23,NV,4,C,CITY OF HENDERSON ALDERMAN AT-LARGE 3RD WARD,Write-In (Miscellaneous),,1,0,0,0,0,0,Y
VANCE,10/10/23,NV,5,C,CITY OF HENDERSON ALDERMAN AT-LARGE 4TH WARD,George M. Daye, ,1,0,0,0,0,0,Y
VANCE,10/10/23,NV,5,C,CITY OF HENDERSON ALDERMAN AT-LARGE 4TH WARD,Lora Durham, ,1,0,0,0,0,0,Y
VANCE,10/10/23,NV,5,C,CITY OF HENDERSON ALDERMAN AT-LARGE 4TH WARD,Tami Walker, ,1,0,2,0,0,2,Y
VANCE,10/10/23,NV,5,C,CITY OF HENDERSON ALDERMAN AT-LARGE 4TH WARD,Write-In (Miscellaneous),,1,0,0,0,0,0,Y
VANCE,10/10/23,SCRK,1,C,CITY OF HENDERSON MAYOR,Greg Etheridge, ,1,0,0,0,0,0,Y
VANCE,10/10/23,SCRK,1,C,CITY OF HENDERSON MAYOR,Jason Spriggs, ,1,0,0,0,0,0,Y
VANCE,10/10/23,SCRK,1,C,CITY OF HENDERSON MAYOR,Melissa Elliott, ,1,7,9,0,0,16,Y
VANCE,10/10/23,SCRK,1,C,CITY OF HENDERSON MAYOR,Sara M. Coffey, ,1,1,3,0,0,4,Y
VANCE,10/10/23,SCRK,1,C,CITY OF HENDERSON MAYOR,Write-In (Miscellaneous),,1,0,0,0,0,0,Y
VANCE,10/10/23,SCRK,4,C,CITY OF HENDERSON ALDERMAN AT-LARGE 3RD WARD,Kory H. Franklin, ,1,1,1,0,0,2,Y
VANCE,10/10/23,SCRK,4,C,CITY OF HENDERSON ALDERMAN AT-LARGE 3RD WARD,Michael Venable, ,1,7,9,0,0,16,Y
VANCE,10/10/23,SCRK,4,C,CITY OF HENDERSON ALDERMAN AT-LARGE 3RD WARD,Michelle Horner Wood, ,1,0,2,0,0,2,Y
VANCE,10/10/23,SCRK,4,C,CITY OF HENDERSON ALDERMAN AT-LARGE 3RD WARD,Write-In (Miscellaneous),,1,0,0,0,0,0,Y
VANCE,10/10/23,SCRK,5,C,CITY OF HENDERSON ALDERMAN AT-LARGE 4TH WARD,George M. Daye, ,1,2,3,0,0,5,Y
VANCE,10/10/23,SCRK,5,C,CITY OF HENDERSON ALDERMAN AT-LARGE 4TH WARD,Lora Durham, ,1,2,0,0,0,2,Y
VANCE,10/10/23,SCRK,5,C,CITY OF HENDERSON ALDERMAN AT-LARGE 4TH WARD,Tami Walker, ,1,4,9,0,0,13,Y
VANCE,10/10/23,SCRK,5,C,CITY OF HENDERSON ALDERMAN AT-LARGE 4TH WARD,Write-In (Miscellaneous),,1,0,0,0,0,0,Y
VANCE,10/10/23,SH1,1,C,CITY OF HENDERSON MAYOR,Greg Etheridge, ,1,55,49,0,0,104,Y
VANCE,10/10/23,SH1,1,C,CITY OF HENDERSON MAYOR,Jason Spriggs, ,1,4,5,0,0,9,Y
VANCE,10/10/23,SH1,1,C,CITY OF HENDERSON MAYOR,Melissa Elliott, ,1,42,130,0,0,172,Y
VANCE,10/10/23,SH1,1,C,CITY OF HENDERSON MAYOR,Sara M. Coffey, ,1,13,11,0,0,24,Y
VANCE,10/10/23,SH1,1,C,CITY OF HENDERSON MAYOR,Write-In (Miscellaneous),,1,1,0,0,0,1,Y
VANCE,10/10/23,SH1,2,C,CITY OF HENDERSON ALDERMAN 1ST WARD,Clementine Hunter, ,1,0,0,0,0,0,Y
VANCE,10/10/23,SH1,2,C,CITY OF HENDERSON ALDERMAN 1ST WARD,Corey Pearson, ,1,0,0,0,0,0,Y
VANCE,10/10/23,SH1,2,C,CITY OF HENDERSON ALDERMAN 1ST WARD,Geraldine Champion, ,1,0,0,0,0,0,Y
VANCE,10/10/23,SH1,2,C,CITY OF HENDERSON ALDERMAN 1ST WARD,Symia Crews, ,1,0,0,0,0,0,Y
VANCE,10/10/23,SH1,2,C,CITY OF HENDERSON ALDERMAN 1ST WARD,Write-In (Miscellaneous),,1,0,0,0,0,0,Y
VANCE,10/10/23,SH1,4,C,CITY OF HENDERSON ALDERMAN AT-LARGE 3RD WARD,Kory H. Franklin, ,1,10,24,0,0,34,Y
VANCE,10/10/23,SH1,4,C,CITY OF HENDERSON ALDERMAN AT-LARGE 3RD WARD,Michael Venable, ,1,46,121,0,0,167,Y
VANCE,10/10/23,SH1,4,C,CITY OF HENDERSON ALDERMAN AT-LARGE 3RD WARD,Michelle Horner Wood, ,1,51,45,0,0,96,Y
VANCE,10/10/23,SH1,4,C,CITY OF HENDERSON ALDERMAN AT-LARGE 3RD WARD,Write-In (Miscellaneous),,1,2,0,0,0,2,Y
VANCE,10/10/23,SH1,5,C,CITY OF HENDERSON ALDERMAN AT-LARGE 4TH WARD,George M. Daye, ,1,51,40,0,0,91,Y
VANCE,10/10/23,SH1,5,C,CITY OF HENDERSON ALDERMAN AT-LARGE 4TH WARD,Lora Durham, ,1,6,17,0,0,23,Y
VANCE,10/10/23,SH1,5,C,CITY OF HENDERSON ALDERMAN AT-LARGE 4TH WARD,Tami Walker, ,1,48,125,0,0,173,Y
VANCE,10/10/23,SH1,5,C,CITY OF HENDERSON ALDERMAN AT-LARGE 4TH WARD,Write-In (Miscellaneous),,1,1,0,0,0,1,Y
VANCE,10/10/23,SH2,1,C,CITY OF HENDERSON MAYOR,Greg Etheridge, ,1,0,0,0,0,0,Y
VANCE,10/10/23,SH2,1,C,CITY OF HENDERSON MAYOR,Jason Spriggs, ,1,0,0,0,0,0,Y
VANCE,10/10/23,SH2,1,C,CITY OF HENDERSON MAYOR,Melissa Elliott, ,1,1,7,0,0,8,Y
VANCE,10/10/23,SH2,1,C,CITY OF HENDERSON MAYOR,Sara M. Coffey, ,1,0,0,0,0,0,Y
VANCE,10/10/23,SH2,1,C,CITY OF HENDERSON MAYOR,Write-In (Miscellaneous),,1,0,0,0,0,0,Y
VANCE,10/10/23,SH2,4,C,CITY OF HENDERSON ALDERMAN AT-LARGE 3RD WARD,Kory H. Franklin, ,1,0,1,0,0,1,Y
VANCE,10/10/23,SH2,4,C,CITY OF HENDERSON ALDERMAN AT-LARGE 3RD WARD,Michael Venable, ,1,1,6,0,0,7,Y
VANCE,10/10/23,SH2,4,C,CITY OF HENDERSON ALDERMAN AT-LARGE 3RD WARD,Michelle Horner Wood, ,1,0,0,0,0,0,Y
VANCE,10/10/23,SH2,4,C,CITY OF HENDERSON ALDERMAN AT-LARGE 3RD WARD,Write-In (Miscellaneous),,1,0,0,0,0,0,Y
VANCE,10/10/23,SH2,5,C,CITY OF HENDERSON ALDERMAN AT-LARGE 4TH WARD,George M. Daye, ,1,1,1,0,0,2,Y
VANCE,10/10/23,SH2,5,C,CITY OF HENDERSON ALDERMAN AT-LARGE 4TH WARD,Lora Durham, ,1,0,0,0,0,0,Y
VANCE,10/10/23,SH2,5,C,CITY OF HENDERSON ALDERMAN AT-LARGE 4TH WARD,Tami Walker, ,1,0,6,0,0,6,Y
VANCE,10/10/23,SH2,5,C,CITY OF HENDERSON ALDERMAN AT-LARGE 4TH WARD,Write-In (Miscellaneous),,1,0,0,0,0,0,Y
VANCE,10/10/23,WH,1,C,CITY OF HENDERSON MAYOR,Greg Etheridge, ,1,225,301,0,0,526,Y
VANCE,10/10/23,WH,1,C,CITY OF HENDERSON MAYOR,Jason Spriggs, ,1,10,11,0,0,21,Y
VANCE,10/10/23,WH,1,C,CITY OF HENDERSON MAYOR,Melissa Elliott, ,1,60,213,3,0,276,Y
VANCE,10/10/23,WH,1,C,CITY OF HENDERSON MAYOR,Sara M. Coffey, ,1,22,34,0,0,56,Y
VANCE,10/10/23,WH,1,C,CITY OF HENDERSON MAYOR,Write-In (Miscellaneous),,1,0,1,0,0,1,Y
VANCE,10/10/23,WH,2,C,CITY OF HENDERSON ALDERMAN 1ST WARD,Clementine Hunter, ,1,0,1,0,0,1,Y
VANCE,10/10/23,WH,2,C,CITY OF HENDERSON ALDERMAN 1ST WARD,Corey Pearson, ,1,10,9,0,0,19,Y
VANCE,10/10/23,WH,2,C,CITY OF HENDERSON ALDERMAN 1ST WARD,Geraldine Champion, ,1,13,46,0,0,59,Y
VANCE,10/10/23,WH,2,C,CITY OF HENDERSON ALDERMAN 1ST WARD,Symia Crews, ,1,17,16,0,0,33,Y
VANCE,10/10/23,WH,2,C,CITY OF HENDERSON ALDERMAN 1ST WARD,Write-In (Miscellaneous),,1,0,0,0,0,0,Y
VANCE,10/10/23,WH,3,C,CITY OF HENDERSON ALDERMAN 2ND WARD,Janice D. Ward, ,1,38,126,1,0,165,Y
VANCE,10/10/23,WH,3,C,CITY OF HENDERSON ALDERMAN 2ND WARD,Mike Rainey, ,1,51,63,1,0,115,Y
VANCE,10/10/23,WH,3,C,CITY OF HENDERSON ALDERMAN 2ND WARD,Sam Seifert, ,1,169,261,1,0,431,Y
VANCE,10/10/23,WH,3,C,CITY OF HENDERSON ALDERMAN 2ND WARD,Write-In (Miscellaneous),,1,0,1,0,0,1,Y
VANCE,10/10/23,WH,4,C,CITY OF HENDERSON ALDERMAN AT-LARGE 3RD WARD,Kory H. Franklin, ,1,42,57,1,0,100,Y
VANCE,10/10/23,WH,4,C,CITY OF HENDERSON ALDERMAN AT-LARGE 3RD WARD,Michael Venable, ,1,78,229,0,0,307,Y
VANCE,10/10/23,WH,4,C,CITY OF HENDERSON ALDERMAN AT-LARGE 3RD WARD,Michelle Horner Wood, ,1,175,233,1,0,409,Y
VANCE,10/10/23,WH,4,C,CITY OF HENDERSON ALDERMAN AT-LARGE 3RD WARD,Write-In (Miscellaneous),,1,0,1,0,0,1,Y
VANCE,10/10/23,WH,5,C,CITY OF HENDERSON ALDERMAN AT-LARGE 4TH WARD,George M. Daye, ,1,121,170,2,0,293,Y
VANCE,10/10/23,WH,5,C,CITY OF HENDERSON ALDERMAN AT-LARGE 4TH WARD,Lora Durham, ,1,19,34,1,0,54,Y
VANCE,10/10/23,WH,5,C,CITY OF HENDERSON ALDERMAN AT-LARGE 4TH WARD,Tami Walker, ,1,106,264,0,0,370,Y
VANCE,10/10/23,WH,5,C,CITY OF HENDERSON ALDERMAN AT-LARGE 4TH WARD,Write-In (Miscellaneous),,1,3,4,0,0,7,Y
WAKE,10/10/23,1-Apr,3,C,TOWN OF CARY TOWN COUNCIL DISTRICT B,Don Frantz, ,1,166,0,0,0,166,Y
WAKE,10/10/23,1-Apr,3,C,TOWN OF CARY TOWN COUNCIL DISTRICT B,Michelle Craig, ,1,137,0,0,0,137,Y
WAKE,10/10/23,1-Apr,3,C,TOWN OF CARY TOWN COUNCIL DISTRICT B,Write-In (Miscellaneous),,1,1,0,0,0,1,Y
WAKE,10/10/23,1-Apr,920001,C,TOWN OF CARY MAYOR,Dennis Midkiff (Write-In),,1,2,0,0,0,2,Y
WAKE,10/10/23,1-Apr,920001,C,TOWN OF CARY MAYOR,Don Frantz (Write-In),,1,0,0,0,0,0,Y
WAKE,10/10/23,1-Apr,920001,C,TOWN OF CARY MAYOR,Ed Yerha (Write-In),,1,2,0,0,0,2,Y
WAKE,10/10/23,1-Apr,920001,C,TOWN OF CARY MAYOR,"Harold Weinbrecht, Jr.", ,1,256,0,0,0,256,Y
WAKE,10/10/23,1-Apr,920001,C,TOWN OF CARY MAYOR,Jack Smith (Write-In),,1,0,0,0,0,0,Y
WAKE,10/10/23,1-Apr,920001,C,TOWN OF CARY MAYOR,Lori Bush (Write-In),,1,0,0,0,0,0,Y
WAKE,10/10/23,1-Apr,920001,C,TOWN OF CARY MAYOR,Mary Collins (Write-In),,1,1,0,0,0,1,Y
WAKE,10/10/23,1-Apr,920001,C,TOWN OF CARY MAYOR,Mary Insprucker (Write-In),,1,0,0,0,0,0,Y
WAKE,10/10/23,1-Apr,920001,C,TOWN OF CARY MAYOR,Sarika Bansal (Write-In),,1,0,0,0,0,0,Y
WAKE,10/10/23,1-Apr,920001,C,TOWN OF CARY MAYOR,Write-In (Miscellaneous),,1,20,0,0,0,20,Y
WAKE,10/10/23,1-Apr,920002,C,TOWN OF CARY TOWN COUNCIL AT-LARGE,Don Frantz (Write-In),,1,0,0,0,0,0,Y
WAKE,10/10/23,1-Apr,920002,C,TOWN OF CARY TOWN COUNCIL AT-LARGE,Lori Bush, ,1,207,0,0,0,207,Y
WAKE,10/10/23,1-Apr,920002,C,TOWN OF CARY TOWN COUNCIL AT-LARGE,Mary Insprucker, ,1,82,0,0,0,82,Y
WAKE,10/10/23,1-Apr,920002,C,TOWN OF CARY TOWN COUNCIL AT-LARGE,Matthew Gronke, ,1,12,0,0,0,12,Y
WAKE,10/10/23,1-Apr,920002,C,TOWN OF CARY TOWN COUNCIL AT-LARGE,Michelle Craig (Write-In),,1,0,0,0,0,0,Y
WAKE,10/10/23,1-Apr,920002,C,TOWN OF CARY TOWN COUNCIL AT-LARGE,Sarika Bansal (Write-In),,1,0,0,0,0,0,Y
WAKE,10/10/23,1-Apr,920002,C,TOWN OF CARY TOWN COUNCIL AT-LARGE,Write-In (Miscellaneous),,1,1,0,0,0,1,Y
WAKE,10/10/23,2-Apr,3,C,TOWN OF CARY TOWN COUNCIL DISTRICT B,Don Frantz, ,1,189,0,0,0,189,Y
WAKE,10/10/23,2-Apr,3,C,TOWN OF CARY TOWN COUNCIL DISTRICT B,Michelle Craig, ,1,210,0,0,0,210,Y
WAKE,10/10/23,2-Apr,3,C,TOWN OF CARY TOWN COUNCIL DISTRICT B,Write-In (Miscellaneous),,1,0,0,0,0,0,Y
WAKE,10/10/23,2-Apr,920001,C,TOWN OF CARY MAYOR,Dennis Midkiff (Write-In),,1,0,0,0,0,0,Y
WAKE,10/10/23,2-Apr,920001,C,TOWN OF CARY MAYOR,Don Frantz (Write-In),,1,3,0,0,0,3,Y
WAKE,10/10/23,2-Apr,920001,C,TOWN OF CARY MAYOR,Ed Yerha (Write-In),,1,0,0,0,0,0,Y
WAKE,10/10/23,2-Apr,920001,C,TOWN OF CARY MAYOR,"Harold Weinbrecht, Jr.", ,1,325,0,0,0,325,Y
WAKE,10/10/23,2-Apr,920001,C,TOWN OF CARY MAYOR,Jack Smith (Write-In),,1,0,0,0,0,0,Y
WAKE,10/10/23,2-Apr,920001,C,TOWN OF CARY MAYOR,Lori Bush (Write-In),,1,0,0,0,0,0,Y
WAKE,10/10/23,2-Apr,920001,C,TOWN OF CARY MAYOR,Mary Collins (Write-In),,1,0,0,0,0,0,Y
WAKE,10/10/23,2-Apr,920001,C,TOWN OF CARY MAYOR,Mary Insprucker (Write-In),,1,0,0,0,0,0,Y
WAKE,10/10/23,2-Apr,920001,C,TOWN OF CARY MAYOR,Sarika Bansal (Write-In),,1,0,0,0,0,0,Y
WAKE,10/10/23,2-Apr,920001,C,TOWN OF CARY MAYOR,Write-In (Miscellaneous),,1,25,0,0,0,25,Y
WAKE,10/10/23,2-Apr,920002,C,TOWN OF CARY TOWN COUNCIL AT-LARGE,Don Frantz (Write-In),,1,0,0,0,0,0,Y
WAKE,10/10/23,2-Apr,920002,C,TOWN OF CARY TOWN COUNCIL AT-LARGE,Lori Bush, ,1,276,0,0,0,276,Y
WAKE,10/10/23,2-Apr,920002,C,TOWN OF CARY TOWN COUNCIL AT-LARGE,Mary Insprucker, ,1,84,0,0,0,84,Y
WAKE,10/10/23,2-Apr,920002,C,TOWN OF CARY TOWN COUNCIL AT-LARGE,Matthew Gronke, ,1,23,0,0,0,23,Y
WAKE,10/10/23,2-Apr,920002,C,TOWN OF CARY TOWN COUNCIL AT-LARGE,Michelle Craig (Write-In),,1,0,0,0,0,0,Y
WAKE,10/10/23,2-Apr,920002,C,TOWN OF CARY TOWN COUNCIL AT-LARGE,Sarika Bansal (Write-In),,1,0,0,0,0,0,Y
WAKE,10/10/23,2-Apr,920002,C,TOWN OF CARY TOWN COUNCIL AT-LARGE,Write-In (Miscellaneous),,1,0,0,0,0,0,Y
WAKE,10/10/23,3-Apr,920001,C,TOWN OF CARY MAYOR,Dennis Midkiff (Write-In),,1,0,0,0,0,0,Y
WAKE,10/10/23,3-Apr,920001,C,TOWN OF CARY MAYOR,Don Frantz (Write-In),,1,0,0,0,0,0,Y
WAKE,10/10/23,3-Apr,920001,C,TOWN OF CARY MAYOR,Ed Yerha (Write-In),,1,0,0,0,0,0,Y
WAKE,10/10/23,3-Apr,920001,C,TOWN OF CARY MAYOR,"Harold Weinbrecht, Jr.", ,1,149,0,0,0,149,Y
WAKE,10/10/23,3-Apr,920001,C,TOWN OF CARY MAYOR,Jack Smith (Write-In),,1,0,0,0,0,0,Y
WAKE,10/10/23,3-Apr,920001,C,TOWN OF CARY MAYOR,Lori Bush (Write-In),,1,0,0,0,0,0,Y
WAKE,10/10/23,3-Apr,920001,C,TOWN OF CARY MAYOR,Mary Collins (Write-In),,1,0,0,0,0,0,Y
WAKE,10/10/23,3-Apr,920001,C,TOWN OF CARY MAYOR,Mary Insprucker (Write-In),,1,0,0,0,0,0,Y
WAKE,10/10/23,3-Apr,920001,C,TOWN OF CARY MAYOR,Sarika Bansal (Write-In),,1,0,0,0,0,0,Y
WAKE,10/10/23,3-Apr,920001,C,TOWN OF CARY MAYOR,Write-In (Miscellaneous),,1,3,0,0,0,3,Y
WAKE,10/10/23,3-Apr,920002,C,TOWN OF CARY TOWN COUNCIL AT-LARGE,Don Frantz (Write-In),,1,0,0,0,0,0,Y
WAKE,10/10/23,3-Apr,920002,C,TOWN OF CARY TOWN COUNCIL AT-LARGE,Lori Bush, ,1,122,0,0,0,122,Y
WAKE,10/10/23,3-Apr,920002,C,TOWN OF CARY TOWN COUNCIL AT-LARGE,Mary Insprucker, ,1,26,0,0,0,26,Y
WAKE,10/10/23,3-Apr,920002,C,TOWN OF CARY TOWN COUNCIL AT-LARGE,Matthew Gronke, ,1,16,0,0,0,16,Y
WAKE,10/10/23,3-Apr,920002,C,TOWN OF CARY TOWN COUNCIL AT-LARGE,Michelle Craig (Write-In),,1,0,0,0,0,0,Y
WAKE,10/10/23,3-Apr,920002,C,TOWN OF CARY TOWN COUNCIL AT-LARGE,Sarika Bansal (Write-In),,1,0,0,0,0,0,Y
WAKE,10/10/23,3-Apr,920002,C,TOWN OF CARY TOWN COUNCIL AT-LARGE,Write-In (Miscellaneous),,1,0,0,0,0,0,Y
WAKE,10/10/23,4-Apr,3,C,TOWN OF CARY TOWN COUNCIL DISTRICT B,Don Frantz, ,1,72,0,0,0,72,Y
WAKE,10/10/23,4-Apr,3,C,TOWN OF CARY TOWN COUNCIL DISTRICT B,Michelle Craig, ,1,82,0,0,0,82,Y
WAKE,10/10/23,4-Apr,3,C,TOWN OF CARY TOWN COUNCIL DISTRICT B,Write-In (Miscellaneous),,1,1,0,0,0,1,Y
WAKE,10/10/23,4-Apr,920001,C,TOWN OF CARY MAYOR,Dennis Midkiff (Write-In),,1,0,0,0,0,0,Y
WAKE,10/10/23,4-Apr,920001,C,TOWN OF CARY MAYOR,Don Frantz (Write-In),,1,0,0,0,0,0,Y
WAKE,10/10/23,4-Apr,920001,C,TOWN OF CARY MAYOR,Ed Yerha (Write-In),,1,0,0,0,0,0,Y
WAKE,10/10/23,4-Apr,920001,C,TOWN OF CARY MAYOR,"Harold Weinbrecht, Jr.", ,1,124,0,0,0,124,Y
WAKE,10/10/23,4-Apr,920001,C,TOWN OF CARY MAYOR,Jack Smith (Write-In),,1,0,0,0,0,0,Y
WAKE,10/10/23,4-Apr,920001,C,TOWN OF CARY MAYOR,Lori Bush (Write-In),,1,0,0,0,0,0,Y
WAKE,10/10/23,4-Apr,920001,C,TOWN OF CARY MAYOR,Mary Collins (Write-In),,1,0,0,0,0,0,Y
WAKE,10/10/23,4-Apr,920001,C,TOWN OF CARY MAYOR,Mary Insprucker (Write-In),,1,0,0,0,0,0,Y
WAKE,10/10/23,4-Apr,920001,C,TOWN OF CARY MAYOR,Sarika Bansal (Write-In),,1,0,0,0,0,0,Y
WAKE,10/10/23,4-Apr,920001,C,TOWN OF CARY MAYOR,Write-In (Miscellaneous),,1,8,0,0,0,8,Y
WAKE,10/10/23,4-Apr,920002,C,TOWN OF CARY TOWN COUNCIL AT-LARGE,Don Frantz (Write-In),,1,0,0,0,0,0,Y
WAKE,10/10/23,4-Apr,920002,C,TOWN OF CARY TOWN COUNCIL AT-LARGE,Lori Bush, ,1,104,0,0,0,104,Y
WAKE,10/10/23,4-Apr,920002,C,TOWN OF CARY TOWN COUNCIL AT-LARGE,Mary Insprucker, ,1,33,0,0,0,33,Y
WAKE,10/10/23,4-Apr,920002,C,TOWN OF CARY TOWN COUNCIL AT-LARGE,Matthew Gronke, ,1,15,0,0,0,15,Y
WAKE,10/10/23,4-Apr,920002,C,TOWN OF CARY TOWN COUNCIL AT-LARGE,Michelle Craig (Write-In),,1,0,0,0,0,0,Y
WAKE,10/10/23,4-Apr,920002,C,TOWN OF CARY TOWN COUNCIL AT-LARGE,Sarika Bansal (Write-In),,1,0,0,0,0,0,Y
WAKE,10/10/23,4-Apr,920002,C,TOWN OF CARY TOWN COUNCIL AT-LARGE,Write-In (Miscellaneous),,1,0,0,0,0,0,Y
WAKE,10/10/23,5-Apr,3,C,TOWN OF CARY TOWN COUNCIL DISTRICT B,Don Frantz, ,1,72,0,0,0,72,Y
WAKE,10/10/23,5-Apr,3,C,TOWN OF CARY TOWN COUNCIL DISTRICT B,Michelle Craig, ,1,73,0,0,0,73,Y
WAKE,10/10/23,5-Apr,3,C,TOWN OF CARY TOWN COUNCIL DISTRICT B,Write-In (Miscellaneous),,1,1,0,0,0,1,Y
WAKE,10/10/23,5-Apr,920001,C,TOWN OF CARY MAYOR,Dennis Midkiff (Write-In),,1,0,0,0,0,0,Y
WAKE,10/10/23,5-Apr,920001,C,TOWN OF CARY MAYOR,Don Frantz (Write-In),,1,0,0,0,0,0,Y
WAKE,10/10/23,5-Apr,920001,C,TOWN OF CARY MAYOR,Ed Yerha (Write-In),,1,0,0,0,0,0,Y
WAKE,10/10/23,5-Apr,920001,C,TOWN OF CARY MAYOR,"Harold Weinbrecht, Jr.", ,1,120,0,0,0,120,Y
WAKE,10/10/23,5-Apr,920001,C,TOWN OF CARY MAYOR,Jack Smith (Write-In),,1,0,0,0,0,0,Y
WAKE,10/10/23,5-Apr,920001,C,TOWN OF CARY MAYOR,Lori Bush (Write-In),,1,0,0,0,0,0,Y
WAKE,10/10/23,5-Apr,920001,C,TOWN OF CARY MAYOR,Mary Collins (Write-In),,1,0,0,0,0,0,Y
WAKE,10/10/23,5-Apr,920001,C,TOWN OF CARY MAYOR,Mary Insprucker (Write-In),,1,0,0,0,0,0,Y
WAKE,10/10/23,5-Apr,920001,C,TOWN OF CARY MAYOR,Sarika Bansal (Write-In),,1,0,0,0,0,0,Y
WAKE,10/10/23,5-Apr,920001,C,TOWN OF CARY MAYOR,Write-In (Miscellaneous),,1,11,0,0,0,11,Y
WAKE,10/10/23,5-Apr,920002,C,TOWN OF CARY TOWN COUNCIL AT-LARGE,Don Frantz (Write-In),,1,0,0,0,0,0,Y
WAKE,10/10/23,5-Apr,920002,C,TOWN OF CARY TOWN COUNCIL AT-LARGE,Lori Bush, ,1,97,0,0,0,97,Y
WAKE,10/10/23,5-Apr,920002,C,TOWN OF CARY TOWN COUNCIL AT-LARGE,Mary Insprucker, ,1,33,0,0,0,33,Y
WAKE,10/10/23,5-Apr,920002,C,TOWN OF CARY TOWN COUNCIL AT-LARGE,Matthew Gronke, ,1,15,0,0,0,15,Y
WAKE,10/10/23,5-Apr,920002,C,TOWN OF CARY TOWN COUNCIL AT-LARGE,Michelle Craig (Write-In),,1,0,0,0,0,0,Y
WAKE,10/10/23,5-Apr,920002,C,TOWN OF CARY TOWN COUNCIL AT-LARGE,Sarika Bansal (Write-In),,1,0,0,0,0,0,Y
WAKE,10/10/23,5-Apr,920002,C,TOWN OF CARY TOWN COUNCIL AT-LARGE,Write-In (Miscellaneous),,1,0,0,0,0,0,Y
WAKE,10/10/23,6-Apr,920001,C,TOWN OF CARY MAYOR,Dennis Midkiff (Write-In),,1,0,0,0,0,0,Y
WAKE,10/10/23,6-Apr,920001,C,TOWN OF CARY MAYOR,Don Frantz (Write-In),,1,0,0,0,0,0,Y
WAKE,10/10/23,6-Apr,920001,C,TOWN OF CARY MAYOR,Ed Yerha (Write-In),,1,0,0,0,0,0,Y
WAKE,10/10/23,6-Apr,920001,C,TOWN OF CARY MAYOR,"Harold Weinbrecht, Jr.", ,1,263,0,0,0,263,Y
WAKE,10/10/23,6-Apr,920001,C,TOWN OF CARY MAYOR,Jack Smith (Write-In),,1,0,0,0,0,0,Y
WAKE,10/10/23,6-Apr,920001,C,TOWN OF CARY MAYOR,Lori Bush (Write-In),,1,0,0,0,0,0,Y
WAKE,10/10/23,6-Apr,920001,C,TOWN OF CARY MAYOR,Mary Collins (Write-In),,1,0,0,0,0,0,Y
WAKE,10/10/23,6-Apr,920001,C,TOWN OF CARY MAYOR,Mary Insprucker (Write-In),,1,1,0,0,0,1,Y
WAKE,10/10/23,6-Apr,920001,C,TOWN OF CARY MAYOR,Sarika Bansal (Write-In),,1,0,0,0,0,0,Y
WAKE,10/10/23,6-Apr,920001,C,TOWN OF CARY MAYOR,Write-In (Miscellaneous),,1,14,0,0,0,14,Y
WAKE,10/10/23,6-Apr,920002,C,TOWN OF CARY TOWN COUNCIL AT-LARGE,Don Frantz (Write-In),,1,0,0,0,0,0,Y
WAKE,10/10/23,6-Apr,920002,C,TOWN OF CARY TOWN COUNCIL AT-LARGE,Lori Bush, ,1,208,0,0,0,208,Y
WAKE,10/10/23,6-Apr,920002,C,TOWN OF CARY TOWN COUNCIL AT-LARGE,Mary Insprucker, ,1,87,0,0,0,87,Y
WAKE,10/10/23,6-Apr,920002,C,TOWN OF CARY TOWN COUNCIL AT-LARGE,Matthew Gronke, ,1,12,0,0,0,12,Y
WAKE,10/10/23,6-Apr,920002,C,TOWN OF CARY TOWN COUNCIL AT-LARGE,Michelle Craig (Write-In),,1,1,0,0,0,1,Y
WAKE,10/10/23,6-Apr,920002,C,TOWN OF CARY TOWN COUNCIL AT-LARGE,Sarika Bansal (Write-In),,1,0,0,0,0,0,Y
WAKE,10/10/23,6-Apr,920002,C,TOWN OF CARY TOWN COUNCIL AT-LARGE,Write-In (Miscellaneous),,1,1,0,0,0,1,Y
WAKE,10/10/23,7-Apr,920001,C,TOWN OF CARY MAYOR,Dennis Midkiff (Write-In),,1,0,0,0,0,0,Y
WAKE,10/10/23,7-Apr,920001,C,TOWN OF CARY MAYOR,Don Frantz (Write-In),,1,0,0,0,0,0,Y
WAKE,10/10/23,7-Apr,920001,C,TOWN OF CARY MAYOR,Ed Yerha (Write-In),,1,1,0,0,0,1,Y
WAKE,10/10/23,7-Apr,920001,C,TOWN OF CARY MAYOR,"Harold Weinbrecht, Jr.", ,1,166,0,0,0,166,Y
WAKE,10/10/23,7-Apr,920001,C,TOWN OF CARY MAYOR,Jack Smith (Write-In),,1,0,0,0,0,0,Y
WAKE,10/10/23,7-Apr,920001,C,TOWN OF CARY MAYOR,Lori Bush (Write-In),,1,0,0,0,0,0,Y
WAKE,10/10/23,7-Apr,920001,C,TOWN OF CARY MAYOR,Mary Collins (Write-In),,1,0,0,0,0,0,Y
WAKE,10/10/23,7-Apr,920001,C,TOWN OF CARY MAYOR,Mary Insprucker (Write-In),,1,0,0,0,0,0,Y
WAKE,10/10/23,7-Apr,920001,C,TOWN OF CARY MAYOR,Sarika Bansal (Write-In),,1,0,0,0,0,0,Y
WAKE,10/10/23,7-Apr,920001,C,TOWN OF CARY MAYOR,Write-In (Miscellaneous),,1,11,0,0,0,11,Y
WAKE,10/10/23,7-Apr,920002,C,TOWN OF CARY TOWN COUNCIL AT-LARGE,Don Frantz (Write-In),,1,0,0,0,0,0,Y
WAKE,10/10/23,7-Apr,920002,C,TOWN OF CARY TOWN COUNCIL AT-LARGE,Lori Bush, ,1,112,0,0,0,112,Y
WAKE,10/10/23,7-Apr,920002,C,TOWN OF CARY TOWN COUNCIL AT-LARGE,Mary Insprucker, ,1,90,0,0,0,90,Y
WAKE,10/10/23,7-Apr,920002,C,TOWN OF CARY TOWN COUNCIL AT-LARGE,Matthew Gronke, ,1,11,0,0,0,11,Y
WAKE,10/10/23,7-Apr,920002,C,TOWN OF CARY TOWN COUNCIL AT-LARGE,Michelle Craig (Write-In),,1,0,0,0,0,0,Y
WAKE,10/10/23,7-Apr,920002,C,TOWN OF CARY TOWN COUNCIL AT-LARGE,Sarika Bansal (Write-In),,1,0,0,0,0,0,Y
WAKE,10/10/23,7-Apr,920002,C,TOWN OF CARY TOWN COUNCIL AT-LARGE,Write-In (Miscellaneous),,1,0,0,0,0,0,Y
WAKE,10/10/23,8-Apr,3,C,TOWN OF CARY TOWN COUNCIL DISTRICT B,Don Frantz, ,1,125,0,0,0,125,Y
WAKE,10/10/23,8-Apr,3,C,TOWN OF CARY TOWN COUNCIL DISTRICT B,Michelle Craig, ,1,164,0,0,0,164,Y
WAKE,10/10/23,8-Apr,3,C,TOWN OF CARY TOWN COUNCIL DISTRICT B,Write-In (Miscellaneous),,1,0,0,0,0,0,Y
WAKE,10/10/23,8-Apr,920001,C,TOWN OF CARY MAYOR,Dennis Midkiff (Write-In),,1,0,0,0,0,0,Y
WAKE,10/10/23,8-Apr,920001,C,TOWN OF CARY MAYOR,Don Frantz (Write-In),,1,0,0,0,0,0,Y
WAKE,10/10/23,8-Apr,920001,C,TOWN OF CARY MAYOR,Ed Yerha (Write-In),,1,0,0,0,0,0,Y
WAKE,10/10/23,8-Apr,920001,C,TOWN OF CARY MAYOR,"Harold Weinbrecht, Jr.", ,1,240,0,0,0,240,Y
WAKE,10/10/23,8-Apr,920001,C,TOWN OF CARY MAYOR,Jack Smith (Write-In),,1,0,0,0,0,0,Y
WAKE,10/10/23,8-Apr,920001,C,TOWN OF CARY MAYOR,Lori Bush (Write-In),,1,0,0,0,0,0,Y
WAKE,10/10/23,8-Apr,920001,C,TOWN OF CARY MAYOR,Mary Collins (Write-In),,1,0,0,0,0,0,Y
WAKE,10/10/23,8-Apr,920001,C,TOWN OF CARY MAYOR,Mary Insprucker (Write-In),,1,0,0,0,0,0,Y
WAKE,10/10/23,8-Apr,920001,C,TOWN OF CARY MAYOR,Sarika Bansal (Write-In),,1,0,0,0,0,0,Y
WAKE,10/10/23,8-Apr,920001,C,TOWN OF CARY MAYOR,Write-In (Miscellaneous),,1,12,0,0,0,12,Y
WAKE,10/10/23,8-Apr,920002,C,TOWN OF CARY TOWN COUNCIL AT-LARGE,Don Frantz (Write-In),,1,0,0,0,0,0,Y
WAKE,10/10/23,8-Apr,920002,C,TOWN OF CARY TOWN COUNCIL AT-LARGE,Lori Bush, ,1,208,0,0,0,208,Y
WAKE,10/10/23,8-Apr,920002,C,TOWN OF CARY TOWN COUNCIL AT-LARGE,Mary Insprucker, ,1,61,0,0,0,61,Y
WAKE,10/10/23,8-Apr,920002,C,TOWN OF CARY TOWN COUNCIL AT-LARGE,Matthew Gronke, ,1,15,0,0,0,15,Y
WAKE,10/10/23,8-Apr,920002,C,TOWN OF CARY TOWN COUNCIL AT-LARGE,Michelle Craig (Write-In),,1,0,0,0,0,0,Y
WAKE,10/10/23,8-Apr,920002,C,TOWN OF CARY TOWN COUNCIL AT-LARGE,Sarika Bansal (Write-In),,1,0,0,0,0,0,Y
WAKE,10/10/23,8-Apr,920002,C,TOWN OF CARY TOWN COUNCIL AT-LARGE,Write-In (Miscellaneous),,1,0,0,0,0,0,Y
WAKE,10/10/23,9-Apr,920001,C,TOWN OF CARY MAYOR,Dennis Midkiff (Write-In),,1,0,0,0,0,0,Y
WAKE,10/10/23,9-Apr,920001,C,TOWN OF CARY MAYOR,Don Frantz (Write-In),,1,0,0,0,0,0,Y
WAKE,10/10/23,9-Apr,920001,C,TOWN OF CARY MAYOR,Ed Yerha (Write-In),,1,0,0,0,0,0,Y
WAKE,10/10/23,9-Apr,920001,C,TOWN OF CARY MAYOR,"Harold Weinbrecht, Jr.", ,1,166,0,0,0,166,Y
WAKE,10/10/23,9-Apr,920001,C,TOWN OF CARY MAYOR,Jack Smith (Write-In),,1,0,0,0,0,0,Y
WAKE,10/10/23,9-Apr,920001,C,TOWN OF CARY MAYOR,Lori Bush (Write-In),,1,0,0,0,0,0,Y
WAKE,10/10/23,9-Apr,920001,C,TOWN OF CARY MAYOR,Mary Collins (Write-In),,1,0,0,0,0,0,Y
WAKE,10/10/23,9-Apr,920001,C,TOWN OF CARY MAYOR,Mary Insprucker (Write-In),,1,0,0,0,0,0,Y
WAKE,10/10/23,9-Apr,920001,C,TOWN OF CARY MAYOR,Sarika Bansal (Write-In),,1,0,0,0,0,0,Y
WAKE,10/10/23,9-Apr,920001,C,TOWN OF CARY MAYOR,Write-In (Miscellaneous),,1,5,0,0,0,5,Y
WAKE,10/10/23,9-Apr,920002,C,TOWN OF CARY TOWN COUNCIL AT-LARGE,Don Frantz (Write-In),,1,1,0,0,0,1,Y
WAKE,10/10/23,9-Apr,920002,C,TOWN OF CARY TOWN COUNCIL AT-LARGE,Lori Bush, ,1,124,0,0,0,124,Y
WAKE,10/10/23,9-Apr,920002,C,TOWN OF CARY TOWN COUNCIL AT-LARGE,Mary Insprucker, ,1,60,0,0,0,60,Y
WAKE,10/10/23,9-Apr,920002,C,TOWN OF CARY TOWN COUNCIL AT-LARGE,Matthew Gronke, ,1,9,0,0,0,9,Y
WAKE,10/10/23,9-Apr,920002,C,TOWN OF CARY TOWN COUNCIL AT-LARGE,Michelle Craig (Write-In),,1,0,0,0,0,0,Y
WAKE,10/10/23,9-Apr,920002,C,TOWN OF CARY TOWN COUNCIL AT-LARGE,Sarika Bansal (Write-In),,1,0,0,0,0,0,Y
WAKE,10/10/23,9-Apr,920002,C,TOWN OF CARY TOWN COUNCIL AT-LARGE,Write-In (Miscellaneous),,1,1,0,0,0,1,Y
WAKE,10/10/23,10-Apr,920001,C,TOWN OF CARY MAYOR,Dennis Midkiff (Write-In),,1,0,0,0,0,0,Y
WAKE,10/10/23,10-Apr,920001,C,TOWN OF CARY MAYOR,Don Frantz (Write-In),,1,0,0,0,0,0,Y
WAKE,10/10/23,10-Apr,920001,C,TOWN OF CARY MAYOR,Ed Yerha (Write-In),,1,0,0,0,0,0,Y
WAKE,10/10/23,10-Apr,920001,C,TOWN OF CARY MAYOR,"Harold Weinbrecht, Jr.", ,1,162,0,0,0,162,Y
WAKE,10/10/23,10-Apr,920001,C,TOWN OF CARY MAYOR,Jack Smith (Write-In),,1,0,0,0,0,0,Y
WAKE,10/10/23,10-Apr,920001,C,TOWN OF CARY MAYOR,Lori Bush (Write-In),,1,0,0,0,0,0,Y
WAKE,10/10/23,10-Apr,920001,C,TOWN OF CARY MAYOR,Mary Collins (Write-In),,1,1,0,0,0,1,Y
WAKE,10/10/23,10-Apr,920001,C,TOWN OF CARY MAYOR,Mary Insprucker (Write-In),,1,0,0,0,0,0,Y
WAKE,10/10/23,10-Apr,920001,C,TOWN OF CARY MAYOR,Sarika Bansal (Write-In),,1,0,0,0,0,0,Y
WAKE,10/10/23,10-Apr,920001,C,TOWN OF CARY MAYOR,Write-In (Miscellaneous),,1,10,0,0,0,10,Y
WAKE,10/10/23,10-Apr,920002,C,TOWN OF CARY TOWN COUNCIL AT-LARGE,Don Frantz (Write-In),,1,1,0,0,0,1,Y
WAKE,10/10/23,10-Apr,920002,C,TOWN OF CARY TOWN COUNCIL AT-LARGE,Lori Bush, ,1,140,0,0,0,140,Y
WAKE,10/10/23,10-Apr,920002,C,TOWN OF CARY TOWN COUNCIL AT-LARGE,Mary Insprucker, ,1,49,0,0,0,49,Y
WAKE,10/10/23,10-Apr,920002,C,TOWN OF CARY TOWN COUNCIL AT-LARGE,Matthew Gronke, ,1,9,0,0,0,9,Y
WAKE,10/10/23,10-Apr,920002,C,TOWN OF CARY TOWN COUNCIL AT-LARGE,Michelle Craig (Write-In),,1,0,0,0,0,0,Y
WAKE,10/10/23,10-Apr,920002,C,TOWN OF CARY TOWN COUNCIL AT-LARGE,Sarika Bansal (Write-In),,1,0,0,0,0,0,Y
WAKE,10/10/23,10-Apr,920002,C,TOWN OF CARY TOWN COUNCIL AT-LARGE,Write-In (Miscellaneous),,1,3,0,0,0,3,Y
WAKE,10/10/23,11-Apr,3,C,TOWN OF CARY TOWN COUNCIL DISTRICT B,Don Frantz, ,1,64,0,0,0,64,Y
WAKE,10/10/23,11-Apr,3,C,TOWN OF CARY TOWN COUNCIL DISTRICT B,Michelle Craig, ,1,76,0,0,0,76,Y
WAKE,10/10/23,11-Apr,3,C,TOWN OF CARY TOWN COUNCIL DISTRICT B,Write-In (Miscellaneous),,1,0,0,0,0,0,Y
WAKE,10/10/23,11-Apr,920001,C,TOWN OF CARY MAYOR,Dennis Midkiff (Write-In),,1,0,0,0,0,0,Y
WAKE,10/10/23,11-Apr,920001,C,TOWN OF CARY MAYOR,Don Frantz (Write-In),,1,0,0,0,0,0,Y
WAKE,10/10/23,11-Apr,920001,C,TOWN OF CARY MAYOR,Ed Yerha (Write-In),,1,0,0,0,0,0,Y
WAKE,10/10/23,11-Apr,920001,C,TOWN OF CARY MAYOR,"Harold Weinbrecht, Jr.", ,1,114,0,0,0,114,Y
WAKE,10/10/23,11-Apr,920001,C,TOWN OF CARY MAYOR,Jack Smith (Write-In),,1,0,0,0,0,0,Y
WAKE,10/10/23,11-Apr,920001,C,TOWN OF CARY MAYOR,Lori Bush (Write-In),,1,1,0,0,0,1,Y
WAKE,10/10/23,11-Apr,920001,C,TOWN OF CARY MAYOR,Mary Collins (Write-In),,1,1,0,0,0,1,Y
WAKE,10/10/23,11-Apr,920001,C,TOWN OF CARY MAYOR,Mary Insprucker (Write-In),,1,0,0,0,0,0,Y
WAKE,10/10/23,11-Apr,920001,C,TOWN OF CARY MAYOR,Sarika Bansal (Write-In),,1,0,0,0,0,0,Y
WAKE,10/10/23,11-Apr,920001,C,TOWN OF CARY MAYOR,Write-In (Miscellaneous),,1,7,0,0,0,7,Y
WAKE,10/10/23,11-Apr,920002,C,TOWN OF CARY TOWN COUNCIL AT-LARGE,Don Frantz (Write-In),,1,0,0,0,0,0,Y
WAKE,10/10/23,11-Apr,920002,C,TOWN OF CARY TOWN COUNCIL AT-LARGE,Lori Bush, ,1,96,0,0,0,96,Y
WAKE,10/10/23,11-Apr,920002,C,TOWN OF CARY TOWN COUNCIL AT-LARGE,Mary Insprucker, ,1,29,0,0,0,29,Y
WAKE,10/10/23,11-Apr,920002,C,TOWN OF CARY TOWN COUNCIL AT-LARGE,Matthew Gronke, ,1,14,0,0,0,14,Y
WAKE,10/10/23,11-Apr,920002,C,TOWN OF CARY TOWN COUNCIL AT-LARGE,Michelle Craig (Write-In),,1,0,0,0,0,0,Y
WAKE,10/10/23,11-Apr,920002,C,TOWN OF CARY TOWN COUNCIL AT-LARGE,Sarika Bansal (Write-In),,1,0,0,0,0,0,Y
WAKE,10/10/23,11-Apr,920002,C,TOWN OF CARY TOWN COUNCIL AT-LARGE,Write-In (Miscellaneous),,1,0,0,0,0,0,Y
WAKE,10/10/23,12-Apr,920001,C,TOWN OF CARY MAYOR,Dennis Midkiff (Write-In),,1,0,0,0,0,0,Y
WAKE,10/10/23,12-Apr,920001,C,TOWN OF CARY MAYOR,Don Frantz (Write-In),,1,0,0,0,0,0,Y
WAKE,10/10/23,12-Apr,920001,C,TOWN OF CARY MAYOR,Ed Yerha (Write-In),,1,0,0,0,0,0,Y
WAKE,10/10/23,12-Apr,920001,C,TOWN OF CARY MAYOR,"Harold Weinbrecht, Jr.", ,1,145,0,0,0,145,Y
WAKE,10/10/23,12-Apr,920001,C,TOWN OF CARY MAYOR,Jack Smith (Write-In),,1,0,0,0,0,0,Y
WAKE,10/10/23,12-Apr,920001,C,TOWN OF CARY MAYOR,Lori Bush (Write-In),,1,0,0,0,0,0,Y
WAKE,10/10/23,12-Apr,920001,C,TOWN OF CARY MAYOR,Mary Collins (Write-In),,1,0,0,0,0,0,Y
WAKE,10/10/23,12-Apr,920001,C,TOWN OF CARY MAYOR,Mary Insprucker (Write-In),,1,1,0,0,0,1,Y
WAKE,10/10/23,12-Apr,920001,C,TOWN OF CARY MAYOR,Sarika Bansal (Write-In),,1,0,0,0,0,0,Y
WAKE,10/10/23,12-Apr,920001,C,TOWN OF CARY MAYOR,Write-In (Miscellaneous),,1,10,0,0,0,10,Y
WAKE,10/10/23,12-Apr,920002,C,TOWN OF CARY TOWN COUNCIL AT-LARGE,Don Frantz (Write-In),,1,1,0,0,0,1,Y
WAKE,10/10/23,12-Apr,920002,C,TOWN OF CARY TOWN COUNCIL AT-LARGE,Lori Bush, ,1,130,0,0,0,130,Y
WAKE,10/10/23,12-Apr,920002,C,TOWN OF CARY TOWN COUNCIL AT-LARGE,Mary Insprucker, ,1,39,0,0,0,39,Y
WAKE,10/10/23,12-Apr,920002,C,TOWN OF CARY TOWN COUNCIL AT-LARGE,Matthew Gronke, ,1,4,0,0,0,4,Y
WAKE,10/10/23,12-Apr,920002,C,TOWN OF CARY TOWN COUNCIL AT-LARGE,Michelle Craig (Write-In),,1,0,0,0,0,0,Y
WAKE,10/10/23,12-Apr,920002,C,TOWN OF CARY TOWN COUNCIL AT-LARGE,Sarika Bansal (Write-In),,1,0,0,0,0,0,Y
WAKE,10/10/23,12-Apr,920002,C,TOWN OF CARY TOWN COUNCIL AT-LARGE,Write-In (Miscellaneous),,1,0,0,0,0,0,Y
WAKE,10/10/23,13-Apr,920001,C,TOWN OF CARY MAYOR,Dennis Midkiff (Write-In),,1,0,0,0,0,0,Y
WAKE,10/10/23,13-Apr,920001,C,TOWN OF CARY MAYOR,Don Frantz (Write-In),,1,2,0,0,0,2,Y
WAKE,10/10/23,13-Apr,920001,C,TOWN OF CARY MAYOR,Ed Yerha (Write-In),,1,0,0,0,0,0,Y
WAKE,10/10/23,13-Apr,920001,C,TOWN OF CARY MAYOR,"Harold Weinbrecht, Jr.", ,1,264,0,0,0,264,Y
WAKE,10/10/23,13-Apr,920001,C,TOWN OF CARY MAYOR,Jack Smith (Write-In),,1,0,0,0,0,0,Y
WAKE,10/10/23,13-Apr,920001,C,TOWN OF CARY MAYOR,Lori Bush (Write-In),,1,0,0,0,0,0,Y
WAKE,10/10/23,13-Apr,920001,C,TOWN OF CARY MAYOR,Mary Collins (Write-In),,1,0,0,0,0,0,Y
WAKE,10/10/23,13-Apr,920001,C,TOWN OF CARY MAYOR,Mary Insprucker (Write-In),,1,0,0,0,0,0,Y
WAKE,10/10/23,13-Apr,920001,C,TOWN OF CARY MAYOR,Sarika Bansal (Write-In),,1,0,0,0,0,0,Y
WAKE,10/10/23,13-Apr,920001,C,TOWN OF CARY MAYOR,Write-In (Miscellaneous),,1,10,0,0,0,10,Y
WAKE,10/10/23,13-Apr,920002,C,TOWN OF CARY TOWN COUNCIL AT-LARGE,Don Frantz (Write-In),,1,0,0,0,0,0,Y
WAKE,10/10/23,13-Apr,920002,C,TOWN OF CARY TOWN COUNCIL AT-LARGE,Lori Bush, ,1,197,0,0,0,197,Y
WAKE,10/10/23,13-Apr,920002,C,TOWN OF CARY TOWN COUNCIL AT-LARGE,Mary Insprucker, ,1,85,0,0,0,85,Y
WAKE,10/10/23,13-Apr,920002,C,TOWN OF CARY TOWN COUNCIL AT-LARGE,Matthew Gronke, ,1,24,0,0,0,24,Y
WAKE,10/10/23,13-Apr,920002,C,TOWN OF CARY TOWN COUNCIL AT-LARGE,Michelle Craig (Write-In),,1,0,0,0,0,0,Y
WAKE,10/10/23,13-Apr,920002,C,TOWN OF CARY TOWN COUNCIL AT-LARGE,Sarika Bansal (Write-In),,1,0,0,0,0,0,Y
WAKE,10/10/23,13-Apr,920002,C,TOWN OF CARY TOWN COUNCIL AT-LARGE,Write-In (Miscellaneous),,1,0,0,0,0,0,Y
WAKE,10/10/23,14-Apr,3,C,TOWN OF CARY TOWN COUNCIL DISTRICT B,Don Frantz, ,1,102,0,0,0,102,Y
WAKE,10/10/23,14-Apr,3,C,TOWN OF CARY TOWN COUNCIL DISTRICT B,Michelle Craig, ,1,189,0,0,0,189,Y
WAKE,10/10/23,14-Apr,3,C,TOWN OF CARY TOWN COUNCIL DISTRICT B,Write-In (Miscellaneous),,1,0,0,0,0,0,Y
WAKE,10/10/23,14-Apr,920001,C,TOWN OF CARY MAYOR,Dennis Midkiff (Write-In),,1,0,0,0,0,0,Y
WAKE,10/10/23,14-Apr,920001,C,TOWN OF CARY MAYOR,Don Frantz (Write-In),,1,0,0,0,0,0,Y
WAKE,10/10/23,14-Apr,920001,C,TOWN OF CARY MAYOR,Ed Yerha (Write-In),,1,0,0,0,0,0,Y
WAKE,10/10/23,14-Apr,920001,C,TOWN OF CARY MAYOR,"Harold Weinbrecht, Jr.", ,1,243,0,0,0,243,Y
WAKE,10/10/23,14-Apr,920001,C,TOWN OF CARY MAYOR,Jack Smith (Write-In),,1,0,0,0,0,0,Y
WAKE,10/10/23,14-Apr,920001,C,TOWN OF CARY MAYOR,Lori Bush (Write-In),,1,0,0,0,0,0,Y
WAKE,10/10/23,14-Apr,920001,C,TOWN OF CARY MAYOR,Mary Collins (Write-In),,1,0,0,0,0,0,Y
WAKE,10/10/23,14-Apr,920001,C,TOWN OF CARY MAYOR,Mary Insprucker (Write-In),,1,0,0,0,0,0,Y
WAKE,10/10/23,14-Apr,920001,C,TOWN OF CARY MAYOR,Sarika Bansal (Write-In),,1,0,0,0,0,0,Y
WAKE,10/10/23,14-Apr,920001,C,TOWN OF CARY MAYOR,Write-In (Miscellaneous),,1,10,0,0,0,10,Y
WAKE,10/10/23,14-Apr,920002,C,TOWN OF CARY TOWN COUNCIL AT-LARGE,Don Frantz (Write-In),,1,0,0,0,0,0,Y
WAKE,10/10/23,14-Apr,920002,C,TOWN OF CARY TOWN COUNCIL AT-LARGE,Lori Bush, ,1,202,0,0,0,202,Y
WAKE,10/10/23,14-Apr,920002,C,TOWN OF CARY TOWN COUNCIL AT-LARGE,Mary Insprucker, ,1,62,0,0,0,62,Y
WAKE,10/10/23,14-Apr,920002,C,TOWN OF CARY TOWN COUNCIL AT-LARGE,Matthew Gronke, ,1,17,0,0,0,17,Y
WAKE,10/10/23,14-Apr,920002,C,TOWN OF CARY TOWN COUNCIL AT-LARGE,Michelle Craig (Write-In),,1,0,0,0,0,0,Y
WAKE,10/10/23,14-Apr,920002,C,TOWN OF CARY TOWN COUNCIL AT-LARGE,Sarika Bansal (Write-In),,1,0,0,0,0,0,Y
WAKE,10/10/23,14-Apr,920002,C,TOWN OF CARY TOWN COUNCIL AT-LARGE,Write-In (Miscellaneous),,1,2,0,0,0,2,Y
WAKE,10/10/23,15-Apr,920001,C,TOWN OF CARY MAYOR,Dennis Midkiff (Write-In),,1,0,0,0,0,0,Y
WAKE,10/10/23,15-Apr,920001,C,TOWN OF CARY MAYOR,Don Frantz (Write-In),,1,0,0,0,0,0,Y
WAKE,10/10/23,15-Apr,920001,C,TOWN OF CARY MAYOR,Ed Yerha (Write-In),,1,0,0,0,0,0,Y
WAKE,10/10/23,15-Apr,920001,C,TOWN OF CARY MAYOR,"Harold Weinbrecht, Jr.", ,1,209,0,0,0,209,Y
ALAMANCE,10/10/23,03C,410002,C,CITY OF BURLINGTON COUNCIL MEMBER,Bob Ward, ,2,98,25,5,0,128,Y
ALAMANCE,10/10/23,03C,410002,C,CITY OF BURLINGTON COUNCIL MEMBER,Brandy Whittaker, ,2,15,7,0,0,22,Y
ALAMANCE,10/10/23,03C,410002,C,CITY OF BURLINGTON COUNCIL MEMBER,Celo Faucette, ,2,45,18,5,0,68,Y
ALAMANCE,10/10/23,03C,410002,C,CITY OF BURLINGTON COUNCIL MEMBER,Charlie Beasley, ,2,80,4,0,0,84,Y
ALAMANCE,10/10/23,03C,410002,C,CITY OF BURLINGTON COUNCIL MEMBER,Cindy Lackey, ,2,15,0,0,0,15,Y
ALAMANCE,10/10/23,03C,410002,C,CITY OF BURLINGTON COUNCIL MEMBER,Dejuana Bigelow, ,2,39,25,0,0,64,Y
ALAMANCE,10/10/23,03C,410002,C,CITY OF BURLINGTON COUNCIL MEMBER,Mary Jensen, ,2,6,0,0,0,6,Y
ALAMANCE,10/10/23,03C,410002,C,CITY OF BURLINGTON COUNCIL MEMBER,Robin S. Wintringham, ,2,47,6,2,0,55,Y
ALAMANCE,10/10/23,03SE,410002,C,CITY OF BURLINGTON COUNCIL MEMBER,Bob Ward, ,2,51,11,0,0,62,Y
ALAMANCE,10/10/23,03SE,410002,C,CITY OF BURLINGTON COUNCIL MEMBER,Brandy Whittaker, ,2,24,3,1,0,28,Y
ALAMANCE,10/10/23,03SE,410002,C,CITY OF BURLINGTON COUNCIL MEMBER,Celo Faucette, ,2,25,10,1,0,36,Y
ALAMANCE,10/10/23,03SE,410002,C,CITY OF BURLINGTON COUNCIL MEMBER,Charlie Beasley, ,2,44,9,1,0,54,Y
ALAMANCE,10/10/23,03SE,410002,C,CITY OF BURLINGTON COUNCIL MEMBER,Cindy Lackey, ,2,6,4,0,0,10,Y
ALAMANCE,10/10/23,03SE,410002,C,CITY OF BURLINGTON COUNCIL MEMBER,Dejuana Bigelow, ,2,65,19,5,0,89,Y
ALAMANCE,10/10/23,03SE,410002,C,CITY OF BURLINGTON COUNCIL MEMBER,Mary Jensen, ,2,2,2,0,0,4,Y
ALAMANCE,10/10/23,03SE,410002,C,CITY OF BURLINGTON COUNCIL MEMBER,Robin S. Wintringham, ,2,26,9,4,0,39,Y
ALAMANCE,10/10/23,03SM,410002,C,CITY OF BURLINGTON COUNCIL MEMBER,Bob Ward, ,2,37,22,0,0,59,Y
ALAMANCE,10/10/23,03SM,410002,C,CITY OF BURLINGTON COUNCIL MEMBER,Brandy Whittaker, ,2,50,30,1,0,81,Y
ALAMANCE,10/10/23,03SM,410002,C,CITY OF BURLINGTON COUNCIL MEMBER,Celo Faucette, ,2,9,4,0,0,13,Y
ALAMANCE,10/10/23,03SM,410002,C,CITY OF BURLINGTON COUNCIL MEMBER,Charlie Beasley, ,2,57,22,1,0,80,Y
ALAMANCE,10/10/23,03SM,410002,C,CITY OF BURLINGTON COUNCIL MEMBER,Cindy Lackey, ,2,11,3,0,0,14,Y
ALAMANCE,10/10/23,03SM,410002,C,CITY OF BURLINGTON COUNCIL MEMBER,Dejuana Bigelow, ,2,47,29,0,0,76,Y
ALAMANCE,10/10/23,03SM,410002,C,CITY OF BURLINGTON COUNCIL MEMBER,Mary Jensen, ,2,1,1,0,0,2,Y
ALAMANCE,10/10/23,03SM,410002,C,CITY OF BURLINGTON COUNCIL MEMBER,Robin S. Wintringham, ,2,17,2,0,0,19,Y
ALAMANCE,10/10/23,03W,410002,C,CITY OF BURLINGTON COUNCIL MEMBER,Bob Ward, ,2,0,0,0,0,0,Y
ALAMANCE,10/10/23,03W,410002,C,CITY OF BURLINGTON COUNCIL MEMBER,Brandy Whittaker, ,2,0,0,0,0,0,Y
ALAMANCE,10/10/23,03W,410002,C,CITY OF BURLINGTON COUNCIL MEMBER,Celo Faucette, ,2,0,0,0,0,0,Y
ALAMANCE,10/10/23,03W,410002,C,CITY OF BURLINGTON COUNCIL MEMBER,Charlie Beasley, ,2,0,0,0,0,0,Y
ALAMANCE,10/10/23,03W,410002,C,CITY OF BURLINGTON COUNCIL MEMBER,Cindy Lackey, ,2,0,0,0,0,0,Y
ALAMANCE,10/10/23,03W,410002,C,CITY OF BURLINGTON COUNCIL MEMBER,Dejuana Bigelow, ,2,0,0,0,0,0,Y
ALAMANCE,10/10/23,03W,410002,C,CITY OF BURLINGTON COUNCIL MEMBER,Mary Jensen, ,2,0,0,0,0,0,Y
ALAMANCE,10/10/23,03W,410002,C,CITY OF BURLINGTON COUNCIL MEMBER,Robin S. Wintringham, ,2,0,0,0,0,0,Y
ALAMANCE,10/10/23,63,410002,C,CITY OF BURLINGTON COUNCIL MEMBER,Bob Ward, ,2,22,6,0,0,28,Y
ALAMANCE,10/10/23,63,410002,C,CITY OF BURLINGTON COUNCIL MEMBER,Brandy Whittaker, ,2,4,4,0,0,8,Y
ALAMANCE,10/10/23,63,410002,C,CITY OF BURLINGTON COUNCIL MEMBER,Celo Faucette, ,2,32,10,0,0,42,Y
ALAMANCE,10/10/23,63,410002,C,CITY OF BURLINGTON COUNCIL MEMBER,Charlie Beasley, ,2,19,7,0,0,26,Y
ALAMANCE,10/10/23,63,410002,C,CITY OF BURLINGTON COUNCIL MEMBER,Cindy Lackey, ,2,2,2,0,0,4,Y
ALAMANCE,10/10/23,63,410002,C,CITY OF BURLINGTON COUNCIL MEMBER,Dejuana Bigelow, ,2,46,18,0,0,64,Y
ALAMANCE,10/10/23,63,410002,C,CITY OF BURLINGTON COUNCIL MEMBER,Mary Jensen, ,2,1,1,0,0,2,Y
ALAMANCE,10/10/23,63,410002,C,CITY OF BURLINGTON COUNCIL MEMBER,Robin S. Wintringham, ,2,3,3,0,0,6,Y
ALAMANCE,10/10/23,64,410002,C,CITY OF BURLINGTON COUNCIL MEMBER,Bob Ward, ,2,3,0,0,0,3,Y
ALAMANCE,10/10/23,64,410002,C,CITY OF BURLINGTON COUNCIL MEMBER,Brandy Whittaker, ,2,5,0,0,0,5,Y
ALAMANCE,10/10/23,64,410002,C,CITY OF BURLINGTON COUNCIL MEMBER,Celo Faucette, ,2,11,2,1,0,14,Y
ALAMANCE,10/10/23,64,410002,C,CITY OF BURLINGTON COUNCIL MEMBER,Charlie Beasley, ,2,10,0,0,0,10,Y
ALAMANCE,10/10/23,64,410002,C,CITY OF BURLINGTON COUNCIL MEMBER,Cindy Lackey, ,2,3,0,0,0,3,Y
ALAMANCE,10/10/23,64,410002,C,CITY OF BURLINGTON COUNCIL MEMBER,Dejuana Bigelow, ,2,13,4,1,0,18,Y
ALAMANCE,10/10/23,64,410002,C,CITY OF BURLINGTON COUNCIL MEMBER,Mary Jensen, ,2,2,0,0,0,2,Y
ALAMANCE,10/10/23,64,410002,C,CITY OF BURLINGTON COUNCIL MEMBER,Robin S. Wintringham, ,2,2,0,0,0,2,Y
ALAMANCE,10/10/23,06N,410002,C,CITY OF BURLINGTON COUNCIL MEMBER,Bob Ward, ,2,0,0,0,0,0,Y
ALAMANCE,10/10/23,06N,410002,C,CITY OF BURLINGTON COUNCIL MEMBER,Brandy Whittaker, ,2,0,0,0,0,0,Y
ALAMANCE,10/10/23,06N,410002,C,CITY OF BURLINGTON COUNCIL MEMBER,Celo Faucette, ,2,0,0,0,0,0,Y
ALAMANCE,10/10/23,06N,410002,C,CITY OF BURLINGTON COUNCIL MEMBER,Charlie Beasley, ,2,0,0,0,0,0,Y
ALAMANCE,10/10/23,06N,410002,C,CITY OF BURLINGTON COUNCIL MEMBER,Cindy Lackey, ,2,0,0,0,0,0,Y
ALAMANCE,10/10/23,06N,410002,C,CITY OF BURLINGTON COUNCIL MEMBER,Dejuana Bigelow, ,2,0,0,0,0,0,Y
ALAMANCE,10/10/23,06N,410002,C,CITY OF BURLINGTON COUNCIL MEMBER,Mary Jensen, ,2,0,0,0,0,0,Y
ALAMANCE,10/10/23,06N,410002,C,CITY OF BURLINGTON COUNCIL MEMBER,Robin S. Wintringham, ,2,0,0,0,0,0,Y
ALAMANCE,10/10/23,06W,410002,C,CITY OF BURLINGTON COUNCIL MEMBER,Bob Ward, ,2,12,4,0,0,16,Y
ALAMANCE,10/10/23,06W,410002,C,CITY OF BURLINGTON COUNCIL MEMBER,Brandy Whittaker, ,2,4,4,0,0,8,Y
ALAMANCE,10/10/23,06W,410002,C,CITY OF BURLINGTON COUNCIL MEMBER,Celo Faucette, ,2,3,2,0,0,5,Y
ALAMANCE,10/10/23,06W,410002,C,CITY OF BURLINGTON COUNCIL MEMBER,Charlie Beasley, ,2,12,3,0,0,15,Y
ALAMANCE,10/10/23,06W,410002,C,CITY OF BURLINGTON COUNCIL MEMBER,Cindy Lackey, ,2,8,1,0,0,9,Y
ALAMANCE,10/10/23,06W,410002,C,CITY OF BURLINGTON COUNCIL MEMBER,Dejuana Bigelow, ,2,10,5,0,0,15,Y
ALAMANCE,10/10/23,06W,410002,C,CITY OF BURLINGTON COUNCIL MEMBER,Mary Jensen, ,2,1,0,0,0,1,Y
ALAMANCE,10/10/23,06W,410002,C,CITY OF BURLINGTON COUNCIL MEMBER,Robin S. Wintringham, ,2,4,1,0,0,5,Y
ALAMANCE,10/10/23,1210,410002,C,CITY OF BURLINGTON COUNCIL MEMBER,Bob Ward, ,2,23,3,0,0,26,Y
ALAMANCE,10/10/23,1210,410002,C,CITY OF BURLINGTON COUNCIL MEMBER,Brandy Whittaker, ,2,10,3,0,0,13,Y
ALAMANCE,10/10/23,1210,410002,C,CITY OF BURLINGTON COUNCIL MEMBER,Celo Faucette, ,2,18,6,0,0,24,Y
ALAMANCE,10/10/23,1210,410002,C,CITY OF BURLINGTON COUNCIL MEMBER,Charlie Beasley, ,2,21,2,0,0,23,Y
ALAMANCE,10/10/23,1210,410002,C,CITY OF BURLINGTON COUNCIL MEMBER,Cindy Lackey, ,2,9,0,0,0,9,Y
ALAMANCE,10/10/23,1210,410002,C,CITY OF BURLINGTON COUNCIL MEMBER,Dejuana Bigelow, ,2,24,7,0,0,31,Y
ALAMANCE,10/10/23,1210,410002,C,CITY OF BURLINGTON COUNCIL MEMBER,Mary Jensen, ,2,0,1,0,0,1,Y
ALAMANCE,10/10/23,1210,410002,C,CITY OF BURLINGTON COUNCIL MEMBER,Robin S. Wintringham, ,2,7,2,0,0,9,Y
ALAMANCE,10/10/23,124,410002,C,CITY OF BURLINGTON COUNCIL MEMBER,Bob Ward, ,2,33,7,0,0,40,Y
ALAMANCE,10/10/23,124,410002,C,CITY OF BURLINGTON COUNCIL MEMBER,Brandy Whittaker, ,2,14,10,0,0,24,Y
ALAMANCE,10/10/23,124,410002,C,CITY OF BURLINGTON COUNCIL MEMBER,Celo Faucette, ,2,50,6,0,0,56,Y
ALAMANCE,10/10/23,124,410002,C,CITY OF BURLINGTON COUNCIL MEMBER,Charlie Beasley, ,2,19,0,0,0,19,Y
ALAMANCE,10/10/23,124,410002,C,CITY OF BURLINGTON COUNCIL MEMBER,Cindy Lackey, ,2,18,2,0,0,20,Y
ALAMANCE,10/10/23,124,410002,C,CITY OF BURLINGTON COUNCIL MEMBER,Dejuana Bigelow, ,2,53,16,0,0,69,Y
ALAMANCE,10/10/23,124,410002,C,CITY OF BURLINGTON COUNCIL MEMBER,Mary Jensen, ,2,2,1,0,0,3,Y
ALAMANCE,10/10/23,124,410002,C,CITY OF BURLINGTON COUNCIL MEMBER,Robin S. Wintringham, ,2,23,10,0,0,33,Y
ALAMANCE,10/10/23,125,410002,C,CITY OF BURLINGTON COUNCIL MEMBER,Bob Ward, ,2,42,17,4,0,63,Y
ALAMANCE,10/10/23,125,410002,C,CITY OF BURLINGTON COUNCIL MEMBER,Brandy Whittaker, ,2,21,5,0,0,26,Y
ALAMANCE,10/10/23,125,410002,C,CITY OF BURLINGTON COUNCIL MEMBER,Celo Faucette, ,2,21,8,3,0,32,Y
ALAMANCE,10/10/23,125,410002,C,CITY OF BURLINGTON COUNCIL MEMBER,Charlie Beasley, ,2,35,9,0,0,44,Y
ALAMANCE,10/10/23,125,410002,C,CITY OF BURLINGTON COUNCIL MEMBER,Cindy Lackey, ,2,10,1,0,0,11,Y
ALAMANCE,10/10/23,125,410002,C,CITY OF BURLINGTON COUNCIL MEMBER,Dejuana Bigelow, ,2,30,11,1,0,42,Y
ALAMANCE,10/10/23,125,410002,C,CITY OF BURLINGTON COUNCIL MEMBER,Mary Jensen, ,2,2,0,0,0,2,Y
ALAMANCE,10/10/23,125,410002,C,CITY OF BURLINGTON COUNCIL MEMBER,Robin S. Wintringham, ,2,21,5,0,0,26,Y
ALAMANCE,10/10/23,126,410002,C,CITY OF BURLINGTON COUNCIL MEMBER,Bob Ward, ,2,85,9,0,0,94,Y
ALAMANCE,10/10/23,126,410002,C,CITY OF BURLINGTON COUNCIL MEMBER,Brandy Whittaker, ,2,15,7,0,0,22,Y
ALAMANCE,10/10/23,126,410002,C,CITY OF BURLINGTON COUNCIL MEMBER,Celo Faucette, ,2,49,4,0,0,53,Y
ALAMANCE,10/10/23,126,410002,C,CITY OF BURLINGTON COUNCIL MEMBER,Charlie Beasley, ,2,59,1,0,0,60,Y
ALAMANCE,10/10/23,126,410002,C,CITY OF BURLINGTON COUNCIL MEMBER,Cindy Lackey, ,2,14,0,0,0,14,Y
ALAMANCE,10/10/23,126,410002,C,CITY OF BURLINGTON COUNCIL MEMBER,Dejuana Bigelow, ,2,58,13,1,0,72,Y
ALAMANCE,10/10/23,126,410002,C,CITY OF BURLINGTON COUNCIL MEMBER,Mary Jensen, ,2,2,0,0,0,2,Y
ALAMANCE,10/10/23,126,410002,C,CITY OF BURLINGTON COUNCIL MEMBER,Robin S. Wintringham, ,2,46,1,0,0,47,Y
ALAMANCE,10/10/23,127,410002,C,CITY OF BURLINGTON COUNCIL MEMBER,Bob Ward, ,2,13,3,0,0,16,Y
ALAMANCE,10/10/23,127,410002,C,CITY OF BURLINGTON COUNCIL MEMBER,Brandy Whittaker, ,2,2,0,0,0,2,Y
ALAMANCE,10/10/23,127,410002,C,CITY OF BURLINGTON COUNCIL MEMBER,Celo Faucette, ,2,24,9,1,0,34,Y
ALAMANCE,10/10/23,127,410002,C,CITY OF BURLINGTON COUNCIL MEMBER,Charlie Beasley, ,2,7,2,0,0,9,Y
ALAMANCE,10/10/23,127,410002,C,CITY OF BURLINGTON COUNCIL MEMBER,Cindy Lackey, ,2,2,0,0,0,2,Y
ALAMANCE,10/10/23,127,410002,C,CITY OF BURLINGTON COUNCIL MEMBER,Dejuana Bigelow, ,2,76,16,2,0,94,Y
ALAMANCE,10/10/23,127,410002,C,CITY OF BURLINGTON COUNCIL MEMBER,Mary Jensen, ,2,0,0,0,0,0,Y
ALAMANCE,10/10/23,127,410002,C,CITY OF BURLINGTON COUNCIL MEMBER,Robin S. Wintringham, ,2,0,0,0,0,0,Y
ALAMANCE,10/10/23,128,410002,C,CITY OF BURLINGTON COUNCIL MEMBER,Bob Ward, ,2,15,2,0,0,17,Y
ALAMANCE,10/10/23,128,410002,C,CITY OF BURLINGTON COUNCIL MEMBER,Brandy Whittaker, ,2,14,1,2,0,17,Y
ALAMANCE,10/10/23,128,410002,C,CITY OF BURLINGTON COUNCIL MEMBER,Celo Faucette, ,2,18,1,0,0,19,Y
ALAMANCE,10/10/23,128,410002,C,CITY OF BURLINGTON COUNCIL MEMBER,Charlie Beasley, ,2,14,4,2,0,20,Y
ALAMANCE,10/10/23,128,410002,C,CITY OF BURLINGTON COUNCIL MEMBER,Cindy Lackey, ,2,4,2,0,0,6,Y
ALAMANCE,10/10/23,128,410002,C,CITY OF BURLINGTON COUNCIL MEMBER,Dejuana Bigelow, ,2,39,4,0,0,43,Y
ALAMANCE,10/10/23,128,410002,C,CITY OF BURLINGTON COUNCIL MEMBER,Mary Jensen, ,2,1,0,0,0,1,Y
ALAMANCE,10/10/23,128,410002,C,CITY OF BURLINGTON COUNCIL MEMBER,Robin S. Wintringham, ,2,4,2,0,0,6,Y
ALAMANCE,10/10/23,129,410002,C,CITY OF BURLINGTON COUNCIL MEMBER,Bob Ward, ,2,34,8,0,0,42,Y
ALAMANCE,10/10/23,129,410002,C,CITY OF BURLINGTON COUNCIL MEMBER,Brandy Whittaker, ,2,9,4,0,0,13,Y
ALAMANCE,10/10/23,129,410002,C,CITY OF BURLINGTON COUNCIL MEMBER,Celo Faucette, ,2,15,4,0,0,19,Y
ALAMANCE,10/10/23,129,410002,C,CITY OF BURLINGTON COUNCIL MEMBER,Charlie Beasley, ,2,16,8,0,0,24,Y
ALAMANCE,10/10/23,129,410002,C,CITY OF BURLINGTON COUNCIL MEMBER,Cindy Lackey, ,2,4,2,0,0,6,Y
ALAMANCE,10/10/23,129,410002,C,CITY OF BURLINGTON COUNCIL MEMBER,Dejuana Bigelow, ,2,19,8,0,0,27,Y
ALAMANCE,10/10/23,129,410002,C,CITY OF BURLINGTON COUNCIL MEMBER,Mary Jensen, ,2,3,1,0,0,4,Y
ALAMANCE,10/10/23,129,410002,C,CITY OF BURLINGTON COUNCIL MEMBER,Robin S. Wintringham, ,2,10,7,0,0,17,Y
ALAMANCE,10/10/23,12E,410002,C,CITY OF BURLINGTON COUNCIL MEMBER,Bob Ward, ,2,8,0,0,0,8,Y
ALAMANCE,10/10/23,12E,410002,C,CITY OF BURLINGTON COUNCIL MEMBER,Brandy Whittaker, ,2,10,6,0,0,16,Y
ALAMANCE,10/10/23,12E,410002,C,CITY OF BURLINGTON COUNCIL MEMBER,Celo Faucette, ,2,16,4,0,0,20,Y
ALAMANCE,10/10/23,12E,410002,C,CITY OF BURLINGTON COUNCIL MEMBER,Charlie Beasley, ,2,8,0,0,0,8,Y
ALAMANCE,10/10/23,12E,410002,C,CITY OF BURLINGTON COUNCIL MEMBER,Cindy Lackey, ,2,3,2,0,0,5,Y
ALAMANCE,10/10/23,12E,410002,C,CITY OF BURLINGTON COUNCIL MEMBER,Dejuana Bigelow, ,2,36,15,0,0,51,Y
ALAMANCE,10/10/23,12E,410002,C,CITY OF BURLINGTON COUNCIL MEMBER,Mary Jensen, ,2,3,3,0,0,6,Y
ALAMANCE,10/10/23,12E,410002,C,CITY OF BURLINGTON COUNCIL MEMBER,Robin S. Wintringham, ,2,1,1,0,0,2,Y
ALAMANCE,10/10/23,12N,410002,C,CITY OF BURLINGTON COUNCIL MEMBER,Bob Ward, ,2,40,3,0,0,43,Y
ALAMANCE,10/10/23,12N,410002,C,CITY OF BURLINGTON COUNCIL MEMBER,Brandy Whittaker, ,2,6,4,0,0,10,Y
ALAMANCE,10/10/23,12N,410002,C,CITY OF BURLINGTON COUNCIL MEMBER,Celo Faucette, ,2,33,7,0,0,40,Y
ALAMANCE,10/10/23,12N,410002,C,CITY OF BURLINGTON COUNCIL MEMBER,Charlie Beasley, ,2,9,4,0,0,13,Y
ALAMANCE,10/10/23,12N,410002,C,CITY OF BURLINGTON COUNCIL MEMBER,Cindy Lackey, ,2,3,0,0,0,3,Y
ALAMANCE,10/10/23,12N,410002,C,CITY OF BURLINGTON COUNCIL MEMBER,Dejuana Bigelow, ,2,120,20,0,0,140,Y
ALAMANCE,10/10/23,12N,410002,C,CITY OF BURLINGTON COUNCIL MEMBER,Mary Jensen, ,2,1,0,0,0,1,Y
ALAMANCE,10/10/23,12N,410002,C,CITY OF BURLINGTON COUNCIL MEMBER,Robin S. Wintringham, ,2,4,1,0,0,5,Y
ALAMANCE,10/10/23,12S,410002,C,CITY OF BURLINGTON COUNCIL MEMBER,Bob Ward, ,2,7,1,0,0,8,Y
ALAMANCE,10/10/23,12S,410002,C,CITY OF BURLINGTON COUNCIL MEMBER,Brandy Whittaker, ,2,3,1,0,0,4,Y
ALAMANCE,10/10/23,12S,410002,C,CITY OF BURLINGTON COUNCIL MEMBER,Celo Faucette, ,2,12,4,0,0,16,Y
ALAMANCE,10/10/23,12S,410002,C,CITY OF BURLINGTON COUNCIL MEMBER,Charlie Beasley, ,2,6,3,0,0,9,Y
ALAMANCE,10/10/23,12S,410002,C,CITY OF BURLINGTON COUNCIL MEMBER,Cindy Lackey, ,2,3,2,0,0,5,Y
ALAMANCE,10/10/23,12S,410002,C,CITY OF BURLINGTON COUNCIL MEMBER,Dejuana Bigelow, ,2,23,7,0,0,30,Y
ALAMANCE,10/10/23,12S,410002,C,CITY OF BURLINGTON COUNCIL MEMBER,Mary Jensen, ,2,1,1,0,0,2,Y
ALAMANCE,10/10/23,12S,410002,C,CITY OF BURLINGTON COUNCIL MEMBER,Robin S. Wintringham, ,2,1,2,0,0,3,Y
ALAMANCE,10/10/23,12W,410002,C,CITY OF BURLINGTON COUNCIL MEMBER,Bob Ward, ,2,67,13,0,0,80,Y
ALAMANCE,10/10/23,12W,410002,C,CITY OF BURLINGTON COUNCIL MEMBER,Brandy Whittaker, ,2,56,16,0,0,72,Y
ALAMANCE,10/10/23,12W,410002,C,CITY OF BURLINGTON COUNCIL MEMBER,Celo Faucette, ,2,37,6,0,0,43,Y
ALAMANCE,10/10/23,12W,410002,C,CITY OF BURLINGTON COUNCIL MEMBER,Charlie Beasley, ,2,40,7,0,0,47,Y
ALAMANCE,10/10/23,12W,410002,C,CITY OF BURLINGTON COUNCIL MEMBER,Cindy Lackey, ,2,4,4,0,0,8,Y
ALAMANCE,10/10/23,12W,410002,C,CITY OF BURLINGTON COUNCIL MEMBER,Dejuana Bigelow, ,2,126,26,0,0,152,Y
ALAMANCE,10/10/23,12W,410002,C,CITY OF BURLINGTON COUNCIL MEMBER,Mary Jensen, ,2,6,0,0,0,6,Y
ALAMANCE,10/10/23,12W,410002,C,CITY OF BURLINGTON COUNCIL MEMBER,Robin S. Wintringham, ,2,34,4,0,0,38,Y
CAMDEN,10/10/23,ABSENTEE,150002,C,CITY OF ELIZABETH CITY COUNCILMAN 1ST WARD,Johnson Biggs, ,2,0,0,0,0,0,N
CAMDEN,10/10/23,ABSENTEE,150002,C,CITY OF ELIZABETH CITY COUNCILMAN 1ST WARD,Joseph Peel, ,2,0,0,0,0,0,N
CAMDEN,10/10/23,ABSENTEE,150002,C,CITY OF ELIZABETH CITY COUNCILMAN 1ST WARD,Write-In (Miscellaneous),,2,0,0,0,0,0,N
CAMDEN,10/10/23,ABSENTEE,700001,C,CITY OF ELIZABETH CITY MAYOR,Bennie Murphy, ,1,0,0,0,0,0,N
CAMDEN,10/10/23,ABSENTEE,700001,C,CITY OF ELIZABETH CITY MAYOR,Christina Williams, ,1,0,0,0,0,0,N
CAMDEN,10/10/23,ABSENTEE,700001,C,CITY OF ELIZABETH CITY MAYOR,Kirk Rivers, ,1,0,0,0,0,0,N
CAMDEN,10/10/23,ABSENTEE,700001,C,CITY OF ELIZABETH CITY MAYOR,Write-In (Miscellaneous),,1,0,0,0,0,0,N
CAMDEN,10/10/23,CH,150002,C,CITY OF ELIZABETH CITY COUNCILMAN 1ST WARD,Johnson Biggs, ,2,3,0,0,0,3,Y
CAMDEN,10/10/23,CH,150002,C,CITY OF ELIZABETH CITY COUNCILMAN 1ST WARD,Joseph Peel, ,2,3,0,0,0,3,Y
CAMDEN,10/10/23,CH,150002,C,CITY OF ELIZABETH CITY COUNCILMAN 1ST WARD,Write-In (Miscellaneous),,2,0,0,0,0,0,Y
CAMDEN,10/10/23,CH,700001,C,CITY OF ELIZABETH CITY MAYOR,Bennie Murphy, ,1,0,0,0,0,0,Y
CAMDEN,10/10/23,CH,700001,C,CITY OF ELIZABETH CITY MAYOR,Christina Williams, ,1,2,0,0,0,2,Y
CAMDEN,10/10/23,CH,700001,C,CITY OF ELIZABETH CITY MAYOR,Kirk Rivers, ,1,1,0,0,0,1,Y
CAMDEN,10/10/23,CH,700001,C,CITY OF ELIZABETH CITY MAYOR,Write-In (Miscellaneous),,1,0,0,0,0,0,Y
CAMDEN,10/10/23,ONE STOP,150002,C,CITY OF ELIZABETH CITY COUNCILMAN 1ST WARD,Johnson Biggs, ,2,0,5,0,0,5,N
CAMDEN,10/10/23,ONE STOP,150002,C,CITY OF ELIZABETH CITY COUNCILMAN 1ST WARD,Joseph Peel, ,2,0,5,0,0,5,N
CAMDEN,10/10/23,ONE STOP,150002,C,CITY OF ELIZABETH CITY COUNCILMAN 1ST WARD,Write-In (Miscellaneous),,2,0,0,0,0,0,N
CAMDEN,10/10/23,ONE STOP,700001,C,CITY OF ELIZABETH CITY MAYOR,Bennie Murphy, ,1,0,1,0,0,1,N
CAMDEN,10/10/23,ONE STOP,700001,C,CITY OF ELIZABETH CITY MAYOR,Christina Williams, ,1,0,3,0,0,3,N
CAMDEN,10/10/23,ONE STOP,700001,C,CITY OF ELIZABETH CITY MAYOR,Kirk Rivers, ,1,0,1,0,0,1,N
CAMDEN,10/10/23,ONE STOP,700001,C,CITY OF ELIZABETH CITY MAYOR,Write-In (Miscellaneous),,1,0,0,0,0,0,N
CAMDEN,10/10/23,PROVISIONAL,150002,C,CITY OF ELIZABETH CITY COUNCILMAN 1ST WARD,Johnson Biggs, ,2,0,0,0,0,0,N
CAMDEN,10/10/23,PROVISIONAL,150002,C,CITY OF ELIZABETH CITY COUNCILMAN 1ST WARD,Joseph Peel, ,2,0,0,0,0,0,N
CAMDEN,10/10/23,PROVISIONAL,150002,C,CITY OF ELIZABETH CITY COUNCILMAN 1ST WARD,Write-In (Miscellaneous),,2,0,0,0,0,0,N
CAMDEN,10/10/23,PROVISIONAL,700001,C,CITY OF ELIZABETH CITY MAYOR,Bennie Murphy, ,1,0,0,0,0,0,N
CAMDEN,10/10/23,PROVISIONAL,700001,C,CITY OF ELIZABETH CITY MAYOR,Christina Williams, ,1,0,0,0,0,0,N
CAMDEN,10/10/23,PROVISIONAL,700001,C,CITY OF ELIZABETH CITY MAYOR,Kirk Rivers, ,1,0,0,0,0,0,N
CAMDEN,10/10/23,PROVISIONAL,700001,C,CITY OF ELIZABETH CITY MAYOR,Write-In (Miscellaneous),,1,0,0,0,0,0,N
CAMDEN,10/10/23,TRANSFER,150002,C,CITY OF ELIZABETH CITY COUNCILMAN 1ST WARD,Johnson Biggs, ,2,0,0,0,0,0,N
CAMDEN,10/10/23,TRANSFER,150002,C,CITY OF ELIZABETH CITY COUNCILMAN 1ST WARD,Joseph Peel, ,2,0,0,0,0,0,N
CAMDEN,10/10/23,TRANSFER,150002,C,CITY OF ELIZABETH CITY COUNCILMAN 1ST WARD,Write-In (Miscellaneous),,2,0,0,0,0,0,N
CAMDEN,10/10/23,TRANSFER,700001,C,CITY OF ELIZABETH CITY MAYOR,Bennie Murphy, ,1,0,0,0,0,0,N
CAMDEN,10/10/23,TRANSFER,700001,C,CITY OF ELIZABETH CITY MAYOR,Christina Williams, ,1,0,0,0,0,0,N
CAMDEN,10/10/23,TRANSFER,700001,C,CITY OF ELIZABETH CITY MAYOR,Kirk Rivers, ,1,0,0,0,0,0,N
CAMDEN,10/10/23,TRANSFER,700001,C,CITY OF ELIZABETH CITY MAYOR,Write-In (Miscellaneous),,1,0,0,0,0,0,N
CHATHAM,10/10/23,42,920001,C,TOWN OF CARY MAYOR,"Harold Weinbrecht, Jr.", ,1,27,13,0,0,40,Y
CHATHAM,10/10/23,42,920001,C,TOWN OF CARY MAYOR,Write-In (Miscellaneous),,1,4,2,0,0,6,Y
CHATHAM,10/10/23,42,920002,C,TOWN OF CARY TOWN COUNCIL AT-LARGE,Lori Bush, ,1,16,11,0,0,27,Y
CHATHAM,10/10/23,42,920002,C,TOWN OF CARY TOWN COUNCIL AT-LARGE,Mary Insprucker, ,1,15,5,0,0,20,Y
CHATHAM,10/10/23,42,920002,C,TOWN OF CARY TOWN COUNCIL AT-LARGE,Matthew Gronke, ,1,0,1,0,0,1,Y
CHATHAM,10/10/23,42,920002,C,TOWN OF CARY TOWN COUNCIL AT-LARGE,Write-In (Miscellaneous),,1,0,0,0,0,0,Y
CHATHAM,10/10/23,42,920004,C,TOWN OF CARY TOWN COUNCIL DISTRICT D,Rachel Jordan, ,1,5,7,0,0,12,Y
CHATHAM,10/10/23,42,920004,C,TOWN OF CARY TOWN COUNCIL DISTRICT D,Ryan Eades, ,1,8,7,0,0,15,Y
CHATHAM,10/10/23,42,920004,C,TOWN OF CARY TOWN COUNCIL DISTRICT D,Sarika Bansal, ,1,21,3,0,0,24,Y
CHATHAM,10/10/23,42,920004,C,TOWN OF CARY TOWN COUNCIL DISTRICT D,Write-In (Miscellaneous),,1,0,0,0,0,0,Y
CHATHAM,10/10/23,75,920001,C,TOWN OF CARY MAYOR,"Harold Weinbrecht, Jr.", ,1,235,423,28,0,686,Y
CHATHAM,10/10/23,75,920001,C,TOWN OF CARY MAYOR,Write-In (Miscellaneous),,1,3,3,0,0,6,Y
CHATHAM,10/10/23,75,920002,C,TOWN OF CARY TOWN COUNCIL AT-LARGE,Lori Bush, ,1,217,315,27,0,559,Y
CHATHAM,10/10/23,75,920002,C,TOWN OF CARY TOWN COUNCIL AT-LARGE,Mary Insprucker, ,1,46,171,2,0,219,Y
CHATHAM,10/10/23,75,920002,C,TOWN OF CARY TOWN COUNCIL AT-LARGE,Matthew Gronke, ,1,17,15,1,0,33,Y
CHATHAM,10/10/23,75,920002,C,TOWN OF CARY TOWN COUNCIL AT-LARGE,Write-In (Miscellaneous),,1,0,0,0,0,0,Y
CHATHAM,10/10/23,75,920004,C,TOWN OF CARY TOWN COUNCIL DISTRICT D,Rachel Jordan, ,1,142,185,11,0,338,Y
CHATHAM,10/10/23,75,920004,C,TOWN OF CARY TOWN COUNCIL DISTRICT D,Ryan Eades, ,1,79,212,8,0,299,Y
CHATHAM,10/10/23,75,920004,C,TOWN OF CARY TOWN COUNCIL DISTRICT D,Sarika Bansal, ,1,63,111,11,0,185,Y
CHATHAM,10/10/23,75,920004,C,TOWN OF CARY TOWN COUNCIL DISTRICT D,Write-In (Miscellaneous),,1,0,1,0,0,1,Y
CUMBERLAND,10/10/23,AH49,1,C,CITY OF FAYETTEVILLE MAYOR,Charles Evans, ,1,21,9,1,0,31,Y
CUMBERLAND,10/10/23,AH49,1,C,CITY OF FAYETTEVILLE MAYOR,Freddie de la Cruz, ,1,22,4,0,0,26,Y
CUMBERLAND,10/10/23,AH49,1,C,CITY OF FAYETTEVILLE MAYOR,Mitch Colvin, ,1,88,51,3,0,142,Y
CUMBERLAND,10/10/23,AH49,1,C,CITY OF FAYETTEVILLE MAYOR,Quancidine Hinson-Gribble, ,1,3,2,0,0,5,Y
CUMBERLAND,10/10/23,CC01,1,C,CITY OF FAYETTEVILLE MAYOR,Charles Evans, ,1,35,48,0,0,83,Y
CUMBERLAND,10/10/23,CC01,1,C,CITY OF FAYETTEVILLE MAYOR,Freddie de la Cruz, ,1,6,8,1,0,15,Y
CUMBERLAND,10/10/23,CC01,1,C,CITY OF FAYETTEVILLE MAYOR,Mitch Colvin, ,1,56,89,0,0,145,Y
CUMBERLAND,10/10/23,CC01,1,C,CITY OF FAYETTEVILLE MAYOR,Quancidine Hinson-Gribble, ,1,1,4,0,0,5,Y
CUMBERLAND,10/10/23,CC01,3,C,CITY OF FAYETTEVILLE CITY COUNCIL DISTRICT 02,Anastasia J. Vann, ,1,2,1,0,0,3,Y
CUMBERLAND,10/10/23,CC01,3,C,CITY OF FAYETTEVILLE CITY COUNCIL DISTRICT 02,Gail Morfesis, ,1,5,8,1,0,14,Y
CUMBERLAND,10/10/23,CC01,3,C,CITY OF FAYETTEVILLE CITY COUNCIL DISTRICT 02,Janene (Dublin) Ackles, ,1,9,19,0,0,28,Y
CUMBERLAND,10/10/23,CC01,3,C,CITY OF FAYETTEVILLE CITY COUNCIL DISTRICT 02,Larry Marshall, ,1,2,3,0,0,5,Y
CUMBERLAND,10/10/23,CC01,3,C,CITY OF FAYETTEVILLE CITY COUNCIL DISTRICT 02,Laura Rodrigues Mussler, ,1,6,32,0,0,38,Y
CUMBERLAND,10/10/23,CC01,3,C,CITY OF FAYETTEVILLE CITY COUNCIL DISTRICT 02,Malik Davis, ,1,33,38,0,0,71,Y
CUMBERLAND,10/10/23,CC01,3,C,CITY OF FAYETTEVILLE CITY COUNCIL DISTRICT 02,Shakeyla Ingram, ,1,41,45,0,0,86,Y
CUMBERLAND,10/10/23,CC03,1,C,CITY OF FAYETTEVILLE MAYOR,Charles Evans, ,1,4,1,0,0,5,Y
CUMBERLAND,10/10/23,CC03,1,C,CITY OF FAYETTEVILLE MAYOR,Freddie de la Cruz, ,1,11,2,0,0,13,Y
CUMBERLAND,10/10/23,CC03,1,C,CITY OF FAYETTEVILLE MAYOR,Mitch Colvin, ,1,25,13,1,0,39,Y
CUMBERLAND,10/10/23,CC03,1,C,CITY OF FAYETTEVILLE MAYOR,Quancidine Hinson-Gribble, ,1,0,1,0,0,1,Y
CUMBERLAND,10/10/23,CC04,1,C,CITY OF FAYETTEVILLE MAYOR,Charles Evans, ,1,21,13,0,0,34,Y
CUMBERLAND,10/10/23,CC04,1,C,CITY OF FAYETTEVILLE MAYOR,Freddie de la Cruz, ,1,38,15,0,0,53,Y
CUMBERLAND,10/10/23,CC04,1,C,CITY OF FAYETTEVILLE MAYOR,Mitch Colvin, ,1,36,31,0,0,67,Y
CUMBERLAND,10/10/23,CC04,1,C,CITY OF FAYETTEVILLE MAYOR,Quancidine Hinson-Gribble, ,1,1,4,0,0,5,Y
CUMBERLAND,10/10/23,CC04,3,C,CITY OF FAYETTEVILLE CITY COUNCIL DISTRICT 02,Anastasia J. Vann, ,1,1,0,0,0,1,Y
CUMBERLAND,10/10/23,CC04,3,C,CITY OF FAYETTEVILLE CITY COUNCIL DISTRICT 02,Gail Morfesis, ,1,21,10,0,0,31,Y
CUMBERLAND,10/10/23,CC04,3,C,CITY OF FAYETTEVILLE CITY COUNCIL DISTRICT 02,Janene (Dublin) Ackles, ,1,4,3,0,0,7,Y
CUMBERLAND,10/10/23,CC04,3,C,CITY OF FAYETTEVILLE CITY COUNCIL DISTRICT 02,Larry Marshall, ,1,7,2,0,0,9,Y
CUMBERLAND,10/10/23,CC04,3,C,CITY OF FAYETTEVILLE CITY COUNCIL DISTRICT 02,Laura Rodrigues Mussler, ,1,23,14,0,0,37,Y
CUMBERLAND,10/10/23,CC04,3,C,CITY OF FAYETTEVILLE CITY COUNCIL DISTRICT 02,Malik Davis, ,1,22,19,0,0,41,Y
CUMBERLAND,10/10/23,CC04,3,C,CITY OF FAYETTEVILLE CITY COUNCIL DISTRICT 02,Shakeyla Ingram, ,1,18,14,0,0,32,Y
CUMBERLAND,10/10/23,CC06,1,C,CITY OF FAYETTEVILLE MAYOR,Charles Evans, ,1,17,6,0,0,23,Y
CUMBERLAND,10/10/23,CC06,1,C,CITY OF FAYETTEVILLE MAYOR,Freddie de la Cruz, ,1,44,17,0,0,61,Y
CUMBERLAND,10/10/23,CC06,1,C,CITY OF FAYETTEVILLE MAYOR,Mitch Colvin, ,1,22,13,0,0,35,Y
CUMBERLAND,10/10/23,CC06,1,C,CITY OF FAYETTEVILLE MAYOR,Quancidine Hinson-Gribble, ,1,3,0,0,0,3,Y
CUMBERLAND,10/10/23,CC06,3,C,CITY OF FAYETTEVILLE CITY COUNCIL DISTRICT 02,Anastasia J. Vann, ,1,2,0,0,0,2,Y
CUMBERLAND,10/10/23,CC06,3,C,CITY OF FAYETTEVILLE CITY COUNCIL DISTRICT 02,Gail Morfesis, ,1,20,0,0,0,20,Y
CUMBERLAND,10/10/23,CC06,3,C,CITY OF FAYETTEVILLE CITY COUNCIL DISTRICT 02,Janene (Dublin) Ackles, ,1,2,3,0,0,5,Y
CUMBERLAND,10/10/23,CC06,3,C,CITY OF FAYETTEVILLE CITY COUNCIL DISTRICT 02,Larry Marshall, ,1,3,2,0,0,5,Y
CUMBERLAND,10/10/23,CC06,3,C,CITY OF FAYETTEVILLE CITY COUNCIL DISTRICT 02,Laura Rodrigues Mussler, ,1,14,19,0,0,33,Y
CUMBERLAND,10/10/23,CC06,3,C,CITY OF FAYETTEVILLE CITY COUNCIL DISTRICT 02,Malik Davis, ,1,26,4,0,0,30,Y
CUMBERLAND,10/10/23,CC06,3,C,CITY OF FAYETTEVILLE CITY COUNCIL DISTRICT 02,Shakeyla Ingram, ,1,15,7,0,0,22,Y
CUMBERLAND,10/10/23,CC07,1,C,CITY OF FAYETTEVILLE MAYOR,Charles Evans, ,1,23,2,0,0,25,Y
CUMBERLAND,10/10/23,CC07,1,C,CITY OF FAYETTEVILLE MAYOR,Freddie de la Cruz, ,1,95,22,1,0,118,Y
CUMBERLAND,10/10/23,CC07,1,C,CITY OF FAYETTEVILLE MAYOR,Mitch Colvin, ,1,33,5,0,0,38,Y
CUMBERLAND,10/10/23,CC07,1,C,CITY OF FAYETTEVILLE MAYOR,Quancidine Hinson-Gribble, ,1,4,0,0,0,4,Y
CUMBERLAND,10/10/23,CC07,6,C,CITY OF FAYETTEVILLE CITY COUNCIL DISTRICT 05,Fred G. LaChance III, ,1,19,1,0,0,20,Y
CUMBERLAND,10/10/23,CC07,6,C,CITY OF FAYETTEVILLE CITY COUNCIL DISTRICT 05,Johnny Dawkins, ,1,47,10,1,0,58,Y
CUMBERLAND,10/10/23,CC07,6,C,CITY OF FAYETTEVILLE CITY COUNCIL DISTRICT 05,Justin Herbe, ,1,19,6,0,0,25,Y
CUMBERLAND,10/10/23,CC07,6,C,CITY OF FAYETTEVILLE CITY COUNCIL DISTRICT 05,Lynne Bissette Greene, ,1,73,12,0,0,85,Y
CUMBERLAND,10/10/23,CC08,1,C,CITY OF FAYETTEVILLE MAYOR,Charles Evans, ,1,33,27,0,0,60,Y
CUMBERLAND,10/10/23,CC08,1,C,CITY OF FAYETTEVILLE MAYOR,Freddie de la Cruz, ,1,117,26,1,1,145,Y
CUMBERLAND,10/10/23,CC08,1,C,CITY OF FAYETTEVILLE MAYOR,Mitch Colvin, ,1,48,31,1,0,80,Y
CUMBERLAND,10/10/23,CC08,1,C,CITY OF FAYETTEVILLE MAYOR,Quancidine Hinson-Gribble, ,1,3,0,0,0,3,Y
CUMBERLAND,10/10/23,CC08,3,C,CITY OF FAYETTEVILLE CITY COUNCIL DISTRICT 02,Anastasia J. Vann, ,1,0,0,0,0,0,Y
CUMBERLAND,10/10/23,CC08,3,C,CITY OF FAYETTEVILLE CITY COUNCIL DISTRICT 02,Gail Morfesis, ,1,23,11,0,0,34,Y
CUMBERLAND,10/10/23,CC08,3,C,CITY OF FAYETTEVILLE CITY COUNCIL DISTRICT 02,Janene (Dublin) Ackles, ,1,0,3,1,0,4,Y
CUMBERLAND,10/10/23,CC08,3,C,CITY OF FAYETTEVILLE CITY COUNCIL DISTRICT 02,Larry Marshall, ,1,0,4,0,0,4,Y
CUMBERLAND,10/10/23,CC08,3,C,CITY OF FAYETTEVILLE CITY COUNCIL DISTRICT 02,Laura Rodrigues Mussler, ,1,16,16,0,0,32,Y
CUMBERLAND,10/10/23,CC08,3,C,CITY OF FAYETTEVILLE CITY COUNCIL DISTRICT 02,Malik Davis, ,1,11,11,0,0,22,Y
CUMBERLAND,10/10/23,CC08,3,C,CITY OF FAYETTEVILLE CITY COUNCIL DISTRICT 02,Shakeyla Ingram, ,1,7,7,0,0,14,Y
CUMBERLAND,10/10/23,CC08,6,C,CITY OF FAYETTEVILLE CITY COUNCIL DISTRICT 05,Fred G. LaChance III, ,1,5,0,0,1,6,Y
CUMBERLAND,10/10/23,CC08,6,C,CITY OF FAYETTEVILLE CITY COUNCIL DISTRICT 05,Johnny Dawkins, ,1,59,11,0,0,70,Y
CUMBERLAND,10/10/23,CC08,6,C,CITY OF FAYETTEVILLE CITY COUNCIL DISTRICT 05,Justin Herbe, ,1,5,2,0,0,7,Y
CUMBERLAND,10/10/23,CC08,6,C,CITY OF FAYETTEVILLE CITY COUNCIL DISTRICT 05,Lynne Bissette Greene, ,1,79,19,1,0,99,Y
CUMBERLAND,10/10/23,CC10,1,C,CITY OF FAYETTEVILLE MAYOR,Charles Evans, ,1,23,10,0,0,33,Y
CUMBERLAND,10/10/23,CC10,1,C,CITY OF FAYETTEVILLE MAYOR,Freddie de la Cruz, ,1,52,12,0,0,64,Y
CUMBERLAND,10/10/23,CC10,1,C,CITY OF FAYETTEVILLE MAYOR,Mitch Colvin, ,1,43,12,0,0,55,Y
CUMBERLAND,10/10/23,CC10,1,C,CITY OF FAYETTEVILLE MAYOR,Quancidine Hinson-Gribble, ,1,0,1,0,0,1,Y
CUMBERLAND,10/10/23,CC10,3,C,CITY OF FAYETTEVILLE CITY COUNCIL DISTRICT 02,Anastasia J. Vann, ,1,1,2,0,0,3,Y
CUMBERLAND,10/10/23,CC10,3,C,CITY OF FAYETTEVILLE CITY COUNCIL DISTRICT 02,Gail Morfesis, ,1,0,0,0,0,0,Y
CUMBERLAND,10/10/23,CC10,3,C,CITY OF FAYETTEVILLE CITY COUNCIL DISTRICT 02,Janene (Dublin) Ackles, ,1,2,2,0,0,4,Y
CUMBERLAND,10/10/23,CC10,3,C,CITY OF FAYETTEVILLE CITY COUNCIL DISTRICT 02,Larry Marshall, ,1,21,0,0,0,21,Y
CUMBERLAND,10/10/23,CC10,3,C,CITY OF FAYETTEVILLE CITY COUNCIL DISTRICT 02,Laura Rodrigues Mussler, ,1,1,1,0,0,2,Y
CUMBERLAND,10/10/23,CC10,3,C,CITY OF FAYETTEVILLE CITY COUNCIL DISTRICT 02,Malik Davis, ,1,4,1,0,0,5,Y
CUMBERLAND,10/10/23,CC10,3,C,CITY OF FAYETTEVILLE CITY COUNCIL DISTRICT 02,Shakeyla Ingram, ,1,12,2,0,0,14,Y
CUMBERLAND,10/10/23,CC10,6,C,CITY OF FAYETTEVILLE CITY COUNCIL DISTRICT 05,Fred G. LaChance III, ,1,8,2,0,0,10,Y
CUMBERLAND,10/10/23,CC10,6,C,CITY OF FAYETTEVILLE CITY COUNCIL DISTRICT 05,Johnny Dawkins, ,1,23,8,0,0,31,Y
CUMBERLAND,10/10/23,CC10,6,C,CITY OF FAYETTEVILLE CITY COUNCIL DISTRICT 05,Justin Herbe, ,1,6,4,0,0,10,Y
CUMBERLAND,10/10/23,CC10,6,C,CITY OF FAYETTEVILLE CITY COUNCIL DISTRICT 05,Lynne Bissette Greene, ,1,37,12,0,0,49,Y
CUMBERLAND,10/10/23,CC12,1,C,CITY OF FAYETTEVILLE MAYOR,Charles Evans, ,1,63,19,0,0,82,Y
CUMBERLAND,10/10/23,CC12,1,C,CITY OF FAYETTEVILLE MAYOR,Freddie de la Cruz, ,1,170,20,1,0,191,Y
CUMBERLAND,10/10/23,CC12,1,C,CITY OF FAYETTEVILLE MAYOR,Mitch Colvin, ,1,61,27,2,0,90,Y
CUMBERLAND,10/10/23,CC12,1,C,CITY OF FAYETTEVILLE MAYOR,Quancidine Hinson-Gribble, ,1,3,0,0,0,3,Y
CUMBERLAND,10/10/23,CC12,6,C,CITY OF FAYETTEVILLE CITY COUNCIL DISTRICT 05,Fred G. LaChance III, ,1,12,1,0,0,13,Y
CUMBERLAND,10/10/23,CC12,6,C,CITY OF FAYETTEVILLE CITY COUNCIL DISTRICT 05,Johnny Dawkins, ,1,79,15,1,0,95,Y
CUMBERLAND,10/10/23,CC12,6,C,CITY OF FAYETTEVILLE CITY COUNCIL DISTRICT 05,Justin Herbe, ,1,29,20,0,0,49,Y
CUMBERLAND,10/10/23,CC12,6,C,CITY OF FAYETTEVILLE CITY COUNCIL DISTRICT 05,Lynne Bissette Greene, ,1,186,28,2,0,216,Y
CUMBERLAND,10/10/23,CC13,1,C,CITY OF FAYETTEVILLE MAYOR,Charles Evans, ,1,12,10,0,0,22,Y
CUMBERLAND,10/10/23,CC13,1,C,CITY OF FAYETTEVILLE MAYOR,Freddie de la Cruz, ,1,1,2,0,0,3,Y
CUMBERLAND,10/10/23,CC13,1,C,CITY OF FAYETTEVILLE MAYOR,Mitch Colvin, ,1,46,35,1,0,82,Y
CUMBERLAND,10/10/23,CC13,1,C,CITY OF FAYETTEVILLE MAYOR,Quancidine Hinson-Gribble, ,1,0,0,0,0,0,Y
CUMBERLAND,10/10/23,CC13,3,C,CITY OF FAYETTEVILLE CITY COUNCIL DISTRICT 02,Anastasia J. Vann, ,1,0,0,0,0,0,Y
CUMBERLAND,10/10/23,CC13,3,C,CITY OF FAYETTEVILLE CITY COUNCIL DISTRICT 02,Gail Morfesis, ,1,0,0,0,0,0,Y
CUMBERLAND,10/10/23,CC13,3,C,CITY OF FAYETTEVILLE CITY COUNCIL DISTRICT 02,Janene (Dublin) Ackles, ,1,0,0,0,0,0,Y
CUMBERLAND,10/10/23,CC13,3,C,CITY OF FAYETTEVILLE CITY COUNCIL DISTRICT 02,Larry Marshall, ,1,1,1,0,0,2,Y
CUMBERLAND,10/10/23,CC13,3,C,CITY OF FAYETTEVILLE CITY COUNCIL DISTRICT 02,Laura Rodrigues Mussler, ,1,0,2,0,0,2,Y
CUMBERLAND,10/10/23,CC13,3,C,CITY OF FAYETTEVILLE CITY COUNCIL DISTRICT 02,Malik Davis, ,1,2,3,0,0,5,Y
CUMBERLAND,10/10/23,CC13,3,C,CITY OF FAYETTEVILLE CITY COUNCIL DISTRICT 02,Shakeyla Ingram, ,1,5,0,0,0,5,Y
CUMBERLAND,10/10/23,CC14,1,C,CITY OF FAYETTEVILLE MAYOR,Charles Evans, ,1,48,15,0,0,63,Y
CUMBERLAND,10/10/23,CC14,1,C,CITY OF FAYETTEVILLE MAYOR,Freddie de la Cruz, ,1,150,24,0,0,174,Y
CUMBERLAND,10/10/23,CC14,1,C,CITY OF FAYETTEVILLE MAYOR,Mitch Colvin, ,1,72,34,1,1,108,Y
CUMBERLAND,10/10/23,CC14,1,C,CITY OF FAYETTEVILLE MAYOR,Quancidine Hinson-Gribble, ,1,2,1,0,0,3,Y
CUMBERLAND,10/10/23,CC14,6,C,CITY OF FAYETTEVILLE CITY COUNCIL DISTRICT 05,Fred G. LaChance III, ,1,18,1,0,0,19,Y
CUMBERLAND,10/10/23,CC14,6,C,CITY OF FAYETTEVILLE CITY COUNCIL DISTRICT 05,Johnny Dawkins, ,1,17,3,0,0,20,Y
CUMBERLAND,10/10/23,CC14,6,C,CITY OF FAYETTEVILLE CITY COUNCIL DISTRICT 05,Justin Herbe, ,1,11,10,0,0,21,Y
CUMBERLAND,10/10/23,CC14,6,C,CITY OF FAYETTEVILLE CITY COUNCIL DISTRICT 05,Lynne Bissette Greene, ,1,29,9,0,1,39,Y
CUMBERLAND,10/10/23,CC15,1,C,CITY OF FAYETTEVILLE MAYOR,Charles Evans, ,1,29,15,1,1,46,Y
CUMBERLAND,10/10/23,CC15,1,C,CITY OF FAYETTEVILLE MAYOR,Freddie de la Cruz, ,1,106,35,0,0,141,Y
CUMBERLAND,10/10/23,CC15,1,C,CITY OF FAYETTEVILLE MAYOR,Mitch Colvin, ,1,61,37,0,0,98,Y
CUMBERLAND,10/10/23,CC15,1,C,CITY OF FAYETTEVILLE MAYOR,Quancidine Hinson-Gribble, ,1,6,2,0,0,8,Y
CUMBERLAND,10/10/23,CC15,3,C,CITY OF FAYETTEVILLE CITY COUNCIL DISTRICT 02,Anastasia J. Vann, ,1,0,0,0,0,0,Y
CUMBERLAND,10/10/23,CC15,3,C,CITY OF FAYETTEVILLE CITY COUNCIL DISTRICT 02,Gail Morfesis, ,1,0,0,0,0,0,Y
CUMBERLAND,10/10/23,CC15,3,C,CITY OF FAYETTEVILLE CITY COUNCIL DISTRICT 02,Janene (Dublin) Ackles, ,1,0,0,0,0,0,Y
CUMBERLAND,10/10/23,CC15,3,C,CITY OF FAYETTEVILLE CITY COUNCIL DISTRICT 02,Larry Marshall, ,1,0,0,0,0,0,Y
CUMBERLAND,10/10/23,CC15,3,C,CITY OF FAYETTEVILLE CITY COUNCIL DISTRICT 02,Laura Rodrigues Mussler, ,1,0,0,0,0,0,Y
CUMBERLAND,10/10/23,CC15,3,C,CITY OF FAYETTEVILLE CITY COUNCIL DISTRICT 02,Malik Davis, ,1,0,0,0,0,0,Y
CUMBERLAND,10/10/23,CC15,3,C,CITY OF FAYETTEVILLE CITY COUNCIL DISTRICT 02,Shakeyla Ingram, ,1,0,0,0,0,0,Y
CUMBERLAND,10/10/23,CC15,6,C,CITY OF FAYETTEVILLE CITY COUNCIL DISTRICT 05,Fred G. LaChance III, ,1,8,7,0,0,15,Y
CUMBERLAND,10/10/23,CC15,6,C,CITY OF FAYETTEVILLE CITY COUNCIL DISTRICT 05,Johnny Dawkins, ,1,72,36,0,1,109,Y
CUMBERLAND,10/10/23,CC15,6,C,CITY OF FAYETTEVILLE CITY COUNCIL DISTRICT 05,Justin Herbe, ,1,31,11,0,0,42,Y
CUMBERLAND,10/10/23,CC15,6,C,CITY OF FAYETTEVILLE CITY COUNCIL DISTRICT 05,Lynne Bissette Greene, ,1,90,30,1,0,121,Y
CUMBERLAND,10/10/23,CC16,1,C,CITY OF FAYETTEVILLE MAYOR,Charles Evans, ,1,23,23,1,0,47,Y
CUMBERLAND,10/10/23,CC16,1,C,CITY OF FAYETTEVILLE MAYOR,Freddie de la Cruz, ,1,2,1,0,0,3,Y
CUMBERLAND,10/10/23,CC16,1,C,CITY OF FAYETTEVILLE MAYOR,Mitch Colvin, ,1,187,156,2,0,345,Y
CUMBERLAND,10/10/23,CC16,1,C,CITY OF FAYETTEVILLE MAYOR,Quancidine Hinson-Gribble, ,1,0,2,0,0,2,Y
CUMBERLAND,10/10/23,CC17,1,C,CITY OF FAYETTEVILLE MAYOR,Charles Evans, ,1,17,12,0,0,29,Y
CUMBERLAND,10/10/23,CC17,1,C,CITY OF FAYETTEVILLE MAYOR,Freddie de la Cruz, ,1,7,5,0,0,12,Y
CUMBERLAND,10/10/23,CC17,1,C,CITY OF FAYETTEVILLE MAYOR,Mitch Colvin, ,1,114,103,0,0,217,Y
CUMBERLAND,10/10/23,CC17,1,C,CITY OF FAYETTEVILLE MAYOR,Quancidine Hinson-Gribble, ,1,0,1,0,0,1,Y
CUMBERLAND,10/10/23,CC18,1,C,CITY OF FAYETTEVILLE MAYOR,Charles Evans, ,1,33,17,0,0,50,Y
CUMBERLAND,10/10/23,CC18,1,C,CITY OF FAYETTEVILLE MAYOR,Freddie de la Cruz, ,1,97,18,0,0,115,Y
CUMBERLAND,10/10/23,CC18,1,C,CITY OF FAYETTEVILLE MAYOR,Mitch Colvin, ,1,26,20,0,0,46,Y
CUMBERLAND,10/10/23,CC18,1,C,CITY OF FAYETTEVILLE MAYOR,Quancidine Hinson-Gribble, ,1,1,2,0,0,3,Y
CUMBERLAND,10/10/23,CC18,3,C,CITY OF FAYETTEVILLE CITY COUNCIL DISTRICT 02,Anastasia J. Vann, ,1,0,0,0,0,0,Y
CUMBERLAND,10/10/23,CC18,3,C,CITY OF FAYETTEVILLE CITY COUNCIL DISTRICT 02,Gail Morfesis, ,1,21,0,0,0,21,Y
CUMBERLAND,10/10/23,CC18,3,C,CITY OF FAYETTEVILLE CITY COUNCIL DISTRICT 02,Janene (Dublin) Ackles, ,1,2,0,0,0,2,Y
CUMBERLAND,10/10/23,CC18,3,C,CITY OF FAYETTEVILLE CITY COUNCIL DISTRICT 02,Larry Marshall, ,1,7,0,0,0,7,Y
CUMBERLAND,10/10/23,CC18,3,C,CITY OF FAYETTEVILLE CITY COUNCIL DISTRICT 02,Laura Rodrigues Mussler, ,1,17,10,0,0,27,Y
CUMBERLAND,10/10/23,CC18,3,C,CITY OF FAYETTEVILLE CITY COUNCIL DISTRICT 02,Malik Davis, ,1,5,4,0,0,9,Y
CUMBERLAND,10/10/23,CC18,3,C,CITY OF FAYETTEVILLE CITY COUNCIL DISTRICT 02,Shakeyla Ingram, ,1,0,0,0,0,0,Y
CUMBERLAND,10/10/23,CC18,6,C,CITY OF FAYETTEVILLE CITY COUNCIL DISTRICT 05,Fred G. LaChance III, ,1,7,0,0,0,7,Y
CUMBERLAND,10/10/23,CC18,6,C,CITY OF FAYETTEVILLE CITY COUNCIL DISTRICT 05,Johnny Dawkins, ,1,44,9,0,0,53,Y
CUMBERLAND,10/10/23,CC18,6,C,CITY OF FAYETTEVILLE CITY COUNCIL DISTRICT 05,Justin Herbe, ,1,11,6,0,0,17,Y
CUMBERLAND,10/10/23,CC18,6,C,CITY OF FAYETTEVILLE CITY COUNCIL DISTRICT 05,Lynne Bissette Greene, ,1,43,28,0,0,71,Y
CUMBERLAND,10/10/23,CC21,1,C,CITY OF FAYETTEVILLE MAYOR,Charles Evans, ,1,20,19,1,0,40,Y
CUMBERLAND,10/10/23,CC21,1,C,CITY OF FAYETTEVILLE MAYOR,Freddie de la Cruz, ,1,50,8,0,0,58,Y
CUMBERLAND,10/10/23,CC21,1,C,CITY OF FAYETTEVILLE MAYOR,Mitch Colvin, ,1,98,83,3,2,186,Y
CUMBERLAND,10/10/23,CC21,1,C,CITY OF FAYETTEVILLE MAYOR,Quancidine Hinson-Gribble, ,1,0,1,0,0,1,Y
CUMBERLAND,10/10/23,CC21,3,C,CITY OF FAYETTEVILLE CITY COUNCIL DISTRICT 02,Anastasia J. Vann, ,1,0,0,0,0,0,Y
CUMBERLAND,10/10/23,CC21,3,C,CITY OF FAYETTEVILLE CITY COUNCIL DISTRICT 02,Gail Morfesis, ,1,0,0,0,0,0,Y
CUMBERLAND,10/10/23,CC21,3,C,CITY OF FAYETTEVILLE CITY COUNCIL DISTRICT 02,Janene (Dublin) Ackles, ,1,1,1,0,0,2,Y
CUMBERLAND,10/10/23,CC21,3,C,CITY OF FAYETTEVILLE CITY COUNCIL DISTRICT 02,Larry Marshall, ,1,0,0,0,0,0,Y
CUMBERLAND,10/10/23,CC21,3,C,CITY OF FAYETTEVILLE CITY COUNCIL DISTRICT 02,Laura Rodrigues Mussler, ,1,2,3,1,0,6,Y
CUMBERLAND,10/10/23,CC21,3,C,CITY OF FAYETTEVILLE CITY COUNCIL DISTRICT 02,Malik Davis, ,1,5,2,0,0,7,Y
CUMBERLAND,10/10/23,CC21,3,C,CITY OF FAYETTEVILLE CITY COUNCIL DISTRICT 02,Shakeyla Ingram, ,1,3,0,0,0,3,Y
CUMBERLAND,10/10/23,CC22A,1,C,CITY OF FAYETTEVILLE MAYOR,Charles Evans, ,1,29,21,0,0,50,Y
CUMBERLAND,10/10/23,CC22A,1,C,CITY OF FAYETTEVILLE MAYOR,Freddie de la Cruz, ,1,62,26,1,0,89,Y
CUMBERLAND,10/10/23,CC22A,1,C,CITY OF FAYETTEVILLE MAYOR,Mitch Colvin, ,1,121,70,0,0,191,Y
CUMBERLAND,10/10/23,CC22A,1,C,CITY OF FAYETTEVILLE MAYOR,Quancidine Hinson-Gribble, ,1,2,3,0,0,5,Y
CUMBERLAND,10/10/23,CC22A,3,C,CITY OF FAYETTEVILLE CITY COUNCIL DISTRICT 02,Anastasia J. Vann, ,1,0,0,0,0,0,Y
CUMBERLAND,10/10/23,CC22A,3,C,CITY OF FAYETTEVILLE CITY COUNCIL DISTRICT 02,Gail Morfesis, ,1,6,5,0,0,11,Y
CUMBERLAND,10/10/23,CC22A,3,C,CITY OF FAYETTEVILLE CITY COUNCIL DISTRICT 02,Janene (Dublin) Ackles, ,1,8,11,0,0,19,Y
CUMBERLAND,10/10/23,CC22A,3,C,CITY OF FAYETTEVILLE CITY COUNCIL DISTRICT 02,Larry Marshall, ,1,2,1,0,0,3,Y
CUMBERLAND,10/10/23,CC22A,3,C,CITY OF FAYETTEVILLE CITY COUNCIL DISTRICT 02,Laura Rodrigues Mussler, ,1,20,11,0,0,31,Y
CUMBERLAND,10/10/23,CC22A,3,C,CITY OF FAYETTEVILLE CITY COUNCIL DISTRICT 02,Malik Davis, ,1,35,29,0,0,64,Y
CUMBERLAND,10/10/23,CC22A,3,C,CITY OF FAYETTEVILLE CITY COUNCIL DISTRICT 02,Shakeyla Ingram, ,1,27,15,0,0,42,Y
CUMBERLAND,10/10/23,CC23-2,1,C,CITY OF FAYETTEVILLE MAYOR,Charles Evans, ,1,10,9,0,0,19,Y
CUMBERLAND,10/10/23,CC23-2,1,C,CITY OF FAYETTEVILLE MAYOR,Freddie de la Cruz, ,1,47,12,1,0,60,Y
CUMBERLAND,10/10/23,CC23-2,1,C,CITY OF FAYETTEVILLE MAYOR,Mitch Colvin, ,1,67,54,0,0,121,Y
CUMBERLAND,10/10/23,CC23-2,1,C,CITY OF FAYETTEVILLE MAYOR,Quancidine Hinson-Gribble, ,1,2,0,0,0,2,Y
CUMBERLAND,10/10/23,CC24,1,C,CITY OF FAYETTEVILLE MAYOR,Charles Evans, ,1,11,2,0,0,13,Y
CUMBERLAND,10/10/23,CC24,1,C,CITY OF FAYETTEVILLE MAYOR,Freddie de la Cruz, ,1,19,2,0,0,21,Y
CUMBERLAND,10/10/23,CC24,1,C,CITY OF FAYETTEVILLE MAYOR,Mitch Colvin, ,1,32,9,0,0,41,Y
CUMBERLAND,10/10/23,CC24,1,C,CITY OF FAYETTEVILLE MAYOR,Quancidine Hinson-Gribble, ,1,1,0,0,0,1,Y
CUMBERLAND,10/10/23,CC25,1,C,CITY OF FAYETTEVILLE MAYOR,Charles Evans, ,1,9,4,2,0,15,Y
CUMBERLAND,10/10/23,CC25,1,C,CITY OF FAYETTEVILLE MAYOR,Freddie de la Cruz, ,1,32,13,0,0,45,Y
CUMBERLAND,10/10/23,CC25,1,C,CITY OF FAYETTEVILLE MAYOR,Mitch Colvin, ,1,66,33,1,0,100,Y
CUMBERLAND,10/10/23,CC25,1,C,CITY OF FAYETTEVILLE MAYOR,Quancidine Hinson-Gribble, ,1,2,1,0,0,3,Y
CUMBERLAND,10/10/23,CC26,1,C,CITY OF FAYETTEVILLE MAYOR,Charles Evans, ,1,13,10,1,0,24,Y
CUMBERLAND,10/10/23,CC26,1,C,CITY OF FAYETTEVILLE MAYOR,Freddie de la Cruz, ,1,21,6,0,0,27,Y
CUMBERLAND,10/10/23,CC26,1,C,CITY OF FAYETTEVILLE MAYOR,Mitch Colvin, ,1,136,93,1,0,230,Y
CUMBERLAND,10/10/23,CC26,1,C,CITY OF FAYETTEVILLE MAYOR,Quancidine Hinson-Gribble, ,1,1,1,0,0,2,Y
CUMBERLAND,10/10/23,CC27,1,C,CITY OF FAYETTEVILLE MAYOR,Charles Evans, ,1,21,8,0,0,29,Y
CUMBERLAND,10/10/23,CC27,1,C,CITY OF FAYETTEVILLE MAYOR,Freddie de la Cruz, ,1,12,3,1,0,16,Y
CUMBERLAND,10/10/23,CC27,1,C,CITY OF FAYETTEVILLE MAYOR,Mitch Colvin, ,1,71,26,0,0,97,Y
CUMBERLAND,10/10/23,CC27,1,C,CITY OF FAYETTEVILLE MAYOR,Quancidine Hinson-Gribble, ,1,1,0,1,0,2,Y
CUMBERLAND,10/10/23,CC29,1,C,CITY OF FAYETTEVILLE MAYOR,Charles Evans, ,1,13,10,0,0,23,Y
CUMBERLAND,10/10/23,CC29,1,C,CITY OF FAYETTEVILLE MAYOR,Freddie de la Cruz, ,1,19,0,0,0,19,Y
CUMBERLAND,10/10/23,CC29,1,C,CITY OF FAYETTEVILLE MAYOR,Mitch Colvin, ,1,54,27,0,0,81,Y
CUMBERLAND,10/10/23,CC29,1,C,CITY OF FAYETTEVILLE MAYOR,Quancidine Hinson-Gribble, ,1,1,0,1,0,2,Y
CUMBERLAND,10/10/23,CC31,1,C,CITY OF FAYETTEVILLE MAYOR,Charles Evans, ,1,17,8,0,0,25,Y
CUMBERLAND,10/10/23,CC31,1,C,CITY OF FAYETTEVILLE MAYOR,Freddie de la Cruz, ,1,33,6,0,0,39,Y
CUMBERLAND,10/10/23,CC31,1,C,CITY OF FAYETTEVILLE MAYOR,Mitch Colvin, ,1,36,8,0,0,44,Y
CUMBERLAND,10/10/23,CC31,1,C,CITY OF FAYETTEVILLE MAYOR,Quancidine Hinson-Gribble, ,1,3,0,0,0,3,Y
CUMBERLAND,10/10/23,CC31,6,C,CITY OF FAYETTEVILLE CITY COUNCIL DISTRICT 05,Fred G. LaChance III, ,1,3,1,0,0,4,Y
CUMBERLAND,10/10/23,CC31,6,C,CITY OF FAYETTEVILLE CITY COUNCIL DISTRICT 05,Johnny Dawkins, ,1,38,5,0,0,43,Y
CUMBERLAND,10/10/23,CC31,6,C,CITY OF FAYETTEVILLE CITY COUNCIL DISTRICT 05,Justin Herbe, ,1,5,9,0,0,14,Y
CUMBERLAND,10/10/23,CC31,6,C,CITY OF FAYETTEVILLE CITY COUNCIL DISTRICT 05,Lynne Bissette Greene, ,1,41,6,0,0,47,Y
CUMBERLAND,10/10/23,CC32,1,C,CITY OF FAYETTEVILLE MAYOR,Charles Evans, ,1,19,6,0,0,25,Y
CUMBERLAND,10/10/23,CC32,1,C,CITY OF FAYETTEVILLE MAYOR,Freddie de la Cruz, ,1,2,4,0,0,6,Y
CUMBERLAND,10/10/23,CC32,1,C,CITY OF FAYETTEVILLE MAYOR,Mitch Colvin, ,1,36,32,0,0,68,Y
CUMBERLAND,10/10/23,CC32,1,C,CITY OF FAYETTEVILLE MAYOR,Quancidine Hinson-Gribble, ,1,0,0,0,0,0,Y
CUMBERLAND,10/10/23,CC33,1,C,CITY OF FAYETTEVILLE MAYOR,Charles Evans, ,1,16,14,0,0,30,Y
CUMBERLAND,10/10/23,CC33,1,C,CITY OF FAYETTEVILLE MAYOR,Freddie de la Cruz, ,1,29,4,0,0,33,Y
CUMBERLAND,10/10/23,CC33,1,C,CITY OF FAYETTEVILLE MAYOR,Mitch Colvin, ,1,87,48,0,0,135,Y
CUMBERLAND,10/10/23,CC33,1,C,CITY OF FAYETTEVILLE MAYOR,Quancidine Hinson-Gribble, ,1,1,1,0,0,2,Y
CUMBERLAND,10/10/23,CC34,1,C,CITY OF FAYETTEVILLE MAYOR,Charles Evans, ,1,34,10,0,0,44,Y
CUMBERLAND,10/10/23,CC34,1,C,CITY OF FAYETTEVILLE MAYOR,Freddie de la Cruz, ,1,86,12,0,0,98,Y
CUMBERLAND,10/10/23,CC34,1,C,CITY OF FAYETTEVILLE MAYOR,Mitch Colvin, ,1,57,39,0,0,96,Y
CUMBERLAND,10/10/23,CC34,1,C,CITY OF FAYETTEVILLE MAYOR,Quancidine Hinson-Gribble, ,1,2,0,0,0,2,Y
CUMBERLAND,10/10/23,CC34,6,C,CITY OF FAYETTEVILLE CITY COUNCIL DISTRICT 05,Fred G. LaChance III, ,1,5,1,0,0,6,Y
CUMBERLAND,10/10/23,CC34,6,C,CITY OF FAYETTEVILLE CITY COUNCIL DISTRICT 05,Johnny Dawkins, ,1,29,2,0,0,31,Y
CUMBERLAND,10/10/23,CC34,6,C,CITY OF FAYETTEVILLE CITY COUNCIL DISTRICT 05,Justin Herbe, ,1,0,1,0,0,1,Y
CUMBERLAND,10/10/23,CC34,6,C,CITY OF FAYETTEVILLE CITY COUNCIL DISTRICT 05,Lynne Bissette Greene, ,1,31,9,0,0,40,Y
CUMBERLAND,10/10/23,CC519,1,C,CITY OF FAYETTEVILLE MAYOR,Charles Evans, ,1,30,46,0,0,76,Y
CUMBERLAND,10/10/23,CC519,1,C,CITY OF FAYETTEVILLE MAYOR,Freddie de la Cruz, ,1,8,5,0,0,13,Y
CUMBERLAND,10/10/23,CC519,1,C,CITY OF FAYETTEVILLE MAYOR,Mitch Colvin, ,1,95,103,0,0,198,Y
CUMBERLAND,10/10/23,CC519,1,C,CITY OF FAYETTEVILLE MAYOR,Quancidine Hinson-Gribble, ,1,3,1,0,0,4,Y
CUMBERLAND,10/10/23,CC519,3,C,CITY OF FAYETTEVILLE CITY COUNCIL DISTRICT 02,Anastasia J. Vann, ,1,0,0,0,0,0,Y
CUMBERLAND,10/10/23,CC519,3,C,CITY OF FAYETTEVILLE CITY COUNCIL DISTRICT 02,Gail Morfesis, ,1,4,1,0,0,5,Y
CUMBERLAND,10/10/23,CC519,3,C,CITY OF FAYETTEVILLE CITY COUNCIL DISTRICT 02,Janene (Dublin) Ackles, ,1,15,26,0,0,41,Y
CUMBERLAND,10/10/23,CC519,3,C,CITY OF FAYETTEVILLE CITY COUNCIL DISTRICT 02,Larry Marshall, ,1,4,6,0,0,10,Y
CUMBERLAND,10/10/23,CC519,3,C,CITY OF FAYETTEVILLE CITY COUNCIL DISTRICT 02,Laura Rodrigues Mussler, ,1,12,19,0,0,31,Y
CUMBERLAND,10/10/23,CC519,3,C,CITY OF FAYETTEVILLE CITY COUNCIL DISTRICT 02,Malik Davis, ,1,76,58,0,0,134,Y
CUMBERLAND,10/10/23,CC519,3,C,CITY OF FAYETTEVILLE CITY COUNCIL DISTRICT 02,Shakeyla Ingram, ,1,21,41,0,0,62,Y
CUMBERLAND,10/10/23,CL57-1,1,C,CITY OF FAYETTEVILLE MAYOR,Charles Evans, ,1,24,7,0,0,31,Y
CUMBERLAND,10/10/23,CL57-1,1,C,CITY OF FAYETTEVILLE MAYOR,Freddie de la Cruz, ,1,28,8,0,0,36,Y
CUMBERLAND,10/10/23,CL57-1,1,C,CITY OF FAYETTEVILLE MAYOR,Mitch Colvin, ,1,104,46,0,0,150,Y
CUMBERLAND,10/10/23,CL57-1,1,C,CITY OF FAYETTEVILLE MAYOR,Quancidine Hinson-Gribble, ,1,1,0,0,0,1,Y
CUMBERLAND,10/10/23,CL57-2,1,C,CITY OF FAYETTEVILLE MAYOR,Charles Evans, ,1,40,18,0,0,58,Y
CUMBERLAND,10/10/23,CL57-2,1,C,CITY OF FAYETTEVILLE MAYOR,Freddie de la Cruz, ,1,18,1,0,0,19,Y
CUMBERLAND,10/10/23,CL57-2,1,C,CITY OF FAYETTEVILLE MAYOR,Mitch Colvin, ,1,166,77,3,0,246,Y
CUMBERLAND,10/10/23,CL57-2,1,C,CITY OF FAYETTEVILLE MAYOR,Quancidine Hinson-Gribble, ,1,3,0,0,0,3,Y
CUMBERLAND,10/10/23,CU02,1,C,CITY OF FAYETTEVILLE MAYOR,Charles Evans, ,1,27,3,0,0,30,Y
CUMBERLAND,10/10/23,CU02,1,C,CITY OF FAYETTEVILLE MAYOR,Freddie de la Cruz, ,1,21,12,3,0,36,Y
CUMBERLAND,10/10/23,CU02,1,C,CITY OF FAYETTEVILLE MAYOR,Mitch Colvin, ,1,50,17,0,0,67,Y
CUMBERLAND,10/10/23,CU02,1,C,CITY OF FAYETTEVILLE MAYOR,Quancidine Hinson-Gribble, ,1,1,2,0,0,3,Y
CUMBERLAND,10/10/23,CU02,6,C,CITY OF FAYETTEVILLE CITY COUNCIL DISTRICT 05,Fred G. LaChance III, ,1,4,4,2,0,10,Y
CUMBERLAND,10/10/23,CU02,6,C,CITY OF FAYETTEVILLE CITY COUNCIL DISTRICT 05,Johnny Dawkins, ,1,46,14,0,0,60,Y
CUMBERLAND,10/10/23,CU02,6,C,CITY OF FAYETTEVILLE CITY COUNCIL DISTRICT 05,Justin Herbe, ,1,3,9,1,0,13,Y
CUMBERLAND,10/10/23,CU02,6,C,CITY OF FAYETTEVILLE CITY COUNCIL DISTRICT 05,Lynne Bissette Greene, ,1,40,7,0,0,47,Y
CUMBERLAND,10/10/23,EO01,1,C,CITY OF FAYETTEVILLE MAYOR,Charles Evans, ,1,1,2,0,0,3,Y
CUMBERLAND,10/10/23,EO01,1,C,CITY OF FAYETTEVILLE MAYOR,Freddie de la Cruz, ,1,0,1,0,0,1,Y
CUMBERLAND,10/10/23,EO01,1,C,CITY OF FAYETTEVILLE MAYOR,Mitch Colvin, ,1,2,12,0,0,14,Y
CUMBERLAND,10/10/23,EO01,1,C,CITY OF FAYETTEVILLE MAYOR,Quancidine Hinson-Gribble, ,1,0,0,0,0,0,Y
CUMBERLAND,10/10/23,EO01,3,C,CITY OF FAYETTEVILLE CITY COUNCIL DISTRICT 02,Anastasia J. Vann, ,1,0,0,0,0,0,Y
CUMBERLAND,10/10/23,EO01,3,C,CITY OF FAYETTEVILLE CITY COUNCIL DISTRICT 02,Gail Morfesis, ,1,0,0,0,0,0,Y
CUMBERLAND,10/10/23,EO01,3,C,CITY OF FAYETTEVILLE CITY COUNCIL DISTRICT 02,Janene (Dublin) Ackles, ,1,0,5,0,0,5,Y
CUMBERLAND,10/10/23,EO01,3,C,CITY OF FAYETTEVILLE CITY COUNCIL DISTRICT 02,Larry Marshall, ,1,0,0,0,0,0,Y
CUMBERLAND,10/10/23,EO01,3,C,CITY OF FAYETTEVILLE CITY COUNCIL DISTRICT 02,Laura Rodrigues Mussler, ,1,0,1,0,0,1,Y
CUMBERLAND,10/10/23,EO01,3,C,CITY OF FAYETTEVILLE CITY COUNCIL DISTRICT 02,Malik Davis, ,1,3,7,0,0,10,Y
CUMBERLAND,10/10/23,EO01,3,C,CITY OF FAYETTEVILLE CITY COUNCIL DISTRICT 02,Shakeyla Ingram, ,1,0,2,0,0,2,Y
CUMBERLAND,10/10/23,G10A,1,C,CITY OF FAYETTEVILLE MAYOR,Charles Evans, ,1,6,4,0,0,10,Y
CUMBERLAND,10/10/23,G10A,1,C,CITY OF FAYETTEVILLE MAYOR,Freddie de la Cruz, ,1,21,2,0,0,23,Y
CUMBERLAND,10/10/23,G10A,1,C,CITY OF FAYETTEVILLE MAYOR,Mitch Colvin, ,1,46,41,0,0,87,Y
CUMBERLAND,10/10/23,G10A,1,C,CITY OF FAYETTEVILLE MAYOR,Quancidine Hinson-Gribble, ,1,0,1,0,0,1,Y
CUMBERLAND,10/10/23,G10C,1,C,CITY OF FAYETTEVILLE MAYOR,Charles Evans, ,1,7,0,0,0,7,Y
CUMBERLAND,10/10/23,G10C,1,C,CITY OF FAYETTEVILLE MAYOR,Freddie de la Cruz, ,1,10,0,0,0,10,Y
CUMBERLAND,10/10/23,G10C,1,C,CITY OF FAYETTEVILLE MAYOR,Mitch Colvin, ,1,19,7,0,0,26,Y
CUMBERLAND,10/10/23,G10C,1,C,CITY OF FAYETTEVILLE MAYOR,Quancidine Hinson-Gribble, ,1,0,0,0,0,0,Y
CUMBERLAND,10/10/23,G11B,1,C,CITY OF FAYETTEVILLE MAYOR,Charles Evans, ,1,0,0,0,0,0,Y
CUMBERLAND,10/10/23,G11B,1,C,CITY OF FAYETTEVILLE MAYOR,Freddie de la Cruz, ,1,2,2,0,0,4,Y
CUMBERLAND,10/10/23,G11B,1,C,CITY OF FAYETTEVILLE MAYOR,Mitch Colvin, ,1,2,4,0,0,6,Y
CUMBERLAND,10/10/23,G11B,1,C,CITY OF FAYETTEVILLE MAYOR,Quancidine Hinson-Gribble, ,1,1,0,0,0,1,Y
CUMBERLAND,10/10/23,G1A,1,C,CITY OF FAYETTEVILLE MAYOR,Charles Evans, ,1,18,15,0,0,33,Y
CUMBERLAND,10/10/23,G1A,1,C,CITY OF FAYETTEVILLE MAYOR,Freddie de la Cruz, ,1,17,0,0,0,17,Y
CUMBERLAND,10/10/23,G1A,1,C,CITY OF FAYETTEVILLE MAYOR,Mitch Colvin, ,1,68,45,0,0,113,Y
CUMBERLAND,10/10/23,G1A,1,C,CITY OF FAYETTEVILLE MAYOR,Quancidine Hinson-Gribble, ,1,1,1,0,0,2,Y
CUMBERLAND,10/10/23,G1A,3,C,CITY OF FAYETTEVILLE CITY COUNCIL DISTRICT 02,Anastasia J. Vann, ,1,1,1,0,0,2,Y
CUMBERLAND,10/10/23,G1A,3,C,CITY OF FAYETTEVILLE CITY COUNCIL DISTRICT 02,Gail Morfesis, ,1,3,0,0,0,3,Y
CUMBERLAND,10/10/23,G1A,3,C,CITY OF FAYETTEVILLE CITY COUNCIL DISTRICT 02,Janene (Dublin) Ackles, ,1,27,13,0,0,40,Y
CUMBERLAND,10/10/23,G1A,3,C,CITY OF FAYETTEVILLE CITY COUNCIL DISTRICT 02,Larry Marshall, ,1,2,0,0,0,2,Y
CUMBERLAND,10/10/23,G1A,3,C,CITY OF FAYETTEVILLE CITY COUNCIL DISTRICT 02,Laura Rodrigues Mussler, ,1,6,3,0,0,9,Y
CUMBERLAND,10/10/23,G1A,3,C,CITY OF FAYETTEVILLE CITY COUNCIL DISTRICT 02,Malik Davis, ,1,59,30,0,0,89,Y
CUMBERLAND,10/10/23,G1A,3,C,CITY OF FAYETTEVILLE CITY COUNCIL DISTRICT 02,Shakeyla Ingram, ,1,5,14,0,0,19,Y
CUMBERLAND,10/10/23,G1B,1,C,CITY OF FAYETTEVILLE MAYOR,Charles Evans, ,1,0,0,0,0,0,Y
CUMBERLAND,10/10/23,G1B,1,C,CITY OF FAYETTEVILLE MAYOR,Freddie de la Cruz, ,1,0,0,0,0,0,Y
CUMBERLAND,10/10/23,G1B,1,C,CITY OF FAYETTEVILLE MAYOR,Mitch Colvin, ,1,0,2,0,0,2,Y
CUMBERLAND,10/10/23,G1B,1,C,CITY OF FAYETTEVILLE MAYOR,Quancidine Hinson-Gribble, ,1,0,0,0,0,0,Y
CUMBERLAND,10/10/23,G1B,3,C,CITY OF FAYETTEVILLE CITY COUNCIL DISTRICT 02,Anastasia J. Vann, ,1,0,0,0,0,0,Y
CUMBERLAND,10/10/23,G1B,3,C,CITY OF FAYETTEVILLE CITY COUNCIL DISTRICT 02,Gail Morfesis, ,1,0,0,0,0,0,Y
CUMBERLAND,10/10/23,G1B,3,C,CITY OF FAYETTEVILLE CITY COUNCIL DISTRICT 02,Janene (Dublin) Ackles, ,1,0,1,0,0,1,Y
CUMBERLAND,10/10/23,G1B,3,C,CITY OF FAYETTEVILLE CITY COUNCIL DISTRICT 02,Larry Marshall, ,1,0,0,0,0,0,Y
CUMBERLAND,10/10/23,G1B,3,C,CITY OF FAYETTEVILLE CITY COUNCIL DISTRICT 02,Laura Rodrigues Mussler, ,1,0,0,0,0,0,Y
WAKE,10/10/23,ABSEN,920001,C,TOWN OF CARY MAYOR,"Harold Weinbrecht, Jr.", ,1,0,0,261,0,261,N
WAKE,10/10/23,ABSEN,920001,C,TOWN OF CARY MAYOR,Jack Smith (Write-In),,1,0,0,0,0,0,N
WAKE,10/10/23,ABSEN,920001,C,TOWN OF CARY MAYOR,Lori Bush (Write-In),,1,0,0,1,0,1,N
WAKE,10/10/23,ABSEN,920001,C,TOWN OF CARY MAYOR,Mary Collins (Write-In),,1,0,0,0,0,0,N
WAKE,10/10/23,ABSEN,920001,C,TOWN OF CARY MAYOR,Mary Insprucker (Write-In),,1,0,0,0,0,0,N
WAKE,10/10/23,ABSEN,920001,C,TOWN OF CARY MAYOR,Sarika Bansal (Write-In),,1,0,0,1,0,1,N
WAKE,10/10/23,ABSEN,920001,C,TOWN OF CARY MAYOR,Write-In (Miscellaneous),,1,0,0,3,0,3,N
WAKE,10/10/23,ABSEN,920002,C,TOWN OF CARY TOWN COUNCIL AT-LARGE,Don Frantz (Write-In),,1,0,0,0,0,0,N
WAKE,10/10/23,ABSEN,920002,C,TOWN OF CARY TOWN COUNCIL AT-LARGE,Lori Bush, ,1,0,0,214,0,214,N
WAKE,10/10/23,ABSEN,920002,C,TOWN OF CARY TOWN COUNCIL AT-LARGE,Mary Insprucker, ,1,0,0,71,0,71,N
WAKE,10/10/23,ABSEN,920002,C,TOWN OF CARY TOWN COUNCIL AT-LARGE,Matthew Gronke, ,1,0,0,8,0,8,N
WAKE,10/10/23,ABSEN,920002,C,TOWN OF CARY TOWN COUNCIL AT-LARGE,Michelle Craig (Write-In),,1,0,0,0,0,0,N
WAKE,10/10/23,ABSEN,920002,C,TOWN OF CARY TOWN COUNCIL AT-LARGE,Sarika Bansal (Write-In),,1,0,0,0,0,0,N
WAKE,10/10/23,ABSEN,920002,C,TOWN OF CARY TOWN COUNCIL AT-LARGE,Write-In (Miscellaneous),,1,0,0,1,0,1,N
WAKE,10/10/23,ABSEN,920004,C,TOWN OF CARY TOWN COUNCIL DISTRICT D,Rachel Jordan, ,1,0,0,33,0,33,N
WAKE,10/10/23,ABSEN,920004,C,TOWN OF CARY TOWN COUNCIL DISTRICT D,Ryan Eades, ,1,0,0,25,0,25,N
WAKE,10/10/23,ABSEN,920004,C,TOWN OF CARY TOWN COUNCIL DISTRICT D,Sarika Bansal, ,1,0,0,50,0,50,N
WAKE,10/10/23,ABSEN,920004,C,TOWN OF CARY TOWN COUNCIL DISTRICT D,Write-In (Miscellaneous),,1,0,0,0,0,0,N
WAKE,10/10/23,OSBOE,3,C,TOWN OF CARY TOWN COUNCIL DISTRICT B,Don Frantz, ,1,0,1,0,0,1,N
WAKE,10/10/23,OSBOE,3,C,TOWN OF CARY TOWN COUNCIL DISTRICT B,Michelle Craig, ,1,0,2,0,0,2,N
WAKE,10/10/23,OSBOE,3,C,TOWN OF CARY TOWN COUNCIL DISTRICT B,Write-In (Miscellaneous),,1,0,0,0,0,0,N
WAKE,10/10/23,OSBOE,320003,C,CITY OF DURHAM MAYOR,C. Burruss, ,1,0,0,0,0,0,N
WAKE,10/10/23,OSBOE,320003,C,CITY OF DURHAM MAYOR,DeDreana Freeman, ,1,0,0,0,0,0,N
WAKE,10/10/23,OSBOE,320003,C,CITY OF DURHAM MAYOR,Jontae Dunston, ,1,0,0,0,0,0,N
WAKE,10/10/23,OSBOE,320003,C,CITY OF DURHAM MAYOR,Leonardo (Leo) Williams, ,1,0,0,0,0,0,N
WAKE,10/10/23,OSBOE,320003,C,CITY OF DURHAM MAYOR,"Marshall Williams, Jr.", ,1,0,0,0,0,0,N
WAKE,10/10/23,OSBOE,320003,C,CITY OF DURHAM MAYOR,Mike Woodard, ,1,0,0,0,0,0,N
WAKE,10/10/23,OSBOE,320003,C,CITY OF DURHAM MAYOR,Nick Pettiford, ,1,0,0,0,0,0,N
WAKE,10/10/23,OSBOE,320003,C,CITY OF DURHAM MAYOR,Sylvester Williams, ,1,0,0,0,0,0,N
WAKE,10/10/23,OSBOE,320004,C,CITY OF DURHAM CITY COUNCIL AT-LARGE,Bonita Green, ,3,0,0,0,0,0,N
WAKE,10/10/23,OSBOE,320004,C,CITY OF DURHAM CITY COUNCIL AT-LARGE,Carl Rist, ,3,0,0,0,0,0,N
WAKE,10/10/23,OSBOE,320004,C,CITY OF DURHAM CITY COUNCIL AT-LARGE,J. J. Campbell, ,3,0,0,0,0,0,N
WAKE,10/10/23,OSBOE,320004,C,CITY OF DURHAM CITY COUNCIL AT-LARGE,Javiera Caballero, ,3,0,0,0,0,0,N
WAKE,10/10/23,OSBOE,320004,C,CITY OF DURHAM CITY COUNCIL AT-LARGE,Khalilah Karim, ,3,0,0,0,0,0,N
WAKE,10/10/23,OSBOE,320004,C,CITY OF DURHAM CITY COUNCIL AT-LARGE,Monique Holsey-Hyman, ,3,0,0,0,0,0,N
WAKE,10/10/23,OSBOE,320004,C,CITY OF DURHAM CITY COUNCIL AT-LARGE,Nate Baker, ,3,0,0,0,0,0,N
WAKE,10/10/23,OSBOE,320004,C,CITY OF DURHAM CITY COUNCIL AT-LARGE,Renee J. Vaughan, ,3,0,0,0,0,0,N
WAKE,10/10/23,OSBOE,320004,C,CITY OF DURHAM CITY COUNCIL AT-LARGE,Shanetta Burris, ,3,0,0,0,0,0,N
WAKE,10/10/23,OSBOE,320004,C,CITY OF DURHAM CITY COUNCIL AT-LARGE,Shelia Ann Huggins, ,3,0,0,0,0,0,N
WAKE,10/10/23,OSBOE,320004,C,CITY OF DURHAM CITY COUNCIL AT-LARGE,Sherri Zann Rosenthal, ,3,0,0,0,0,0,N
WAKE,10/10/23,OSBOE,320004,C,CITY OF DURHAM CITY COUNCIL AT-LARGE,Waldo Fenner, ,3,0,0,0,0,0,N
WAKE,10/10/23,OSBOE,920001,C,TOWN OF CARY MAYOR,Dennis Midkiff (Write-In),,1,0,0,0,0,0,N
WAKE,10/10/23,OSBOE,920001,C,TOWN OF CARY MAYOR,Don Frantz (Write-In),,1,0,0,0,0,0,N
WAKE,10/10/23,OSBOE,920001,C,TOWN OF CARY MAYOR,Ed Yerha (Write-In),,1,0,0,0,0,0,N
WAKE,10/10/23,OSBOE,920001,C,TOWN OF CARY MAYOR,"Harold Weinbrecht, Jr.", ,1,0,19,0,0,19,N
WAKE,10/10/23,OSBOE,920001,C,TOWN OF CARY MAYOR,Jack Smith (Write-In),,1,0,0,0,0,0,N
WAKE,10/10/23,OSBOE,920001,C,TOWN OF CARY MAYOR,Lori Bush (Write-In),,1,0,0,0,0,0,N
WAKE,10/10/23,OSBOE,920001,C,TOWN OF CARY MAYOR,Mary Collins (Write-In),,1,0,0,0,0,0,N
WAKE,10/10/23,OSBOE,920001,C,TOWN OF CARY MAYOR,Mary Insprucker (Write-In),,1,0,0,0,0,0,N
WAKE,10/10/23,OSBOE,920001,C,TOWN OF CARY MAYOR,Sarika Bansal (Write-In),,1,0,0,0,0,0,N
WAKE,10/10/23,OSBOE,920001,C,TOWN OF CARY MAYOR,Write-In (Miscellaneous),,1,0,1,0,0,1,N
WAKE,10/10/23,OSBOE,920002,C,TOWN OF CARY TOWN COUNCIL AT-LARGE,Don Frantz (Write-In),,1,0,0,0,0,0,N
WAKE,10/10/23,OSBOE,920002,C,TOWN OF CARY TOWN COUNCIL AT-LARGE,Lori Bush, ,1,0,14,0,0,14,N
WAKE,10/10/23,OSBOE,920002,C,TOWN OF CARY TOWN COUNCIL AT-LARGE,Mary Insprucker, ,1,0,5,0,0,5,N
WAKE,10/10/23,OSBOE,920002,C,TOWN OF CARY TOWN COUNCIL AT-LARGE,Matthew Gronke, ,1,0,3,0,0,3,N
WAKE,10/10/23,OSBOE,920002,C,TOWN OF CARY TOWN COUNCIL AT-LARGE,Michelle Craig (Write-In),,1,0,0,0,0,0,N
WAKE,10/10/23,OSBOE,920002,C,TOWN OF CARY TOWN COUNCIL AT-LARGE,Sarika Bansal (Write-In),,1,0,0,0,0,0,N
WAKE,10/10/23,OSBOE,920002,C,TOWN OF CARY TOWN COUNCIL AT-LARGE,Write-In (Miscellaneous),,1,0,1,0,0,1,N
WAKE,10/10/23,OSBOE,920004,C,TOWN OF CARY TOWN COUNCIL DISTRICT D,Rachel Jordan, ,1,0,1,0,0,1,N
WAKE,10/10/23,OSBOE,920004,C,TOWN OF CARY TOWN COUNCIL DISTRICT D,Ryan Eades, ,1,0,4,0,0,4,N
WAKE,10/10/23,OSBOE,920004,C,TOWN OF CARY TOWN COUNCIL DISTRICT D,Sarika Bansal, ,1,0,5,0,0,5,N
WAKE,10/10/23,OSBOE,920004,C,TOWN OF CARY TOWN COUNCIL DISTRICT D,Write-In (Miscellaneous),,1,0,0,0,0,0,N
WAKE,10/10/23,OSCA,3,C,TOWN OF CARY TOWN COUNCIL DISTRICT B,Don Frantz, ,1,0,564,0,0,564,N
WAKE,10/10/23,OSCA,3,C,TOWN OF CARY TOWN COUNCIL DISTRICT B,Michelle Craig, ,1,0,1190,0,0,1190,N
WAKE,10/10/23,OSCA,3,C,TOWN OF CARY TOWN COUNCIL DISTRICT B,Write-In (Miscellaneous),,1,0,5,0,0,5,N
WAKE,10/10/23,OSCA,320003,C,CITY OF DURHAM MAYOR,C. Burruss, ,1,0,0,0,0,0,N
WAKE,10/10/23,OSCA,320003,C,CITY OF DURHAM MAYOR,DeDreana Freeman, ,1,0,0,0,0,0,N
WAKE,10/10/23,OSCA,320003,C,CITY OF DURHAM MAYOR,Jontae Dunston, ,1,0,0,0,0,0,N
WAKE,10/10/23,OSCA,320003,C,CITY OF DURHAM MAYOR,Leonardo (Leo) Williams, ,1,0,0,0,0,0,N
WAKE,10/10/23,OSCA,320003,C,CITY OF DURHAM MAYOR,"Marshall Williams, Jr.", ,1,0,0,0,0,0,N
WAKE,10/10/23,OSCA,320003,C,CITY OF DURHAM MAYOR,Mike Woodard, ,1,0,0,0,0,0,N
WAKE,10/10/23,OSCA,320003,C,CITY OF DURHAM MAYOR,Nick Pettiford, ,1,0,0,0,0,0,N
WAKE,10/10/23,OSCA,320003,C,CITY OF DURHAM MAYOR,Sylvester Williams, ,1,0,0,0,0,0,N
WAKE,10/10/23,OSCA,320004,C,CITY OF DURHAM CITY COUNCIL AT-LARGE,Bonita Green, ,3,0,0,0,0,0,N
WAKE,10/10/23,OSCA,320004,C,CITY OF DURHAM CITY COUNCIL AT-LARGE,Carl Rist, ,3,0,0,0,0,0,N
WAKE,10/10/23,OSCA,320004,C,CITY OF DURHAM CITY COUNCIL AT-LARGE,J. J. Campbell, ,3,0,0,0,0,0,N
WAKE,10/10/23,OSCA,320004,C,CITY OF DURHAM CITY COUNCIL AT-LARGE,Javiera Caballero, ,3,0,0,0,0,0,N
WAKE,10/10/23,OSCA,320004,C,CITY OF DURHAM CITY COUNCIL AT-LARGE,Khalilah Karim, ,3,0,0,0,0,0,N
WAKE,10/10/23,OSCA,320004,C,CITY OF DURHAM CITY COUNCIL AT-LARGE,Monique Holsey-Hyman, ,3,0,0,0,0,0,N
WAKE,10/10/23,OSCA,320004,C,CITY OF DURHAM CITY COUNCIL AT-LARGE,Nate Baker, ,3,0,0,0,0,0,N
WAKE,10/10/23,OSCA,320004,C,CITY OF DURHAM CITY COUNCIL AT-LARGE,Renee J. Vaughan, ,3,0,0,0,0,0,N
WAKE,10/10/23,OSCA,320004,C,CITY OF DURHAM CITY COUNCIL AT-LARGE,Shanetta Burris, ,3,0,0,0,0,0,N
WAKE,10/10/23,OSCA,320004,C,CITY OF DURHAM CITY COUNCIL AT-LARGE,Shelia Ann Huggins, ,3,0,0,0,0,0,N
WAKE,10/10/23,OSCA,320004,C,CITY OF DURHAM CITY COUNCIL AT-LARGE,Sherri Zann Rosenthal, ,3,0,0,0,0,0,N
WAKE,10/10/23,OSCA,320004,C,CITY OF DURHAM CITY COUNCIL AT-LARGE,Waldo Fenner, ,3,0,0,0,0,0,N
WAKE,10/10/23,OSCA,920001,C,TOWN OF CARY MAYOR,Dennis Midkiff (Write-In),,1,0,3,0,0,3,N
WAKE,10/10/23,OSCA,920001,C,TOWN OF CARY MAYOR,Don Frantz (Write-In),,1,0,11,0,0,11,N
WAKE,10/10/23,OSCA,920001,C,TOWN OF CARY MAYOR,Ed Yerha (Write-In),,1,0,1,0,0,1,N
WAKE,10/10/23,OSCA,920001,C,TOWN OF CARY MAYOR,"Harold Weinbrecht, Jr.", ,1,0,4543,0,0,4543,N
WAKE,10/10/23,OSCA,920001,C,TOWN OF CARY MAYOR,Jack Smith (Write-In),,1,0,3,0,0,3,N
WAKE,10/10/23,OSCA,920001,C,TOWN OF CARY MAYOR,Lori Bush (Write-In),,1,0,23,0,0,23,N
WAKE,10/10/23,OSCA,920001,C,TOWN OF CARY MAYOR,Mary Collins (Write-In),,1,0,5,0,0,5,N
WAKE,10/10/23,OSCA,920001,C,TOWN OF CARY MAYOR,Mary Insprucker (Write-In),,1,0,2,0,0,2,N
WAKE,10/10/23,OSCA,920001,C,TOWN OF CARY MAYOR,Sarika Bansal (Write-In),,1,0,7,0,0,7,N
WAKE,10/10/23,OSCA,920001,C,TOWN OF CARY MAYOR,Write-In (Miscellaneous),,1,0,169,0,0,169,N
WAKE,10/10/23,OSCA,920002,C,TOWN OF CARY TOWN COUNCIL AT-LARGE,Don Frantz (Write-In),,1,0,1,0,0,1,N
WAKE,10/10/23,OSCA,920002,C,TOWN OF CARY TOWN COUNCIL AT-LARGE,Lori Bush, ,1,0,3727,0,0,3727,N
WAKE,10/10/23,OSCA,920002,C,TOWN OF CARY TOWN COUNCIL AT-LARGE,Mary Insprucker, ,1,0,1358,0,0,1358,N
WAKE,10/10/23,OSCA,920002,C,TOWN OF CARY TOWN COUNCIL AT-LARGE,Matthew Gronke, ,1,0,178,0,0,178,N
WAKE,10/10/23,OSCA,920002,C,TOWN OF CARY TOWN COUNCIL AT-LARGE,Michelle Craig (Write-In),,1,0,3,0,0,3,N
WAKE,10/10/23,OSCA,920002,C,TOWN OF CARY TOWN COUNCIL AT-LARGE,Sarika Bansal (Write-In),,1,0,9,0,0,9,N
WAKE,10/10/23,OSCA,920002,C,TOWN OF CARY TOWN COUNCIL AT-LARGE,Write-In (Miscellaneous),,1,0,11,0,0,11,N
WAKE,10/10/23,OSCA,920004,C,TOWN OF CARY TOWN COUNCIL DISTRICT D,Rachel Jordan, ,1,0,318,0,0,318,N
WAKE,10/10/23,OSCA,920004,C,TOWN OF CARY TOWN COUNCIL DISTRICT D,Ryan Eades, ,1,0,229,0,0,229,N
WAKE,10/10/23,OSCA,920004,C,TOWN OF CARY TOWN COUNCIL DISTRICT D,Sarika Bansal, ,1,0,1204,0,0,1204,N
WAKE,10/10/23,OSCA,920004,C,TOWN OF CARY TOWN COUNCIL DISTRICT D,Write-In (Miscellaneous),,1,0,0,0,0,0,N
WAKE,10/10/23,PROVI,3,C,TOWN OF CARY TOWN COUNCIL DISTRICT B,Don Frantz, ,1,0,0,0,2,2,N
WAKE,10/10/23,PROVI,3,C,TOWN OF CARY TOWN COUNCIL DISTRICT B,Michelle Craig, ,1,0,0,0,3,3,N
WAKE,10/10/23,PROVI,3,C,TOWN OF CARY TOWN COUNCIL DISTRICT B,Write-In (Miscellaneous),,1,0,0,0,0,0,N
WAKE,10/10/23,PROVI,320003,C,CITY OF DURHAM MAYOR,C. Burruss, ,1,0,0,0,0,0,N
WAKE,10/10/23,PROVI,320003,C,CITY OF DURHAM MAYOR,DeDreana Freeman, ,1,0,0,0,0,0,N
WAKE,10/10/23,PROVI,320003,C,CITY OF DURHAM MAYOR,Jontae Dunston, ,1,0,0,0,0,0,N
WAKE,10/10/23,PROVI,320003,C,CITY OF DURHAM MAYOR,Leonardo (Leo) Williams, ,1,0,0,0,0,0,N
WAKE,10/10/23,PROVI,320003,C,CITY OF DURHAM MAYOR,"Marshall Williams, Jr.", ,1,0,0,0,0,0,N
WAKE,10/10/23,PROVI,320003,C,CITY OF DURHAM MAYOR,Mike Woodard, ,1,0,0,0,0,0,N
WAKE,10/10/23,PROVI,320003,C,CITY OF DURHAM MAYOR,Nick Pettiford, ,1,0,0,0,0,0,N
WAKE,10/10/23,PROVI,320003,C,CITY OF DURHAM MAYOR,Sylvester Williams, ,1,0,0,0,0,0,N
WAKE,10/10/23,PROVI,320004,C,CITY OF DURHAM CITY COUNCIL AT-LARGE,Bonita Green, ,3,0,0,0,0,0,N
WAKE,10/10/23,PROVI,320004,C,CITY OF DURHAM CITY COUNCIL AT-LARGE,Carl Rist, ,3,0,0,0,0,0,N
WAKE,10/10/23,PROVI,320004,C,CITY OF DURHAM CITY COUNCIL AT-LARGE,J. J. Campbell, ,3,0,0,0,0,0,N
WAKE,10/10/23,PROVI,320004,C,CITY OF DURHAM CITY COUNCIL AT-LARGE,Javiera Caballero, ,3,0,0,0,0,0,N
WAKE,10/10/23,PROVI,320004,C,CITY OF DURHAM CITY COUNCIL AT-LARGE,Khalilah Karim, ,3,0,0,0,0,0,N
WAKE,10/10/23,PROVI,320004,C,CITY OF DURHAM CITY COUNCIL AT-LARGE,Monique Holsey-Hyman, ,3,0,0,0,0,0,N
WAKE,10/10/23,PROVI,320004,C,CITY OF DURHAM CITY COUNCIL AT-LARGE,Nate Baker, ,3,0,0,0,0,0,N
WAKE,10/10/23,PROVI,320004,C,CITY OF DURHAM CITY COUNCIL AT-LARGE,Renee J. Vaughan, ,3,0,0,0,0,0,N
WAKE,10/10/23,PROVI,320004,C,CITY OF DURHAM CITY COUNCIL AT-LARGE,Shanetta Burris, ,3,0,0,0,0,0,N
WAKE,10/10/23,PROVI,320004,C,CITY OF DURHAM CITY COUNCIL AT-LARGE,Shelia Ann Huggins, ,3,0,0,0,0,0,N
WAKE,10/10/23,PROVI,320004,C,CITY OF DURHAM CITY COUNCIL AT-LARGE,Sherri Zann Rosenthal, ,3,0,0,0,0,0,N
WAKE,10/10/23,PROVI,320004,C,CITY OF DURHAM CITY COUNCIL AT-LARGE,Waldo Fenner, ,3,0,0,0,0,0,N
WAKE,10/10/23,PROVI,920001,C,TOWN OF CARY MAYOR,Dennis Midkiff (Write-In),,1,0,0,0,0,0,N
WAKE,10/10/23,PROVI,920001,C,TOWN OF CARY MAYOR,Don Frantz (Write-In),,1,0,0,0,0,0,N
WAKE,10/10/23,PROVI,920001,C,TOWN OF CARY MAYOR,Ed Yerha (Write-In),,1,0,0,0,0,0,N
WAKE,10/10/23,PROVI,920001,C,TOWN OF CARY MAYOR,"Harold Weinbrecht, Jr.", ,1,0,0,0,22,22,N
WAKE,10/10/23,PROVI,920001,C,TOWN OF CARY MAYOR,Jack Smith (Write-In),,1,0,0,0,0,0,N
WAKE,10/10/23,PROVI,920001,C,TOWN OF CARY MAYOR,Lori Bush (Write-In),,1,0,0,0,0,0,N
WAKE,10/10/23,PROVI,920001,C,TOWN OF CARY MAYOR,Mary Collins (Write-In),,1,0,0,0,0,0,N
WAKE,10/10/23,PROVI,920001,C,TOWN OF CARY MAYOR,Mary Insprucker (Write-In),,1,0,0,0,0,0,N
WAKE,10/10/23,PROVI,920001,C,TOWN OF CARY MAYOR,Sarika Bansal (Write-In),,1,0,0,0,0,0,N
WAKE,10/10/23,PROVI,920001,C,TOWN OF CARY MAYOR,Write-In (Miscellaneous),,1,0,0,0,0,0,N
WAKE,10/10/23,PROVI,920002,C,TOWN OF CARY TOWN COUNCIL AT-LARGE,Don Frantz (Write-In),,1,0,0,0,0,0,N
WAKE,10/10/23,PROVI,920002,C,TOWN OF CARY TOWN COUNCIL AT-LARGE,Lori Bush, ,1,0,0,0,15,15,N
WAKE,10/10/23,PROVI,920002,C,TOWN OF CARY TOWN COUNCIL AT-LARGE,Mary Insprucker, ,1,0,0,0,7,7,N
WAKE,10/10/23,PROVI,920002,C,TOWN OF CARY TOWN COUNCIL AT-LARGE,Matthew Gronke, ,1,0,0,0,1,1,N
WAKE,10/10/23,PROVI,920002,C,TOWN OF CARY TOWN COUNCIL AT-LARGE,Michelle Craig (Write-In),,1,0,0,0,0,0,N
WAKE,10/10/23,PROVI,920002,C,TOWN OF CARY TOWN COUNCIL AT-LARGE,Sarika Bansal (Write-In),,1,0,0,0,0,0,N
WAKE,10/10/23,PROVI,920002,C,TOWN OF CARY TOWN COUNCIL AT-LARGE,Write-In (Miscellaneous),,1,0,0,0,1,1,N
WAKE,10/10/23,PROVI,920004,C,TOWN OF CARY TOWN COUNCIL DISTRICT D,Rachel Jordan, ,1,0,0,0,0,0,N
WAKE,10/10/23,PROVI,920004,C,TOWN OF CARY TOWN COUNCIL DISTRICT D,Ryan Eades, ,1,0,0,0,2,2,N
WAKE,10/10/23,PROVI,920004,C,TOWN OF CARY TOWN COUNCIL DISTRICT D,Sarika Bansal, ,1,0,0,0,12,12,N
WAKE,10/10/23,PROVI,920004,C,TOWN OF CARY TOWN COUNCIL DISTRICT D,Write-In (Miscellaneous),,1,0,0,0,0,0,N
WAKE,10/10/23,TRANS,3,C,TOWN OF CARY TOWN COUNCIL DISTRICT B,Don Frantz, ,1,0,0,0,0,0,N
WAKE,10/10/23,TRANS,3,C,TOWN OF CARY TOWN COUNCIL DISTRICT B,Michelle Craig, ,1,0,0,0,0,0,N
WAKE,10/10/23,TRANS,3,C,TOWN OF CARY TOWN COUNCIL DISTRICT B,Write-In (Miscellaneous),,1,0,0,0,0,0,N
WAKE,10/10/23,TRANS,320003,C,CITY OF DURHAM MAYOR,C. Burruss, ,1,0,0,0,0,0,N
WAKE,10/10/23,TRANS,320003,C,CITY OF DURHAM MAYOR,DeDreana Freeman, ,1,0,0,0,0,0,N
WAKE,10/10/23,TRANS,320003,C,CITY OF DURHAM MAYOR,Jontae Dunston, ,1,0,0,0,0,0,N
WAKE,10/10/23,TRANS,320003,C,CITY OF DURHAM MAYOR,Leonardo (Leo) Williams, ,1,1,0,0,0,1,N
WAKE,10/10/23,TRANS,320003,C,CITY OF DURHAM MAYOR,"Marshall Williams, Jr.", ,1,0,0,0,0,0,N
WAKE,10/10/23,TRANS,320003,C,CITY OF DURHAM MAYOR,Mike Woodard, ,1,0,0,0,0,0,N
WAKE,10/10/23,TRANS,320003,C,CITY OF DURHAM MAYOR,Nick Pettiford, ,1,1,0,0,0,1,N
WAKE,10/10/23,TRANS,320003,C,CITY OF DURHAM MAYOR,Sylvester Williams, ,1,0,0,0,0,0,N
WAKE,10/10/23,TRANS,320004,C,CITY OF DURHAM CITY COUNCIL AT-LARGE,Bonita Green, ,3,0,0,0,0,0,N
WAKE,10/10/23,TRANS,320004,C,CITY OF DURHAM CITY COUNCIL AT-LARGE,Carl Rist, ,3,0,0,0,0,0,N
WAKE,10/10/23,TRANS,320004,C,CITY OF DURHAM CITY COUNCIL AT-LARGE,J. J. Campbell, ,3,0,0,0,0,0,N
WAKE,10/10/23,TRANS,320004,C,CITY OF DURHAM CITY COUNCIL AT-LARGE,Javiera Caballero, ,3,0,0,0,0,0,N
WAKE,10/10/23,TRANS,320004,C,CITY OF DURHAM CITY COUNCIL AT-LARGE,Khalilah Karim, ,3,1,0,0,0,1,N
WAKE,10/10/23,TRANS,320004,C,CITY OF DURHAM CITY COUNCIL AT-LARGE,Monique Holsey-Hyman, ,3,1,0,0,0,1,N
WAKE,10/10/23,TRANS,320004,C,CITY OF DURHAM CITY COUNCIL AT-LARGE,Nate Baker, ,3,0,0,0,0,0,N
WAKE,10/10/23,TRANS,320004,C,CITY OF DURHAM CITY COUNCIL AT-LARGE,Renee J. Vaughan, ,3,1,0,0,0,1,N
WAKE,10/10/23,TRANS,320004,C,CITY OF DURHAM CITY COUNCIL AT-LARGE,Shanetta Burris, ,3,1,0,0,0,1,N
WAKE,10/10/23,TRANS,320004,C,CITY OF DURHAM CITY COUNCIL AT-LARGE,Shelia Ann Huggins, ,3,0,0,0,0,0,N
WAKE,10/10/23,TRANS,320004,C,CITY OF DURHAM CITY COUNCIL AT-LARGE,Sherri Zann Rosenthal, ,3,0,0,0,0,0,N
WAKE,10/10/23,TRANS,320004,C,CITY OF DURHAM CITY COUNCIL AT-LARGE,Waldo Fenner, ,3,0,0,0,0,0,N
WAKE,10/10/23,TRANS,920001,C,TOWN OF CARY MAYOR,Dennis Midkiff (Write-In),,1,0,0,0,0,0,N
WAKE,10/10/23,TRANS,920001,C,TOWN OF CARY MAYOR,Don Frantz (Write-In),,1,0,0,0,0,0,N
WAKE,10/10/23,TRANS,920001,C,TOWN OF CARY MAYOR,Ed Yerha (Write-In),,1,0,0,0,0,0,N
WAKE,10/10/23,TRANS,920001,C,TOWN OF CARY MAYOR,"Harold Weinbrecht, Jr.", ,1,5,0,0,0,5,N
WAKE,10/10/23,TRANS,920001,C,TOWN OF CARY MAYOR,Jack Smith (Write-In),,1,0,0,0,0,0,N
WAKE,10/10/23,TRANS,920001,C,TOWN OF CARY MAYOR,Lori Bush (Write-In),,1,0,0,0,0,0,N
WAKE,10/10/23,TRANS,920001,C,TOWN OF CARY MAYOR,Mary Collins (Write-In),,1,0,0,0,0,0,N
WAKE,10/10/23,TRANS,920001,C,TOWN OF CARY MAYOR,Mary Insprucker (Write-In),,1,0,0,0,0,0,N
WAKE,10/10/23,TRANS,920001,C,TOWN OF CARY MAYOR,Sarika Bansal (Write-In),,1,0,0,0,0,0,N
WAKE,10/10/23,TRANS,920001,C,TOWN OF CARY MAYOR,Write-In (Miscellaneous),,1,0,0,0,0,0,N
WAKE,10/10/23,TRANS,920002,C,TOWN OF CARY TOWN COUNCIL AT-LARGE,Don Frantz (Write-In),,1,0,0,0,0,0,N
WAKE,10/10/23,TRANS,920002,C,TOWN OF CARY TOWN COUNCIL AT-LARGE,Lori Bush, ,1,5,0,0,0,5,N
WAKE,10/10/23,TRANS,920002,C,TOWN OF CARY TOWN COUNCIL AT-LARGE,Mary Insprucker, ,1,0,0,0,0,0,N
WAKE,10/10/23,TRANS,920002,C,TOWN OF CARY TOWN COUNCIL AT-LARGE,Matthew Gronke, ,1,0,0,0,0,0,N
WAKE,10/10/23,TRANS,920002,C,TOWN OF CARY TOWN COUNCIL AT-LARGE,Michelle Craig (Write-In),,1,0,0,0,0,0,N
WAKE,10/10/23,TRANS,920002,C,TOWN OF CARY TOWN COUNCIL AT-LARGE,Sarika Bansal (Write-In),,1,0,0,0,0,0,N
WAKE,10/10/23,TRANS,920002,C,TOWN OF CARY TOWN COUNCIL AT-LARGE,Write-In (Miscellaneous),,1,0,0,0,0,0,N
WAKE,10/10/23,TRANS,920004,C,TOWN OF CARY TOWN COUNCIL DISTRICT D,Rachel Jordan, ,1,0,0,0,0,0,N
WAKE,10/10/23,TRANS,920004,C,TOWN OF CARY TOWN COUNCIL DISTRICT D,Ryan Eades, ,1,0,0,0,0,0,N
WAKE,10/10/23,TRANS,920004,C,TOWN OF CARY TOWN COUNCIL DISTRICT D,Sarika Bansal, ,1,0,0,0,0,0,N
WAKE,10/10/23,TRANS,920004,C,TOWN OF CARY TOWN COUNCIL DISTRICT D,Write-In (Miscellaneous),,1,0,0,0,0,0,N
WAYNE,10/10/23,3,1,C,CITY OF GOLDSBORO MAYOR,Bevan Foster, ,1,0,0,0,0,0,Y
WAYNE,10/10/23,3,1,C,CITY OF GOLDSBORO MAYOR,Charles Gaylor, ,1,0,0,0,0,0,Y
WAYNE,10/10/23,3,1,C,CITY OF GOLDSBORO MAYOR,Chuck Henry, ,1,0,0,0,0,0,Y
WAYNE,10/10/23,3,1,C,CITY OF GOLDSBORO MAYOR,Dave Craig, ,1,0,0,0,0,0,Y
WAYNE,10/10/23,3,1,C,CITY OF GOLDSBORO MAYOR,"Raymond Smith, Jr.", ,1,0,0,0,0,0,Y
WAYNE,10/10/23,3,1,C,CITY OF GOLDSBORO MAYOR,Zach Lilly, ,1,0,0,0,0,0,Y
WAYNE,10/10/23,5,1,C,CITY OF GOLDSBORO MAYOR,Bevan Foster, ,1,0,0,0,0,0,Y
WAYNE,10/10/23,5,1,C,CITY OF GOLDSBORO MAYOR,Charles Gaylor, ,1,0,3,0,0,3,Y
WAYNE,10/10/23,5,1,C,CITY OF GOLDSBORO MAYOR,Chuck Henry, ,1,0,0,0,0,0,Y
WAYNE,10/10/23,5,1,C,CITY OF GOLDSBORO MAYOR,Dave Craig, ,1,0,0,0,0,0,Y
WAYNE,10/10/23,5,1,C,CITY OF GOLDSBORO MAYOR,"Raymond Smith, Jr.", ,1,1,0,0,0,1,Y
WAYNE,10/10/23,5,1,C,CITY OF GOLDSBORO MAYOR,Zach Lilly, ,1,0,0,0,0,0,Y
WAYNE,10/10/23,6,1,C,CITY OF GOLDSBORO MAYOR,Bevan Foster, ,1,1,0,1,0,2,Y
WAYNE,10/10/23,6,1,C,CITY OF GOLDSBORO MAYOR,Charles Gaylor, ,1,7,32,0,0,39,Y
WAYNE,10/10/23,6,1,C,CITY OF GOLDSBORO MAYOR,Chuck Henry, ,1,0,0,0,0,0,Y
WAYNE,10/10/23,6,1,C,CITY OF GOLDSBORO MAYOR,Dave Craig, ,1,1,10,1,0,12,Y
WAYNE,10/10/23,6,1,C,CITY OF GOLDSBORO MAYOR,"Raymond Smith, Jr.", ,1,14,31,0,0,45,Y
WAYNE,10/10/23,6,1,C,CITY OF GOLDSBORO MAYOR,Zach Lilly, ,1,8,10,0,0,18,Y
WAYNE,10/10/23,6,6,C,CITY OF GOLDSBORO COUNCILMAN DISTRICT 05,Beverly Weeks, ,1,0,0,0,0,0,Y
WAYNE,10/10/23,6,6,C,CITY OF GOLDSBORO COUNCILMAN DISTRICT 05,Chretien Dumond, ,1,0,0,0,0,0,Y
WAYNE,10/10/23,6,6,C,CITY OF GOLDSBORO COUNCILMAN DISTRICT 05,Phyllis Merritt-James, ,1,0,0,0,0,0,Y
WAYNE,10/10/23,7,1,C,CITY OF GOLDSBORO MAYOR,Bevan Foster, ,1,0,0,0,0,0,Y
WAYNE,10/10/23,7,1,C,CITY OF GOLDSBORO MAYOR,Charles Gaylor, ,1,2,14,0,0,16,Y
WAYNE,10/10/23,7,1,C,CITY OF GOLDSBORO MAYOR,Chuck Henry, ,1,0,0,0,0,0,Y
WAYNE,10/10/23,7,1,C,CITY OF GOLDSBORO MAYOR,Dave Craig, ,1,1,2,0,0,3,Y
WAYNE,10/10/23,7,1,C,CITY OF GOLDSBORO MAYOR,"Raymond Smith, Jr.", ,1,9,27,1,0,37,Y
WAYNE,10/10/23,7,1,C,CITY OF GOLDSBORO MAYOR,Zach Lilly, ,1,2,5,0,0,7,Y
WAYNE,10/10/23,9,1,C,CITY OF GOLDSBORO MAYOR,Bevan Foster, ,1,0,0,0,0,0,Y
WAYNE,10/10/23,9,1,C,CITY OF GOLDSBORO MAYOR,Charles Gaylor, ,1,0,1,0,0,1,Y
WAYNE,10/10/23,9,1,C,CITY OF GOLDSBORO MAYOR,Chuck Henry, ,1,0,0,0,0,0,Y
WAYNE,10/10/23,9,1,C,CITY OF GOLDSBORO MAYOR,Dave Craig, ,1,0,0,0,0,0,Y
WAYNE,10/10/23,9,1,C,CITY OF GOLDSBORO MAYOR,"Raymond Smith, Jr.", ,1,0,0,0,0,0,Y
WAYNE,10/10/23,9,1,C,CITY OF GOLDSBORO MAYOR,Zach Lilly, ,1,0,0,0,0,0,Y
WAYNE,10/10/23,10,1,C,CITY OF GOLDSBORO MAYOR,Bevan Foster, ,1,3,2,0,0,5,Y
WAYNE,10/10/23,10,1,C,CITY OF GOLDSBORO MAYOR,Charles Gaylor, ,1,28,41,0,0,69,Y
WAYNE,10/10/23,10,1,C,CITY OF GOLDSBORO MAYOR,Chuck Henry, ,1,5,2,0,0,7,Y
WAYNE,10/10/23,10,1,C,CITY OF GOLDSBORO MAYOR,Dave Craig, ,1,1,4,0,0,5,Y
WAYNE,10/10/23,10,1,C,CITY OF GOLDSBORO MAYOR,"Raymond Smith, Jr.", ,1,32,58,0,0,90,Y
WAYNE,10/10/23,10,1,C,CITY OF GOLDSBORO MAYOR,Zach Lilly, ,1,9,6,0,0,15,Y
WAYNE,10/10/23,11,1,C,CITY OF GOLDSBORO MAYOR,Bevan Foster, ,1,7,3,0,0,10,Y
WAYNE,10/10/23,11,1,C,CITY OF GOLDSBORO MAYOR,Charles Gaylor, ,1,35,130,0,0,165,Y
WAYNE,10/10/23,11,1,C,CITY OF GOLDSBORO MAYOR,Chuck Henry, ,1,8,15,0,0,23,Y
WAYNE,10/10/23,11,1,C,CITY OF GOLDSBORO MAYOR,Dave Craig, ,1,3,5,0,0,8,Y
WAYNE,10/10/23,11,1,C,CITY OF GOLDSBORO MAYOR,"Raymond Smith, Jr.", ,1,36,73,0,1,110,Y
WAYNE,10/10/23,11,1,C,CITY OF GOLDSBORO MAYOR,Zach Lilly, ,1,2,5,0,0,7,Y
WAYNE,10/10/23,11,6,C,CITY OF GOLDSBORO COUNCILMAN DISTRICT 05,Beverly Weeks, ,1,13,54,0,0,67,Y
WAYNE,10/10/23,11,6,C,CITY OF GOLDSBORO COUNCILMAN DISTRICT 05,Chretien Dumond, ,1,9,42,0,0,51,Y
WAYNE,10/10/23,11,6,C,CITY OF GOLDSBORO COUNCILMAN DISTRICT 05,Phyllis Merritt-James, ,1,27,52,0,1,80,Y
WAYNE,10/10/23,12,1,C,CITY OF GOLDSBORO MAYOR,Bevan Foster, ,1,14,6,0,0,20,Y
WAYNE,10/10/23,12,1,C,CITY OF GOLDSBORO MAYOR,Charles Gaylor, ,1,59,163,1,0,223,Y
WAYNE,10/10/23,12,1,C,CITY OF GOLDSBORO MAYOR,Chuck Henry, ,1,10,5,0,0,15,Y
WAYNE,10/10/23,12,1,C,CITY OF GOLDSBORO MAYOR,Dave Craig, ,1,1,12,0,0,13,Y
WAYNE,10/10/23,12,1,C,CITY OF GOLDSBORO MAYOR,"Raymond Smith, Jr.", ,1,56,104,0,1,161,Y
WAYNE,10/10/23,12,1,C,CITY OF GOLDSBORO MAYOR,Zach Lilly, ,1,11,21,0,0,32,Y
WAYNE,10/10/23,12,6,C,CITY OF GOLDSBORO COUNCILMAN DISTRICT 05,Beverly Weeks, ,1,11,30,0,0,41,Y
WAYNE,10/10/23,12,6,C,CITY OF GOLDSBORO COUNCILMAN DISTRICT 05,Chretien Dumond, ,1,2,7,0,0,9,Y
WAYNE,10/10/23,12,6,C,CITY OF GOLDSBORO COUNCILMAN DISTRICT 05,Phyllis Merritt-James, ,1,5,14,0,0,19,Y
WAYNE,10/10/23,13,1,C,CITY OF GOLDSBORO MAYOR,Bevan Foster, ,1,12,1,0,0,13,Y
WAYNE,10/10/23,13,1,C,CITY OF GOLDSBORO MAYOR,Charles Gaylor, ,1,6,17,0,1,24,Y
WAYNE,10/10/23,13,1,C,CITY OF GOLDSBORO MAYOR,Chuck Henry, ,1,0,1,0,0,1,Y
WAYNE,10/10/23,13,1,C,CITY OF GOLDSBORO MAYOR,Dave Craig, ,1,1,0,0,0,1,Y
WAYNE,10/10/23,13,1,C,CITY OF GOLDSBORO MAYOR,"Raymond Smith, Jr.", ,1,37,38,0,0,75,Y
WAYNE,10/10/23,13,1,C,CITY OF GOLDSBORO MAYOR,Zach Lilly, ,1,1,0,0,0,1,Y
WAYNE,10/10/23,14,1,C,CITY OF GOLDSBORO MAYOR,Bevan Foster, ,1,0,0,0,0,0,Y
WAYNE,10/10/23,14,1,C,CITY OF GOLDSBORO MAYOR,Charles Gaylor, ,1,0,0,0,0,0,Y
WAYNE,10/10/23,14,1,C,CITY OF GOLDSBORO MAYOR,Chuck Henry, ,1,0,0,0,0,0,Y
WAYNE,10/10/23,14,1,C,CITY OF GOLDSBORO MAYOR,Dave Craig, ,1,0,0,0,0,0,Y
WAYNE,10/10/23,14,1,C,CITY OF GOLDSBORO MAYOR,"Raymond Smith, Jr.", ,1,0,0,0,0,0,Y
WAYNE,10/10/23,14,1,C,CITY OF GOLDSBORO MAYOR,Zach Lilly, ,1,0,0,0,0,0,Y
WAYNE,10/10/23,16,1,C,CITY OF GOLDSBORO MAYOR,Bevan Foster, ,1,0,0,0,0,0,Y
WAYNE,10/10/23,16,1,C,CITY OF GOLDSBORO MAYOR,Charles Gaylor, ,1,0,0,0,0,0,Y
WAYNE,10/10/23,16,1,C,CITY OF GOLDSBORO MAYOR,Chuck Henry, ,1,0,0,0,0,0,Y
WAYNE,10/10/23,16,1,C,CITY OF GOLDSBORO MAYOR,Dave Craig, ,1,0,0,0,0,0,Y
WAYNE,10/10/23,16,1,C,CITY OF GOLDSBORO MAYOR,"Raymond Smith, Jr.", ,1,0,0,0,0,0,Y
WAYNE,10/10/23,16,1,C,CITY OF GOLDSBORO MAYOR,Zach Lilly, ,1,0,0,0,0,0,Y
WAYNE,10/10/23,17,1,C,CITY OF GOLDSBORO MAYOR,Bevan Foster, ,1,5,3,0,0,8,Y
WAYNE,10/10/23,17,1,C,CITY OF GOLDSBORO MAYOR,Charles Gaylor, ,1,3,25,0,0,28,Y
WAYNE,10/10/23,17,1,C,CITY OF GOLDSBORO MAYOR,Chuck Henry, ,1,1,0,0,0,1,Y
WAYNE,10/10/23,17,1,C,CITY OF GOLDSBORO MAYOR,Dave Craig, ,1,0,2,0,0,2,Y
WAYNE,10/10/23,17,1,C,CITY OF GOLDSBORO MAYOR,"Raymond Smith, Jr.", ,1,23,44,0,0,67,Y
WAYNE,10/10/23,17,1,C,CITY OF GOLDSBORO MAYOR,Zach Lilly, ,1,1,0,0,0,1,Y
WAYNE,10/10/23,18,1,C,CITY OF GOLDSBORO MAYOR,Bevan Foster, ,1,6,8,0,0,14,Y
WAYNE,10/10/23,18,1,C,CITY OF GOLDSBORO MAYOR,Charles Gaylor, ,1,14,34,0,0,48,Y
WAYNE,10/10/23,18,1,C,CITY OF GOLDSBORO MAYOR,Chuck Henry, ,1,0,1,0,0,1,Y
WAYNE,10/10/23,18,1,C,CITY OF GOLDSBORO MAYOR,Dave Craig, ,1,0,3,0,0,3,Y
WAYNE,10/10/23,18,1,C,CITY OF GOLDSBORO MAYOR,"Raymond Smith, Jr.", ,1,20,49,2,0,71,Y
WAYNE,10/10/23,18,1,C,CITY OF GOLDSBORO MAYOR,Zach Lilly, ,1,1,1,0,0,2,Y
WAYNE,10/10/23,18,6,C,CITY OF GOLDSBORO COUNCILMAN DISTRICT 05,Beverly Weeks, ,1,3,1,0,0,4,Y
WAYNE,10/10/23,18,6,C,CITY OF GOLDSBORO COUNCILMAN DISTRICT 05,Chretien Dumond, ,1,1,0,0,0,1,Y
WAYNE,10/10/23,18,6,C,CITY OF GOLDSBORO COUNCILMAN DISTRICT 05,Phyllis Merritt-James, ,1,4,3,0,0,7,Y
WAYNE,10/10/23,1920,1,C,CITY OF GOLDSBORO MAYOR,Bevan Foster, ,1,24,15,0,0,39,Y
WAYNE,10/10/23,1920,1,C,CITY OF GOLDSBORO MAYOR,Charles Gaylor, ,1,19,69,1,1,90,Y
WAYNE,10/10/23,1920,1,C,CITY OF GOLDSBORO MAYOR,Chuck Henry, ,1,3,4,0,0,7,Y
WAYNE,10/10/23,1920,1,C,CITY OF GOLDSBORO MAYOR,Dave Craig, ,1,1,4,0,0,5,Y
WAYNE,10/10/23,1920,1,C,CITY OF GOLDSBORO MAYOR,"Raymond Smith, Jr.", ,1,75,153,0,0,228,Y
WAYNE,10/10/23,1920,1,C,CITY OF GOLDSBORO MAYOR,Zach Lilly, ,1,7,1,0,0,8,Y
WAYNE,10/10/23,21,1,C,CITY OF GOLDSBORO MAYOR,Bevan Foster, ,1,4,3,0,0,7,Y
WAYNE,10/10/23,21,1,C,CITY OF GOLDSBORO MAYOR,Charles Gaylor, ,1,69,117,1,0,187,Y
WAYNE,10/10/23,21,1,C,CITY OF GOLDSBORO MAYOR,Chuck Henry, ,1,2,3,0,0,5,Y
WAYNE,10/10/23,21,1,C,CITY OF GOLDSBORO MAYOR,Dave Craig, ,1,2,0,0,0,2,Y
WAYNE,10/10/23,21,1,C,CITY OF GOLDSBORO MAYOR,"Raymond Smith, Jr.", ,1,48,97,0,0,145,Y
WAYNE,10/10/23,21,1,C,CITY OF GOLDSBORO MAYOR,Zach Lilly, ,1,7,8,0,0,15,Y
WAYNE,10/10/23,21,6,C,CITY OF GOLDSBORO COUNCILMAN DISTRICT 05,Beverly Weeks, ,1,8,7,0,0,15,Y
WAYNE,10/10/23,21,6,C,CITY OF GOLDSBORO COUNCILMAN DISTRICT 05,Chretien Dumond, ,1,0,5,0,0,5,Y
WAYNE,10/10/23,21,6,C,CITY OF GOLDSBORO COUNCILMAN DISTRICT 05,Phyllis Merritt-James, ,1,2,11,0,0,13,Y
WAYNE,10/10/23,22,1,C,CITY OF GOLDSBORO MAYOR,Bevan Foster, ,1,3,1,1,0,5,Y
WAYNE,10/10/23,22,1,C,CITY OF GOLDSBORO MAYOR,Charles Gaylor, ,1,54,158,0,0,212,Y
WAYNE,10/10/23,22,1,C,CITY OF GOLDSBORO MAYOR,Chuck Henry, ,1,0,1,0,0,1,Y
WAYNE,10/10/23,22,1,C,CITY OF GOLDSBORO MAYOR,Dave Craig, ,1,1,2,0,0,3,Y
WAYNE,10/10/23,22,1,C,CITY OF GOLDSBORO MAYOR,"Raymond Smith, Jr.", ,1,20,34,0,0,54,Y
WAYNE,10/10/23,22,1,C,CITY OF GOLDSBORO MAYOR,Zach Lilly, ,1,5,8,0,0,13,Y
WAYNE,10/10/23,22,6,C,CITY OF GOLDSBORO COUNCILMAN DISTRICT 05,Beverly Weeks, ,1,0,4,0,0,4,Y
WAYNE,10/10/23,22,6,C,CITY OF GOLDSBORO COUNCILMAN DISTRICT 05,Chretien Dumond, ,1,1,3,0,0,4,Y
WAYNE,10/10/23,22,6,C,CITY OF GOLDSBORO COUNCILMAN DISTRICT 05,Phyllis Merritt-James, ,1,0,2,0,0,2,Y
WAYNE,10/10/23,23,1,C,CITY OF GOLDSBORO MAYOR,Bevan Foster, ,1,2,1,0,0,3,Y
WAYNE,10/10/23,23,1,C,CITY OF GOLDSBORO MAYOR,Charles Gaylor, ,1,3,11,0,0,14,Y
WAYNE,10/10/23,23,1,C,CITY OF GOLDSBORO MAYOR,Chuck Henry, ,1,0,0,0,0,0,Y
WAYNE,10/10/23,23,1,C,CITY OF GOLDSBORO MAYOR,Dave Craig, ,1,0,1,0,0,1,Y
WAYNE,10/10/23,23,1,C,CITY OF GOLDSBORO MAYOR,"Raymond Smith, Jr.", ,1,3,16,0,0,19,Y
WAYNE,10/10/23,23,1,C,CITY OF GOLDSBORO MAYOR,Zach Lilly, ,1,2,1,0,0,3,Y
WAYNE,10/10/23,27,1,C,CITY OF GOLDSBORO MAYOR,Bevan Foster, ,1,0,0,0,0,0,Y
WAYNE,10/10/23,27,1,C,CITY OF GOLDSBORO MAYOR,Charles Gaylor, ,1,0,0,0,0,0,Y
WAYNE,10/10/23,27,1,C,CITY OF GOLDSBORO MAYOR,Chuck Henry, ,1,0,0,0,0,0,Y
WAYNE,10/10/23,27,1,C,CITY OF GOLDSBORO MAYOR,Dave Craig, ,1,0,0,0,0,0,Y
WAYNE,10/10/23,27,1,C,CITY OF GOLDSBORO MAYOR,"Raymond Smith, Jr.", ,1,0,0,0,0,0,Y
WAYNE,10/10/23,27,1,C,CITY OF GOLDSBORO MAYOR,Zach Lilly, ,1,0,0,0,0,0,Y
WAYNE,10/10/23,28,1,C,CITY OF GOLDSBORO MAYOR,Bevan Foster, ,1,0,0,0,0,0,Y
WAYNE,10/10/23,28,1,C,CITY OF GOLDSBORO MAYOR,Charles Gaylor, ,1,0,0,0,0,0,Y
WAYNE,10/10/23,28,1,C,CITY OF GOLDSBORO MAYOR,Chuck Henry, ,1,0,0,0,0,0,Y
WAYNE,10/10/23,28,1,C,CITY OF GOLDSBORO MAYOR,Dave Craig, ,1,0,0,0,0,0,Y
WAYNE,10/10/23,28,1,C,CITY OF GOLDSBORO MAYOR,"Raymond Smith, Jr.", ,1,0,0,0,0,0,Y
WAYNE,10/10/23,28,1,C,CITY OF GOLDSBORO MAYOR,Zach Lilly, ,1,0,0,0,0,0,Y
WAYNE,10/10/23,29,1,C,CITY OF GOLDSBORO MAYOR,Bevan Foster, ,1,3,9,0,0,12,Y
WAYNE,10/10/23,29,1,C,CITY OF GOLDSBORO MAYOR,Charles Gaylor, ,1,41,117,0,0,158,Y
WAYNE,10/10/23,29,1,C,CITY OF GOLDSBORO MAYOR,Chuck Henry, ,1,2,5,0,0,7,Y
WAYNE,10/10/23,29,1,C,CITY OF GOLDSBORO MAYOR,Dave Craig, ,1,3,3,0,0,6,Y
WAYNE,10/10/23,29,1,C,CITY OF GOLDSBORO MAYOR,"Raymond Smith, Jr.", ,1,23,77,0,0,100,Y
WAYNE,10/10/23,29,1,C,CITY OF GOLDSBORO MAYOR,Zach Lilly, ,1,4,12,0,0,16,Y
WAYNE,10/10/23,29,6,C,CITY OF GOLDSBORO COUNCILMAN DISTRICT 05,Beverly Weeks, ,1,36,83,0,0,119,Y
WAYNE,10/10/23,29,6,C,CITY OF GOLDSBORO COUNCILMAN DISTRICT 05,Chretien Dumond, ,1,11,31,0,0,42,Y
WAYNE,10/10/23,29,6,C,CITY OF GOLDSBORO COUNCILMAN DISTRICT 05,Phyllis Merritt-James, ,1,20,67,0,0,87,Y
CUMBERLAND,10/10/23,G1B,3,C,CITY OF FAYETTEVILLE CITY COUNCIL DISTRICT 02,Malik Davis, ,1,0,1,0,0,1,Y
CUMBERLAND,10/10/23,G1B,3,C,CITY OF FAYETTEVILLE CITY COUNCIL DISTRICT 02,Shakeyla Ingram, ,1,0,0,0,0,0,Y
CUMBERLAND,10/10/23,G2A,1,C,CITY OF FAYETTEVILLE MAYOR,Charles Evans, ,1,26,23,0,0,49,Y
CUMBERLAND,10/10/23,G2A,1,C,CITY OF FAYETTEVILLE MAYOR,Freddie de la Cruz, ,1,56,25,0,0,81,Y
CUMBERLAND,10/10/23,G2A,1,C,CITY OF FAYETTEVILLE MAYOR,Mitch Colvin, ,1,247,197,1,0,445,Y
CUMBERLAND,10/10/23,G2A,1,C,CITY OF FAYETTEVILLE MAYOR,Quancidine Hinson-Gribble, ,1,7,3,0,0,10,Y
CUMBERLAND,10/10/23,G2C-1,1,C,CITY OF FAYETTEVILLE MAYOR,Charles Evans, ,1,24,6,1,0,31,Y
CUMBERLAND,10/10/23,G2C-1,1,C,CITY OF FAYETTEVILLE MAYOR,Freddie de la Cruz, ,1,47,18,0,0,65,Y
CUMBERLAND,10/10/23,G2C-1,1,C,CITY OF FAYETTEVILLE MAYOR,Mitch Colvin, ,1,126,62,1,0,189,Y
CUMBERLAND,10/10/23,G2C-1,1,C,CITY OF FAYETTEVILLE MAYOR,Quancidine Hinson-Gribble, ,1,3,5,0,0,8,Y
CUMBERLAND,10/10/23,G2E-1,1,C,CITY OF FAYETTEVILLE MAYOR,Charles Evans, ,1,19,10,1,0,30,Y
CUMBERLAND,10/10/23,G2E-1,1,C,CITY OF FAYETTEVILLE MAYOR,Freddie de la Cruz, ,1,9,1,0,0,10,Y
CUMBERLAND,10/10/23,G2E-1,1,C,CITY OF FAYETTEVILLE MAYOR,Mitch Colvin, ,1,68,34,0,0,102,Y
CUMBERLAND,10/10/23,G2E-1,1,C,CITY OF FAYETTEVILLE MAYOR,Quancidine Hinson-Gribble, ,1,2,2,0,0,4,Y
CUMBERLAND,10/10/23,G2E-2,1,C,CITY OF FAYETTEVILLE MAYOR,Charles Evans, ,1,25,12,0,0,37,Y
CUMBERLAND,10/10/23,G2E-2,1,C,CITY OF FAYETTEVILLE MAYOR,Freddie de la Cruz, ,1,12,3,0,0,15,Y
CUMBERLAND,10/10/23,G2E-2,1,C,CITY OF FAYETTEVILLE MAYOR,Mitch Colvin, ,1,88,50,2,0,140,Y
CUMBERLAND,10/10/23,G2E-2,1,C,CITY OF FAYETTEVILLE MAYOR,Quancidine Hinson-Gribble, ,1,2,1,0,0,3,Y
CUMBERLAND,10/10/23,G3A-2,1,C,CITY OF FAYETTEVILLE MAYOR,Charles Evans, ,1,0,0,0,0,0,Y
CUMBERLAND,10/10/23,G3A-2,1,C,CITY OF FAYETTEVILLE MAYOR,Freddie de la Cruz, ,1,0,0,0,0,0,Y
CUMBERLAND,10/10/23,G3A-2,1,C,CITY OF FAYETTEVILLE MAYOR,Mitch Colvin, ,1,0,0,0,0,0,Y
CUMBERLAND,10/10/23,G3A-2,1,C,CITY OF FAYETTEVILLE MAYOR,Quancidine Hinson-Gribble, ,1,0,0,0,0,0,Y
CUMBERLAND,10/10/23,G3A-2,3,C,CITY OF FAYETTEVILLE CITY COUNCIL DISTRICT 02,Anastasia J. Vann, ,1,0,0,0,0,0,Y
CUMBERLAND,10/10/23,G3A-2,3,C,CITY OF FAYETTEVILLE CITY COUNCIL DISTRICT 02,Gail Morfesis, ,1,0,0,0,0,0,Y
CUMBERLAND,10/10/23,G3A-2,3,C,CITY OF FAYETTEVILLE CITY COUNCIL DISTRICT 02,Janene (Dublin) Ackles, ,1,0,0,0,0,0,Y
CUMBERLAND,10/10/23,G3A-2,3,C,CITY OF FAYETTEVILLE CITY COUNCIL DISTRICT 02,Larry Marshall, ,1,0,0,0,0,0,Y
CUMBERLAND,10/10/23,G3A-2,3,C,CITY OF FAYETTEVILLE CITY COUNCIL DISTRICT 02,Laura Rodrigues Mussler, ,1,0,0,0,0,0,Y
CUMBERLAND,10/10/23,G3A-2,3,C,CITY OF FAYETTEVILLE CITY COUNCIL DISTRICT 02,Malik Davis, ,1,0,0,0,0,0,Y
CUMBERLAND,10/10/23,G3A-2,3,C,CITY OF FAYETTEVILLE CITY COUNCIL DISTRICT 02,Shakeyla Ingram, ,1,0,0,0,0,0,Y
CUMBERLAND,10/10/23,G3B,1,C,CITY OF FAYETTEVILLE MAYOR,Charles Evans, ,1,17,4,0,1,22,Y
CUMBERLAND,10/10/23,G3B,1,C,CITY OF FAYETTEVILLE MAYOR,Freddie de la Cruz, ,1,10,1,0,0,11,Y
CUMBERLAND,10/10/23,G3B,1,C,CITY OF FAYETTEVILLE MAYOR,Mitch Colvin, ,1,27,11,0,0,38,Y
CUMBERLAND,10/10/23,G3B,1,C,CITY OF FAYETTEVILLE MAYOR,Quancidine Hinson-Gribble, ,1,0,0,0,0,0,Y
CUMBERLAND,10/10/23,G3B,3,C,CITY OF FAYETTEVILLE CITY COUNCIL DISTRICT 02,Anastasia J. Vann, ,1,0,0,0,0,0,Y
CUMBERLAND,10/10/23,G3B,3,C,CITY OF FAYETTEVILLE CITY COUNCIL DISTRICT 02,Gail Morfesis, ,1,2,1,0,0,3,Y
CUMBERLAND,10/10/23,G3B,3,C,CITY OF FAYETTEVILLE CITY COUNCIL DISTRICT 02,Janene (Dublin) Ackles, ,1,1,1,0,0,2,Y
CUMBERLAND,10/10/23,G3B,3,C,CITY OF FAYETTEVILLE CITY COUNCIL DISTRICT 02,Larry Marshall, ,1,4,0,0,0,4,Y
CUMBERLAND,10/10/23,G3B,3,C,CITY OF FAYETTEVILLE CITY COUNCIL DISTRICT 02,Laura Rodrigues Mussler, ,1,13,5,0,1,19,Y
CUMBERLAND,10/10/23,G3B,3,C,CITY OF FAYETTEVILLE CITY COUNCIL DISTRICT 02,Malik Davis, ,1,22,4,0,0,26,Y
CUMBERLAND,10/10/23,G3B,3,C,CITY OF FAYETTEVILLE CITY COUNCIL DISTRICT 02,Shakeyla Ingram, ,1,9,5,0,0,14,Y
CUMBERLAND,10/10/23,G3C,1,C,CITY OF FAYETTEVILLE MAYOR,Charles Evans, ,1,0,0,0,0,0,Y
CUMBERLAND,10/10/23,G3C,1,C,CITY OF FAYETTEVILLE MAYOR,Freddie de la Cruz, ,1,0,0,0,0,0,Y
CUMBERLAND,10/10/23,G3C,1,C,CITY OF FAYETTEVILLE MAYOR,Mitch Colvin, ,1,0,0,0,0,0,Y
CUMBERLAND,10/10/23,G3C,1,C,CITY OF FAYETTEVILLE MAYOR,Quancidine Hinson-Gribble, ,1,0,0,0,0,0,Y
CUMBERLAND,10/10/23,G3C,3,C,CITY OF FAYETTEVILLE CITY COUNCIL DISTRICT 02,Anastasia J. Vann, ,1,0,0,0,0,0,Y
CUMBERLAND,10/10/23,G3C,3,C,CITY OF FAYETTEVILLE CITY COUNCIL DISTRICT 02,Gail Morfesis, ,1,0,0,0,0,0,Y
CUMBERLAND,10/10/23,G3C,3,C,CITY OF FAYETTEVILLE CITY COUNCIL DISTRICT 02,Janene (Dublin) Ackles, ,1,0,0,0,0,0,Y
CUMBERLAND,10/10/23,G3C,3,C,CITY OF FAYETTEVILLE CITY COUNCIL DISTRICT 02,Larry Marshall, ,1,0,0,0,0,0,Y
CUMBERLAND,10/10/23,G3C,3,C,CITY OF FAYETTEVILLE CITY COUNCIL DISTRICT 02,Laura Rodrigues Mussler, ,1,0,0,0,0,0,Y
CUMBERLAND,10/10/23,G3C,3,C,CITY OF FAYETTEVILLE CITY COUNCIL DISTRICT 02,Malik Davis, ,1,0,0,0,0,0,Y
CUMBERLAND,10/10/23,G3C,3,C,CITY OF FAYETTEVILLE CITY COUNCIL DISTRICT 02,Shakeyla Ingram, ,1,0,0,0,0,0,Y
CUMBERLAND,10/10/23,G4A,1,C,CITY OF FAYETTEVILLE MAYOR,Charles Evans, ,1,12,6,0,0,18,Y
CUMBERLAND,10/10/23,G4A,1,C,CITY OF FAYETTEVILLE MAYOR,Freddie de la Cruz, ,1,23,5,0,0,28,Y
CUMBERLAND,10/10/23,G4A,1,C,CITY OF FAYETTEVILLE MAYOR,Mitch Colvin, ,1,25,20,0,1,46,Y
CUMBERLAND,10/10/23,G4A,1,C,CITY OF FAYETTEVILLE MAYOR,Quancidine Hinson-Gribble, ,1,2,0,0,0,2,Y
CUMBERLAND,10/10/23,G4A,6,C,CITY OF FAYETTEVILLE CITY COUNCIL DISTRICT 05,Fred G. LaChance III, ,1,11,1,0,0,12,Y
CUMBERLAND,10/10/23,G4A,6,C,CITY OF FAYETTEVILLE CITY COUNCIL DISTRICT 05,Johnny Dawkins, ,1,33,13,0,0,46,Y
CUMBERLAND,10/10/23,G4A,6,C,CITY OF FAYETTEVILLE CITY COUNCIL DISTRICT 05,Justin Herbe, ,1,2,4,0,0,6,Y
CUMBERLAND,10/10/23,G4A,6,C,CITY OF FAYETTEVILLE CITY COUNCIL DISTRICT 05,Lynne Bissette Greene, ,1,16,12,0,0,28,Y
CUMBERLAND,10/10/23,G4B,1,C,CITY OF FAYETTEVILLE MAYOR,Charles Evans, ,1,21,3,0,0,24,Y
CUMBERLAND,10/10/23,G4B,1,C,CITY OF FAYETTEVILLE MAYOR,Freddie de la Cruz, ,1,42,6,0,0,48,Y
CUMBERLAND,10/10/23,G4B,1,C,CITY OF FAYETTEVILLE MAYOR,Mitch Colvin, ,1,20,7,0,0,27,Y
CUMBERLAND,10/10/23,G4B,1,C,CITY OF FAYETTEVILLE MAYOR,Quancidine Hinson-Gribble, ,1,0,2,0,0,2,Y
CUMBERLAND,10/10/23,G4B,3,C,CITY OF FAYETTEVILLE CITY COUNCIL DISTRICT 02,Anastasia J. Vann, ,1,0,0,0,0,0,Y
CUMBERLAND,10/10/23,G4B,3,C,CITY OF FAYETTEVILLE CITY COUNCIL DISTRICT 02,Gail Morfesis, ,1,4,2,0,0,6,Y
CUMBERLAND,10/10/23,G4B,3,C,CITY OF FAYETTEVILLE CITY COUNCIL DISTRICT 02,Janene (Dublin) Ackles, ,1,0,1,0,0,1,Y
CUMBERLAND,10/10/23,G4B,3,C,CITY OF FAYETTEVILLE CITY COUNCIL DISTRICT 02,Larry Marshall, ,1,2,0,0,0,2,Y
CUMBERLAND,10/10/23,G4B,3,C,CITY OF FAYETTEVILLE CITY COUNCIL DISTRICT 02,Laura Rodrigues Mussler, ,1,9,1,0,0,10,Y
CUMBERLAND,10/10/23,G4B,3,C,CITY OF FAYETTEVILLE CITY COUNCIL DISTRICT 02,Malik Davis, ,1,0,0,0,0,0,Y
CUMBERLAND,10/10/23,G4B,3,C,CITY OF FAYETTEVILLE CITY COUNCIL DISTRICT 02,Shakeyla Ingram, ,1,2,0,0,0,2,Y
CUMBERLAND,10/10/23,G4B,6,C,CITY OF FAYETTEVILLE CITY COUNCIL DISTRICT 05,Fred G. LaChance III, ,1,1,1,0,0,2,Y
CUMBERLAND,10/10/23,G4B,6,C,CITY OF FAYETTEVILLE CITY COUNCIL DISTRICT 05,Johnny Dawkins, ,1,33,5,0,0,38,Y
CUMBERLAND,10/10/23,G4B,6,C,CITY OF FAYETTEVILLE CITY COUNCIL DISTRICT 05,Justin Herbe, ,1,4,2,0,0,6,Y
CUMBERLAND,10/10/23,G4B,6,C,CITY OF FAYETTEVILLE CITY COUNCIL DISTRICT 05,Lynne Bissette Greene, ,1,30,5,0,0,35,Y
CUMBERLAND,10/10/23,G5A-1,1,C,CITY OF FAYETTEVILLE MAYOR,Charles Evans, ,1,24,9,0,0,33,Y
CUMBERLAND,10/10/23,G5A-1,1,C,CITY OF FAYETTEVILLE MAYOR,Freddie de la Cruz, ,1,27,5,1,0,33,Y
CUMBERLAND,10/10/23,G5A-1,1,C,CITY OF FAYETTEVILLE MAYOR,Mitch Colvin, ,1,137,72,1,1,211,Y
CUMBERLAND,10/10/23,G5A-1,1,C,CITY OF FAYETTEVILLE MAYOR,Quancidine Hinson-Gribble, ,1,0,1,0,0,1,Y
CUMBERLAND,10/10/23,G5A-2,1,C,CITY OF FAYETTEVILLE MAYOR,Charles Evans, ,1,26,8,0,0,34,Y
CUMBERLAND,10/10/23,G5A-2,1,C,CITY OF FAYETTEVILLE MAYOR,Freddie de la Cruz, ,1,17,6,0,0,23,Y
CUMBERLAND,10/10/23,G5A-2,1,C,CITY OF FAYETTEVILLE MAYOR,Mitch Colvin, ,1,113,64,1,0,178,Y
CUMBERLAND,10/10/23,G5A-2,1,C,CITY OF FAYETTEVILLE MAYOR,Quancidine Hinson-Gribble, ,1,0,1,0,0,1,Y
CUMBERLAND,10/10/23,G5B-1,1,C,CITY OF FAYETTEVILLE MAYOR,Charles Evans, ,1,18,9,0,0,27,Y
CUMBERLAND,10/10/23,G5B-1,1,C,CITY OF FAYETTEVILLE MAYOR,Freddie de la Cruz, ,1,14,1,0,0,15,Y
CUMBERLAND,10/10/23,G5B-1,1,C,CITY OF FAYETTEVILLE MAYOR,Mitch Colvin, ,1,125,64,0,0,189,Y
CUMBERLAND,10/10/23,G5B-1,1,C,CITY OF FAYETTEVILLE MAYOR,Quancidine Hinson-Gribble, ,1,2,3,0,0,5,Y
CUMBERLAND,10/10/23,G5B-2,1,C,CITY OF FAYETTEVILLE MAYOR,Charles Evans, ,1,11,9,1,0,21,Y
CUMBERLAND,10/10/23,G5B-2,1,C,CITY OF FAYETTEVILLE MAYOR,Freddie de la Cruz, ,1,17,4,0,1,22,Y
CUMBERLAND,10/10/23,G5B-2,1,C,CITY OF FAYETTEVILLE MAYOR,Mitch Colvin, ,1,112,67,0,0,179,Y
CUMBERLAND,10/10/23,G5B-2,1,C,CITY OF FAYETTEVILLE MAYOR,Quancidine Hinson-Gribble, ,1,2,0,0,0,2,Y
CUMBERLAND,10/10/23,G5C,1,C,CITY OF FAYETTEVILLE MAYOR,Charles Evans, ,1,26,8,0,0,34,Y
CUMBERLAND,10/10/23,G5C,1,C,CITY OF FAYETTEVILLE MAYOR,Freddie de la Cruz, ,1,28,3,1,0,32,Y
CUMBERLAND,10/10/23,G5C,1,C,CITY OF FAYETTEVILLE MAYOR,Mitch Colvin, ,1,60,17,0,0,77,Y
CUMBERLAND,10/10/23,G5C,1,C,CITY OF FAYETTEVILLE MAYOR,Quancidine Hinson-Gribble, ,1,0,0,0,0,0,Y
CUMBERLAND,10/10/23,G6A,1,C,CITY OF FAYETTEVILLE MAYOR,Charles Evans, ,1,1,0,0,0,1,Y
CUMBERLAND,10/10/23,G6A,1,C,CITY OF FAYETTEVILLE MAYOR,Freddie de la Cruz, ,1,3,1,0,0,4,Y
CUMBERLAND,10/10/23,G6A,1,C,CITY OF FAYETTEVILLE MAYOR,Mitch Colvin, ,1,6,4,0,0,10,Y
CUMBERLAND,10/10/23,G6A,1,C,CITY OF FAYETTEVILLE MAYOR,Quancidine Hinson-Gribble, ,1,0,0,0,0,0,Y
CUMBERLAND,10/10/23,G6A,3,C,CITY OF FAYETTEVILLE CITY COUNCIL DISTRICT 02,Anastasia J. Vann, ,1,0,0,0,0,0,Y
CUMBERLAND,10/10/23,G6A,3,C,CITY OF FAYETTEVILLE CITY COUNCIL DISTRICT 02,Gail Morfesis, ,1,2,1,0,0,3,Y
CUMBERLAND,10/10/23,G6A,3,C,CITY OF FAYETTEVILLE CITY COUNCIL DISTRICT 02,Janene (Dublin) Ackles, ,1,1,0,0,0,1,Y
CUMBERLAND,10/10/23,G6A,3,C,CITY OF FAYETTEVILLE CITY COUNCIL DISTRICT 02,Larry Marshall, ,1,0,1,0,0,1,Y
CUMBERLAND,10/10/23,G6A,3,C,CITY OF FAYETTEVILLE CITY COUNCIL DISTRICT 02,Laura Rodrigues Mussler, ,1,1,0,0,0,1,Y
CUMBERLAND,10/10/23,G6A,3,C,CITY OF FAYETTEVILLE CITY COUNCIL DISTRICT 02,Malik Davis, ,1,5,1,0,0,6,Y
CUMBERLAND,10/10/23,G6A,3,C,CITY OF FAYETTEVILLE CITY COUNCIL DISTRICT 02,Shakeyla Ingram, ,1,1,1,0,0,2,Y
CUMBERLAND,10/10/23,G8A,1,C,CITY OF FAYETTEVILLE MAYOR,Charles Evans, ,1,22,14,0,0,36,Y
CUMBERLAND,10/10/23,G8A,1,C,CITY OF FAYETTEVILLE MAYOR,Freddie de la Cruz, ,1,19,9,0,0,28,Y
CUMBERLAND,10/10/23,G8A,1,C,CITY OF FAYETTEVILLE MAYOR,Mitch Colvin, ,1,65,31,0,0,96,Y
CUMBERLAND,10/10/23,G8A,1,C,CITY OF FAYETTEVILLE MAYOR,Quancidine Hinson-Gribble, ,1,3,2,0,0,5,Y
CUMBERLAND,10/10/23,G8A,6,C,CITY OF FAYETTEVILLE CITY COUNCIL DISTRICT 05,Fred G. LaChance III, ,1,1,0,0,0,1,Y
CUMBERLAND,10/10/23,G8A,6,C,CITY OF FAYETTEVILLE CITY COUNCIL DISTRICT 05,Johnny Dawkins, ,1,1,0,0,0,1,Y
CUMBERLAND,10/10/23,G8A,6,C,CITY OF FAYETTEVILLE CITY COUNCIL DISTRICT 05,Justin Herbe, ,1,0,0,0,0,0,Y
CUMBERLAND,10/10/23,G8A,6,C,CITY OF FAYETTEVILLE CITY COUNCIL DISTRICT 05,Lynne Bissette Greene, ,1,0,1,0,0,1,Y
CUMBERLAND,10/10/23,G8B,1,C,CITY OF FAYETTEVILLE MAYOR,Charles Evans, ,1,5,0,0,0,5,Y
CUMBERLAND,10/10/23,G8B,1,C,CITY OF FAYETTEVILLE MAYOR,Freddie de la Cruz, ,1,19,1,0,0,20,Y
CUMBERLAND,10/10/23,G8B,1,C,CITY OF FAYETTEVILLE MAYOR,Mitch Colvin, ,1,14,6,0,0,20,Y
CUMBERLAND,10/10/23,G8B,1,C,CITY OF FAYETTEVILLE MAYOR,Quancidine Hinson-Gribble, ,1,1,0,0,0,1,Y
CUMBERLAND,10/10/23,G8C,1,C,CITY OF FAYETTEVILLE MAYOR,Charles Evans, ,1,4,2,0,0,6,Y
CUMBERLAND,10/10/23,G8C,1,C,CITY OF FAYETTEVILLE MAYOR,Freddie de la Cruz, ,1,9,0,0,0,9,Y
CUMBERLAND,10/10/23,G8C,1,C,CITY OF FAYETTEVILLE MAYOR,Mitch Colvin, ,1,21,6,0,0,27,Y
CUMBERLAND,10/10/23,G8C,1,C,CITY OF FAYETTEVILLE MAYOR,Quancidine Hinson-Gribble, ,1,0,0,0,0,0,Y
CUMBERLAND,10/10/23,G8C,6,C,CITY OF FAYETTEVILLE CITY COUNCIL DISTRICT 05,Fred G. LaChance III, ,1,2,1,0,0,3,Y
CUMBERLAND,10/10/23,G8C,6,C,CITY OF FAYETTEVILLE CITY COUNCIL DISTRICT 05,Johnny Dawkins, ,1,21,4,0,0,25,Y
CUMBERLAND,10/10/23,G8C,6,C,CITY OF FAYETTEVILLE CITY COUNCIL DISTRICT 05,Justin Herbe, ,1,1,0,0,0,1,Y
CUMBERLAND,10/10/23,G8C,6,C,CITY OF FAYETTEVILLE CITY COUNCIL DISTRICT 05,Lynne Bissette Greene, ,1,10,3,0,0,13,Y
CUMBERLAND,10/10/23,LO66A,1,C,CITY OF FAYETTEVILLE MAYOR,Charles Evans, ,1,8,5,0,0,13,Y
CUMBERLAND,10/10/23,LO66A,1,C,CITY OF FAYETTEVILLE MAYOR,Freddie de la Cruz, ,1,32,1,0,0,33,Y
CUMBERLAND,10/10/23,LO66A,1,C,CITY OF FAYETTEVILLE MAYOR,Mitch Colvin, ,1,96,71,2,0,169,Y
CUMBERLAND,10/10/23,LO66A,1,C,CITY OF FAYETTEVILLE MAYOR,Quancidine Hinson-Gribble, ,1,2,0,0,0,2,Y
CUMBERLAND,10/10/23,LR63,1,C,CITY OF FAYETTEVILLE MAYOR,Charles Evans, ,1,31,8,0,0,39,Y
CUMBERLAND,10/10/23,LR63,1,C,CITY OF FAYETTEVILLE MAYOR,Freddie de la Cruz, ,1,17,5,0,0,22,Y
CUMBERLAND,10/10/23,LR63,1,C,CITY OF FAYETTEVILLE MAYOR,Mitch Colvin, ,1,178,48,1,0,227,Y
CUMBERLAND,10/10/23,LR63,1,C,CITY OF FAYETTEVILLE MAYOR,Quancidine Hinson-Gribble, ,1,8,0,0,0,8,Y
CUMBERLAND,10/10/23,MB62,1,C,CITY OF FAYETTEVILLE MAYOR,Charles Evans, ,1,16,8,0,0,24,Y
CUMBERLAND,10/10/23,MB62,1,C,CITY OF FAYETTEVILLE MAYOR,Freddie de la Cruz, ,1,5,0,0,0,5,Y
CUMBERLAND,10/10/23,MB62,1,C,CITY OF FAYETTEVILLE MAYOR,Mitch Colvin, ,1,62,31,0,0,93,Y
CUMBERLAND,10/10/23,MB62,1,C,CITY OF FAYETTEVILLE MAYOR,Quancidine Hinson-Gribble, ,1,0,0,0,0,0,Y
CUMBERLAND,10/10/23,MR02,1,C,CITY OF FAYETTEVILLE MAYOR,Charles Evans, ,1,29,9,0,0,38,Y
CUMBERLAND,10/10/23,MR02,1,C,CITY OF FAYETTEVILLE MAYOR,Freddie de la Cruz, ,1,18,16,1,0,35,Y
CUMBERLAND,10/10/23,MR02,1,C,CITY OF FAYETTEVILLE MAYOR,Mitch Colvin, ,1,85,44,1,0,130,Y
CUMBERLAND,10/10/23,MR02,1,C,CITY OF FAYETTEVILLE MAYOR,Quancidine Hinson-Gribble, ,1,2,0,0,0,2,Y
DAVIDSON,10/10/23,72,410003,C,CITY OF HIGH POINT MAYOR,Abdul Rashid (Richard) Siddiqui, ,1,0,0,0,0,0,Y
DAVIDSON,10/10/23,72,410003,C,CITY OF HIGH POINT MAYOR,Cyril Jefferson, ,1,8,0,0,0,8,Y
DAVIDSON,10/10/23,72,410003,C,CITY OF HIGH POINT MAYOR,Gene Kininmonth, ,1,1,0,0,0,1,Y
DAVIDSON,10/10/23,72,410003,C,CITY OF HIGH POINT MAYOR,Victor Jones, ,1,2,0,0,0,2,Y
DAVIDSON,10/10/23,72,410004,C,CITY OF HIGH POINT CITY COUNCIL AT-LARGE,Amanda Cook, ,2,6,0,0,0,6,Y
DAVIDSON,10/10/23,72,410004,C,CITY OF HIGH POINT CITY COUNCIL AT-LARGE,Britt W. Moore, ,2,6,0,0,0,6,Y
DAVIDSON,10/10/23,72,410004,C,CITY OF HIGH POINT CITY COUNCIL AT-LARGE,"Kenneth Jabari Harper, Jr.", ,2,0,0,0,0,0,Y
DAVIDSON,10/10/23,72,410004,C,CITY OF HIGH POINT CITY COUNCIL AT-LARGE,Orel Henry, ,2,2,0,0,0,2,Y
DAVIDSON,10/10/23,72,410004,C,CITY OF HIGH POINT CITY COUNCIL AT-LARGE,Sam Carr, ,2,8,0,0,0,8,Y
DAVIDSON,10/10/23,72,410004,C,CITY OF HIGH POINT CITY COUNCIL AT-LARGE,Shazia Iqbal, ,2,1,0,0,0,1,Y
DAVIDSON,10/10/23,72,410004,C,CITY OF HIGH POINT CITY COUNCIL AT-LARGE,Willie H. Davis, ,2,1,0,0,0,1,Y
DAVIDSON,10/10/23,86A,410003,C,CITY OF HIGH POINT MAYOR,Abdul Rashid (Richard) Siddiqui, ,1,0,1,0,0,1,Y
DAVIDSON,10/10/23,86A,410003,C,CITY OF HIGH POINT MAYOR,Cyril Jefferson, ,1,38,4,0,0,42,Y
DAVIDSON,10/10/23,86A,410003,C,CITY OF HIGH POINT MAYOR,Gene Kininmonth, ,1,7,0,0,0,7,Y
DAVIDSON,10/10/23,86A,410003,C,CITY OF HIGH POINT MAYOR,Victor Jones, ,1,34,7,0,0,41,Y
DAVIDSON,10/10/23,86A,410004,C,CITY OF HIGH POINT CITY COUNCIL AT-LARGE,Amanda Cook, ,2,35,5,0,0,40,Y
DAVIDSON,10/10/23,86A,410004,C,CITY OF HIGH POINT CITY COUNCIL AT-LARGE,Britt W. Moore, ,2,41,6,0,0,47,Y
DAVIDSON,10/10/23,86A,410004,C,CITY OF HIGH POINT CITY COUNCIL AT-LARGE,"Kenneth Jabari Harper, Jr.", ,2,13,2,0,0,15,Y
DAVIDSON,10/10/23,86A,410004,C,CITY OF HIGH POINT CITY COUNCIL AT-LARGE,Orel Henry, ,2,16,0,0,0,16,Y
DAVIDSON,10/10/23,86A,410004,C,CITY OF HIGH POINT CITY COUNCIL AT-LARGE,Sam Carr, ,2,26,4,0,0,30,Y
DAVIDSON,10/10/23,86A,410004,C,CITY OF HIGH POINT CITY COUNCIL AT-LARGE,Shazia Iqbal, ,2,8,2,0,0,10,Y
DAVIDSON,10/10/23,86A,410004,C,CITY OF HIGH POINT CITY COUNCIL AT-LARGE,Willie H. Davis, ,2,12,3,0,0,15,Y
DAVIDSON,10/10/23,88,410003,C,CITY OF HIGH POINT MAYOR,Abdul Rashid (Richard) Siddiqui, ,1,0,1,0,0,1,Y
DAVIDSON,10/10/23,88,410003,C,CITY OF HIGH POINT MAYOR,Cyril Jefferson, ,1,25,4,0,0,29,Y
DAVIDSON,10/10/23,88,410003,C,CITY OF HIGH POINT MAYOR,Gene Kininmonth, ,1,7,0,0,0,7,Y
DAVIDSON,10/10/23,88,410003,C,CITY OF HIGH POINT MAYOR,Victor Jones, ,1,47,7,0,0,54,Y
DAVIDSON,10/10/23,88,410004,C,CITY OF HIGH POINT CITY COUNCIL AT-LARGE,Amanda Cook, ,2,18,2,0,0,20,Y
DAVIDSON,10/10/23,88,410004,C,CITY OF HIGH POINT CITY COUNCIL AT-LARGE,Britt W. Moore, ,2,62,7,0,0,69,Y
DAVIDSON,10/10/23,88,410004,C,CITY OF HIGH POINT CITY COUNCIL AT-LARGE,"Kenneth Jabari Harper, Jr.", ,2,10,6,0,0,16,Y
DAVIDSON,10/10/23,88,410004,C,CITY OF HIGH POINT CITY COUNCIL AT-LARGE,Orel Henry, ,2,7,2,0,0,9,Y
DAVIDSON,10/10/23,88,410004,C,CITY OF HIGH POINT CITY COUNCIL AT-LARGE,Sam Carr, ,2,45,2,0,0,47,Y
DAVIDSON,10/10/23,88,410004,C,CITY OF HIGH POINT CITY COUNCIL AT-LARGE,Shazia Iqbal, ,2,1,2,0,0,3,Y
DAVIDSON,10/10/23,88,410004,C,CITY OF HIGH POINT CITY COUNCIL AT-LARGE,Willie H. Davis, ,2,7,2,0,0,9,Y
DAVIDSON,10/10/23,ABSENTEE BY-MAIL,410003,C,CITY OF HIGH POINT MAYOR,Abdul Rashid (Richard) Siddiqui, ,1,0,0,0,0,0,N
DAVIDSON,10/10/23,ABSENTEE BY-MAIL,410003,C,CITY OF HIGH POINT MAYOR,Cyril Jefferson, ,1,0,0,1,0,1,N
DAVIDSON,10/10/23,ABSENTEE BY-MAIL,410003,C,CITY OF HIGH POINT MAYOR,Gene Kininmonth, ,1,0,0,0,0,0,N
DAVIDSON,10/10/23,ABSENTEE BY-MAIL,410003,C,CITY OF HIGH POINT MAYOR,Victor Jones, ,1,0,0,7,0,7,N
DAVIDSON,10/10/23,ABSENTEE BY-MAIL,410004,C,CITY OF HIGH POINT CITY COUNCIL AT-LARGE,Amanda Cook, ,2,0,0,4,0,4,N
DAVIDSON,10/10/23,ABSENTEE BY-MAIL,410004,C,CITY OF HIGH POINT CITY COUNCIL AT-LARGE,Britt W. Moore, ,2,0,0,4,0,4,N
DAVIDSON,10/10/23,ABSENTEE BY-MAIL,410004,C,CITY OF HIGH POINT CITY COUNCIL AT-LARGE,"Kenneth Jabari Harper, Jr.", ,2,0,0,2,0,2,N
DAVIDSON,10/10/23,ABSENTEE BY-MAIL,410004,C,CITY OF HIGH POINT CITY COUNCIL AT-LARGE,Orel Henry, ,2,0,0,0,0,0,N
DAVIDSON,10/10/23,ABSENTEE BY-MAIL,410004,C,CITY OF HIGH POINT CITY COUNCIL AT-LARGE,Sam Carr, ,2,0,0,5,0,5,N
DAVIDSON,10/10/23,ABSENTEE BY-MAIL,410004,C,CITY OF HIGH POINT CITY COUNCIL AT-LARGE,Shazia Iqbal, ,2,0,0,0,0,0,N
DAVIDSON,10/10/23,ABSENTEE BY-MAIL,410004,C,CITY OF HIGH POINT CITY COUNCIL AT-LARGE,Willie H. Davis, ,2,0,0,0,0,0,N
DAVIDSON,10/10/23,OS BOE,410003,C,CITY OF HIGH POINT MAYOR,Abdul Rashid (Richard) Siddiqui, ,1,0,0,0,0,0,N
DAVIDSON,10/10/23,OS BOE,410003,C,CITY OF HIGH POINT MAYOR,Cyril Jefferson, ,1,0,0,0,0,0,N
DAVIDSON,10/10/23,OS BOE,410003,C,CITY OF HIGH POINT MAYOR,Gene Kininmonth, ,1,0,0,0,0,0,N
DAVIDSON,10/10/23,OS BOE,410003,C,CITY OF HIGH POINT MAYOR,Victor Jones, ,1,0,0,0,0,0,N
DAVIDSON,10/10/23,OS BOE,410004,C,CITY OF HIGH POINT CITY COUNCIL AT-LARGE,Amanda Cook, ,2,0,0,0,0,0,N
DAVIDSON,10/10/23,OS BOE,410004,C,CITY OF HIGH POINT CITY COUNCIL AT-LARGE,Britt W. Moore, ,2,0,0,0,0,0,N
DAVIDSON,10/10/23,OS BOE,410004,C,CITY OF HIGH POINT CITY COUNCIL AT-LARGE,"Kenneth Jabari Harper, Jr.", ,2,0,0,0,0,0,N
DAVIDSON,10/10/23,OS BOE,410004,C,CITY OF HIGH POINT CITY COUNCIL AT-LARGE,Orel Henry, ,2,0,0,0,0,0,N
DAVIDSON,10/10/23,OS BOE,410004,C,CITY OF HIGH POINT CITY COUNCIL AT-LARGE,Sam Carr, ,2,0,0,0,0,0,N
DAVIDSON,10/10/23,OS BOE,410004,C,CITY OF HIGH POINT CITY COUNCIL AT-LARGE,Shazia Iqbal, ,2,0,0,0,0,0,N
DAVIDSON,10/10/23,OS BOE,410004,C,CITY OF HIGH POINT CITY COUNCIL AT-LARGE,Willie H. Davis, ,2,0,0,0,0,0,N
DAVIDSON,10/10/23,PROVISIONAL,410003,C,CITY OF HIGH POINT MAYOR,Abdul Rashid (Richard) Siddiqui, ,1,0,0,0,0,0,N
DAVIDSON,10/10/23,PROVISIONAL,410003,C,CITY OF HIGH POINT MAYOR,Cyril Jefferson, ,1,0,0,0,1,1,N
DAVIDSON,10/10/23,PROVISIONAL,410003,C,CITY OF HIGH POINT MAYOR,Gene Kininmonth, ,1,0,0,0,0,0,N
DAVIDSON,10/10/23,PROVISIONAL,410003,C,CITY OF HIGH POINT MAYOR,Victor Jones, ,1,0,0,0,2,2,N
DAVIDSON,10/10/23,PROVISIONAL,410004,C,CITY OF HIGH POINT CITY COUNCIL AT-LARGE,Amanda Cook, ,2,0,0,0,0,0,N
DAVIDSON,10/10/23,PROVISIONAL,410004,C,CITY OF HIGH POINT CITY COUNCIL AT-LARGE,Britt W. Moore, ,2,0,0,0,1,1,N
DAVIDSON,10/10/23,PROVISIONAL,410004,C,CITY OF HIGH POINT CITY COUNCIL AT-LARGE,"Kenneth Jabari Harper, Jr.", ,2,0,0,0,0,0,N
DAVIDSON,10/10/23,PROVISIONAL,410004,C,CITY OF HIGH POINT CITY COUNCIL AT-LARGE,Orel Henry, ,2,0,0,0,0,0,N
DAVIDSON,10/10/23,PROVISIONAL,410004,C,CITY OF HIGH POINT CITY COUNCIL AT-LARGE,Sam Carr, ,2,0,0,0,0,0,N
DAVIDSON,10/10/23,PROVISIONAL,410004,C,CITY OF HIGH POINT CITY COUNCIL AT-LARGE,Shazia Iqbal, ,2,0,0,0,0,0,N
DAVIDSON,10/10/23,PROVISIONAL,410004,C,CITY OF HIGH POINT CITY COUNCIL AT-LARGE,Willie H. Davis, ,2,0,0,0,0,0,N
DAVIDSON,10/10/23,TRANSFER,410003,C,CITY OF HIGH POINT MAYOR,Abdul Rashid (Richard) Siddiqui, ,1,0,0,0,0,0,N
DAVIDSON,10/10/23,TRANSFER,410003,C,CITY OF HIGH POINT MAYOR,Cyril Jefferson, ,1,0,0,0,0,0,N
DAVIDSON,10/10/23,TRANSFER,410003,C,CITY OF HIGH POINT MAYOR,Gene Kininmonth, ,1,0,0,0,0,0,N
DAVIDSON,10/10/23,TRANSFER,410003,C,CITY OF HIGH POINT MAYOR,Victor Jones, ,1,0,0,0,0,0,N
DAVIDSON,10/10/23,TRANSFER,410004,C,CITY OF HIGH POINT CITY COUNCIL AT-LARGE,Amanda Cook, ,2,0,0,0,0,0,N
DAVIDSON,10/10/23,TRANSFER,410004,C,CITY OF HIGH POINT CITY COUNCIL AT-LARGE,Britt W. Moore, ,2,0,0,0,0,0,N
DAVIDSON,10/10/23,TRANSFER,410004,C,CITY OF HIGH POINT CITY COUNCIL AT-LARGE,"Kenneth Jabari Harper, Jr.", ,2,0,0,0,0,0,N
DAVIDSON,10/10/23,TRANSFER,410004,C,CITY OF HIGH POINT CITY COUNCIL AT-LARGE,Orel Henry, ,2,0,0,0,0,0,N
DAVIDSON,10/10/23,TRANSFER,410004,C,CITY OF HIGH POINT CITY COUNCIL AT-LARGE,Sam Carr, ,2,0,0,0,0,0,N
DAVIDSON,10/10/23,TRANSFER,410004,C,CITY OF HIGH POINT CITY COUNCIL AT-LARGE,Shazia Iqbal, ,2,0,0,0,0,0,N
DAVIDSON,10/10/23,TRANSFER,410004,C,CITY OF HIGH POINT CITY COUNCIL AT-LARGE,Willie H. Davis, ,2,0,0,0,0,0,N
DAVIE,10/10/23,13,2,C,TOWN OF BERMUDA RUN COUNCILMAN,Dave Gilpin, ,2,32,1,0,0,33,Y
DAVIE,10/10/23,13,2,C,TOWN OF BERMUDA RUN COUNCILMAN,Jeff Tedder, ,2,87,4,1,0,92,Y
DAVIE,10/10/23,13,2,C,TOWN OF BERMUDA RUN COUNCILMAN,Marty Wilson, ,2,65,12,0,0,77,Y
DAVIE,10/10/23,13,2,C,TOWN OF BERMUDA RUN COUNCILMAN,Rae Nelson, ,2,117,14,3,0,134,Y
DAVIE,10/10/23,13,2,C,TOWN OF BERMUDA RUN COUNCILMAN,Rod Guthrie, ,2,76,3,2,0,81,Y
DURHAM,10/10/23,1,320003,C,CITY OF DURHAM MAYOR,C. Burruss, ,1,2,0,0,0,2,Y
DURHAM,10/10/23,1,320003,C,CITY OF DURHAM MAYOR,DeDreana Freeman, ,1,17,0,0,0,17,Y
DURHAM,10/10/23,1,320003,C,CITY OF DURHAM MAYOR,Jontae Dunston, ,1,1,0,0,0,1,Y
DURHAM,10/10/23,1,320003,C,CITY OF DURHAM MAYOR,Leonardo (Leo) Williams, ,1,79,0,0,0,79,Y
DURHAM,10/10/23,1,320003,C,CITY OF DURHAM MAYOR,"Marshall Williams, Jr.", ,1,1,0,0,0,1,Y
DURHAM,10/10/23,1,320003,C,CITY OF DURHAM MAYOR,Mike Woodard, ,1,52,0,0,0,52,Y
DURHAM,10/10/23,1,320003,C,CITY OF DURHAM MAYOR,Nick Pettiford, ,1,1,0,0,0,1,Y
DURHAM,10/10/23,1,320003,C,CITY OF DURHAM MAYOR,Sylvester Williams, ,1,0,0,0,0,0,Y
DURHAM,10/10/23,1,320004,C,CITY OF DURHAM CITY COUNCIL AT-LARGE,Bonita Green, ,3,13,0,0,0,13,Y
DURHAM,10/10/23,1,320004,C,CITY OF DURHAM CITY COUNCIL AT-LARGE,Carl Rist, ,3,100,0,0,0,100,Y
DURHAM,10/10/23,1,320004,C,CITY OF DURHAM CITY COUNCIL AT-LARGE,J. J. Campbell, ,3,2,0,0,0,2,Y
DURHAM,10/10/23,1,320004,C,CITY OF DURHAM CITY COUNCIL AT-LARGE,Javiera Caballero, ,3,96,0,0,0,96,Y
DURHAM,10/10/23,1,320004,C,CITY OF DURHAM CITY COUNCIL AT-LARGE,Khalilah Karim, ,3,60,0,0,0,60,Y
DURHAM,10/10/23,1,320004,C,CITY OF DURHAM CITY COUNCIL AT-LARGE,Monique Holsey-Hyman, ,3,19,0,0,0,19,Y
DURHAM,10/10/23,1,320004,C,CITY OF DURHAM CITY COUNCIL AT-LARGE,Nate Baker, ,3,86,0,0,0,86,Y
DURHAM,10/10/23,1,320004,C,CITY OF DURHAM CITY COUNCIL AT-LARGE,Renee J. Vaughan, ,3,5,0,0,0,5,Y
DURHAM,10/10/23,1,320004,C,CITY OF DURHAM CITY COUNCIL AT-LARGE,Shanetta Burris, ,3,15,0,0,0,15,Y
DURHAM,10/10/23,1,320004,C,CITY OF DURHAM CITY COUNCIL AT-LARGE,Shelia Ann Huggins, ,3,21,0,0,0,21,Y
DURHAM,10/10/23,1,320004,C,CITY OF DURHAM CITY COUNCIL AT-LARGE,Sherri Zann Rosenthal, ,3,24,0,0,0,24,Y
DURHAM,10/10/23,1,320004,C,CITY OF DURHAM CITY COUNCIL AT-LARGE,Waldo Fenner, ,3,2,0,0,0,2,Y
DURHAM,10/10/23,2,320003,C,CITY OF DURHAM MAYOR,C. Burruss, ,1,0,0,0,0,0,Y
DURHAM,10/10/23,2,320003,C,CITY OF DURHAM MAYOR,DeDreana Freeman, ,1,20,0,0,0,20,Y
DURHAM,10/10/23,2,320003,C,CITY OF DURHAM MAYOR,Jontae Dunston, ,1,1,0,0,0,1,Y
DURHAM,10/10/23,2,320003,C,CITY OF DURHAM MAYOR,Leonardo (Leo) Williams, ,1,129,0,0,0,129,Y
DURHAM,10/10/23,2,320003,C,CITY OF DURHAM MAYOR,"Marshall Williams, Jr.", ,1,1,0,0,0,1,Y
DURHAM,10/10/23,2,320003,C,CITY OF DURHAM MAYOR,Mike Woodard, ,1,55,0,0,0,55,Y
DURHAM,10/10/23,2,320003,C,CITY OF DURHAM MAYOR,Nick Pettiford, ,1,0,0,0,0,0,Y
DURHAM,10/10/23,2,320003,C,CITY OF DURHAM MAYOR,Sylvester Williams, ,1,4,0,0,0,4,Y
DURHAM,10/10/23,2,320004,C,CITY OF DURHAM CITY COUNCIL AT-LARGE,Bonita Green, ,3,12,0,0,0,12,Y
DURHAM,10/10/23,2,320004,C,CITY OF DURHAM CITY COUNCIL AT-LARGE,Carl Rist, ,3,140,0,0,0,140,Y
DURHAM,10/10/23,2,320004,C,CITY OF DURHAM CITY COUNCIL AT-LARGE,J. J. Campbell, ,3,4,0,0,0,4,Y
DURHAM,10/10/23,2,320004,C,CITY OF DURHAM CITY COUNCIL AT-LARGE,Javiera Caballero, ,3,147,0,0,0,147,Y
DURHAM,10/10/23,2,320004,C,CITY OF DURHAM CITY COUNCIL AT-LARGE,Khalilah Karim, ,3,86,0,0,0,86,Y
DURHAM,10/10/23,2,320004,C,CITY OF DURHAM CITY COUNCIL AT-LARGE,Monique Holsey-Hyman, ,3,16,0,0,0,16,Y
DURHAM,10/10/23,2,320004,C,CITY OF DURHAM CITY COUNCIL AT-LARGE,Nate Baker, ,3,105,0,0,0,105,Y
DURHAM,10/10/23,2,320004,C,CITY OF DURHAM CITY COUNCIL AT-LARGE,Renee J. Vaughan, ,3,6,0,0,0,6,Y
DURHAM,10/10/23,2,320004,C,CITY OF DURHAM CITY COUNCIL AT-LARGE,Shanetta Burris, ,3,15,0,0,0,15,Y
DURHAM,10/10/23,2,320004,C,CITY OF DURHAM CITY COUNCIL AT-LARGE,Shelia Ann Huggins, ,3,26,0,0,0,26,Y
DURHAM,10/10/23,2,320004,C,CITY OF DURHAM CITY COUNCIL AT-LARGE,Sherri Zann Rosenthal, ,3,27,0,0,0,27,Y
DURHAM,10/10/23,2,320004,C,CITY OF DURHAM CITY COUNCIL AT-LARGE,Waldo Fenner, ,3,3,0,0,0,3,Y
DURHAM,10/10/23,3,320003,C,CITY OF DURHAM MAYOR,C. Burruss, ,1,2,0,0,0,2,Y
DURHAM,10/10/23,3,320003,C,CITY OF DURHAM MAYOR,DeDreana Freeman, ,1,25,0,0,0,25,Y
DURHAM,10/10/23,3,320003,C,CITY OF DURHAM MAYOR,Jontae Dunston, ,1,0,0,0,0,0,Y
DURHAM,10/10/23,3,320003,C,CITY OF DURHAM MAYOR,Leonardo (Leo) Williams, ,1,150,0,0,0,150,Y
DURHAM,10/10/23,3,320003,C,CITY OF DURHAM MAYOR,"Marshall Williams, Jr.", ,1,0,0,0,0,0,Y
DURHAM,10/10/23,3,320003,C,CITY OF DURHAM MAYOR,Mike Woodard, ,1,79,0,0,0,79,Y
DURHAM,10/10/23,3,320003,C,CITY OF DURHAM MAYOR,Nick Pettiford, ,1,1,0,0,0,1,Y
DURHAM,10/10/23,3,320003,C,CITY OF DURHAM MAYOR,Sylvester Williams, ,1,1,0,0,0,1,Y
DURHAM,10/10/23,3,320004,C,CITY OF DURHAM CITY COUNCIL AT-LARGE,Bonita Green, ,3,16,0,0,0,16,Y
DURHAM,10/10/23,3,320004,C,CITY OF DURHAM CITY COUNCIL AT-LARGE,Carl Rist, ,3,176,0,0,0,176,Y
DURHAM,10/10/23,3,320004,C,CITY OF DURHAM CITY COUNCIL AT-LARGE,J. J. Campbell, ,3,4,0,0,0,4,Y
DURHAM,10/10/23,3,320004,C,CITY OF DURHAM CITY COUNCIL AT-LARGE,Javiera Caballero, ,3,175,0,0,0,175,Y
DURHAM,10/10/23,3,320004,C,CITY OF DURHAM CITY COUNCIL AT-LARGE,Khalilah Karim, ,3,114,0,0,0,114,Y
DURHAM,10/10/23,3,320004,C,CITY OF DURHAM CITY COUNCIL AT-LARGE,Monique Holsey-Hyman, ,3,14,0,0,0,14,Y
DURHAM,10/10/23,3,320004,C,CITY OF DURHAM CITY COUNCIL AT-LARGE,Nate Baker, ,3,148,0,0,0,148,Y
DURHAM,10/10/23,3,320004,C,CITY OF DURHAM CITY COUNCIL AT-LARGE,Renee J. Vaughan, ,3,2,0,0,0,2,Y
DURHAM,10/10/23,3,320004,C,CITY OF DURHAM CITY COUNCIL AT-LARGE,Shanetta Burris, ,3,10,0,0,0,10,Y
DURHAM,10/10/23,3,320004,C,CITY OF DURHAM CITY COUNCIL AT-LARGE,Shelia Ann Huggins, ,3,31,0,0,0,31,Y
DURHAM,10/10/23,3,320004,C,CITY OF DURHAM CITY COUNCIL AT-LARGE,Sherri Zann Rosenthal, ,3,62,0,0,0,62,Y
DURHAM,10/10/23,3,320004,C,CITY OF DURHAM CITY COUNCIL AT-LARGE,Waldo Fenner, ,3,0,0,0,0,0,Y
DURHAM,10/10/23,4,320003,C,CITY OF DURHAM MAYOR,C. Burruss, ,1,0,0,0,0,0,Y
DURHAM,10/10/23,4,320003,C,CITY OF DURHAM MAYOR,DeDreana Freeman, ,1,29,0,0,0,29,Y
DURHAM,10/10/23,4,320003,C,CITY OF DURHAM MAYOR,Jontae Dunston, ,1,0,0,0,0,0,Y
DURHAM,10/10/23,4,320003,C,CITY OF DURHAM MAYOR,Leonardo (Leo) Williams, ,1,203,0,0,0,203,Y
DURHAM,10/10/23,4,320003,C,CITY OF DURHAM MAYOR,"Marshall Williams, Jr.", ,1,0,0,0,0,0,Y
DURHAM,10/10/23,4,320003,C,CITY OF DURHAM MAYOR,Mike Woodard, ,1,144,0,0,0,144,Y
DURHAM,10/10/23,4,320003,C,CITY OF DURHAM MAYOR,Nick Pettiford, ,1,1,0,0,0,1,Y
DURHAM,10/10/23,4,320003,C,CITY OF DURHAM MAYOR,Sylvester Williams, ,1,0,0,0,0,0,Y
DURHAM,10/10/23,4,320004,C,CITY OF DURHAM CITY COUNCIL AT-LARGE,Bonita Green, ,3,7,0,0,0,7,Y
DURHAM,10/10/23,4,320004,C,CITY OF DURHAM CITY COUNCIL AT-LARGE,Carl Rist, ,3,250,0,0,0,250,Y
DURHAM,10/10/23,4,320004,C,CITY OF DURHAM CITY COUNCIL AT-LARGE,J. J. Campbell, ,3,4,0,0,0,4,Y
DURHAM,10/10/23,4,320004,C,CITY OF DURHAM CITY COUNCIL AT-LARGE,Javiera Caballero, ,3,239,0,0,0,239,Y
DURHAM,10/10/23,4,320004,C,CITY OF DURHAM CITY COUNCIL AT-LARGE,Khalilah Karim, ,3,171,0,0,0,171,Y
DURHAM,10/10/23,4,320004,C,CITY OF DURHAM CITY COUNCIL AT-LARGE,Monique Holsey-Hyman, ,3,19,0,0,0,19,Y
DURHAM,10/10/23,4,320004,C,CITY OF DURHAM CITY COUNCIL AT-LARGE,Nate Baker, ,3,205,0,0,0,205,Y
DURHAM,10/10/23,4,320004,C,CITY OF DURHAM CITY COUNCIL AT-LARGE,Renee J. Vaughan, ,3,8,0,0,0,8,Y
DURHAM,10/10/23,4,320004,C,CITY OF DURHAM CITY COUNCIL AT-LARGE,Shanetta Burris, ,3,13,0,0,0,13,Y
DURHAM,10/10/23,4,320004,C,CITY OF DURHAM CITY COUNCIL AT-LARGE,Shelia Ann Huggins, ,3,88,0,0,0,88,Y
DURHAM,10/10/23,4,320004,C,CITY OF DURHAM CITY COUNCIL AT-LARGE,Sherri Zann Rosenthal, ,3,87,0,0,0,87,Y
DURHAM,10/10/23,4,320004,C,CITY OF DURHAM CITY COUNCIL AT-LARGE,Waldo Fenner, ,3,1,0,0,0,1,Y
DURHAM,10/10/23,5,320003,C,CITY OF DURHAM MAYOR,C. Burruss, ,1,2,0,0,0,2,Y
DURHAM,10/10/23,5,320003,C,CITY OF DURHAM MAYOR,DeDreana Freeman, ,1,18,0,0,0,18,Y
DURHAM,10/10/23,5,320003,C,CITY OF DURHAM MAYOR,Jontae Dunston, ,1,0,0,0,0,0,Y
DURHAM,10/10/23,5,320003,C,CITY OF DURHAM MAYOR,Leonardo (Leo) Williams, ,1,43,0,0,0,43,Y
DURHAM,10/10/23,5,320003,C,CITY OF DURHAM MAYOR,"Marshall Williams, Jr.", ,1,1,0,0,0,1,Y
DURHAM,10/10/23,5,320003,C,CITY OF DURHAM MAYOR,Mike Woodard, ,1,8,0,0,0,8,Y
DURHAM,10/10/23,5,320003,C,CITY OF DURHAM MAYOR,Nick Pettiford, ,1,1,0,0,0,1,Y
DURHAM,10/10/23,5,320003,C,CITY OF DURHAM MAYOR,Sylvester Williams, ,1,2,0,0,0,2,Y
DURHAM,10/10/23,5,320004,C,CITY OF DURHAM CITY COUNCIL AT-LARGE,Bonita Green, ,3,5,0,0,0,5,Y
DURHAM,10/10/23,5,320004,C,CITY OF DURHAM CITY COUNCIL AT-LARGE,Carl Rist, ,3,30,0,0,0,30,Y
DURHAM,10/10/23,5,320004,C,CITY OF DURHAM CITY COUNCIL AT-LARGE,J. J. Campbell, ,3,4,0,0,0,4,Y
DURHAM,10/10/23,5,320004,C,CITY OF DURHAM CITY COUNCIL AT-LARGE,Javiera Caballero, ,3,33,0,0,0,33,Y
DURHAM,10/10/23,5,320004,C,CITY OF DURHAM CITY COUNCIL AT-LARGE,Khalilah Karim, ,3,27,0,0,0,27,Y
DURHAM,10/10/23,5,320004,C,CITY OF DURHAM CITY COUNCIL AT-LARGE,Monique Holsey-Hyman, ,3,16,0,0,0,16,Y
DURHAM,10/10/23,5,320004,C,CITY OF DURHAM CITY COUNCIL AT-LARGE,Nate Baker, ,3,36,0,0,0,36,Y
DURHAM,10/10/23,5,320004,C,CITY OF DURHAM CITY COUNCIL AT-LARGE,Renee J. Vaughan, ,3,7,0,0,0,7,Y
DURHAM,10/10/23,5,320004,C,CITY OF DURHAM CITY COUNCIL AT-LARGE,Shanetta Burris, ,3,16,0,0,0,16,Y
DURHAM,10/10/23,5,320004,C,CITY OF DURHAM CITY COUNCIL AT-LARGE,Shelia Ann Huggins, ,3,19,0,0,0,19,Y
DURHAM,10/10/23,5,320004,C,CITY OF DURHAM CITY COUNCIL AT-LARGE,Sherri Zann Rosenthal, ,3,13,0,0,0,13,Y
DURHAM,10/10/23,5,320004,C,CITY OF DURHAM CITY COUNCIL AT-LARGE,Waldo Fenner, ,3,0,0,0,0,0,Y
DURHAM,10/10/23,6,320003,C,CITY OF DURHAM MAYOR,C. Burruss, ,1,1,0,0,0,1,Y
DURHAM,10/10/23,6,320003,C,CITY OF DURHAM MAYOR,DeDreana Freeman, ,1,12,0,0,0,12,Y
DURHAM,10/10/23,6,320003,C,CITY OF DURHAM MAYOR,Jontae Dunston, ,1,0,0,0,0,0,Y
DURHAM,10/10/23,6,320003,C,CITY OF DURHAM MAYOR,Leonardo (Leo) Williams, ,1,154,0,0,0,154,Y
DURHAM,10/10/23,6,320003,C,CITY OF DURHAM MAYOR,"Marshall Williams, Jr.", ,1,4,0,0,0,4,Y
DURHAM,10/10/23,6,320003,C,CITY OF DURHAM MAYOR,Mike Woodard, ,1,87,0,0,0,87,Y
DURHAM,10/10/23,6,320003,C,CITY OF DURHAM MAYOR,Nick Pettiford, ,1,2,0,0,0,2,Y
DURHAM,10/10/23,6,320003,C,CITY OF DURHAM MAYOR,Sylvester Williams, ,1,3,0,0,0,3,Y
DURHAM,10/10/23,6,320004,C,CITY OF DURHAM CITY COUNCIL AT-LARGE,Bonita Green, ,3,12,0,0,0,12,Y
DURHAM,10/10/23,6,320004,C,CITY OF DURHAM CITY COUNCIL AT-LARGE,Carl Rist, ,3,198,0,0,0,198,Y
DURHAM,10/10/23,6,320004,C,CITY OF DURHAM CITY COUNCIL AT-LARGE,J. J. Campbell, ,3,1,0,0,0,1,Y
DURHAM,10/10/23,6,320004,C,CITY OF DURHAM CITY COUNCIL AT-LARGE,Javiera Caballero, ,3,196,0,0,0,196,Y
DURHAM,10/10/23,6,320004,C,CITY OF DURHAM CITY COUNCIL AT-LARGE,Khalilah Karim, ,3,100,0,0,0,100,Y
DURHAM,10/10/23,6,320004,C,CITY OF DURHAM CITY COUNCIL AT-LARGE,Monique Holsey-Hyman, ,3,15,0,0,0,15,Y
DURHAM,10/10/23,6,320004,C,CITY OF DURHAM CITY COUNCIL AT-LARGE,Nate Baker, ,3,140,0,0,0,140,Y
DURHAM,10/10/23,6,320004,C,CITY OF DURHAM CITY COUNCIL AT-LARGE,Renee J. Vaughan, ,3,4,0,0,0,4,Y
DURHAM,10/10/23,6,320004,C,CITY OF DURHAM CITY COUNCIL AT-LARGE,Shanetta Burris, ,3,7,0,0,0,7,Y
DURHAM,10/10/23,6,320004,C,CITY OF DURHAM CITY COUNCIL AT-LARGE,Shelia Ann Huggins, ,3,43,0,0,0,43,Y
DURHAM,10/10/23,6,320004,C,CITY OF DURHAM CITY COUNCIL AT-LARGE,Sherri Zann Rosenthal, ,3,40,0,0,0,40,Y
DURHAM,10/10/23,6,320004,C,CITY OF DURHAM CITY COUNCIL AT-LARGE,Waldo Fenner, ,3,3,0,0,0,3,Y
DURHAM,10/10/23,7,320003,C,CITY OF DURHAM MAYOR,C. Burruss, ,1,2,0,0,0,2,Y
DURHAM,10/10/23,7,320003,C,CITY OF DURHAM MAYOR,DeDreana Freeman, ,1,27,0,0,0,27,Y
DURHAM,10/10/23,7,320003,C,CITY OF DURHAM MAYOR,Jontae Dunston, ,1,0,0,0,0,0,Y
DURHAM,10/10/23,7,320003,C,CITY OF DURHAM MAYOR,Leonardo (Leo) Williams, ,1,133,0,0,0,133,Y
DURHAM,10/10/23,7,320003,C,CITY OF DURHAM MAYOR,"Marshall Williams, Jr.", ,1,2,0,0,0,2,Y
DURHAM,10/10/23,7,320003,C,CITY OF DURHAM MAYOR,Mike Woodard, ,1,70,0,0,0,70,Y
DURHAM,10/10/23,7,320003,C,CITY OF DURHAM MAYOR,Nick Pettiford, ,1,0,0,0,0,0,Y
DURHAM,10/10/23,7,320003,C,CITY OF DURHAM MAYOR,Sylvester Williams, ,1,0,0,0,0,0,Y
DURHAM,10/10/23,7,320004,C,CITY OF DURHAM CITY COUNCIL AT-LARGE,Bonita Green, ,3,14,0,0,0,14,Y
DURHAM,10/10/23,7,320004,C,CITY OF DURHAM CITY COUNCIL AT-LARGE,Carl Rist, ,3,163,0,0,0,163,Y
DURHAM,10/10/23,7,320004,C,CITY OF DURHAM CITY COUNCIL AT-LARGE,J. J. Campbell, ,3,1,0,0,0,1,Y
DURHAM,10/10/23,7,320004,C,CITY OF DURHAM CITY COUNCIL AT-LARGE,Javiera Caballero, ,3,152,0,0,0,152,Y
DURHAM,10/10/23,7,320004,C,CITY OF DURHAM CITY COUNCIL AT-LARGE,Khalilah Karim, ,3,97,0,0,0,97,Y
DURHAM,10/10/23,7,320004,C,CITY OF DURHAM CITY COUNCIL AT-LARGE,Monique Holsey-Hyman, ,3,16,0,0,0,16,Y
DURHAM,10/10/23,7,320004,C,CITY OF DURHAM CITY COUNCIL AT-LARGE,Nate Baker, ,3,134,0,0,0,134,Y
DURHAM,10/10/23,7,320004,C,CITY OF DURHAM CITY COUNCIL AT-LARGE,Renee J. Vaughan, ,3,2,0,0,0,2,Y
DURHAM,10/10/23,7,320004,C,CITY OF DURHAM CITY COUNCIL AT-LARGE,Shanetta Burris, ,3,18,0,0,0,18,Y
DURHAM,10/10/23,7,320004,C,CITY OF DURHAM CITY COUNCIL AT-LARGE,Shelia Ann Huggins, ,3,34,0,0,0,34,Y
DURHAM,10/10/23,7,320004,C,CITY OF DURHAM CITY COUNCIL AT-LARGE,Sherri Zann Rosenthal, ,3,38,0,0,0,38,Y
DURHAM,10/10/23,7,320004,C,CITY OF DURHAM CITY COUNCIL AT-LARGE,Waldo Fenner, ,3,0,0,0,0,0,Y
DURHAM,10/10/23,8,320003,C,CITY OF DURHAM MAYOR,C. Burruss, ,1,1,0,0,0,1,Y
DURHAM,10/10/23,8,320003,C,CITY OF DURHAM MAYOR,DeDreana Freeman, ,1,34,0,0,0,34,Y
DURHAM,10/10/23,8,320003,C,CITY OF DURHAM MAYOR,Jontae Dunston, ,1,2,0,0,0,2,Y
DURHAM,10/10/23,8,320003,C,CITY OF DURHAM MAYOR,Leonardo (Leo) Williams, ,1,148,0,0,0,148,Y
DURHAM,10/10/23,8,320003,C,CITY OF DURHAM MAYOR,"Marshall Williams, Jr.", ,1,4,0,0,0,4,Y
DURHAM,10/10/23,8,320003,C,CITY OF DURHAM MAYOR,Mike Woodard, ,1,53,0,0,0,53,Y
DURHAM,10/10/23,8,320003,C,CITY OF DURHAM MAYOR,Nick Pettiford, ,1,2,0,0,0,2,Y
DURHAM,10/10/23,8,320003,C,CITY OF DURHAM MAYOR,Sylvester Williams, ,1,3,0,0,0,3,Y
DURHAM,10/10/23,8,320004,C,CITY OF DURHAM CITY COUNCIL AT-LARGE,Bonita Green, ,3,33,0,0,0,33,Y
DURHAM,10/10/23,8,320004,C,CITY OF DURHAM CITY COUNCIL AT-LARGE,Carl Rist, ,3,151,0,0,0,151,Y
DURHAM,10/10/23,8,320004,C,CITY OF DURHAM CITY COUNCIL AT-LARGE,J. J. Campbell, ,3,6,0,0,0,6,Y
DURHAM,10/10/23,8,320004,C,CITY OF DURHAM CITY COUNCIL AT-LARGE,Javiera Caballero, ,3,149,0,0,0,149,Y
DURHAM,10/10/23,8,320004,C,CITY OF DURHAM CITY COUNCIL AT-LARGE,Khalilah Karim, ,3,103,0,0,0,103,Y
DURHAM,10/10/23,8,320004,C,CITY OF DURHAM CITY COUNCIL AT-LARGE,Monique Holsey-Hyman, ,3,24,0,0,0,24,Y
DURHAM,10/10/23,8,320004,C,CITY OF DURHAM CITY COUNCIL AT-LARGE,Nate Baker, ,3,145,0,0,0,145,Y
DURHAM,10/10/23,8,320004,C,CITY OF DURHAM CITY COUNCIL AT-LARGE,Renee J. Vaughan, ,3,6,0,0,0,6,Y
DURHAM,10/10/23,8,320004,C,CITY OF DURHAM CITY COUNCIL AT-LARGE,Shanetta Burris, ,3,22,0,0,0,22,Y
DURHAM,10/10/23,8,320004,C,CITY OF DURHAM CITY COUNCIL AT-LARGE,Shelia Ann Huggins, ,3,29,0,0,0,29,Y
DURHAM,10/10/23,8,320004,C,CITY OF DURHAM CITY COUNCIL AT-LARGE,Sherri Zann Rosenthal, ,3,30,0,0,0,30,Y
DURHAM,10/10/23,8,320004,C,CITY OF DURHAM CITY COUNCIL AT-LARGE,Waldo Fenner, ,3,1,0,0,0,1,Y
DURHAM,10/10/23,9,320003,C,CITY OF DURHAM MAYOR,C. Burruss, ,1,0,0,0,0,0,Y
DURHAM,10/10/23,9,320003,C,CITY OF DURHAM MAYOR,DeDreana Freeman, ,1,32,0,0,0,32,Y
DURHAM,10/10/23,9,320003,C,CITY OF DURHAM MAYOR,Jontae Dunston, ,1,0,0,0,0,0,Y
DURHAM,10/10/23,9,320003,C,CITY OF DURHAM MAYOR,Leonardo (Leo) Williams, ,1,235,0,0,0,235,Y
DURHAM,10/10/23,9,320003,C,CITY OF DURHAM MAYOR,"Marshall Williams, Jr.", ,1,1,0,0,0,1,Y
DURHAM,10/10/23,9,320003,C,CITY OF DURHAM MAYOR,Mike Woodard, ,1,126,0,0,0,126,Y
DURHAM,10/10/23,9,320003,C,CITY OF DURHAM MAYOR,Nick Pettiford, ,1,2,0,0,0,2,Y
DURHAM,10/10/23,9,320003,C,CITY OF DURHAM MAYOR,Sylvester Williams, ,1,6,0,0,0,6,Y
DURHAM,10/10/23,9,320004,C,CITY OF DURHAM CITY COUNCIL AT-LARGE,Bonita Green, ,3,15,0,0,0,15,Y
DURHAM,10/10/23,9,320004,C,CITY OF DURHAM CITY COUNCIL AT-LARGE,Carl Rist, ,3,296,0,0,0,296,Y
DURHAM,10/10/23,9,320004,C,CITY OF DURHAM CITY COUNCIL AT-LARGE,J. J. Campbell, ,3,5,0,0,0,5,Y
DURHAM,10/10/23,9,320004,C,CITY OF DURHAM CITY COUNCIL AT-LARGE,Javiera Caballero, ,3,257,0,0,0,257,Y
DURHAM,10/10/23,9,320004,C,CITY OF DURHAM CITY COUNCIL AT-LARGE,Khalilah Karim, ,3,165,0,0,0,165,Y
DURHAM,10/10/23,9,320004,C,CITY OF DURHAM CITY COUNCIL AT-LARGE,Monique Holsey-Hyman, ,3,40,0,0,0,40,Y
DURHAM,10/10/23,9,320004,C,CITY OF DURHAM CITY COUNCIL AT-LARGE,Nate Baker, ,3,208,0,0,0,208,Y
DURHAM,10/10/23,9,320004,C,CITY OF DURHAM CITY COUNCIL AT-LARGE,Renee J. Vaughan, ,3,7,0,0,0,7,Y
DURHAM,10/10/23,9,320004,C,CITY OF DURHAM CITY COUNCIL AT-LARGE,Shanetta Burris, ,3,17,0,0,0,17,Y
DURHAM,10/10/23,9,320004,C,CITY OF DURHAM CITY COUNCIL AT-LARGE,Shelia Ann Huggins, ,3,69,0,0,0,69,Y
DURHAM,10/10/23,9,320004,C,CITY OF DURHAM CITY COUNCIL AT-LARGE,Sherri Zann Rosenthal, ,3,64,0,0,0,64,Y
DURHAM,10/10/23,9,320004,C,CITY OF DURHAM CITY COUNCIL AT-LARGE,Waldo Fenner, ,3,1,0,0,0,1,Y
DURHAM,10/10/23,10,320003,C,CITY OF DURHAM MAYOR,C. Burruss, ,1,1,0,0,0,1,Y
DURHAM,10/10/23,10,320003,C,CITY OF DURHAM MAYOR,DeDreana Freeman, ,1,17,0,0,0,17,Y
DURHAM,10/10/23,10,320003,C,CITY OF DURHAM MAYOR,Jontae Dunston, ,1,0,0,0,0,0,Y
DURHAM,10/10/23,10,320003,C,CITY OF DURHAM MAYOR,Leonardo (Leo) Williams, ,1,51,0,0,0,51,Y
DURHAM,10/10/23,10,320003,C,CITY OF DURHAM MAYOR,"Marshall Williams, Jr.", ,1,5,0,0,0,5,Y
DURHAM,10/10/23,10,320003,C,CITY OF DURHAM MAYOR,Mike Woodard, ,1,26,0,0,0,26,Y
DURHAM,10/10/23,10,320003,C,CITY OF DURHAM MAYOR,Nick Pettiford, ,1,1,0,0,0,1,Y
DURHAM,10/10/23,10,320003,C,CITY OF DURHAM MAYOR,Sylvester Williams, ,1,2,0,0,0,2,Y
DURHAM,10/10/23,10,320004,C,CITY OF DURHAM CITY COUNCIL AT-LARGE,Bonita Green, ,3,13,0,0,0,13,Y
DURHAM,10/10/23,10,320004,C,CITY OF DURHAM CITY COUNCIL AT-LARGE,Carl Rist, ,3,49,0,0,0,49,Y
DURHAM,10/10/23,10,320004,C,CITY OF DURHAM CITY COUNCIL AT-LARGE,J. J. Campbell, ,3,5,0,0,0,5,Y
DURHAM,10/10/23,10,320004,C,CITY OF DURHAM CITY COUNCIL AT-LARGE,Javiera Caballero, ,3,46,0,0,0,46,Y
DURHAM,10/10/23,10,320004,C,CITY OF DURHAM CITY COUNCIL AT-LARGE,Khalilah Karim, ,3,42,0,0,0,42,Y
DURHAM,10/10/23,10,320004,C,CITY OF DURHAM CITY COUNCIL AT-LARGE,Monique Holsey-Hyman, ,3,17,0,0,0,17,Y
DURHAM,10/10/23,10,320004,C,CITY OF DURHAM CITY COUNCIL AT-LARGE,Nate Baker, ,3,52,0,0,0,52,Y
DURHAM,10/10/23,10,320004,C,CITY OF DURHAM CITY COUNCIL AT-LARGE,Renee J. Vaughan, ,3,4,0,0,0,4,Y
DURHAM,10/10/23,10,320004,C,CITY OF DURHAM CITY COUNCIL AT-LARGE,Shanetta Burris, ,3,17,0,0,0,17,Y
DURHAM,10/10/23,10,320004,C,CITY OF DURHAM CITY COUNCIL AT-LARGE,Shelia Ann Huggins, ,3,13,0,0,0,13,Y
DURHAM,10/10/23,10,320004,C,CITY OF DURHAM CITY COUNCIL AT-LARGE,Sherri Zann Rosenthal, ,3,21,0,0,0,21,Y
DURHAM,10/10/23,10,320004,C,CITY OF DURHAM CITY COUNCIL AT-LARGE,Waldo Fenner, ,3,0,0,0,0,0,Y
DURHAM,10/10/23,12,320003,C,CITY OF DURHAM MAYOR,C. Burruss, ,1,1,0,0,0,1,Y
DURHAM,10/10/23,12,320003,C,CITY OF DURHAM MAYOR,DeDreana Freeman, ,1,15,0,0,0,15,Y
DURHAM,10/10/23,12,320003,C,CITY OF DURHAM MAYOR,Jontae Dunston, ,1,0,0,0,0,0,Y
DURHAM,10/10/23,12,320003,C,CITY OF DURHAM MAYOR,Leonardo (Leo) Williams, ,1,16,0,0,0,16,Y
DURHAM,10/10/23,12,320003,C,CITY OF DURHAM MAYOR,"Marshall Williams, Jr.", ,1,3,0,0,0,3,Y
DURHAM,10/10/23,12,320003,C,CITY OF DURHAM MAYOR,Mike Woodard, ,1,2,0,0,0,2,Y
DURHAM,10/10/23,12,320003,C,CITY OF DURHAM MAYOR,Nick Pettiford, ,1,1,0,0,0,1,Y
DURHAM,10/10/23,12,320003,C,CITY OF DURHAM MAYOR,Sylvester Williams, ,1,2,0,0,0,2,Y
DURHAM,10/10/23,12,320004,C,CITY OF DURHAM CITY COUNCIL AT-LARGE,Bonita Green, ,3,5,0,0,0,5,Y
DURHAM,10/10/23,12,320004,C,CITY OF DURHAM CITY COUNCIL AT-LARGE,Carl Rist, ,3,5,0,0,0,5,Y
DURHAM,10/10/23,12,320004,C,CITY OF DURHAM CITY COUNCIL AT-LARGE,J. J. Campbell, ,3,0,0,0,0,0,Y
DURHAM,10/10/23,12,320004,C,CITY OF DURHAM CITY COUNCIL AT-LARGE,Javiera Caballero, ,3,10,0,0,0,10,Y
DURHAM,10/10/23,12,320004,C,CITY OF DURHAM CITY COUNCIL AT-LARGE,Khalilah Karim, ,3,16,0,0,0,16,Y
DURHAM,10/10/23,12,320004,C,CITY OF DURHAM CITY COUNCIL AT-LARGE,Monique Holsey-Hyman, ,3,18,0,0,0,18,Y
DURHAM,10/10/23,12,320004,C,CITY OF DURHAM CITY COUNCIL AT-LARGE,Nate Baker, ,3,16,0,0,0,16,Y
DURHAM,10/10/23,12,320004,C,CITY OF DURHAM CITY COUNCIL AT-LARGE,Renee J. Vaughan, ,3,1,0,0,0,1,Y
DURHAM,10/10/23,12,320004,C,CITY OF DURHAM CITY COUNCIL AT-LARGE,Shanetta Burris, ,3,10,0,0,0,10,Y
DURHAM,10/10/23,12,320004,C,CITY OF DURHAM CITY COUNCIL AT-LARGE,Shelia Ann Huggins, ,3,15,0,0,0,15,Y
DURHAM,10/10/23,12,320004,C,CITY OF DURHAM CITY COUNCIL AT-LARGE,Sherri Zann Rosenthal, ,3,1,0,0,0,1,Y
DURHAM,10/10/23,12,320004,C,CITY OF DURHAM CITY COUNCIL AT-LARGE,Waldo Fenner, ,3,0,0,0,0,0,Y
DURHAM,10/10/23,13,320003,C,CITY OF DURHAM MAYOR,C. Burruss, ,1,1,0,0,0,1,Y
DURHAM,10/10/23,13,320003,C,CITY OF DURHAM MAYOR,DeDreana Freeman, ,1,10,0,0,0,10,Y
DURHAM,10/10/23,13,320003,C,CITY OF DURHAM MAYOR,Jontae Dunston, ,1,0,0,0,0,0,Y
DURHAM,10/10/23,13,320003,C,CITY OF DURHAM MAYOR,Leonardo (Leo) Williams, ,1,14,0,0,0,14,Y
DURHAM,10/10/23,13,320003,C,CITY OF DURHAM MAYOR,"Marshall Williams, Jr.", ,1,0,0,0,0,0,Y
DURHAM,10/10/23,13,320003,C,CITY OF DURHAM MAYOR,Mike Woodard, ,1,4,0,0,0,4,Y
DURHAM,10/10/23,13,320003,C,CITY OF DURHAM MAYOR,Nick Pettiford, ,1,1,0,0,0,1,Y
DURHAM,10/10/23,13,320003,C,CITY OF DURHAM MAYOR,Sylvester Williams, ,1,2,0,0,0,2,Y
DURHAM,10/10/23,13,320004,C,CITY OF DURHAM CITY COUNCIL AT-LARGE,Bonita Green, ,3,6,0,0,0,6,Y
DURHAM,10/10/23,13,320004,C,CITY OF DURHAM CITY COUNCIL AT-LARGE,Carl Rist, ,3,4,0,0,0,4,Y
DURHAM,10/10/23,13,320004,C,CITY OF DURHAM CITY COUNCIL AT-LARGE,J. J. Campbell, ,3,3,0,0,0,3,Y
DURHAM,10/10/23,13,320004,C,CITY OF DURHAM CITY COUNCIL AT-LARGE,Javiera Caballero, ,3,7,0,0,0,7,Y
DURHAM,10/10/23,13,320004,C,CITY OF DURHAM CITY COUNCIL AT-LARGE,Khalilah Karim, ,3,7,0,0,0,7,Y
DURHAM,10/10/23,13,320004,C,CITY OF DURHAM CITY COUNCIL AT-LARGE,Monique Holsey-Hyman, ,3,17,0,0,0,17,Y
DURHAM,10/10/23,13,320004,C,CITY OF DURHAM CITY COUNCIL AT-LARGE,Nate Baker, ,3,11,0,0,0,11,Y
DURHAM,10/10/23,13,320004,C,CITY OF DURHAM CITY COUNCIL AT-LARGE,Renee J. Vaughan, ,3,7,0,0,0,7,Y
DURHAM,10/10/23,13,320004,C,CITY OF DURHAM CITY COUNCIL AT-LARGE,Shanetta Burris, ,3,12,0,0,0,12,Y
DURHAM,10/10/23,13,320004,C,CITY OF DURHAM CITY COUNCIL AT-LARGE,Shelia Ann Huggins, ,3,9,0,0,0,9,Y
DURHAM,10/10/23,13,320004,C,CITY OF DURHAM CITY COUNCIL AT-LARGE,Sherri Zann Rosenthal, ,3,3,0,0,0,3,Y
DURHAM,10/10/23,13,320004,C,CITY OF DURHAM CITY COUNCIL AT-LARGE,Waldo Fenner, ,3,0,0,0,0,0,Y
DURHAM,10/10/23,14,320003,C,CITY OF DURHAM MAYOR,C. Burruss, ,1,0,0,0,0,0,Y
DURHAM,10/10/23,14,320003,C,CITY OF DURHAM MAYOR,DeDreana Freeman, ,1,31,0,0,0,31,Y
DURHAM,10/10/23,14,320003,C,CITY OF DURHAM MAYOR,Jontae Dunston, ,1,0,0,0,0,0,Y
DURHAM,10/10/23,14,320003,C,CITY OF DURHAM MAYOR,Leonardo (Leo) Williams, ,1,33,0,0,0,33,Y
DURHAM,10/10/23,14,320003,C,CITY OF DURHAM MAYOR,"Marshall Williams, Jr.", ,1,3,0,0,0,3,Y
DURHAM,10/10/23,14,320003,C,CITY OF DURHAM MAYOR,Mike Woodard, ,1,24,0,0,0,24,Y
DURHAM,10/10/23,14,320003,C,CITY OF DURHAM MAYOR,Nick Pettiford, ,1,2,0,0,0,2,Y
DURHAM,10/10/23,14,320003,C,CITY OF DURHAM MAYOR,Sylvester Williams, ,1,8,0,0,0,8,Y
DURHAM,10/10/23,14,320004,C,CITY OF DURHAM CITY COUNCIL AT-LARGE,Bonita Green, ,3,27,0,0,0,27,Y
DURHAM,10/10/23,14,320004,C,CITY OF DURHAM CITY COUNCIL AT-LARGE,Carl Rist, ,3,35,0,0,0,35,Y
DURHAM,10/10/23,14,320004,C,CITY OF DURHAM CITY COUNCIL AT-LARGE,J. J. Campbell, ,3,3,0,0,0,3,Y
DURHAM,10/10/23,14,320004,C,CITY OF DURHAM CITY COUNCIL AT-LARGE,Javiera Caballero, ,3,32,0,0,0,32,Y
DURHAM,10/10/23,14,320004,C,CITY OF DURHAM CITY COUNCIL AT-LARGE,Khalilah Karim, ,3,23,0,0,0,23,Y
DURHAM,10/10/23,14,320004,C,CITY OF DURHAM CITY COUNCIL AT-LARGE,Monique Holsey-Hyman, ,3,25,0,0,0,25,Y
DURHAM,10/10/23,14,320004,C,CITY OF DURHAM CITY COUNCIL AT-LARGE,Nate Baker, ,3,38,0,0,0,38,Y
DURHAM,10/10/23,14,320004,C,CITY OF DURHAM CITY COUNCIL AT-LARGE,Renee J. Vaughan, ,3,6,0,0,0,6,Y
DURHAM,10/10/23,14,320004,C,CITY OF DURHAM CITY COUNCIL AT-LARGE,Shanetta Burris, ,3,33,0,0,0,33,Y
DURHAM,10/10/23,14,320004,C,CITY OF DURHAM CITY COUNCIL AT-LARGE,Shelia Ann Huggins, ,3,18,0,0,0,18,Y
DURHAM,10/10/23,14,320004,C,CITY OF DURHAM CITY COUNCIL AT-LARGE,Sherri Zann Rosenthal, ,3,11,0,0,0,11,Y
DURHAM,10/10/23,14,320004,C,CITY OF DURHAM CITY COUNCIL AT-LARGE,Waldo Fenner, ,3,1,0,0,0,1,Y
DURHAM,10/10/23,15,320003,C,CITY OF DURHAM MAYOR,C. Burruss, ,1,5,0,0,0,5,Y
DURHAM,10/10/23,15,320003,C,CITY OF DURHAM MAYOR,DeDreana Freeman, ,1,26,0,0,0,26,Y
DURHAM,10/10/23,15,320003,C,CITY OF DURHAM MAYOR,Jontae Dunston, ,1,0,0,0,0,0,Y
DURHAM,10/10/23,15,320003,C,CITY OF DURHAM MAYOR,Leonardo (Leo) Williams, ,1,59,0,0,0,59,Y
DURHAM,10/10/23,15,320003,C,CITY OF DURHAM MAYOR,"Marshall Williams, Jr.", ,1,2,0,0,0,2,Y
DURHAM,10/10/23,15,320003,C,CITY OF DURHAM MAYOR,Mike Woodard, ,1,15,0,0,0,15,Y
DURHAM,10/10/23,15,320003,C,CITY OF DURHAM MAYOR,Nick Pettiford, ,1,1,0,0,0,1,Y
DURHAM,10/10/23,15,320003,C,CITY OF DURHAM MAYOR,Sylvester Williams, ,1,1,0,0,0,1,Y
DURHAM,10/10/23,15,320004,C,CITY OF DURHAM CITY COUNCIL AT-LARGE,Bonita Green, ,3,12,0,0,0,12,Y
DURHAM,10/10/23,15,320004,C,CITY OF DURHAM CITY COUNCIL AT-LARGE,Carl Rist, ,3,43,0,0,0,43,Y
DURHAM,10/10/23,15,320004,C,CITY OF DURHAM CITY COUNCIL AT-LARGE,J. J. Campbell, ,3,4,0,0,0,4,Y
DURHAM,10/10/23,15,320004,C,CITY OF DURHAM CITY COUNCIL AT-LARGE,Javiera Caballero, ,3,56,0,0,0,56,Y
DURHAM,10/10/23,15,320004,C,CITY OF DURHAM CITY COUNCIL AT-LARGE,Khalilah Karim, ,3,41,0,0,0,41,Y
DURHAM,10/10/23,15,320004,C,CITY OF DURHAM CITY COUNCIL AT-LARGE,Monique Holsey-Hyman, ,3,22,0,0,0,22,Y
DURHAM,10/10/23,15,320004,C,CITY OF DURHAM CITY COUNCIL AT-LARGE,Nate Baker, ,3,49,0,0,0,49,Y
DURHAM,10/10/23,15,320004,C,CITY OF DURHAM CITY COUNCIL AT-LARGE,Renee J. Vaughan, ,3,5,0,0,0,5,Y
DURHAM,10/10/23,15,320004,C,CITY OF DURHAM CITY COUNCIL AT-LARGE,Shanetta Burris, ,3,36,0,0,0,36,Y
DURHAM,10/10/23,15,320004,C,CITY OF DURHAM CITY COUNCIL AT-LARGE,Shelia Ann Huggins, ,3,20,0,0,0,20,Y
DURHAM,10/10/23,15,320004,C,CITY OF DURHAM CITY COUNCIL AT-LARGE,Sherri Zann Rosenthal, ,3,11,0,0,0,11,Y
DURHAM,10/10/23,15,320004,C,CITY OF DURHAM CITY COUNCIL AT-LARGE,Waldo Fenner, ,3,0,0,0,0,0,Y
DURHAM,10/10/23,16,320003,C,CITY OF DURHAM MAYOR,C. Burruss, ,1,2,0,0,0,2,Y
DURHAM,10/10/23,16,320003,C,CITY OF DURHAM MAYOR,DeDreana Freeman, ,1,28,0,0,0,28,Y
DURHAM,10/10/23,16,320003,C,CITY OF DURHAM MAYOR,Jontae Dunston, ,1,1,0,0,0,1,Y
DURHAM,10/10/23,16,320003,C,CITY OF DURHAM MAYOR,Leonardo (Leo) Williams, ,1,109,0,0,0,109,Y
DURHAM,10/10/23,16,320003,C,CITY OF DURHAM MAYOR,"Marshall Williams, Jr.", ,1,2,0,0,0,2,Y
DURHAM,10/10/23,16,320003,C,CITY OF DURHAM MAYOR,Mike Woodard, ,1,50,0,0,0,50,Y
DURHAM,10/10/23,16,320003,C,CITY OF DURHAM MAYOR,Nick Pettiford, ,1,1,0,0,0,1,Y
DURHAM,10/10/23,16,320003,C,CITY OF DURHAM MAYOR,Sylvester Williams, ,1,2,0,0,0,2,Y
DURHAM,10/10/23,16,320004,C,CITY OF DURHAM CITY COUNCIL AT-LARGE,Bonita Green, ,3,15,0,0,0,15,Y
DURHAM,10/10/23,16,320004,C,CITY OF DURHAM CITY COUNCIL AT-LARGE,Carl Rist, ,3,103,0,0,0,103,Y
DURHAM,10/10/23,16,320004,C,CITY OF DURHAM CITY COUNCIL AT-LARGE,J. J. Campbell, ,3,6,0,0,0,6,Y
DURHAM,10/10/23,16,320004,C,CITY OF DURHAM CITY COUNCIL AT-LARGE,Javiera Caballero, ,3,108,0,0,0,108,Y
DURHAM,10/10/23,16,320004,C,CITY OF DURHAM CITY COUNCIL AT-LARGE,Khalilah Karim, ,3,53,0,0,0,53,Y
DURHAM,10/10/23,16,320004,C,CITY OF DURHAM CITY COUNCIL AT-LARGE,Monique Holsey-Hyman, ,3,35,0,0,0,35,Y
DURHAM,10/10/23,16,320004,C,CITY OF DURHAM CITY COUNCIL AT-LARGE,Nate Baker, ,3,102,0,0,0,102,Y
DURHAM,10/10/23,16,320004,C,CITY OF DURHAM CITY COUNCIL AT-LARGE,Renee J. Vaughan, ,3,5,0,0,0,5,Y
DURHAM,10/10/23,16,320004,C,CITY OF DURHAM CITY COUNCIL AT-LARGE,Shanetta Burris, ,3,21,0,0,0,21,Y
DURHAM,10/10/23,16,320004,C,CITY OF DURHAM CITY COUNCIL AT-LARGE,Shelia Ann Huggins, ,3,52,0,0,0,52,Y
DURHAM,10/10/23,16,320004,C,CITY OF DURHAM CITY COUNCIL AT-LARGE,Sherri Zann Rosenthal, ,3,27,0,0,0,27,Y
DURHAM,10/10/23,16,320004,C,CITY OF DURHAM CITY COUNCIL AT-LARGE,Waldo Fenner, ,3,3,0,0,0,3,Y
DURHAM,10/10/23,17,320003,C,CITY OF DURHAM MAYOR,C. Burruss, ,1,3,0,0,0,3,Y
DURHAM,10/10/23,17,320003,C,CITY OF DURHAM MAYOR,DeDreana Freeman, ,1,43,0,0,0,43,Y
DURHAM,10/10/23,17,320003,C,CITY OF DURHAM MAYOR,Jontae Dunston, ,1,0,0,0,0,0,Y
DURHAM,10/10/23,17,320003,C,CITY OF DURHAM MAYOR,Leonardo (Leo) Williams, ,1,124,0,0,0,124,Y
DURHAM,10/10/23,17,320003,C,CITY OF DURHAM MAYOR,"Marshall Williams, Jr.", ,1,4,0,0,0,4,Y
DURHAM,10/10/23,17,320003,C,CITY OF DURHAM MAYOR,Mike Woodard, ,1,37,0,0,0,37,Y
DURHAM,10/10/23,17,320003,C,CITY OF DURHAM MAYOR,Nick Pettiford, ,1,2,0,0,0,2,Y
DURHAM,10/10/23,17,320003,C,CITY OF DURHAM MAYOR,Sylvester Williams, ,1,2,0,0,0,2,Y
DURHAM,10/10/23,17,320004,C,CITY OF DURHAM CITY COUNCIL AT-LARGE,Bonita Green, ,3,17,0,0,0,17,Y
DURHAM,10/10/23,17,320004,C,CITY OF DURHAM CITY COUNCIL AT-LARGE,Carl Rist, ,3,123,0,0,0,123,Y
DURHAM,10/10/23,17,320004,C,CITY OF DURHAM CITY COUNCIL AT-LARGE,J. J. Campbell, ,3,4,0,0,0,4,Y
DURHAM,10/10/23,17,320004,C,CITY OF DURHAM CITY COUNCIL AT-LARGE,Javiera Caballero, ,3,129,0,0,0,129,Y
DURHAM,10/10/23,17,320004,C,CITY OF DURHAM CITY COUNCIL AT-LARGE,Khalilah Karim, ,3,80,0,0,0,80,Y
DURHAM,10/10/23,17,320004,C,CITY OF DURHAM CITY COUNCIL AT-LARGE,Monique Holsey-Hyman, ,3,33,0,0,0,33,Y
DURHAM,10/10/23,17,320004,C,CITY OF DURHAM CITY COUNCIL AT-LARGE,Nate Baker, ,3,100,0,0,0,100,Y
DURHAM,10/10/23,17,320004,C,CITY OF DURHAM CITY COUNCIL AT-LARGE,Renee J. Vaughan, ,3,13,0,0,0,13,Y
DURHAM,10/10/23,17,320004,C,CITY OF DURHAM CITY COUNCIL AT-LARGE,Shanetta Burris, ,3,40,0,0,0,40,Y
DURHAM,10/10/23,17,320004,C,CITY OF DURHAM CITY COUNCIL AT-LARGE,Shelia Ann Huggins, ,3,27,0,0,0,27,Y
DURHAM,10/10/23,17,320004,C,CITY OF DURHAM CITY COUNCIL AT-LARGE,Sherri Zann Rosenthal, ,3,26,0,0,0,26,Y
DURHAM,10/10/23,17,320004,C,CITY OF DURHAM CITY COUNCIL AT-LARGE,Waldo Fenner, ,3,0,0,0,0,0,Y
DURHAM,10/10/23,18,320003,C,CITY OF DURHAM MAYOR,C. Burruss, ,1,4,0,0,0,4,Y
DURHAM,10/10/23,18,320003,C,CITY OF DURHAM MAYOR,DeDreana Freeman, ,1,29,0,0,0,29,Y
DURHAM,10/10/23,18,320003,C,CITY OF DURHAM MAYOR,Jontae Dunston, ,1,1,0,0,0,1,Y
DURHAM,10/10/23,18,320003,C,CITY OF DURHAM MAYOR,Leonardo (Leo) Williams, ,1,42,0,0,0,42,Y
DURHAM,10/10/23,18,320003,C,CITY OF DURHAM MAYOR,"Marshall Williams, Jr.", ,1,6,0,0,0,6,Y
DURHAM,10/10/23,18,320003,C,CITY OF DURHAM MAYOR,Mike Woodard, ,1,10,0,0,0,10,Y
DURHAM,10/10/23,18,320003,C,CITY OF DURHAM MAYOR,Nick Pettiford, ,1,2,0,0,0,2,Y
DURHAM,10/10/23,18,320003,C,CITY OF DURHAM MAYOR,Sylvester Williams, ,1,2,0,0,0,2,Y
DURHAM,10/10/23,18,320004,C,CITY OF DURHAM CITY COUNCIL AT-LARGE,Bonita Green, ,3,24,0,0,0,24,Y
DURHAM,10/10/23,18,320004,C,CITY OF DURHAM CITY COUNCIL AT-LARGE,Carl Rist, ,3,20,0,0,0,20,Y
DURHAM,10/10/23,18,320004,C,CITY OF DURHAM CITY COUNCIL AT-LARGE,J. J. Campbell, ,3,3,0,0,0,3,Y
DURHAM,10/10/23,18,320004,C,CITY OF DURHAM CITY COUNCIL AT-LARGE,Javiera Caballero, ,3,31,0,0,0,31,Y
DURHAM,10/10/23,18,320004,C,CITY OF DURHAM CITY COUNCIL AT-LARGE,Khalilah Karim, ,3,26,0,0,0,26,Y
DURHAM,10/10/23,18,320004,C,CITY OF DURHAM CITY COUNCIL AT-LARGE,Monique Holsey-Hyman, ,3,25,0,0,0,25,Y
DURHAM,10/10/23,18,320004,C,CITY OF DURHAM CITY COUNCIL AT-LARGE,Nate Baker, ,3,30,0,0,0,30,Y
DURHAM,10/10/23,18,320004,C,CITY OF DURHAM CITY COUNCIL AT-LARGE,Renee J. Vaughan, ,3,17,0,0,0,17,Y
DURHAM,10/10/23,18,320004,C,CITY OF DURHAM CITY COUNCIL AT-LARGE,Shanetta Burris, ,3,34,0,0,0,34,Y
DURHAM,10/10/23,18,320004,C,CITY OF DURHAM CITY COUNCIL AT-LARGE,Shelia Ann Huggins, ,3,28,0,0,0,28,Y
DURHAM,10/10/23,18,320004,C,CITY OF DURHAM CITY COUNCIL AT-LARGE,Sherri Zann Rosenthal, ,3,7,0,0,0,7,Y
DURHAM,10/10/23,18,320004,C,CITY OF DURHAM CITY COUNCIL AT-LARGE,Waldo Fenner, ,3,1,0,0,0,1,Y
DURHAM,10/10/23,19,320003,C,CITY OF DURHAM MAYOR,C. Burruss, ,1,1,0,0,0,1,Y
DURHAM,10/10/23,19,320003,C,CITY OF DURHAM MAYOR,DeDreana Freeman, ,1,41,0,0,0,41,Y
DURHAM,10/10/23,19,320003,C,CITY OF DURHAM MAYOR,Jontae Dunston, ,1,1,0,0,0,1,Y
DURHAM,10/10/23,19,320003,C,CITY OF DURHAM MAYOR,Leonardo (Leo) Williams, ,1,117,0,0,0,117,Y
DURHAM,10/10/23,19,320003,C,CITY OF DURHAM MAYOR,"Marshall Williams, Jr.", ,1,6,0,0,0,6,Y
DURHAM,10/10/23,19,320003,C,CITY OF DURHAM MAYOR,Mike Woodard, ,1,55,0,0,0,55,Y
DURHAM,10/10/23,19,320003,C,CITY OF DURHAM MAYOR,Nick Pettiford, ,1,4,0,0,0,4,Y
DURHAM,10/10/23,19,320003,C,CITY OF DURHAM MAYOR,Sylvester Williams, ,1,3,0,0,0,3,Y
DURHAM,10/10/23,19,320004,C,CITY OF DURHAM CITY COUNCIL AT-LARGE,Bonita Green, ,3,34,0,0,0,34,Y
DURHAM,10/10/23,19,320004,C,CITY OF DURHAM CITY COUNCIL AT-LARGE,Carl Rist, ,3,96,0,0,0,96,Y
DURHAM,10/10/23,19,320004,C,CITY OF DURHAM CITY COUNCIL AT-LARGE,J. J. Campbell, ,3,6,0,0,0,6,Y
DURHAM,10/10/23,19,320004,C,CITY OF DURHAM CITY COUNCIL AT-LARGE,Javiera Caballero, ,3,107,0,0,0,107,Y
DURHAM,10/10/23,19,320004,C,CITY OF DURHAM CITY COUNCIL AT-LARGE,Khalilah Karim, ,3,73,0,0,0,73,Y
DURHAM,10/10/23,19,320004,C,CITY OF DURHAM CITY COUNCIL AT-LARGE,Monique Holsey-Hyman, ,3,58,0,0,0,58,Y
DURHAM,10/10/23,19,320004,C,CITY OF DURHAM CITY COUNCIL AT-LARGE,Nate Baker, ,3,125,0,0,0,125,Y
DURHAM,10/10/23,19,320004,C,CITY OF DURHAM CITY COUNCIL AT-LARGE,Renee J. Vaughan, ,3,14,0,0,0,14,Y
DURHAM,10/10/23,19,320004,C,CITY OF DURHAM CITY COUNCIL AT-LARGE,Shanetta Burris, ,3,44,0,0,0,44,Y
DURHAM,10/10/23,19,320004,C,CITY OF DURHAM CITY COUNCIL AT-LARGE,Shelia Ann Huggins, ,3,54,0,0,0,54,Y
DURHAM,10/10/23,19,320004,C,CITY OF DURHAM CITY COUNCIL AT-LARGE,Sherri Zann Rosenthal, ,3,22,0,0,0,22,Y
DURHAM,10/10/23,19,320004,C,CITY OF DURHAM CITY COUNCIL AT-LARGE,Waldo Fenner, ,3,3,0,0,0,3,Y
DURHAM,10/10/23,20,320003,C,CITY OF DURHAM MAYOR,C. Burruss, ,1,0,0,0,0,0,Y
DURHAM,10/10/23,20,320003,C,CITY OF DURHAM MAYOR,DeDreana Freeman, ,1,35,0,0,0,35,Y
DURHAM,10/10/23,20,320003,C,CITY OF DURHAM MAYOR,Jontae Dunston, ,1,1,0,0,0,1,Y
DURHAM,10/10/23,20,320003,C,CITY OF DURHAM MAYOR,Leonardo (Leo) Williams, ,1,169,0,0,0,169,Y
DURHAM,10/10/23,20,320003,C,CITY OF DURHAM MAYOR,"Marshall Williams, Jr.", ,1,0,0,0,0,0,Y
DURHAM,10/10/23,20,320003,C,CITY OF DURHAM MAYOR,Mike Woodard, ,1,76,0,0,0,76,Y
DURHAM,10/10/23,20,320003,C,CITY OF DURHAM MAYOR,Nick Pettiford, ,1,1,0,0,0,1,Y
DURHAM,10/10/23,20,320003,C,CITY OF DURHAM MAYOR,Sylvester Williams, ,1,0,0,0,0,0,Y
DURHAM,10/10/23,20,320004,C,CITY OF DURHAM CITY COUNCIL AT-LARGE,Bonita Green, ,3,17,0,0,0,17,Y
DURHAM,10/10/23,20,320004,C,CITY OF DURHAM CITY COUNCIL AT-LARGE,Carl Rist, ,3,186,0,0,0,186,Y
DURHAM,10/10/23,20,320004,C,CITY OF DURHAM CITY COUNCIL AT-LARGE,J. J. Campbell, ,3,3,0,0,0,3,Y
DURHAM,10/10/23,20,320004,C,CITY OF DURHAM CITY COUNCIL AT-LARGE,Javiera Caballero, ,3,203,0,0,0,203,Y
DURHAM,10/10/23,20,320004,C,CITY OF DURHAM CITY COUNCIL AT-LARGE,Khalilah Karim, ,3,134,0,0,0,134,Y
DURHAM,10/10/23,20,320004,C,CITY OF DURHAM CITY COUNCIL AT-LARGE,Monique Holsey-Hyman, ,3,22,0,0,0,22,Y
DURHAM,10/10/23,20,320004,C,CITY OF DURHAM CITY COUNCIL AT-LARGE,Nate Baker, ,3,167,0,0,0,167,Y
DURHAM,10/10/23,20,320004,C,CITY OF DURHAM CITY COUNCIL AT-LARGE,Renee J. Vaughan, ,3,7,0,0,0,7,Y
DURHAM,10/10/23,20,320004,C,CITY OF DURHAM CITY COUNCIL AT-LARGE,Shanetta Burris, ,3,11,0,0,0,11,Y
DURHAM,10/10/23,20,320004,C,CITY OF DURHAM CITY COUNCIL AT-LARGE,Shelia Ann Huggins, ,3,21,0,0,0,21,Y
DURHAM,10/10/23,20,320004,C,CITY OF DURHAM CITY COUNCIL AT-LARGE,Sherri Zann Rosenthal, ,3,36,0,0,0,36,Y
DURHAM,10/10/23,20,320004,C,CITY OF DURHAM CITY COUNCIL AT-LARGE,Waldo Fenner, ,3,2,0,0,0,2,Y
DURHAM,10/10/23,21,320003,C,CITY OF DURHAM MAYOR,C. Burruss, ,1,1,0,0,0,1,Y
DURHAM,10/10/23,21,320003,C,CITY OF DURHAM MAYOR,DeDreana Freeman, ,1,33,0,0,0,33,Y
DURHAM,10/10/23,21,320003,C,CITY OF DURHAM MAYOR,Jontae Dunston, ,1,0,0,0,0,0,Y
DURHAM,10/10/23,21,320003,C,CITY OF DURHAM MAYOR,Leonardo (Leo) Williams, ,1,155,0,0,0,155,Y
DURHAM,10/10/23,21,320003,C,CITY OF DURHAM MAYOR,"Marshall Williams, Jr.", ,1,0,0,0,0,0,Y
DURHAM,10/10/23,21,320003,C,CITY OF DURHAM MAYOR,Mike Woodard, ,1,83,0,0,0,83,Y
DURHAM,10/10/23,21,320003,C,CITY OF DURHAM MAYOR,Nick Pettiford, ,1,2,0,0,0,2,Y
DURHAM,10/10/23,21,320003,C,CITY OF DURHAM MAYOR,Sylvester Williams, ,1,4,0,0,0,4,Y
DURHAM,10/10/23,21,320004,C,CITY OF DURHAM CITY COUNCIL AT-LARGE,Bonita Green, ,3,16,0,0,0,16,Y
DURHAM,10/10/23,21,320004,C,CITY OF DURHAM CITY COUNCIL AT-LARGE,Carl Rist, ,3,158,0,0,0,158,Y
DURHAM,10/10/23,21,320004,C,CITY OF DURHAM CITY COUNCIL AT-LARGE,J. J. Campbell, ,3,6,0,0,0,6,Y
DURHAM,10/10/23,21,320004,C,CITY OF DURHAM CITY COUNCIL AT-LARGE,Javiera Caballero, ,3,189,0,0,0,189,Y
DURHAM,10/10/23,21,320004,C,CITY OF DURHAM CITY COUNCIL AT-LARGE,Khalilah Karim, ,3,128,0,0,0,128,Y
DURHAM,10/10/23,21,320004,C,CITY OF DURHAM CITY COUNCIL AT-LARGE,Monique Holsey-Hyman, ,3,23,0,0,0,23,Y
DURHAM,10/10/23,21,320004,C,CITY OF DURHAM CITY COUNCIL AT-LARGE,Nate Baker, ,3,169,0,0,0,169,Y
DURHAM,10/10/23,21,320004,C,CITY OF DURHAM CITY COUNCIL AT-LARGE,Renee J. Vaughan, ,3,3,0,0,0,3,Y
DURHAM,10/10/23,21,320004,C,CITY OF DURHAM CITY COUNCIL AT-LARGE,Shanetta Burris, ,3,14,0,0,0,14,Y
DURHAM,10/10/23,21,320004,C,CITY OF DURHAM CITY COUNCIL AT-LARGE,Shelia Ann Huggins, ,3,22,0,0,0,22,Y
DURHAM,10/10/23,21,320004,C,CITY OF DURHAM CITY COUNCIL AT-LARGE,Sherri Zann Rosenthal, ,3,45,0,0,0,45,Y
DURHAM,10/10/23,21,320004,C,CITY OF DURHAM CITY COUNCIL AT-LARGE,Waldo Fenner, ,3,0,0,0,0,0,Y
DURHAM,10/10/23,22,320003,C,CITY OF DURHAM MAYOR,C. Burruss, ,1,3,0,0,0,3,Y
DURHAM,10/10/23,22,320003,C,CITY OF DURHAM MAYOR,DeDreana Freeman, ,1,35,0,0,0,35,Y
DURHAM,10/10/23,22,320003,C,CITY OF DURHAM MAYOR,Jontae Dunston, ,1,2,0,0,0,2,Y
DURHAM,10/10/23,22,320003,C,CITY OF DURHAM MAYOR,Leonardo (Leo) Williams, ,1,124,0,0,0,124,Y
DURHAM,10/10/23,22,320003,C,CITY OF DURHAM MAYOR,"Marshall Williams, Jr.", ,1,6,0,0,0,6,Y
DURHAM,10/10/23,22,320003,C,CITY OF DURHAM MAYOR,Mike Woodard, ,1,29,0,0,0,29,Y
DURHAM,10/10/23,22,320003,C,CITY OF DURHAM MAYOR,Nick Pettiford, ,1,2,0,0,0,2,Y
DURHAM,10/10/23,22,320003,C,CITY OF DURHAM MAYOR,Sylvester Williams, ,1,6,0,0,0,6,Y
DURHAM,10/10/23,22,320004,C,CITY OF DURHAM CITY COUNCIL AT-LARGE,Bonita Green, ,3,28,0,0,0,28,Y
DURHAM,10/10/23,22,320004,C,CITY OF DURHAM CITY COUNCIL AT-LARGE,Carl Rist, ,3,83,0,0,0,83,Y
DURHAM,10/10/23,22,320004,C,CITY OF DURHAM CITY COUNCIL AT-LARGE,J. J. Campbell, ,3,8,0,0,0,8,Y
DURHAM,10/10/23,22,320004,C,CITY OF DURHAM CITY COUNCIL AT-LARGE,Javiera Caballero, ,3,96,0,0,0,96,Y
DURHAM,10/10/23,22,320004,C,CITY OF DURHAM CITY COUNCIL AT-LARGE,Khalilah Karim, ,3,94,0,0,0,94,Y
DURHAM,10/10/23,22,320004,C,CITY OF DURHAM CITY COUNCIL AT-LARGE,Monique Holsey-Hyman, ,3,59,0,0,0,59,Y
DURHAM,10/10/23,22,320004,C,CITY OF DURHAM CITY COUNCIL AT-LARGE,Nate Baker, ,3,94,0,0,0,94,Y
DURHAM,10/10/23,22,320004,C,CITY OF DURHAM CITY COUNCIL AT-LARGE,Renee J. Vaughan, ,3,13,0,0,0,13,Y
DURHAM,10/10/23,22,320004,C,CITY OF DURHAM CITY COUNCIL AT-LARGE,Shanetta Burris, ,3,37,0,0,0,37,Y
DURHAM,10/10/23,22,320004,C,CITY OF DURHAM CITY COUNCIL AT-LARGE,Shelia Ann Huggins, ,3,49,0,0,0,49,Y
DURHAM,10/10/23,22,320004,C,CITY OF DURHAM CITY COUNCIL AT-LARGE,Sherri Zann Rosenthal, ,3,21,0,0,0,21,Y
DURHAM,10/10/23,22,320004,C,CITY OF DURHAM CITY COUNCIL AT-LARGE,Waldo Fenner, ,3,4,0,0,0,4,Y
DURHAM,10/10/23,23,320003,C,CITY OF DURHAM MAYOR,C. Burruss, ,1,10,0,0,0,10,Y
DURHAM,10/10/23,23,320003,C,CITY OF DURHAM MAYOR,DeDreana Freeman, ,1,58,0,0,0,58,Y
DURHAM,10/10/23,23,320003,C,CITY OF DURHAM MAYOR,Jontae Dunston, ,1,1,0,0,0,1,Y
DURHAM,10/10/23,23,320003,C,CITY OF DURHAM MAYOR,Leonardo (Leo) Williams, ,1,151,0,0,0,151,Y
DURHAM,10/10/23,23,320003,C,CITY OF DURHAM MAYOR,"Marshall Williams, Jr.", ,1,11,0,0,0,11,Y
DURHAM,10/10/23,23,320003,C,CITY OF DURHAM MAYOR,Mike Woodard, ,1,60,0,0,0,60,Y
DURHAM,10/10/23,23,320003,C,CITY OF DURHAM MAYOR,Nick Pettiford, ,1,3,0,0,0,3,Y
DURHAM,10/10/23,23,320003,C,CITY OF DURHAM MAYOR,Sylvester Williams, ,1,10,0,0,0,10,Y
DURHAM,10/10/23,23,320004,C,CITY OF DURHAM CITY COUNCIL AT-LARGE,Bonita Green, ,3,27,0,0,0,27,Y
DURHAM,10/10/23,23,320004,C,CITY OF DURHAM CITY COUNCIL AT-LARGE,Carl Rist, ,3,80,0,0,0,80,Y
DURHAM,10/10/23,23,320004,C,CITY OF DURHAM CITY COUNCIL AT-LARGE,J. J. Campbell, ,3,14,0,0,0,14,Y
DURHAM,10/10/23,23,320004,C,CITY OF DURHAM CITY COUNCIL AT-LARGE,Javiera Caballero, ,3,100,0,0,0,100,Y
DURHAM,10/10/23,23,320004,C,CITY OF DURHAM CITY COUNCIL AT-LARGE,Khalilah Karim, ,3,92,0,0,0,92,Y
DURHAM,10/10/23,23,320004,C,CITY OF DURHAM CITY COUNCIL AT-LARGE,Monique Holsey-Hyman, ,3,87,0,0,0,87,Y
DURHAM,10/10/23,23,320004,C,CITY OF DURHAM CITY COUNCIL AT-LARGE,Nate Baker, ,3,166,0,0,0,166,Y
DURHAM,10/10/23,23,320004,C,CITY OF DURHAM CITY COUNCIL AT-LARGE,Renee J. Vaughan, ,3,57,0,0,0,57,Y
DURHAM,10/10/23,23,320004,C,CITY OF DURHAM CITY COUNCIL AT-LARGE,Shanetta Burris, ,3,116,0,0,0,116,Y
DURHAM,10/10/23,23,320004,C,CITY OF DURHAM CITY COUNCIL AT-LARGE,Shelia Ann Huggins, ,3,97,0,0,0,97,Y
DURHAM,10/10/23,23,320004,C,CITY OF DURHAM CITY COUNCIL AT-LARGE,Sherri Zann Rosenthal, ,3,27,0,0,0,27,Y
DURHAM,10/10/23,23,320004,C,CITY OF DURHAM CITY COUNCIL AT-LARGE,Waldo Fenner, ,3,2,0,0,0,2,Y
DURHAM,10/10/23,24,320003,C,CITY OF DURHAM MAYOR,C. Burruss, ,1,0,0,0,0,0,Y
DURHAM,10/10/23,24,320003,C,CITY OF DURHAM MAYOR,DeDreana Freeman, ,1,25,0,0,0,25,Y
DURHAM,10/10/23,24,320003,C,CITY OF DURHAM MAYOR,Jontae Dunston, ,1,0,0,0,0,0,Y
DURHAM,10/10/23,24,320003,C,CITY OF DURHAM MAYOR,Leonardo (Leo) Williams, ,1,104,0,0,0,104,Y
DURHAM,10/10/23,24,320003,C,CITY OF DURHAM MAYOR,"Marshall Williams, Jr.", ,1,7,0,0,0,7,Y
DURHAM,10/10/23,24,320003,C,CITY OF DURHAM MAYOR,Mike Woodard, ,1,116,0,0,0,116,Y
DURHAM,10/10/23,24,320003,C,CITY OF DURHAM MAYOR,Nick Pettiford, ,1,0,0,0,0,0,Y
DURHAM,10/10/23,24,320003,C,CITY OF DURHAM MAYOR,Sylvester Williams, ,1,9,0,0,0,9,Y
DURHAM,10/10/23,24,320004,C,CITY OF DURHAM CITY COUNCIL AT-LARGE,Bonita Green, ,3,14,0,0,0,14,Y
DURHAM,10/10/23,24,320004,C,CITY OF DURHAM CITY COUNCIL AT-LARGE,Carl Rist, ,3,164,0,0,0,164,Y
DURHAM,10/10/23,24,320004,C,CITY OF DURHAM CITY COUNCIL AT-LARGE,J. J. Campbell, ,3,7,0,0,0,7,Y
DURHAM,10/10/23,24,320004,C,CITY OF DURHAM CITY COUNCIL AT-LARGE,Javiera Caballero, ,3,129,0,0,0,129,Y
DURHAM,10/10/23,24,320004,C,CITY OF DURHAM CITY COUNCIL AT-LARGE,Khalilah Karim, ,3,92,0,0,0,92,Y
DURHAM,10/10/23,24,320004,C,CITY OF DURHAM CITY COUNCIL AT-LARGE,Monique Holsey-Hyman, ,3,33,0,0,0,33,Y
DURHAM,10/10/23,24,320004,C,CITY OF DURHAM CITY COUNCIL AT-LARGE,Nate Baker, ,3,117,0,0,0,117,Y
DURHAM,10/10/23,24,320004,C,CITY OF DURHAM CITY COUNCIL AT-LARGE,Renee J. Vaughan, ,3,15,0,0,0,15,Y
DURHAM,10/10/23,24,320004,C,CITY OF DURHAM CITY COUNCIL AT-LARGE,Shanetta Burris, ,3,28,0,0,0,28,Y
DURHAM,10/10/23,24,320004,C,CITY OF DURHAM CITY COUNCIL AT-LARGE,Shelia Ann Huggins, ,3,56,0,0,0,56,Y
DURHAM,10/10/23,24,320004,C,CITY OF DURHAM CITY COUNCIL AT-LARGE,Sherri Zann Rosenthal, ,3,42,0,0,0,42,Y
DURHAM,10/10/23,24,320004,C,CITY OF DURHAM CITY COUNCIL AT-LARGE,Waldo Fenner, ,3,3,0,0,0,3,Y
DURHAM,10/10/23,25,320003,C,CITY OF DURHAM MAYOR,C. Burruss, ,1,0,0,0,0,0,Y
DURHAM,10/10/23,25,320003,C,CITY OF DURHAM MAYOR,DeDreana Freeman, ,1,2,0,0,0,2,Y
DURHAM,10/10/23,25,320003,C,CITY OF DURHAM MAYOR,Jontae Dunston, ,1,0,0,0,0,0,Y
DURHAM,10/10/23,25,320003,C,CITY OF DURHAM MAYOR,Leonardo (Leo) Williams, ,1,6,0,0,0,6,Y
DURHAM,10/10/23,25,320003,C,CITY OF DURHAM MAYOR,"Marshall Williams, Jr.", ,1,0,0,0,0,0,Y
DURHAM,10/10/23,25,320003,C,CITY OF DURHAM MAYOR,Mike Woodard, ,1,15,0,0,0,15,Y
DURHAM,10/10/23,25,320003,C,CITY OF DURHAM MAYOR,Nick Pettiford, ,1,1,0,0,0,1,Y
DURHAM,10/10/23,25,320003,C,CITY OF DURHAM MAYOR,Sylvester Williams, ,1,0,0,0,0,0,Y
DURHAM,10/10/23,25,320004,C,CITY OF DURHAM CITY COUNCIL AT-LARGE,Bonita Green, ,3,3,0,0,0,3,Y
DURHAM,10/10/23,25,320004,C,CITY OF DURHAM CITY COUNCIL AT-LARGE,Carl Rist, ,3,12,0,0,0,12,Y
DURHAM,10/10/23,25,320004,C,CITY OF DURHAM CITY COUNCIL AT-LARGE,J. J. Campbell, ,3,0,0,0,0,0,Y
DURHAM,10/10/23,25,320004,C,CITY OF DURHAM CITY COUNCIL AT-LARGE,Javiera Caballero, ,3,9,0,0,0,9,Y
DURHAM,10/10/23,25,320004,C,CITY OF DURHAM CITY COUNCIL AT-LARGE,Khalilah Karim, ,3,7,0,0,0,7,Y
DURHAM,10/10/23,25,320004,C,CITY OF DURHAM CITY COUNCIL AT-LARGE,Monique Holsey-Hyman, ,3,7,0,0,0,7,Y
DURHAM,10/10/23,25,320004,C,CITY OF DURHAM CITY COUNCIL AT-LARGE,Nate Baker, ,3,13,0,0,0,13,Y
DURHAM,10/10/23,25,320004,C,CITY OF DURHAM CITY COUNCIL AT-LARGE,Renee J. Vaughan, ,3,4,0,0,0,4,Y
DURHAM,10/10/23,25,320004,C,CITY OF DURHAM CITY COUNCIL AT-LARGE,Shanetta Burris, ,3,2,0,0,0,2,Y
DURHAM,10/10/23,25,320004,C,CITY OF DURHAM CITY COUNCIL AT-LARGE,Shelia Ann Huggins, ,3,9,0,0,0,9,Y
DURHAM,10/10/23,25,320004,C,CITY OF DURHAM CITY COUNCIL AT-LARGE,Sherri Zann Rosenthal, ,3,0,0,0,0,0,Y
DURHAM,10/10/23,25,320004,C,CITY OF DURHAM CITY COUNCIL AT-LARGE,Waldo Fenner, ,3,1,0,0,0,1,Y
DURHAM,10/10/23,27,320003,C,CITY OF DURHAM MAYOR,C. Burruss, ,1,0,0,0,0,0,Y
DURHAM,10/10/23,27,320003,C,CITY OF DURHAM MAYOR,DeDreana Freeman, ,1,9,0,0,0,9,Y
DURHAM,10/10/23,27,320003,C,CITY OF DURHAM MAYOR,Jontae Dunston, ,1,0,0,0,0,0,Y
DURHAM,10/10/23,27,320003,C,CITY OF DURHAM MAYOR,Leonardo (Leo) Williams, ,1,40,0,0,0,40,Y
DURHAM,10/10/23,27,320003,C,CITY OF DURHAM MAYOR,"Marshall Williams, Jr.", ,1,3,0,0,0,3,Y
DURHAM,10/10/23,27,320003,C,CITY OF DURHAM MAYOR,Mike Woodard, ,1,17,0,0,0,17,Y
DURHAM,10/10/23,27,320003,C,CITY OF DURHAM MAYOR,Nick Pettiford, ,1,0,0,0,0,0,Y
DURHAM,10/10/23,27,320003,C,CITY OF DURHAM MAYOR,Sylvester Williams, ,1,0,0,0,0,0,Y
DURHAM,10/10/23,27,320004,C,CITY OF DURHAM CITY COUNCIL AT-LARGE,Bonita Green, ,3,7,0,0,0,7,Y
DURHAM,10/10/23,27,320004,C,CITY OF DURHAM CITY COUNCIL AT-LARGE,Carl Rist, ,3,42,0,0,0,42,Y
DURHAM,10/10/23,27,320004,C,CITY OF DURHAM CITY COUNCIL AT-LARGE,J. J. Campbell, ,3,2,0,0,0,2,Y
DURHAM,10/10/23,27,320004,C,CITY OF DURHAM CITY COUNCIL AT-LARGE,Javiera Caballero, ,3,47,0,0,0,47,Y
DURHAM,10/10/23,27,320004,C,CITY OF DURHAM CITY COUNCIL AT-LARGE,Khalilah Karim, ,3,24,0,0,0,24,Y
DURHAM,10/10/23,27,320004,C,CITY OF DURHAM CITY COUNCIL AT-LARGE,Monique Holsey-Hyman, ,3,11,0,0,0,11,Y
DURHAM,10/10/23,27,320004,C,CITY OF DURHAM CITY COUNCIL AT-LARGE,Nate Baker, ,3,35,0,0,0,35,Y
DURHAM,10/10/23,27,320004,C,CITY OF DURHAM CITY COUNCIL AT-LARGE,Renee J. Vaughan, ,3,1,0,0,0,1,Y
DURHAM,10/10/23,27,320004,C,CITY OF DURHAM CITY COUNCIL AT-LARGE,Shanetta Burris, ,3,6,0,0,0,6,Y
DURHAM,10/10/23,27,320004,C,CITY OF DURHAM CITY COUNCIL AT-LARGE,Shelia Ann Huggins, ,3,12,0,0,0,12,Y
DURHAM,10/10/23,27,320004,C,CITY OF DURHAM CITY COUNCIL AT-LARGE,Sherri Zann Rosenthal, ,3,6,0,0,0,6,Y
DURHAM,10/10/23,27,320004,C,CITY OF DURHAM CITY COUNCIL AT-LARGE,Waldo Fenner, ,3,0,0,0,0,0,Y
DURHAM,10/10/23,28,320003,C,CITY OF DURHAM MAYOR,C. Burruss, ,1,0,0,0,0,0,Y
DURHAM,10/10/23,28,320003,C,CITY OF DURHAM MAYOR,DeDreana Freeman, ,1,6,0,0,0,6,Y
DURHAM,10/10/23,28,320003,C,CITY OF DURHAM MAYOR,Jontae Dunston, ,1,0,0,0,0,0,Y
DURHAM,10/10/23,28,320003,C,CITY OF DURHAM MAYOR,Leonardo (Leo) Williams, ,1,23,0,0,0,23,Y
DURHAM,10/10/23,28,320003,C,CITY OF DURHAM MAYOR,"Marshall Williams, Jr.", ,1,6,0,0,0,6,Y
DURHAM,10/10/23,28,320003,C,CITY OF DURHAM MAYOR,Mike Woodard, ,1,29,0,0,0,29,Y
DURHAM,10/10/23,28,320003,C,CITY OF DURHAM MAYOR,Nick Pettiford, ,1,0,0,0,0,0,Y
DURHAM,10/10/23,28,320003,C,CITY OF DURHAM MAYOR,Sylvester Williams, ,1,2,0,0,0,2,Y
DURHAM,10/10/23,28,320004,C,CITY OF DURHAM CITY COUNCIL AT-LARGE,Bonita Green, ,3,5,0,0,0,5,Y
DURHAM,10/10/23,28,320004,C,CITY OF DURHAM CITY COUNCIL AT-LARGE,Carl Rist, ,3,35,0,0,0,35,Y
DURHAM,10/10/23,28,320004,C,CITY OF DURHAM CITY COUNCIL AT-LARGE,J. J. Campbell, ,3,4,0,0,0,4,Y
DURHAM,10/10/23,28,320004,C,CITY OF DURHAM CITY COUNCIL AT-LARGE,Javiera Caballero, ,3,36,0,0,0,36,Y
DURHAM,10/10/23,28,320004,C,CITY OF DURHAM CITY COUNCIL AT-LARGE,Khalilah Karim, ,3,16,0,0,0,16,Y
DURHAM,10/10/23,28,320004,C,CITY OF DURHAM CITY COUNCIL AT-LARGE,Monique Holsey-Hyman, ,3,7,0,0,0,7,Y
DURHAM,10/10/23,28,320004,C,CITY OF DURHAM CITY COUNCIL AT-LARGE,Nate Baker, ,3,28,0,0,0,28,Y
DURHAM,10/10/23,28,320004,C,CITY OF DURHAM CITY COUNCIL AT-LARGE,Renee J. Vaughan, ,3,2,0,0,0,2,Y
DURHAM,10/10/23,28,320004,C,CITY OF DURHAM CITY COUNCIL AT-LARGE,Shanetta Burris, ,3,10,0,0,0,10,Y
DURHAM,10/10/23,28,320004,C,CITY OF DURHAM CITY COUNCIL AT-LARGE,Shelia Ann Huggins, ,3,13,0,0,0,13,Y
DURHAM,10/10/23,28,320004,C,CITY OF DURHAM CITY COUNCIL AT-LARGE,Sherri Zann Rosenthal, ,3,18,0,0,0,18,Y
DURHAM,10/10/23,28,320004,C,CITY OF DURHAM CITY COUNCIL AT-LARGE,Waldo Fenner, ,3,0,0,0,0,0,Y
DURHAM,10/10/23,29,320003,C,CITY OF DURHAM MAYOR,C. Burruss, ,1,5,0,0,0,5,Y
DURHAM,10/10/23,29,320003,C,CITY OF DURHAM MAYOR,DeDreana Freeman, ,1,27,0,0,0,27,Y
DURHAM,10/10/23,29,320003,C,CITY OF DURHAM MAYOR,Jontae Dunston, ,1,0,0,0,0,0,Y
DURHAM,10/10/23,29,320003,C,CITY OF DURHAM MAYOR,Leonardo (Leo) Williams, ,1,47,0,0,0,47,Y
DURHAM,10/10/23,29,320003,C,CITY OF DURHAM MAYOR,"Marshall Williams, Jr.", ,1,1,0,0,0,1,Y
DURHAM,10/10/23,29,320003,C,CITY OF DURHAM MAYOR,Mike Woodard, ,1,12,0,0,0,12,Y
DURHAM,10/10/23,29,320003,C,CITY OF DURHAM MAYOR,Nick Pettiford, ,1,3,0,0,0,3,Y
DURHAM,10/10/23,29,320003,C,CITY OF DURHAM MAYOR,Sylvester Williams, ,1,3,0,0,0,3,Y
DURHAM,10/10/23,29,320004,C,CITY OF DURHAM CITY COUNCIL AT-LARGE,Bonita Green, ,3,29,0,0,0,29,Y
DURHAM,10/10/23,29,320004,C,CITY OF DURHAM CITY COUNCIL AT-LARGE,Carl Rist, ,3,19,0,0,0,19,Y
DURHAM,10/10/23,29,320004,C,CITY OF DURHAM CITY COUNCIL AT-LARGE,J. J. Campbell, ,3,7,0,0,0,7,Y
DURHAM,10/10/23,29,320004,C,CITY OF DURHAM CITY COUNCIL AT-LARGE,Javiera Caballero, ,3,26,0,0,0,26,Y
DURHAM,10/10/23,29,320004,C,CITY OF DURHAM CITY COUNCIL AT-LARGE,Khalilah Karim, ,3,21,0,0,0,21,Y
DURHAM,10/10/23,29,320004,C,CITY OF DURHAM CITY COUNCIL AT-LARGE,Monique Holsey-Hyman, ,3,44,0,0,0,44,Y
DURHAM,10/10/23,29,320004,C,CITY OF DURHAM CITY COUNCIL AT-LARGE,Nate Baker, ,3,47,0,0,0,47,Y
DURHAM,10/10/23,29,320004,C,CITY OF DURHAM CITY COUNCIL AT-LARGE,Renee J. Vaughan, ,3,15,0,0,0,15,Y
DURHAM,10/10/23,29,320004,C,CITY OF DURHAM CITY COUNCIL AT-LARGE,Shanetta Burris, ,3,26,0,0,0,26,Y
DURHAM,10/10/23,29,320004,C,CITY OF DURHAM CITY COUNCIL AT-LARGE,Shelia Ann Huggins, ,3,44,0,0,0,44,Y
DURHAM,10/10/23,29,320004,C,CITY OF DURHAM CITY COUNCIL AT-LARGE,Sherri Zann Rosenthal, ,3,7,0,0,0,7,Y
DURHAM,10/10/23,29,320004,C,CITY OF DURHAM CITY COUNCIL AT-LARGE,Waldo Fenner, ,3,1,0,0,0,1,Y
DURHAM,10/10/23,30-2,320003,C,CITY OF DURHAM MAYOR,C. Burruss, ,1,4,0,0,0,4,Y
DURHAM,10/10/23,30-2,320003,C,CITY OF DURHAM MAYOR,DeDreana Freeman, ,1,56,0,0,0,56,Y
DURHAM,10/10/23,30-2,320003,C,CITY OF DURHAM MAYOR,Jontae Dunston, ,1,0,0,0,0,0,Y
DURHAM,10/10/23,30-2,320003,C,CITY OF DURHAM MAYOR,Leonardo (Leo) Williams, ,1,130,0,0,0,130,Y
DURHAM,10/10/23,30-2,320003,C,CITY OF DURHAM MAYOR,"Marshall Williams, Jr.", ,1,10,0,0,0,10,Y
DURHAM,10/10/23,30-2,320003,C,CITY OF DURHAM MAYOR,Mike Woodard, ,1,27,0,0,0,27,Y
DURHAM,10/10/23,30-2,320003,C,CITY OF DURHAM MAYOR,Nick Pettiford, ,1,9,0,0,0,9,Y
DURHAM,10/10/23,30-2,320003,C,CITY OF DURHAM MAYOR,Sylvester Williams, ,1,2,0,0,0,2,Y
DURHAM,10/10/23,30-2,320004,C,CITY OF DURHAM CITY COUNCIL AT-LARGE,Bonita Green, ,3,50,0,0,0,50,Y
DURHAM,10/10/23,30-2,320004,C,CITY OF DURHAM CITY COUNCIL AT-LARGE,Carl Rist, ,3,49,0,0,0,49,Y
DURHAM,10/10/23,30-2,320004,C,CITY OF DURHAM CITY COUNCIL AT-LARGE,J. J. Campbell, ,3,13,0,0,0,13,Y
DURHAM,10/10/23,30-2,320004,C,CITY OF DURHAM CITY COUNCIL AT-LARGE,Javiera Caballero, ,3,73,0,0,0,73,Y
DURHAM,10/10/23,30-2,320004,C,CITY OF DURHAM CITY COUNCIL AT-LARGE,Khalilah Karim, ,3,68,0,0,0,68,Y
DURHAM,10/10/23,30-2,320004,C,CITY OF DURHAM CITY COUNCIL AT-LARGE,Monique Holsey-Hyman, ,3,104,0,0,0,104,Y
DURHAM,10/10/23,30-2,320004,C,CITY OF DURHAM CITY COUNCIL AT-LARGE,Nate Baker, ,3,98,0,0,0,98,Y
DURHAM,10/10/23,30-2,320004,C,CITY OF DURHAM CITY COUNCIL AT-LARGE,Renee J. Vaughan, ,3,24,0,0,0,24,Y
DURHAM,10/10/23,30-2,320004,C,CITY OF DURHAM CITY COUNCIL AT-LARGE,Shanetta Burris, ,3,61,0,0,0,61,Y
DURHAM,10/10/23,30-2,320004,C,CITY OF DURHAM CITY COUNCIL AT-LARGE,Shelia Ann Huggins, ,3,98,0,0,0,98,Y
DURHAM,10/10/23,30-2,320004,C,CITY OF DURHAM CITY COUNCIL AT-LARGE,Sherri Zann Rosenthal, ,3,22,0,0,0,22,Y
DURHAM,10/10/23,30-2,320004,C,CITY OF DURHAM CITY COUNCIL AT-LARGE,Waldo Fenner, ,3,7,0,0,0,7,Y
DURHAM,10/10/23,30-3,320003,C,CITY OF DURHAM MAYOR,C. Burruss, ,1,4,0,0,0,4,Y
DURHAM,10/10/23,30-3,320003,C,CITY OF DURHAM MAYOR,DeDreana Freeman, ,1,43,0,0,0,43,Y
DURHAM,10/10/23,30-3,320003,C,CITY OF DURHAM MAYOR,Jontae Dunston, ,1,2,0,0,0,2,Y
DURHAM,10/10/23,30-3,320003,C,CITY OF DURHAM MAYOR,Leonardo (Leo) Williams, ,1,97,0,0,0,97,Y
DURHAM,10/10/23,30-3,320003,C,CITY OF DURHAM MAYOR,"Marshall Williams, Jr.", ,1,17,0,0,0,17,Y
DURHAM,10/10/23,30-3,320003,C,CITY OF DURHAM MAYOR,Mike Woodard, ,1,26,0,0,0,26,Y
DURHAM,10/10/23,30-3,320003,C,CITY OF DURHAM MAYOR,Nick Pettiford, ,1,5,0,0,0,5,Y
DURHAM,10/10/23,30-3,320003,C,CITY OF DURHAM MAYOR,Sylvester Williams, ,1,6,0,0,0,6,Y
DURHAM,10/10/23,30-3,320004,C,CITY OF DURHAM CITY COUNCIL AT-LARGE,Bonita Green, ,3,47,0,0,0,47,Y
DURHAM,10/10/23,30-3,320004,C,CITY OF DURHAM CITY COUNCIL AT-LARGE,Carl Rist, ,3,50,0,0,0,50,Y
DURHAM,10/10/23,30-3,320004,C,CITY OF DURHAM CITY COUNCIL AT-LARGE,J. J. Campbell, ,3,10,0,0,0,10,Y
DURHAM,10/10/23,30-3,320004,C,CITY OF DURHAM CITY COUNCIL AT-LARGE,Javiera Caballero, ,3,61,0,0,0,61,Y
DURHAM,10/10/23,30-3,320004,C,CITY OF DURHAM CITY COUNCIL AT-LARGE,Khalilah Karim, ,3,68,0,0,0,68,Y
DURHAM,10/10/23,30-3,320004,C,CITY OF DURHAM CITY COUNCIL AT-LARGE,Monique Holsey-Hyman, ,3,62,0,0,0,62,Y
DURHAM,10/10/23,30-3,320004,C,CITY OF DURHAM CITY COUNCIL AT-LARGE,Nate Baker, ,3,82,0,0,0,82,Y
DURHAM,10/10/23,30-3,320004,C,CITY OF DURHAM CITY COUNCIL AT-LARGE,Renee J. Vaughan, ,3,23,0,0,0,23,Y
DURHAM,10/10/23,30-3,320004,C,CITY OF DURHAM CITY COUNCIL AT-LARGE,Shanetta Burris, ,3,62,0,0,0,62,Y
DURHAM,10/10/23,30-3,320004,C,CITY OF DURHAM CITY COUNCIL AT-LARGE,Shelia Ann Huggins, ,3,58,0,0,0,58,Y
DURHAM,10/10/23,30-3,320004,C,CITY OF DURHAM CITY COUNCIL AT-LARGE,Sherri Zann Rosenthal, ,3,16,0,0,0,16,Y
DURHAM,10/10/23,30-3,320004,C,CITY OF DURHAM CITY COUNCIL AT-LARGE,Waldo Fenner, ,3,7,0,0,0,7,Y
DURHAM,10/10/23,30-4,320003,C,CITY OF DURHAM MAYOR,C. Burruss, ,1,5,0,0,0,5,Y
DURHAM,10/10/23,30-4,320003,C,CITY OF DURHAM MAYOR,DeDreana Freeman, ,1,81,0,0,0,81,Y
DURHAM,10/10/23,30-4,320003,C,CITY OF DURHAM MAYOR,Jontae Dunston, ,1,3,0,0,0,3,Y
DURHAM,10/10/23,30-4,320003,C,CITY OF DURHAM MAYOR,Leonardo (Leo) Williams, ,1,97,0,0,0,97,Y
DURHAM,10/10/23,30-4,320003,C,CITY OF DURHAM MAYOR,"Marshall Williams, Jr.", ,1,12,0,0,0,12,Y
DURHAM,10/10/23,30-4,320003,C,CITY OF DURHAM MAYOR,Mike Woodard, ,1,41,0,0,0,41,Y
DURHAM,10/10/23,30-4,320003,C,CITY OF DURHAM MAYOR,Nick Pettiford, ,1,3,0,0,0,3,Y
DURHAM,10/10/23,30-4,320003,C,CITY OF DURHAM MAYOR,Sylvester Williams, ,1,4,0,0,0,4,Y
DURHAM,10/10/23,30-4,320004,C,CITY OF DURHAM CITY COUNCIL AT-LARGE,Bonita Green, ,3,44,0,0,0,44,Y
DURHAM,10/10/23,30-4,320004,C,CITY OF DURHAM CITY COUNCIL AT-LARGE,Carl Rist, ,3,67,0,0,0,67,Y
DURHAM,10/10/23,30-4,320004,C,CITY OF DURHAM CITY COUNCIL AT-LARGE,J. J. Campbell, ,3,19,0,0,0,19,Y
DURHAM,10/10/23,30-4,320004,C,CITY OF DURHAM CITY COUNCIL AT-LARGE,Javiera Caballero, ,3,81,0,0,0,81,Y
DURHAM,10/10/23,30-4,320004,C,CITY OF DURHAM CITY COUNCIL AT-LARGE,Khalilah Karim, ,3,69,0,0,0,69,Y
DURHAM,10/10/23,30-4,320004,C,CITY OF DURHAM CITY COUNCIL AT-LARGE,Monique Holsey-Hyman, ,3,101,0,0,0,101,Y
DURHAM,10/10/23,30-4,320004,C,CITY OF DURHAM CITY COUNCIL AT-LARGE,Nate Baker, ,3,100,0,0,0,100,Y
DURHAM,10/10/23,30-4,320004,C,CITY OF DURHAM CITY COUNCIL AT-LARGE,Renee J. Vaughan, ,3,23,0,0,0,23,Y
DURHAM,10/10/23,30-4,320004,C,CITY OF DURHAM CITY COUNCIL AT-LARGE,Shanetta Burris, ,3,92,0,0,0,92,Y
DURHAM,10/10/23,30-4,320004,C,CITY OF DURHAM CITY COUNCIL AT-LARGE,Shelia Ann Huggins, ,3,70,0,0,0,70,Y
DURHAM,10/10/23,30-4,320004,C,CITY OF DURHAM CITY COUNCIL AT-LARGE,Sherri Zann Rosenthal, ,3,19,0,0,0,19,Y
DURHAM,10/10/23,30-4,320004,C,CITY OF DURHAM CITY COUNCIL AT-LARGE,Waldo Fenner, ,3,3,0,0,0,3,Y
DURHAM,10/10/23,31,320003,C,CITY OF DURHAM MAYOR,C. Burruss, ,1,2,0,0,0,2,Y
DURHAM,10/10/23,31,320003,C,CITY OF DURHAM MAYOR,DeDreana Freeman, ,1,36,0,0,0,36,Y
DURHAM,10/10/23,31,320003,C,CITY OF DURHAM MAYOR,Jontae Dunston, ,1,3,0,0,0,3,Y
DURHAM,10/10/23,31,320003,C,CITY OF DURHAM MAYOR,Leonardo (Leo) Williams, ,1,109,0,0,0,109,Y
DURHAM,10/10/23,31,320003,C,CITY OF DURHAM MAYOR,"Marshall Williams, Jr.", ,1,4,0,0,0,4,Y
DURHAM,10/10/23,31,320003,C,CITY OF DURHAM MAYOR,Mike Woodard, ,1,55,0,0,0,55,Y
DURHAM,10/10/23,31,320003,C,CITY OF DURHAM MAYOR,Nick Pettiford, ,1,1,0,0,0,1,Y
DURHAM,10/10/23,31,320003,C,CITY OF DURHAM MAYOR,Sylvester Williams, ,1,7,0,0,0,7,Y
DURHAM,10/10/23,31,320004,C,CITY OF DURHAM CITY COUNCIL AT-LARGE,Bonita Green, ,3,17,0,0,0,17,Y
DURHAM,10/10/23,31,320004,C,CITY OF DURHAM CITY COUNCIL AT-LARGE,Carl Rist, ,3,61,0,0,0,61,Y
DURHAM,10/10/23,31,320004,C,CITY OF DURHAM CITY COUNCIL AT-LARGE,J. J. Campbell, ,3,18,0,0,0,18,Y
DURHAM,10/10/23,31,320004,C,CITY OF DURHAM CITY COUNCIL AT-LARGE,Javiera Caballero, ,3,69,0,0,0,69,Y
DURHAM,10/10/23,31,320004,C,CITY OF DURHAM CITY COUNCIL AT-LARGE,Khalilah Karim, ,3,49,0,0,0,49,Y
DURHAM,10/10/23,31,320004,C,CITY OF DURHAM CITY COUNCIL AT-LARGE,Monique Holsey-Hyman, ,3,88,0,0,0,88,Y
DURHAM,10/10/23,31,320004,C,CITY OF DURHAM CITY COUNCIL AT-LARGE,Nate Baker, ,3,127,0,0,0,127,Y
DURHAM,10/10/23,31,320004,C,CITY OF DURHAM CITY COUNCIL AT-LARGE,Renee J. Vaughan, ,3,14,0,0,0,14,Y
DURHAM,10/10/23,31,320004,C,CITY OF DURHAM CITY COUNCIL AT-LARGE,Shanetta Burris, ,3,40,0,0,0,40,Y
DURHAM,10/10/23,31,320004,C,CITY OF DURHAM CITY COUNCIL AT-LARGE,Shelia Ann Huggins, ,3,93,0,0,0,93,Y
DURHAM,10/10/23,31,320004,C,CITY OF DURHAM CITY COUNCIL AT-LARGE,Sherri Zann Rosenthal, ,3,25,0,0,0,25,Y
DURHAM,10/10/23,31,320004,C,CITY OF DURHAM CITY COUNCIL AT-LARGE,Waldo Fenner, ,3,2,0,0,0,2,Y
DURHAM,10/10/23,32,320003,C,CITY OF DURHAM MAYOR,C. Burruss, ,1,4,0,0,0,4,Y
DURHAM,10/10/23,32,320003,C,CITY OF DURHAM MAYOR,DeDreana Freeman, ,1,14,0,0,0,14,Y
DURHAM,10/10/23,32,320003,C,CITY OF DURHAM MAYOR,Jontae Dunston, ,1,0,0,0,0,0,Y
DURHAM,10/10/23,32,320003,C,CITY OF DURHAM MAYOR,Leonardo (Leo) Williams, ,1,34,0,0,0,34,Y
DURHAM,10/10/23,32,320003,C,CITY OF DURHAM MAYOR,"Marshall Williams, Jr.", ,1,5,0,0,0,5,Y
DURHAM,10/10/23,32,320003,C,CITY OF DURHAM MAYOR,Mike Woodard, ,1,74,0,0,0,74,Y
DURHAM,10/10/23,32,320003,C,CITY OF DURHAM MAYOR,Nick Pettiford, ,1,0,0,0,0,0,Y
DURHAM,10/10/23,32,320003,C,CITY OF DURHAM MAYOR,Sylvester Williams, ,1,1,0,0,0,1,Y
DURHAM,10/10/23,32,320004,C,CITY OF DURHAM CITY COUNCIL AT-LARGE,Bonita Green, ,3,52,0,0,0,52,Y
DURHAM,10/10/23,32,320004,C,CITY OF DURHAM CITY COUNCIL AT-LARGE,Carl Rist, ,3,28,0,0,0,28,Y
DURHAM,10/10/23,32,320004,C,CITY OF DURHAM CITY COUNCIL AT-LARGE,J. J. Campbell, ,3,7,0,0,0,7,Y
DURHAM,10/10/23,32,320004,C,CITY OF DURHAM CITY COUNCIL AT-LARGE,Javiera Caballero, ,3,35,0,0,0,35,Y
DURHAM,10/10/23,32,320004,C,CITY OF DURHAM CITY COUNCIL AT-LARGE,Khalilah Karim, ,3,13,0,0,0,13,Y
DURHAM,10/10/23,32,320004,C,CITY OF DURHAM CITY COUNCIL AT-LARGE,Monique Holsey-Hyman, ,3,61,0,0,0,61,Y
DURHAM,10/10/23,32,320004,C,CITY OF DURHAM CITY COUNCIL AT-LARGE,Nate Baker, ,3,97,0,0,0,97,Y
DURHAM,10/10/23,32,320004,C,CITY OF DURHAM CITY COUNCIL AT-LARGE,Renee J. Vaughan, ,3,3,0,0,0,3,Y
DURHAM,10/10/23,32,320004,C,CITY OF DURHAM CITY COUNCIL AT-LARGE,Shanetta Burris, ,3,8,0,0,0,8,Y
DURHAM,10/10/23,32,320004,C,CITY OF DURHAM CITY COUNCIL AT-LARGE,Shelia Ann Huggins, ,3,56,0,0,0,56,Y
DURHAM,10/10/23,32,320004,C,CITY OF DURHAM CITY COUNCIL AT-LARGE,Sherri Zann Rosenthal, ,3,25,0,0,0,25,Y
DURHAM,10/10/23,32,320004,C,CITY OF DURHAM CITY COUNCIL AT-LARGE,Waldo Fenner, ,3,2,0,0,0,2,Y
DURHAM,10/10/23,33-1,320003,C,CITY OF DURHAM MAYOR,C. Burruss, ,1,4,0,0,0,4,Y
DURHAM,10/10/23,33-1,320003,C,CITY OF DURHAM MAYOR,DeDreana Freeman, ,1,21,0,0,0,21,Y
DURHAM,10/10/23,33-1,320003,C,CITY OF DURHAM MAYOR,Jontae Dunston, ,1,0,0,0,0,0,Y
DURHAM,10/10/23,33-1,320003,C,CITY OF DURHAM MAYOR,Leonardo (Leo) Williams, ,1,58,0,0,0,58,Y
DURHAM,10/10/23,33-1,320003,C,CITY OF DURHAM MAYOR,"Marshall Williams, Jr.", ,1,7,0,0,0,7,Y
DURHAM,10/10/23,33-1,320003,C,CITY OF DURHAM MAYOR,Mike Woodard, ,1,24,0,0,0,24,Y
DURHAM,10/10/23,33-1,320003,C,CITY OF DURHAM MAYOR,Nick Pettiford, ,1,2,0,0,0,2,Y
DURHAM,10/10/23,33-1,320003,C,CITY OF DURHAM MAYOR,Sylvester Williams, ,1,0,0,0,0,0,Y
DURHAM,10/10/23,33-1,320004,C,CITY OF DURHAM CITY COUNCIL AT-LARGE,Bonita Green, ,3,14,0,0,0,14,Y
DURHAM,10/10/23,33-1,320004,C,CITY OF DURHAM CITY COUNCIL AT-LARGE,Carl Rist, ,3,28,0,0,0,28,Y
DURHAM,10/10/23,33-1,320004,C,CITY OF DURHAM CITY COUNCIL AT-LARGE,J. J. Campbell, ,3,4,0,0,0,4,Y
DURHAM,10/10/23,33-1,320004,C,CITY OF DURHAM CITY COUNCIL AT-LARGE,Javiera Caballero, ,3,48,0,0,0,48,Y
DURHAM,10/10/23,33-1,320004,C,CITY OF DURHAM CITY COUNCIL AT-LARGE,Khalilah Karim, ,3,28,0,0,0,28,Y
DURHAM,10/10/23,33-1,320004,C,CITY OF DURHAM CITY COUNCIL AT-LARGE,Monique Holsey-Hyman, ,3,41,0,0,0,41,Y
DURHAM,10/10/23,33-1,320004,C,CITY OF DURHAM CITY COUNCIL AT-LARGE,Nate Baker, ,3,50,0,0,0,50,Y
DURHAM,10/10/23,33-1,320004,C,CITY OF DURHAM CITY COUNCIL AT-LARGE,Renee J. Vaughan, ,3,15,0,0,0,15,Y
DURHAM,10/10/23,33-1,320004,C,CITY OF DURHAM CITY COUNCIL AT-LARGE,Shanetta Burris, ,3,28,0,0,0,28,Y
DURHAM,10/10/23,33-1,320004,C,CITY OF DURHAM CITY COUNCIL AT-LARGE,Shelia Ann Huggins, ,3,38,0,0,0,38,Y
DURHAM,10/10/23,33-1,320004,C,CITY OF DURHAM CITY COUNCIL AT-LARGE,Sherri Zann Rosenthal, ,3,18,0,0,0,18,Y
DURHAM,10/10/23,33-1,320004,C,CITY OF DURHAM CITY COUNCIL AT-LARGE,Waldo Fenner, ,3,1,0,0,0,1,Y
DURHAM,10/10/23,33-1,920001,C,TOWN OF CARY MAYOR,"Harold Weinbrecht, Jr.", ,1,0,0,0,0,0,Y
DURHAM,10/10/23,33-1,920001,C,TOWN OF CARY MAYOR,Write-In (Miscellaneous),,1,0,0,0,0,0,Y
DURHAM,10/10/23,33-1,920002,C,TOWN OF CARY TOWN COUNCIL AT-LARGE,Lori Bush, ,1,0,0,0,0,0,Y
DURHAM,10/10/23,33-1,920002,C,TOWN OF CARY TOWN COUNCIL AT-LARGE,Mary Insprucker, ,1,0,0,0,0,0,Y
DURHAM,10/10/23,33-1,920002,C,TOWN OF CARY TOWN COUNCIL AT-LARGE,Matthew Gronke, ,1,0,0,0,0,0,Y
DURHAM,10/10/23,33-1,920002,C,TOWN OF CARY TOWN COUNCIL AT-LARGE,Write-In (Miscellaneous),,1,0,0,0,0,0,Y
DURHAM,10/10/23,33-2,320003,C,CITY OF DURHAM MAYOR,C. Burruss, ,1,0,0,0,0,0,Y
DURHAM,10/10/23,33-2,320003,C,CITY OF DURHAM MAYOR,DeDreana Freeman, ,1,9,0,0,0,9,Y
DURHAM,10/10/23,33-2,320003,C,CITY OF DURHAM MAYOR,Jontae Dunston, ,1,1,0,0,0,1,Y
DURHAM,10/10/23,33-2,320003,C,CITY OF DURHAM MAYOR,Leonardo (Leo) Williams, ,1,41,0,0,0,41,Y
DURHAM,10/10/23,33-2,320003,C,CITY OF DURHAM MAYOR,"Marshall Williams, Jr.", ,1,2,0,0,0,2,Y
DURHAM,10/10/23,33-2,320003,C,CITY OF DURHAM MAYOR,Mike Woodard, ,1,12,0,0,0,12,Y
DURHAM,10/10/23,33-2,320003,C,CITY OF DURHAM MAYOR,Nick Pettiford, ,1,2,0,0,0,2,Y
DURHAM,10/10/23,33-2,320003,C,CITY OF DURHAM MAYOR,Sylvester Williams, ,1,2,0,0,0,2,Y
DURHAM,10/10/23,33-2,320004,C,CITY OF DURHAM CITY COUNCIL AT-LARGE,Bonita Green, ,3,9,0,0,0,9,Y
DURHAM,10/10/23,33-2,320004,C,CITY OF DURHAM CITY COUNCIL AT-LARGE,Carl Rist, ,3,25,0,0,0,25,Y
DURHAM,10/10/23,33-2,320004,C,CITY OF DURHAM CITY COUNCIL AT-LARGE,J. J. Campbell, ,3,4,0,0,0,4,Y
DURHAM,10/10/23,33-2,320004,C,CITY OF DURHAM CITY COUNCIL AT-LARGE,Javiera Caballero, ,3,28,0,0,0,28,Y
DURHAM,10/10/23,33-2,320004,C,CITY OF DURHAM CITY COUNCIL AT-LARGE,Khalilah Karim, ,3,18,0,0,0,18,Y
DURHAM,10/10/23,33-2,320004,C,CITY OF DURHAM CITY COUNCIL AT-LARGE,Monique Holsey-Hyman, ,3,20,0,0,0,20,Y
DURHAM,10/10/23,33-2,320004,C,CITY OF DURHAM CITY COUNCIL AT-LARGE,Nate Baker, ,3,40,0,0,0,40,Y
DURHAM,10/10/23,33-2,320004,C,CITY OF DURHAM CITY COUNCIL AT-LARGE,Renee J. Vaughan, ,3,6,0,0,0,6,Y
DURHAM,10/10/23,33-2,320004,C,CITY OF DURHAM CITY COUNCIL AT-LARGE,Shanetta Burris, ,3,16,0,0,0,16,Y
DURHAM,10/10/23,33-2,320004,C,CITY OF DURHAM CITY COUNCIL AT-LARGE,Shelia Ann Huggins, ,3,19,0,0,0,19,Y
DURHAM,10/10/23,33-2,320004,C,CITY OF DURHAM CITY COUNCIL AT-LARGE,Sherri Zann Rosenthal, ,3,5,0,0,0,5,Y
DURHAM,10/10/23,33-2,320004,C,CITY OF DURHAM CITY COUNCIL AT-LARGE,Waldo Fenner, ,3,2,0,0,0,2,Y
DURHAM,10/10/23,34-1,320003,C,CITY OF DURHAM MAYOR,C. Burruss, ,1,4,0,0,0,4,Y
DURHAM,10/10/23,34-1,320003,C,CITY OF DURHAM MAYOR,DeDreana Freeman, ,1,48,0,0,0,48,Y
DURHAM,10/10/23,34-1,320003,C,CITY OF DURHAM MAYOR,Jontae Dunston, ,1,0,0,0,0,0,Y
DURHAM,10/10/23,34-1,320003,C,CITY OF DURHAM MAYOR,Leonardo (Leo) Williams, ,1,107,0,0,0,107,Y
DURHAM,10/10/23,34-1,320003,C,CITY OF DURHAM MAYOR,"Marshall Williams, Jr.", ,1,5,0,0,0,5,Y
DURHAM,10/10/23,34-1,320003,C,CITY OF DURHAM MAYOR,Mike Woodard, ,1,52,0,0,0,52,Y
DURHAM,10/10/23,34-1,320003,C,CITY OF DURHAM MAYOR,Nick Pettiford, ,1,1,0,0,0,1,Y
DURHAM,10/10/23,34-1,320003,C,CITY OF DURHAM MAYOR,Sylvester Williams, ,1,7,0,0,0,7,Y
DURHAM,10/10/23,34-1,320004,C,CITY OF DURHAM CITY COUNCIL AT-LARGE,Bonita Green, ,3,19,0,0,0,19,Y
DURHAM,10/10/23,34-1,320004,C,CITY OF DURHAM CITY COUNCIL AT-LARGE,Carl Rist, ,3,99,0,0,0,99,Y
DURHAM,10/10/23,34-1,320004,C,CITY OF DURHAM CITY COUNCIL AT-LARGE,J. J. Campbell, ,3,9,0,0,0,9,Y
DURHAM,10/10/23,34-1,320004,C,CITY OF DURHAM CITY COUNCIL AT-LARGE,Javiera Caballero, ,3,112,0,0,0,112,Y
DURHAM,10/10/23,34-1,320004,C,CITY OF DURHAM CITY COUNCIL AT-LARGE,Khalilah Karim, ,3,100,0,0,0,100,Y
DURHAM,10/10/23,34-1,320004,C,CITY OF DURHAM CITY COUNCIL AT-LARGE,Monique Holsey-Hyman, ,3,68,0,0,0,68,Y
DURHAM,10/10/23,34-1,320004,C,CITY OF DURHAM CITY COUNCIL AT-LARGE,Nate Baker, ,3,87,0,0,0,87,Y
DURHAM,10/10/23,34-1,320004,C,CITY OF DURHAM CITY COUNCIL AT-LARGE,Renee J. Vaughan, ,3,16,0,0,0,16,Y
DURHAM,10/10/23,34-1,320004,C,CITY OF DURHAM CITY COUNCIL AT-LARGE,Shanetta Burris, ,3,38,0,0,0,38,Y
DURHAM,10/10/23,34-1,320004,C,CITY OF DURHAM CITY COUNCIL AT-LARGE,Shelia Ann Huggins, ,3,58,0,0,0,58,Y
DURHAM,10/10/23,34-1,320004,C,CITY OF DURHAM CITY COUNCIL AT-LARGE,Sherri Zann Rosenthal, ,3,15,0,0,0,15,Y
DURHAM,10/10/23,34-1,320004,C,CITY OF DURHAM CITY COUNCIL AT-LARGE,Waldo Fenner, ,3,1,0,0,0,1,Y
DURHAM,10/10/23,34-2,320003,C,CITY OF DURHAM MAYOR,C. Burruss, ,1,10,0,0,0,10,Y
DURHAM,10/10/23,34-2,320003,C,CITY OF DURHAM MAYOR,DeDreana Freeman, ,1,50,0,0,0,50,Y
DURHAM,10/10/23,34-2,320003,C,CITY OF DURHAM MAYOR,Jontae Dunston, ,1,1,0,0,0,1,Y
DURHAM,10/10/23,34-2,320003,C,CITY OF DURHAM MAYOR,Leonardo (Leo) Williams, ,1,173,0,0,0,173,Y
DURHAM,10/10/23,34-2,320003,C,CITY OF DURHAM MAYOR,"Marshall Williams, Jr.", ,1,9,0,0,0,9,Y
DURHAM,10/10/23,34-2,320003,C,CITY OF DURHAM MAYOR,Mike Woodard, ,1,33,0,0,0,33,Y
DURHAM,10/10/23,34-2,320003,C,CITY OF DURHAM MAYOR,Nick Pettiford, ,1,5,0,0,0,5,Y
DURHAM,10/10/23,34-2,320003,C,CITY OF DURHAM MAYOR,Sylvester Williams, ,1,9,0,0,0,9,Y
DURHAM,10/10/23,34-2,320004,C,CITY OF DURHAM CITY COUNCIL AT-LARGE,Bonita Green, ,3,23,0,0,0,23,Y
DURHAM,10/10/23,34-2,320004,C,CITY OF DURHAM CITY COUNCIL AT-LARGE,Carl Rist, ,3,135,0,0,0,135,Y
DURHAM,10/10/23,34-2,320004,C,CITY OF DURHAM CITY COUNCIL AT-LARGE,J. J. Campbell, ,3,13,0,0,0,13,Y
DURHAM,10/10/23,34-2,320004,C,CITY OF DURHAM CITY COUNCIL AT-LARGE,Javiera Caballero, ,3,154,0,0,0,154,Y
DURHAM,10/10/23,34-2,320004,C,CITY OF DURHAM CITY COUNCIL AT-LARGE,Khalilah Karim, ,3,150,0,0,0,150,Y
DURHAM,10/10/23,34-2,320004,C,CITY OF DURHAM CITY COUNCIL AT-LARGE,Monique Holsey-Hyman, ,3,83,0,0,0,83,Y
DURHAM,10/10/23,34-2,320004,C,CITY OF DURHAM CITY COUNCIL AT-LARGE,Nate Baker, ,3,102,0,0,0,102,Y
DURHAM,10/10/23,34-2,320004,C,CITY OF DURHAM CITY COUNCIL AT-LARGE,Renee J. Vaughan, ,3,12,0,0,0,12,Y
DURHAM,10/10/23,34-2,320004,C,CITY OF DURHAM CITY COUNCIL AT-LARGE,Shanetta Burris, ,3,50,0,0,0,50,Y
DURHAM,10/10/23,34-2,320004,C,CITY OF DURHAM CITY COUNCIL AT-LARGE,Shelia Ann Huggins, ,3,77,0,0,0,77,Y
DURHAM,10/10/23,34-2,320004,C,CITY OF DURHAM CITY COUNCIL AT-LARGE,Sherri Zann Rosenthal, ,3,28,0,0,0,28,Y
DURHAM,10/10/23,34-2,320004,C,CITY OF DURHAM CITY COUNCIL AT-LARGE,Waldo Fenner, ,3,3,0,0,0,3,Y
DURHAM,10/10/23,35-4,320003,C,CITY OF DURHAM MAYOR,C. Burruss, ,1,1,0,0,0,1,Y
DURHAM,10/10/23,35-4,320003,C,CITY OF DURHAM MAYOR,DeDreana Freeman, ,1,28,0,0,0,28,Y
DURHAM,10/10/23,35-4,320003,C,CITY OF DURHAM MAYOR,Jontae Dunston, ,1,0,0,0,0,0,Y
DURHAM,10/10/23,35-4,320003,C,CITY OF DURHAM MAYOR,Leonardo (Leo) Williams, ,1,91,0,0,0,91,Y
DURHAM,10/10/23,35-4,320003,C,CITY OF DURHAM MAYOR,"Marshall Williams, Jr.", ,1,3,0,0,0,3,Y
DURHAM,10/10/23,35-4,320003,C,CITY OF DURHAM MAYOR,Mike Woodard, ,1,82,0,0,0,82,Y
DURHAM,10/10/23,35-4,320003,C,CITY OF DURHAM MAYOR,Nick Pettiford, ,1,2,0,0,0,2,Y
DURHAM,10/10/23,35-4,320003,C,CITY OF DURHAM MAYOR,Sylvester Williams, ,1,3,0,0,0,3,Y
DURHAM,10/10/23,35-4,320004,C,CITY OF DURHAM CITY COUNCIL AT-LARGE,Bonita Green, ,3,10,0,0,0,10,Y
DURHAM,10/10/23,35-4,320004,C,CITY OF DURHAM CITY COUNCIL AT-LARGE,Carl Rist, ,3,93,0,0,0,93,Y
DURHAM,10/10/23,35-4,320004,C,CITY OF DURHAM CITY COUNCIL AT-LARGE,J. J. Campbell, ,3,4,0,0,0,4,Y
DURHAM,10/10/23,35-4,320004,C,CITY OF DURHAM CITY COUNCIL AT-LARGE,Javiera Caballero, ,3,121,0,0,0,121,Y
DURHAM,10/10/23,35-4,320004,C,CITY OF DURHAM CITY COUNCIL AT-LARGE,Khalilah Karim, ,3,61,0,0,0,61,Y
DURHAM,10/10/23,35-4,320004,C,CITY OF DURHAM CITY COUNCIL AT-LARGE,Monique Holsey-Hyman, ,3,59,0,0,0,59,Y
DURHAM,10/10/23,35-4,320004,C,CITY OF DURHAM CITY COUNCIL AT-LARGE,Nate Baker, ,3,114,0,0,0,114,Y
DURHAM,10/10/23,35-4,320004,C,CITY OF DURHAM CITY COUNCIL AT-LARGE,Renee J. Vaughan, ,3,14,0,0,0,14,Y
DURHAM,10/10/23,35-4,320004,C,CITY OF DURHAM CITY COUNCIL AT-LARGE,Shanetta Burris, ,3,23,0,0,0,23,Y
DURHAM,10/10/23,35-4,320004,C,CITY OF DURHAM CITY COUNCIL AT-LARGE,Shelia Ann Huggins, ,3,55,0,0,0,55,Y
DURHAM,10/10/23,35-4,320004,C,CITY OF DURHAM CITY COUNCIL AT-LARGE,Sherri Zann Rosenthal, ,3,28,0,0,0,28,Y
DURHAM,10/10/23,35-4,320004,C,CITY OF DURHAM CITY COUNCIL AT-LARGE,Waldo Fenner, ,3,6,0,0,0,6,Y
DURHAM,10/10/23,35-5,320003,C,CITY OF DURHAM MAYOR,C. Burruss, ,1,5,0,0,0,5,Y
DURHAM,10/10/23,35-5,320003,C,CITY OF DURHAM MAYOR,DeDreana Freeman, ,1,49,0,0,0,49,Y
DURHAM,10/10/23,35-5,320003,C,CITY OF DURHAM MAYOR,Jontae Dunston, ,1,1,0,0,0,1,Y
DURHAM,10/10/23,35-5,320003,C,CITY OF DURHAM MAYOR,Leonardo (Leo) Williams, ,1,155,0,0,0,155,Y
DURHAM,10/10/23,35-5,320003,C,CITY OF DURHAM MAYOR,"Marshall Williams, Jr.", ,1,8,0,0,0,8,Y
DURHAM,10/10/23,35-5,320003,C,CITY OF DURHAM MAYOR,Mike Woodard, ,1,54,0,0,0,54,Y
DURHAM,10/10/23,35-5,320003,C,CITY OF DURHAM MAYOR,Nick Pettiford, ,1,0,0,0,0,0,Y
DURHAM,10/10/23,35-5,320003,C,CITY OF DURHAM MAYOR,Sylvester Williams, ,1,8,0,0,0,8,Y
DURHAM,10/10/23,35-5,320004,C,CITY OF DURHAM CITY COUNCIL AT-LARGE,Bonita Green, ,3,17,0,0,0,17,Y
DURHAM,10/10/23,35-5,320004,C,CITY OF DURHAM CITY COUNCIL AT-LARGE,Carl Rist, ,3,115,0,0,0,115,Y
DURHAM,10/10/23,35-5,320004,C,CITY OF DURHAM CITY COUNCIL AT-LARGE,J. J. Campbell, ,3,4,0,0,0,4,Y
DURHAM,10/10/23,35-5,320004,C,CITY OF DURHAM CITY COUNCIL AT-LARGE,Javiera Caballero, ,3,140,0,0,0,140,Y
DURHAM,10/10/23,35-5,320004,C,CITY OF DURHAM CITY COUNCIL AT-LARGE,Khalilah Karim, ,3,94,0,0,0,94,Y
DURHAM,10/10/23,35-5,320004,C,CITY OF DURHAM CITY COUNCIL AT-LARGE,Monique Holsey-Hyman, ,3,77,0,0,0,77,Y
DURHAM,10/10/23,35-5,320004,C,CITY OF DURHAM CITY COUNCIL AT-LARGE,Nate Baker, ,3,177,0,0,0,177,Y
DURHAM,10/10/23,35-5,320004,C,CITY OF DURHAM CITY COUNCIL AT-LARGE,Renee J. Vaughan, ,3,15,0,0,0,15,Y
DURHAM,10/10/23,35-5,320004,C,CITY OF DURHAM CITY COUNCIL AT-LARGE,Shanetta Burris, ,3,34,0,0,0,34,Y
DURHAM,10/10/23,35-5,320004,C,CITY OF DURHAM CITY COUNCIL AT-LARGE,Shelia Ann Huggins, ,3,93,0,0,0,93,Y
DURHAM,10/10/23,35-5,320004,C,CITY OF DURHAM CITY COUNCIL AT-LARGE,Sherri Zann Rosenthal, ,3,18,0,0,0,18,Y
DURHAM,10/10/23,35-5,320004,C,CITY OF DURHAM CITY COUNCIL AT-LARGE,Waldo Fenner, ,3,5,0,0,0,5,Y
DURHAM,10/10/23,36,320003,C,CITY OF DURHAM MAYOR,C. Burruss, ,1,2,0,0,0,2,Y
DURHAM,10/10/23,36,320003,C,CITY OF DURHAM MAYOR,DeDreana Freeman, ,1,22,0,0,0,22,Y
DURHAM,10/10/23,36,320003,C,CITY OF DURHAM MAYOR,Jontae Dunston, ,1,0,0,0,0,0,Y
DURHAM,10/10/23,36,320003,C,CITY OF DURHAM MAYOR,Leonardo (Leo) Williams, ,1,116,0,0,0,116,Y
DURHAM,10/10/23,36,320003,C,CITY OF DURHAM MAYOR,"Marshall Williams, Jr.", ,1,2,0,0,0,2,Y
DURHAM,10/10/23,36,320003,C,CITY OF DURHAM MAYOR,Mike Woodard, ,1,64,0,0,0,64,Y
DURHAM,10/10/23,36,320003,C,CITY OF DURHAM MAYOR,Nick Pettiford, ,1,0,0,0,0,0,Y
DURHAM,10/10/23,36,320003,C,CITY OF DURHAM MAYOR,Sylvester Williams, ,1,0,0,0,0,0,Y
DURHAM,10/10/23,36,320004,C,CITY OF DURHAM CITY COUNCIL AT-LARGE,Bonita Green, ,3,12,0,0,0,12,Y
DURHAM,10/10/23,36,320004,C,CITY OF DURHAM CITY COUNCIL AT-LARGE,Carl Rist, ,3,126,0,0,0,126,Y
DURHAM,10/10/23,36,320004,C,CITY OF DURHAM CITY COUNCIL AT-LARGE,J. J. Campbell, ,3,9,0,0,0,9,Y
DURHAM,10/10/23,36,320004,C,CITY OF DURHAM CITY COUNCIL AT-LARGE,Javiera Caballero, ,3,132,0,0,0,132,Y
DURHAM,10/10/23,36,320004,C,CITY OF DURHAM CITY COUNCIL AT-LARGE,Khalilah Karim, ,3,92,0,0,0,92,Y
DURHAM,10/10/23,36,320004,C,CITY OF DURHAM CITY COUNCIL AT-LARGE,Monique Holsey-Hyman, ,3,24,0,0,0,24,Y
DURHAM,10/10/23,36,320004,C,CITY OF DURHAM CITY COUNCIL AT-LARGE,Nate Baker, ,3,118,0,0,0,118,Y
DURHAM,10/10/23,36,320004,C,CITY OF DURHAM CITY COUNCIL AT-LARGE,Renee J. Vaughan, ,3,5,0,0,0,5,Y
DURHAM,10/10/23,36,320004,C,CITY OF DURHAM CITY COUNCIL AT-LARGE,Shanetta Burris, ,3,17,0,0,0,17,Y
DURHAM,10/10/23,36,320004,C,CITY OF DURHAM CITY COUNCIL AT-LARGE,Shelia Ann Huggins, ,3,30,0,0,0,30,Y
DURHAM,10/10/23,36,320004,C,CITY OF DURHAM CITY COUNCIL AT-LARGE,Sherri Zann Rosenthal, ,3,28,0,0,0,28,Y
DURHAM,10/10/23,36,320004,C,CITY OF DURHAM CITY COUNCIL AT-LARGE,Waldo Fenner, ,3,1,0,0,0,1,Y
DURHAM,10/10/23,37,320003,C,CITY OF DURHAM MAYOR,C. Burruss, ,1,2,0,0,0,2,Y
DURHAM,10/10/23,37,320003,C,CITY OF DURHAM MAYOR,DeDreana Freeman, ,1,37,0,0,0,37,Y
DURHAM,10/10/23,37,320003,C,CITY OF DURHAM MAYOR,Jontae Dunston, ,1,0,0,0,0,0,Y
DURHAM,10/10/23,37,320003,C,CITY OF DURHAM MAYOR,Leonardo (Leo) Williams, ,1,242,0,0,0,242,Y
DURHAM,10/10/23,37,320003,C,CITY OF DURHAM MAYOR,"Marshall Williams, Jr.", ,1,14,0,0,0,14,Y
DURHAM,10/10/23,37,320003,C,CITY OF DURHAM MAYOR,Mike Woodard, ,1,270,0,0,0,270,Y
DURHAM,10/10/23,37,320003,C,CITY OF DURHAM MAYOR,Nick Pettiford, ,1,2,0,0,0,2,Y
DURHAM,10/10/23,37,320003,C,CITY OF DURHAM MAYOR,Sylvester Williams, ,1,8,0,0,0,8,Y
DURHAM,10/10/23,37,320004,C,CITY OF DURHAM CITY COUNCIL AT-LARGE,Bonita Green, ,3,19,0,0,0,19,Y
DURHAM,10/10/23,37,320004,C,CITY OF DURHAM CITY COUNCIL AT-LARGE,Carl Rist, ,3,363,0,0,0,363,Y
DURHAM,10/10/23,37,320004,C,CITY OF DURHAM CITY COUNCIL AT-LARGE,J. J. Campbell, ,3,30,0,0,0,30,Y
DURHAM,10/10/23,37,320004,C,CITY OF DURHAM CITY COUNCIL AT-LARGE,Javiera Caballero, ,3,323,0,0,0,323,Y
DURHAM,10/10/23,37,320004,C,CITY OF DURHAM CITY COUNCIL AT-LARGE,Khalilah Karim, ,3,179,0,0,0,179,Y
DURHAM,10/10/23,37,320004,C,CITY OF DURHAM CITY COUNCIL AT-LARGE,Monique Holsey-Hyman, ,3,64,0,0,0,64,Y
DURHAM,10/10/23,37,320004,C,CITY OF DURHAM CITY COUNCIL AT-LARGE,Nate Baker, ,3,269,0,0,0,269,Y
DURHAM,10/10/23,37,320004,C,CITY OF DURHAM CITY COUNCIL AT-LARGE,Renee J. Vaughan, ,3,47,0,0,0,47,Y
DURHAM,10/10/23,37,320004,C,CITY OF DURHAM CITY COUNCIL AT-LARGE,Shanetta Burris, ,3,36,0,0,0,36,Y
DURHAM,10/10/23,37,320004,C,CITY OF DURHAM CITY COUNCIL AT-LARGE,Shelia Ann Huggins, ,3,141,0,0,0,141,Y
DURHAM,10/10/23,37,320004,C,CITY OF DURHAM CITY COUNCIL AT-LARGE,Sherri Zann Rosenthal, ,3,98,0,0,0,98,Y
DURHAM,10/10/23,37,320004,C,CITY OF DURHAM CITY COUNCIL AT-LARGE,Waldo Fenner, ,3,6,0,0,0,6,Y
DURHAM,10/10/23,38,320003,C,CITY OF DURHAM MAYOR,C. Burruss, ,1,2,0,0,0,2,Y
DURHAM,10/10/23,38,320003,C,CITY OF DURHAM MAYOR,DeDreana Freeman, ,1,28,0,0,0,28,Y
DURHAM,10/10/23,38,320003,C,CITY OF DURHAM MAYOR,Jontae Dunston, ,1,1,0,0,0,1,Y
DURHAM,10/10/23,38,320003,C,CITY OF DURHAM MAYOR,Leonardo (Leo) Williams, ,1,164,0,0,0,164,Y
DURHAM,10/10/23,38,320003,C,CITY OF DURHAM MAYOR,"Marshall Williams, Jr.", ,1,4,0,0,0,4,Y
DURHAM,10/10/23,38,320003,C,CITY OF DURHAM MAYOR,Mike Woodard, ,1,97,0,0,0,97,Y
DURHAM,10/10/23,38,320003,C,CITY OF DURHAM MAYOR,Nick Pettiford, ,1,5,0,0,0,5,Y
DURHAM,10/10/23,38,320003,C,CITY OF DURHAM MAYOR,Sylvester Williams, ,1,7,0,0,0,7,Y
DURHAM,10/10/23,38,320004,C,CITY OF DURHAM CITY COUNCIL AT-LARGE,Bonita Green, ,3,12,0,0,0,12,Y
DURHAM,10/10/23,38,320004,C,CITY OF DURHAM CITY COUNCIL AT-LARGE,Carl Rist, ,3,184,0,0,0,184,Y
DURHAM,10/10/23,38,320004,C,CITY OF DURHAM CITY COUNCIL AT-LARGE,J. J. Campbell, ,3,11,0,0,0,11,Y
DURHAM,10/10/23,38,320004,C,CITY OF DURHAM CITY COUNCIL AT-LARGE,Javiera Caballero, ,3,171,0,0,0,171,Y
DURHAM,10/10/23,38,320004,C,CITY OF DURHAM CITY COUNCIL AT-LARGE,Khalilah Karim, ,3,106,0,0,0,106,Y
DURHAM,10/10/23,38,320004,C,CITY OF DURHAM CITY COUNCIL AT-LARGE,Monique Holsey-Hyman, ,3,45,0,0,0,45,Y
DURHAM,10/10/23,38,320004,C,CITY OF DURHAM CITY COUNCIL AT-LARGE,Nate Baker, ,3,162,0,0,0,162,Y
DURHAM,10/10/23,38,320004,C,CITY OF DURHAM CITY COUNCIL AT-LARGE,Renee J. Vaughan, ,3,8,0,0,0,8,Y
DURHAM,10/10/23,38,320004,C,CITY OF DURHAM CITY COUNCIL AT-LARGE,Shanetta Burris, ,3,30,0,0,0,30,Y
DURHAM,10/10/23,38,320004,C,CITY OF DURHAM CITY COUNCIL AT-LARGE,Shelia Ann Huggins, ,3,91,0,0,0,91,Y
DURHAM,10/10/23,38,320004,C,CITY OF DURHAM CITY COUNCIL AT-LARGE,Sherri Zann Rosenthal, ,3,42,0,0,0,42,Y
DURHAM,10/10/23,38,320004,C,CITY OF DURHAM CITY COUNCIL AT-LARGE,Waldo Fenner, ,3,4,0,0,0,4,Y
DURHAM,10/10/23,40,320003,C,CITY OF DURHAM MAYOR,C. Burruss, ,1,0,0,0,0,0,Y
DURHAM,10/10/23,40,320003,C,CITY OF DURHAM MAYOR,DeDreana Freeman, ,1,29,0,0,0,29,Y
DURHAM,10/10/23,40,320003,C,CITY OF DURHAM MAYOR,Jontae Dunston, ,1,0,0,0,0,0,Y
DURHAM,10/10/23,40,320003,C,CITY OF DURHAM MAYOR,Leonardo (Leo) Williams, ,1,137,0,0,0,137,Y
DURHAM,10/10/23,40,320003,C,CITY OF DURHAM MAYOR,"Marshall Williams, Jr.", ,1,1,0,0,0,1,Y
DURHAM,10/10/23,40,320003,C,CITY OF DURHAM MAYOR,Mike Woodard, ,1,70,0,0,0,70,Y
DURHAM,10/10/23,40,320003,C,CITY OF DURHAM MAYOR,Nick Pettiford, ,1,2,0,0,0,2,Y
DURHAM,10/10/23,40,320003,C,CITY OF DURHAM MAYOR,Sylvester Williams, ,1,2,0,0,0,2,Y
DURHAM,10/10/23,40,320004,C,CITY OF DURHAM CITY COUNCIL AT-LARGE,Bonita Green, ,3,16,0,0,0,16,Y
DURHAM,10/10/23,40,320004,C,CITY OF DURHAM CITY COUNCIL AT-LARGE,Carl Rist, ,3,155,0,0,0,155,Y
DURHAM,10/10/23,40,320004,C,CITY OF DURHAM CITY COUNCIL AT-LARGE,J. J. Campbell, ,3,1,0,0,0,1,Y
DURHAM,10/10/23,40,320004,C,CITY OF DURHAM CITY COUNCIL AT-LARGE,Javiera Caballero, ,3,163,0,0,0,163,Y
DURHAM,10/10/23,40,320004,C,CITY OF DURHAM CITY COUNCIL AT-LARGE,Khalilah Karim, ,3,94,0,0,0,94,Y
DURHAM,10/10/23,40,320004,C,CITY OF DURHAM CITY COUNCIL AT-LARGE,Monique Holsey-Hyman, ,3,18,0,0,0,18,Y
DURHAM,10/10/23,40,320004,C,CITY OF DURHAM CITY COUNCIL AT-LARGE,Nate Baker, ,3,150,0,0,0,150,Y
DURHAM,10/10/23,40,320004,C,CITY OF DURHAM CITY COUNCIL AT-LARGE,Renee J. Vaughan, ,3,4,0,0,0,4,Y
DURHAM,10/10/23,40,320004,C,CITY OF DURHAM CITY COUNCIL AT-LARGE,Shanetta Burris, ,3,20,0,0,0,20,Y
DURHAM,10/10/23,40,320004,C,CITY OF DURHAM CITY COUNCIL AT-LARGE,Shelia Ann Huggins, ,3,20,0,0,0,20,Y
DURHAM,10/10/23,40,320004,C,CITY OF DURHAM CITY COUNCIL AT-LARGE,Sherri Zann Rosenthal, ,3,38,0,0,0,38,Y
DURHAM,10/10/23,40,320004,C,CITY OF DURHAM CITY COUNCIL AT-LARGE,Waldo Fenner, ,3,3,0,0,0,3,Y
DURHAM,10/10/23,41,320003,C,CITY OF DURHAM MAYOR,C. Burruss, ,1,3,0,0,0,3,Y
DURHAM,10/10/23,41,320003,C,CITY OF DURHAM MAYOR,DeDreana Freeman, ,1,35,0,0,0,35,Y
DURHAM,10/10/23,41,320003,C,CITY OF DURHAM MAYOR,Jontae Dunston, ,1,0,0,0,0,0,Y
DURHAM,10/10/23,41,320003,C,CITY OF DURHAM MAYOR,Leonardo (Leo) Williams, ,1,65,0,0,0,65,Y
DURHAM,10/10/23,41,320003,C,CITY OF DURHAM MAYOR,"Marshall Williams, Jr.", ,1,2,0,0,0,2,Y
DURHAM,10/10/23,41,320003,C,CITY OF DURHAM MAYOR,Mike Woodard, ,1,10,0,0,0,10,Y
DURHAM,10/10/23,41,320003,C,CITY OF DURHAM MAYOR,Nick Pettiford, ,1,1,0,0,0,1,Y
DURHAM,10/10/23,41,320003,C,CITY OF DURHAM MAYOR,Sylvester Williams, ,1,1,0,0,0,1,Y
DURHAM,10/10/23,41,320004,C,CITY OF DURHAM CITY COUNCIL AT-LARGE,Bonita Green, ,3,18,0,0,0,18,Y
DURHAM,10/10/23,41,320004,C,CITY OF DURHAM CITY COUNCIL AT-LARGE,Carl Rist, ,3,7,0,0,0,7,Y
DURHAM,10/10/23,41,320004,C,CITY OF DURHAM CITY COUNCIL AT-LARGE,J. J. Campbell, ,3,4,0,0,0,4,Y
DURHAM,10/10/23,41,320004,C,CITY OF DURHAM CITY COUNCIL AT-LARGE,Javiera Caballero, ,3,11,0,0,0,11,Y
DURHAM,10/10/23,41,320004,C,CITY OF DURHAM CITY COUNCIL AT-LARGE,Khalilah Karim, ,3,14,0,0,0,14,Y
DURHAM,10/10/23,41,320004,C,CITY OF DURHAM CITY COUNCIL AT-LARGE,Monique Holsey-Hyman, ,3,85,0,0,0,85,Y
DURHAM,10/10/23,41,320004,C,CITY OF DURHAM CITY COUNCIL AT-LARGE,Nate Baker, ,3,76,0,0,0,76,Y
DURHAM,10/10/23,41,320004,C,CITY OF DURHAM CITY COUNCIL AT-LARGE,Renee J. Vaughan, ,3,6,0,0,0,6,Y
DURHAM,10/10/23,41,320004,C,CITY OF DURHAM CITY COUNCIL AT-LARGE,Shanetta Burris, ,3,26,0,0,0,26,Y
DURHAM,10/10/23,41,320004,C,CITY OF DURHAM CITY COUNCIL AT-LARGE,Shelia Ann Huggins, ,3,76,0,0,0,76,Y
DURHAM,10/10/23,41,320004,C,CITY OF DURHAM CITY COUNCIL AT-LARGE,Sherri Zann Rosenthal, ,3,4,0,0,0,4,Y
DURHAM,10/10/23,41,320004,C,CITY OF DURHAM CITY COUNCIL AT-LARGE,Waldo Fenner, ,3,1,0,0,0,1,Y
DURHAM,10/10/23,42,320003,C,CITY OF DURHAM MAYOR,C. Burruss, ,1,1,0,0,0,1,Y
DURHAM,10/10/23,42,320003,C,CITY OF DURHAM MAYOR,DeDreana Freeman, ,1,51,0,0,0,51,Y
DURHAM,10/10/23,42,320003,C,CITY OF DURHAM MAYOR,Jontae Dunston, ,1,2,0,0,0,2,Y
DURHAM,10/10/23,42,320003,C,CITY OF DURHAM MAYOR,Leonardo (Leo) Williams, ,1,30,0,0,0,30,Y
DURHAM,10/10/23,42,320003,C,CITY OF DURHAM MAYOR,"Marshall Williams, Jr.", ,1,2,0,0,0,2,Y
DURHAM,10/10/23,42,320003,C,CITY OF DURHAM MAYOR,Mike Woodard, ,1,9,0,0,0,9,Y
DURHAM,10/10/23,42,320003,C,CITY OF DURHAM MAYOR,Nick Pettiford, ,1,6,0,0,0,6,Y
DURHAM,10/10/23,42,320003,C,CITY OF DURHAM MAYOR,Sylvester Williams, ,1,3,0,0,0,3,Y
DURHAM,10/10/23,42,320004,C,CITY OF DURHAM CITY COUNCIL AT-LARGE,Bonita Green, ,3,25,0,0,0,25,Y
DURHAM,10/10/23,42,320004,C,CITY OF DURHAM CITY COUNCIL AT-LARGE,Carl Rist, ,3,8,0,0,0,8,Y
DURHAM,10/10/23,42,320004,C,CITY OF DURHAM CITY COUNCIL AT-LARGE,J. J. Campbell, ,3,5,0,0,0,5,Y
DURHAM,10/10/23,42,320004,C,CITY OF DURHAM CITY COUNCIL AT-LARGE,Javiera Caballero, ,3,15,0,0,0,15,Y
DURHAM,10/10/23,42,320004,C,CITY OF DURHAM CITY COUNCIL AT-LARGE,Khalilah Karim, ,3,13,0,0,0,13,Y
DURHAM,10/10/23,42,320004,C,CITY OF DURHAM CITY COUNCIL AT-LARGE,Monique Holsey-Hyman, ,3,62,0,0,0,62,Y
DURHAM,10/10/23,42,320004,C,CITY OF DURHAM CITY COUNCIL AT-LARGE,Nate Baker, ,3,32,0,0,0,32,Y
DURHAM,10/10/23,42,320004,C,CITY OF DURHAM CITY COUNCIL AT-LARGE,Renee J. Vaughan, ,3,10,0,0,0,10,Y
DURHAM,10/10/23,42,320004,C,CITY OF DURHAM CITY COUNCIL AT-LARGE,Shanetta Burris, ,3,72,0,0,0,72,Y
DURHAM,10/10/23,42,320004,C,CITY OF DURHAM CITY COUNCIL AT-LARGE,Shelia Ann Huggins, ,3,21,0,0,0,21,Y
DURHAM,10/10/23,42,320004,C,CITY OF DURHAM CITY COUNCIL AT-LARGE,Sherri Zann Rosenthal, ,3,6,0,0,0,6,Y
DURHAM,10/10/23,42,320004,C,CITY OF DURHAM CITY COUNCIL AT-LARGE,Waldo Fenner, ,3,0,0,0,0,0,Y
DURHAM,10/10/23,43,320003,C,CITY OF DURHAM MAYOR,C. Burruss, ,1,1,0,0,0,1,Y
DURHAM,10/10/23,43,320003,C,CITY OF DURHAM MAYOR,DeDreana Freeman, ,1,36,0,0,0,36,Y
DURHAM,10/10/23,43,320003,C,CITY OF DURHAM MAYOR,Jontae Dunston, ,1,0,0,0,0,0,Y
DURHAM,10/10/23,43,320003,C,CITY OF DURHAM MAYOR,Leonardo (Leo) Williams, ,1,284,0,0,0,284,Y
DURHAM,10/10/23,43,320003,C,CITY OF DURHAM MAYOR,"Marshall Williams, Jr.", ,1,14,0,0,0,14,Y
DURHAM,10/10/23,43,320003,C,CITY OF DURHAM MAYOR,Mike Woodard, ,1,198,0,0,0,198,Y
DURHAM,10/10/23,43,320003,C,CITY OF DURHAM MAYOR,Nick Pettiford, ,1,1,0,0,0,1,Y
DURHAM,10/10/23,43,320003,C,CITY OF DURHAM MAYOR,Sylvester Williams, ,1,3,0,0,0,3,Y
DURHAM,10/10/23,43,320004,C,CITY OF DURHAM CITY COUNCIL AT-LARGE,Bonita Green, ,3,21,0,0,0,21,Y
DURHAM,10/10/23,43,320004,C,CITY OF DURHAM CITY COUNCIL AT-LARGE,Carl Rist, ,3,361,0,0,0,361,Y
DURHAM,10/10/23,43,320004,C,CITY OF DURHAM CITY COUNCIL AT-LARGE,J. J. Campbell, ,3,12,0,0,0,12,Y
DURHAM,10/10/23,43,320004,C,CITY OF DURHAM CITY COUNCIL AT-LARGE,Javiera Caballero, ,3,335,0,0,0,335,Y
DURHAM,10/10/23,43,320004,C,CITY OF DURHAM CITY COUNCIL AT-LARGE,Khalilah Karim, ,3,167,0,0,0,167,Y
DURHAM,10/10/23,43,320004,C,CITY OF DURHAM CITY COUNCIL AT-LARGE,Monique Holsey-Hyman, ,3,57,0,0,0,57,Y
DURHAM,10/10/23,43,320004,C,CITY OF DURHAM CITY COUNCIL AT-LARGE,Nate Baker, ,3,264,0,0,0,264,Y
DURHAM,10/10/23,43,320004,C,CITY OF DURHAM CITY COUNCIL AT-LARGE,Renee J. Vaughan, ,3,15,0,0,0,15,Y
DURHAM,10/10/23,43,320004,C,CITY OF DURHAM CITY COUNCIL AT-LARGE,Shanetta Burris, ,3,24,0,0,0,24,Y
DURHAM,10/10/23,43,320004,C,CITY OF DURHAM CITY COUNCIL AT-LARGE,Shelia Ann Huggins, ,3,162,0,0,0,162,Y
DURHAM,10/10/23,43,320004,C,CITY OF DURHAM CITY COUNCIL AT-LARGE,Sherri Zann Rosenthal, ,3,102,0,0,0,102,Y
DURHAM,10/10/23,43,320004,C,CITY OF DURHAM CITY COUNCIL AT-LARGE,Waldo Fenner, ,3,3,0,0,0,3,Y
DURHAM,10/10/23,44,320003,C,CITY OF DURHAM MAYOR,C. Burruss, ,1,0,0,0,0,0,Y
DURHAM,10/10/23,44,320003,C,CITY OF DURHAM MAYOR,DeDreana Freeman, ,1,22,0,0,0,22,Y
DURHAM,10/10/23,44,320003,C,CITY OF DURHAM MAYOR,Jontae Dunston, ,1,0,0,0,0,0,Y
DURHAM,10/10/23,44,320003,C,CITY OF DURHAM MAYOR,Leonardo (Leo) Williams, ,1,58,0,0,0,58,Y
DURHAM,10/10/23,44,320003,C,CITY OF DURHAM MAYOR,"Marshall Williams, Jr.", ,1,8,0,0,0,8,Y
DURHAM,10/10/23,44,320003,C,CITY OF DURHAM MAYOR,Mike Woodard, ,1,35,0,0,0,35,Y
DURHAM,10/10/23,44,320003,C,CITY OF DURHAM MAYOR,Nick Pettiford, ,1,2,0,0,0,2,Y
DURHAM,10/10/23,44,320003,C,CITY OF DURHAM MAYOR,Sylvester Williams, ,1,1,0,0,0,1,Y
DURHAM,10/10/23,44,320004,C,CITY OF DURHAM CITY COUNCIL AT-LARGE,Bonita Green, ,3,15,0,0,0,15,Y
DURHAM,10/10/23,44,320004,C,CITY OF DURHAM CITY COUNCIL AT-LARGE,Carl Rist, ,3,44,0,0,0,44,Y
DURHAM,10/10/23,44,320004,C,CITY OF DURHAM CITY COUNCIL AT-LARGE,J. J. Campbell, ,3,2,0,0,0,2,Y
DURHAM,10/10/23,44,320004,C,CITY OF DURHAM CITY COUNCIL AT-LARGE,Javiera Caballero, ,3,41,0,0,0,41,Y
DURHAM,10/10/23,44,320004,C,CITY OF DURHAM CITY COUNCIL AT-LARGE,Khalilah Karim, ,3,34,0,0,0,34,Y
DURHAM,10/10/23,44,320004,C,CITY OF DURHAM CITY COUNCIL AT-LARGE,Monique Holsey-Hyman, ,3,41,0,0,0,41,Y
DURHAM,10/10/23,44,320004,C,CITY OF DURHAM CITY COUNCIL AT-LARGE,Nate Baker, ,3,47,0,0,0,47,Y
DURHAM,10/10/23,44,320004,C,CITY OF DURHAM CITY COUNCIL AT-LARGE,Renee J. Vaughan, ,3,15,0,0,0,15,Y
DURHAM,10/10/23,44,320004,C,CITY OF DURHAM CITY COUNCIL AT-LARGE,Shanetta Burris, ,3,27,0,0,0,27,Y
DURHAM,10/10/23,44,320004,C,CITY OF DURHAM CITY COUNCIL AT-LARGE,Shelia Ann Huggins, ,3,54,0,0,0,54,Y
DURHAM,10/10/23,44,320004,C,CITY OF DURHAM CITY COUNCIL AT-LARGE,Sherri Zann Rosenthal, ,3,15,0,0,0,15,Y
DURHAM,10/10/23,44,320004,C,CITY OF DURHAM CITY COUNCIL AT-LARGE,Waldo Fenner, ,3,2,0,0,0,2,Y
DURHAM,10/10/23,45,320003,C,CITY OF DURHAM MAYOR,C. Burruss, ,1,1,0,0,0,1,Y
DURHAM,10/10/23,45,320003,C,CITY OF DURHAM MAYOR,DeDreana Freeman, ,1,57,0,0,0,57,Y
DURHAM,10/10/23,45,320003,C,CITY OF DURHAM MAYOR,Jontae Dunston, ,1,1,0,0,0,1,Y
DURHAM,10/10/23,45,320003,C,CITY OF DURHAM MAYOR,Leonardo (Leo) Williams, ,1,84,0,0,0,84,Y
DURHAM,10/10/23,45,320003,C,CITY OF DURHAM MAYOR,"Marshall Williams, Jr.", ,1,6,0,0,0,6,Y
DURHAM,10/10/23,45,320003,C,CITY OF DURHAM MAYOR,Mike Woodard, ,1,107,0,0,0,107,Y
DURHAM,10/10/23,45,320003,C,CITY OF DURHAM MAYOR,Nick Pettiford, ,1,1,0,0,0,1,Y
DURHAM,10/10/23,45,320003,C,CITY OF DURHAM MAYOR,Sylvester Williams, ,1,6,0,0,0,6,Y
DURHAM,10/10/23,45,320004,C,CITY OF DURHAM CITY COUNCIL AT-LARGE,Bonita Green, ,3,35,0,0,0,35,Y
DURHAM,10/10/23,45,320004,C,CITY OF DURHAM CITY COUNCIL AT-LARGE,Carl Rist, ,3,122,0,0,0,122,Y
DURHAM,10/10/23,45,320004,C,CITY OF DURHAM CITY COUNCIL AT-LARGE,J. J. Campbell, ,3,16,0,0,0,16,Y
DURHAM,10/10/23,45,320004,C,CITY OF DURHAM CITY COUNCIL AT-LARGE,Javiera Caballero, ,3,120,0,0,0,120,Y
DURHAM,10/10/23,45,320004,C,CITY OF DURHAM CITY COUNCIL AT-LARGE,Khalilah Karim, ,3,88,0,0,0,88,Y
DURHAM,10/10/23,45,320004,C,CITY OF DURHAM CITY COUNCIL AT-LARGE,Monique Holsey-Hyman, ,3,46,0,0,0,46,Y
DURHAM,10/10/23,45,320004,C,CITY OF DURHAM CITY COUNCIL AT-LARGE,Nate Baker, ,3,112,0,0,0,112,Y
DURHAM,10/10/23,45,320004,C,CITY OF DURHAM CITY COUNCIL AT-LARGE,Renee J. Vaughan, ,3,24,0,0,0,24,Y
DURHAM,10/10/23,45,320004,C,CITY OF DURHAM CITY COUNCIL AT-LARGE,Shanetta Burris, ,3,35,0,0,0,35,Y
DURHAM,10/10/23,45,320004,C,CITY OF DURHAM CITY COUNCIL AT-LARGE,Shelia Ann Huggins, ,3,57,0,0,0,57,Y
DURHAM,10/10/23,45,320004,C,CITY OF DURHAM CITY COUNCIL AT-LARGE,Sherri Zann Rosenthal, ,3,49,0,0,0,49,Y
DURHAM,10/10/23,45,320004,C,CITY OF DURHAM CITY COUNCIL AT-LARGE,Waldo Fenner, ,3,4,0,0,0,4,Y
DURHAM,10/10/23,46,320003,C,CITY OF DURHAM MAYOR,C. Burruss, ,1,1,0,0,0,1,Y
DURHAM,10/10/23,46,320003,C,CITY OF DURHAM MAYOR,DeDreana Freeman, ,1,42,0,0,0,42,Y
DURHAM,10/10/23,46,320003,C,CITY OF DURHAM MAYOR,Jontae Dunston, ,1,0,0,0,0,0,Y
DURHAM,10/10/23,46,320003,C,CITY OF DURHAM MAYOR,Leonardo (Leo) Williams, ,1,72,0,0,0,72,Y
DURHAM,10/10/23,46,320003,C,CITY OF DURHAM MAYOR,"Marshall Williams, Jr.", ,1,12,0,0,0,12,Y
DURHAM,10/10/23,46,320003,C,CITY OF DURHAM MAYOR,Mike Woodard, ,1,40,0,0,0,40,Y
DURHAM,10/10/23,46,320003,C,CITY OF DURHAM MAYOR,Nick Pettiford, ,1,2,0,0,0,2,Y
DURHAM,10/10/23,46,320003,C,CITY OF DURHAM MAYOR,Sylvester Williams, ,1,4,0,0,0,4,Y
DURHAM,10/10/23,46,320004,C,CITY OF DURHAM CITY COUNCIL AT-LARGE,Bonita Green, ,3,24,0,0,0,24,Y
DURHAM,10/10/23,46,320004,C,CITY OF DURHAM CITY COUNCIL AT-LARGE,Carl Rist, ,3,66,0,0,0,66,Y
DURHAM,10/10/23,46,320004,C,CITY OF DURHAM CITY COUNCIL AT-LARGE,J. J. Campbell, ,3,8,0,0,0,8,Y
DURHAM,10/10/23,46,320004,C,CITY OF DURHAM CITY COUNCIL AT-LARGE,Javiera Caballero, ,3,88,0,0,0,88,Y
DURHAM,10/10/23,46,320004,C,CITY OF DURHAM CITY COUNCIL AT-LARGE,Khalilah Karim, ,3,65,0,0,0,65,Y
DURHAM,10/10/23,46,320004,C,CITY OF DURHAM CITY COUNCIL AT-LARGE,Monique Holsey-Hyman, ,3,43,0,0,0,43,Y
DURHAM,10/10/23,46,320004,C,CITY OF DURHAM CITY COUNCIL AT-LARGE,Nate Baker, ,3,87,0,0,0,87,Y
DURHAM,10/10/23,46,320004,C,CITY OF DURHAM CITY COUNCIL AT-LARGE,Renee J. Vaughan, ,3,11,0,0,0,11,Y
DURHAM,10/10/23,46,320004,C,CITY OF DURHAM CITY COUNCIL AT-LARGE,Shanetta Burris, ,3,39,0,0,0,39,Y
DURHAM,10/10/23,46,320004,C,CITY OF DURHAM CITY COUNCIL AT-LARGE,Shelia Ann Huggins, ,3,41,0,0,0,41,Y
DURHAM,10/10/23,46,320004,C,CITY OF DURHAM CITY COUNCIL AT-LARGE,Sherri Zann Rosenthal, ,3,12,0,0,0,12,Y
DURHAM,10/10/23,46,320004,C,CITY OF DURHAM CITY COUNCIL AT-LARGE,Waldo Fenner, ,3,6,0,0,0,6,Y
DURHAM,10/10/23,47,320003,C,CITY OF DURHAM MAYOR,C. Burruss, ,1,1,0,0,0,1,Y
DURHAM,10/10/23,47,320003,C,CITY OF DURHAM MAYOR,DeDreana Freeman, ,1,60,0,0,0,60,Y
DURHAM,10/10/23,47,320003,C,CITY OF DURHAM MAYOR,Jontae Dunston, ,1,1,0,0,0,1,Y
DURHAM,10/10/23,47,320003,C,CITY OF DURHAM MAYOR,Leonardo (Leo) Williams, ,1,49,0,0,0,49,Y
DURHAM,10/10/23,47,320003,C,CITY OF DURHAM MAYOR,"Marshall Williams, Jr.", ,1,2,0,0,0,2,Y
DURHAM,10/10/23,47,320003,C,CITY OF DURHAM MAYOR,Mike Woodard, ,1,19,0,0,0,19,Y
DURHAM,10/10/23,47,320003,C,CITY OF DURHAM MAYOR,Nick Pettiford, ,1,6,0,0,0,6,Y
DURHAM,10/10/23,47,320003,C,CITY OF DURHAM MAYOR,Sylvester Williams, ,1,6,0,0,0,6,Y
DURHAM,10/10/23,47,320004,C,CITY OF DURHAM CITY COUNCIL AT-LARGE,Bonita Green, ,3,39,0,0,0,39,Y
DURHAM,10/10/23,47,320004,C,CITY OF DURHAM CITY COUNCIL AT-LARGE,Carl Rist, ,3,12,0,0,0,12,Y
DURHAM,10/10/23,47,320004,C,CITY OF DURHAM CITY COUNCIL AT-LARGE,J. J. Campbell, ,3,15,0,0,0,15,Y
DURHAM,10/10/23,47,320004,C,CITY OF DURHAM CITY COUNCIL AT-LARGE,Javiera Caballero, ,3,27,0,0,0,27,Y
DURHAM,10/10/23,47,320004,C,CITY OF DURHAM CITY COUNCIL AT-LARGE,Khalilah Karim, ,3,26,0,0,0,26,Y
DURHAM,10/10/23,47,320004,C,CITY OF DURHAM CITY COUNCIL AT-LARGE,Monique Holsey-Hyman, ,3,45,0,0,0,45,Y
DURHAM,10/10/23,47,320004,C,CITY OF DURHAM CITY COUNCIL AT-LARGE,Nate Baker, ,3,44,0,0,0,44,Y
DURHAM,10/10/23,47,320004,C,CITY OF DURHAM CITY COUNCIL AT-LARGE,Renee J. Vaughan, ,3,18,0,0,0,18,Y
DURHAM,10/10/23,47,320004,C,CITY OF DURHAM CITY COUNCIL AT-LARGE,Shanetta Burris, ,3,90,0,0,0,90,Y
DURHAM,10/10/23,47,320004,C,CITY OF DURHAM CITY COUNCIL AT-LARGE,Shelia Ann Huggins, ,3,43,0,0,0,43,Y
DURHAM,10/10/23,47,320004,C,CITY OF DURHAM CITY COUNCIL AT-LARGE,Sherri Zann Rosenthal, ,3,9,0,0,0,9,Y
DURHAM,10/10/23,47,320004,C,CITY OF DURHAM CITY COUNCIL AT-LARGE,Waldo Fenner, ,3,3,0,0,0,3,Y
DURHAM,10/10/23,50,320003,C,CITY OF DURHAM MAYOR,C. Burruss, ,1,4,0,0,0,4,Y
DURHAM,10/10/23,50,320003,C,CITY OF DURHAM MAYOR,DeDreana Freeman, ,1,20,0,0,0,20,Y
DURHAM,10/10/23,50,320003,C,CITY OF DURHAM MAYOR,Jontae Dunston, ,1,1,0,0,0,1,Y
DURHAM,10/10/23,50,320003,C,CITY OF DURHAM MAYOR,Leonardo (Leo) Williams, ,1,153,0,0,0,153,Y
DURHAM,10/10/23,50,320003,C,CITY OF DURHAM MAYOR,"Marshall Williams, Jr.", ,1,7,0,0,0,7,Y
DURHAM,10/10/23,50,320003,C,CITY OF DURHAM MAYOR,Mike Woodard, ,1,124,0,0,0,124,Y
DURHAM,10/10/23,50,320003,C,CITY OF DURHAM MAYOR,Nick Pettiford, ,1,0,0,0,0,0,Y
DURHAM,10/10/23,50,320003,C,CITY OF DURHAM MAYOR,Sylvester Williams, ,1,4,0,0,0,4,Y
DURHAM,10/10/23,50,320004,C,CITY OF DURHAM CITY COUNCIL AT-LARGE,Bonita Green, ,3,13,0,0,0,13,Y
DURHAM,10/10/23,50,320004,C,CITY OF DURHAM CITY COUNCIL AT-LARGE,Carl Rist, ,3,208,0,0,0,208,Y
DURHAM,10/10/23,50,320004,C,CITY OF DURHAM CITY COUNCIL AT-LARGE,J. J. Campbell, ,3,11,0,0,0,11,Y
DURHAM,10/10/23,50,320004,C,CITY OF DURHAM CITY COUNCIL AT-LARGE,Javiera Caballero, ,3,189,0,0,0,189,Y
DURHAM,10/10/23,50,320004,C,CITY OF DURHAM CITY COUNCIL AT-LARGE,Khalilah Karim, ,3,117,0,0,0,117,Y
DURHAM,10/10/23,50,320004,C,CITY OF DURHAM CITY COUNCIL AT-LARGE,Monique Holsey-Hyman, ,3,37,0,0,0,37,Y
DURHAM,10/10/23,50,320004,C,CITY OF DURHAM CITY COUNCIL AT-LARGE,Nate Baker, ,3,157,0,0,0,157,Y
DURHAM,10/10/23,50,320004,C,CITY OF DURHAM CITY COUNCIL AT-LARGE,Renee J. Vaughan, ,3,9,0,0,0,9,Y
DURHAM,10/10/23,50,320004,C,CITY OF DURHAM CITY COUNCIL AT-LARGE,Shanetta Burris, ,3,24,0,0,0,24,Y
DURHAM,10/10/23,50,320004,C,CITY OF DURHAM CITY COUNCIL AT-LARGE,Shelia Ann Huggins, ,3,63,0,0,0,63,Y
DURHAM,10/10/23,50,320004,C,CITY OF DURHAM CITY COUNCIL AT-LARGE,Sherri Zann Rosenthal, ,3,38,0,0,0,38,Y
DURHAM,10/10/23,50,320004,C,CITY OF DURHAM CITY COUNCIL AT-LARGE,Waldo Fenner, ,3,5,0,0,0,5,Y
DURHAM,10/10/23,51,320003,C,CITY OF DURHAM MAYOR,C. Burruss, ,1,3,0,0,0,3,Y
DURHAM,10/10/23,51,320003,C,CITY OF DURHAM MAYOR,DeDreana Freeman, ,1,47,0,0,0,47,Y
DURHAM,10/10/23,51,320003,C,CITY OF DURHAM MAYOR,Jontae Dunston, ,1,1,0,0,0,1,Y
DURHAM,10/10/23,51,320003,C,CITY OF DURHAM MAYOR,Leonardo (Leo) Williams, ,1,259,0,0,0,259,Y
DURHAM,10/10/23,51,320003,C,CITY OF DURHAM MAYOR,"Marshall Williams, Jr.", ,1,17,0,0,0,17,Y
DURHAM,10/10/23,51,320003,C,CITY OF DURHAM MAYOR,Mike Woodard, ,1,101,0,0,0,101,Y
DURHAM,10/10/23,51,320003,C,CITY OF DURHAM MAYOR,Nick Pettiford, ,1,2,0,0,0,2,Y
DURHAM,10/10/23,51,320003,C,CITY OF DURHAM MAYOR,Sylvester Williams, ,1,2,0,0,0,2,Y
DURHAM,10/10/23,51,320004,C,CITY OF DURHAM CITY COUNCIL AT-LARGE,Bonita Green, ,3,16,0,0,0,16,Y
DURHAM,10/10/23,51,320004,C,CITY OF DURHAM CITY COUNCIL AT-LARGE,Carl Rist, ,3,244,0,0,0,244,Y
DURHAM,10/10/23,51,320004,C,CITY OF DURHAM CITY COUNCIL AT-LARGE,J. J. Campbell, ,3,21,0,0,0,21,Y
DURHAM,10/10/23,51,320004,C,CITY OF DURHAM CITY COUNCIL AT-LARGE,Javiera Caballero, ,3,266,0,0,0,266,Y
DURHAM,10/10/23,51,320004,C,CITY OF DURHAM CITY COUNCIL AT-LARGE,Khalilah Karim, ,3,151,0,0,0,151,Y
DURHAM,10/10/23,51,320004,C,CITY OF DURHAM CITY COUNCIL AT-LARGE,Monique Holsey-Hyman, ,3,59,0,0,0,59,Y
DURHAM,10/10/23,51,320004,C,CITY OF DURHAM CITY COUNCIL AT-LARGE,Nate Baker, ,3,238,0,0,0,238,Y
DURHAM,10/10/23,51,320004,C,CITY OF DURHAM CITY COUNCIL AT-LARGE,Renee J. Vaughan, ,3,22,0,0,0,22,Y
DURHAM,10/10/23,51,320004,C,CITY OF DURHAM CITY COUNCIL AT-LARGE,Shanetta Burris, ,3,25,0,0,0,25,Y
DURHAM,10/10/23,51,320004,C,CITY OF DURHAM CITY COUNCIL AT-LARGE,Shelia Ann Huggins, ,3,137,0,0,0,137,Y
DURHAM,10/10/23,51,320004,C,CITY OF DURHAM CITY COUNCIL AT-LARGE,Sherri Zann Rosenthal, ,3,67,0,0,0,67,Y
DURHAM,10/10/23,51,320004,C,CITY OF DURHAM CITY COUNCIL AT-LARGE,Waldo Fenner, ,3,1,0,0,0,1,Y
DURHAM,10/10/23,52,320003,C,CITY OF DURHAM MAYOR,C. Burruss, ,1,2,0,0,0,2,Y
DURHAM,10/10/23,52,320003,C,CITY OF DURHAM MAYOR,DeDreana Freeman, ,1,46,0,0,0,46,Y
DURHAM,10/10/23,52,320003,C,CITY OF DURHAM MAYOR,Jontae Dunston, ,1,1,0,0,0,1,Y
DURHAM,10/10/23,52,320003,C,CITY OF DURHAM MAYOR,Leonardo (Leo) Williams, ,1,49,0,0,0,49,Y
DURHAM,10/10/23,52,320003,C,CITY OF DURHAM MAYOR,"Marshall Williams, Jr.", ,1,7,0,0,0,7,Y
DURHAM,10/10/23,52,320003,C,CITY OF DURHAM MAYOR,Mike Woodard, ,1,24,0,0,0,24,Y
DURHAM,10/10/23,52,320003,C,CITY OF DURHAM MAYOR,Nick Pettiford, ,1,3,0,0,0,3,Y
DURHAM,10/10/23,52,320003,C,CITY OF DURHAM MAYOR,Sylvester Williams, ,1,5,0,0,0,5,Y
DURHAM,10/10/23,52,320004,C,CITY OF DURHAM CITY COUNCIL AT-LARGE,Bonita Green, ,3,33,0,0,0,33,Y
DURHAM,10/10/23,52,320004,C,CITY OF DURHAM CITY COUNCIL AT-LARGE,Carl Rist, ,3,24,0,0,0,24,Y
DURHAM,10/10/23,52,320004,C,CITY OF DURHAM CITY COUNCIL AT-LARGE,J. J. Campbell, ,3,9,0,0,0,9,Y
DURHAM,10/10/23,52,320004,C,CITY OF DURHAM CITY COUNCIL AT-LARGE,Javiera Caballero, ,3,22,0,0,0,22,Y
DURHAM,10/10/23,52,320004,C,CITY OF DURHAM CITY COUNCIL AT-LARGE,Khalilah Karim, ,3,21,0,0,0,21,Y
DURHAM,10/10/23,52,320004,C,CITY OF DURHAM CITY COUNCIL AT-LARGE,Monique Holsey-Hyman, ,3,65,0,0,0,65,Y
DURHAM,10/10/23,52,320004,C,CITY OF DURHAM CITY COUNCIL AT-LARGE,Nate Baker, ,3,67,0,0,0,67,Y
DURHAM,10/10/23,52,320004,C,CITY OF DURHAM CITY COUNCIL AT-LARGE,Renee J. Vaughan, ,3,27,0,0,0,27,Y
DURHAM,10/10/23,52,320004,C,CITY OF DURHAM CITY COUNCIL AT-LARGE,Shanetta Burris, ,3,46,0,0,0,46,Y
DURHAM,10/10/23,52,320004,C,CITY OF DURHAM CITY COUNCIL AT-LARGE,Shelia Ann Huggins, ,3,51,0,0,0,51,Y
DURHAM,10/10/23,52,320004,C,CITY OF DURHAM CITY COUNCIL AT-LARGE,Sherri Zann Rosenthal, ,3,14,0,0,0,14,Y
DURHAM,10/10/23,52,320004,C,CITY OF DURHAM CITY COUNCIL AT-LARGE,Waldo Fenner, ,3,2,0,0,0,2,Y
DURHAM,10/10/23,53-1,320003,C,CITY OF DURHAM MAYOR,C. Burruss, ,1,2,0,0,0,2,Y
DURHAM,10/10/23,53-1,320003,C,CITY OF DURHAM MAYOR,DeDreana Freeman, ,1,19,0,0,0,19,Y
DURHAM,10/10/23,53-1,320003,C,CITY OF DURHAM MAYOR,Jontae Dunston, ,1,1,0,0,0,1,Y
DURHAM,10/10/23,53-1,320003,C,CITY OF DURHAM MAYOR,Leonardo (Leo) Williams, ,1,99,0,0,0,99,Y
DURHAM,10/10/23,53-1,320003,C,CITY OF DURHAM MAYOR,"Marshall Williams, Jr.", ,1,5,0,0,0,5,Y
DURHAM,10/10/23,53-1,320003,C,CITY OF DURHAM MAYOR,Mike Woodard, ,1,37,0,0,0,37,Y
DURHAM,10/10/23,53-1,320003,C,CITY OF DURHAM MAYOR,Nick Pettiford, ,1,4,0,0,0,4,Y
DURHAM,10/10/23,53-1,320003,C,CITY OF DURHAM MAYOR,Sylvester Williams, ,1,3,0,0,0,3,Y
DURHAM,10/10/23,53-1,320004,C,CITY OF DURHAM CITY COUNCIL AT-LARGE,Bonita Green, ,3,14,0,0,0,14,Y
DURHAM,10/10/23,53-1,320004,C,CITY OF DURHAM CITY COUNCIL AT-LARGE,Carl Rist, ,3,86,0,0,0,86,Y
DURHAM,10/10/23,53-1,320004,C,CITY OF DURHAM CITY COUNCIL AT-LARGE,J. J. Campbell, ,3,2,0,0,0,2,Y
DURHAM,10/10/23,53-1,320004,C,CITY OF DURHAM CITY COUNCIL AT-LARGE,Javiera Caballero, ,3,100,0,0,0,100,Y
DURHAM,10/10/23,53-1,320004,C,CITY OF DURHAM CITY COUNCIL AT-LARGE,Khalilah Karim, ,3,56,0,0,0,56,Y
DURHAM,10/10/23,53-1,320004,C,CITY OF DURHAM CITY COUNCIL AT-LARGE,Monique Holsey-Hyman, ,3,28,0,0,0,28,Y
DURHAM,10/10/23,53-1,320004,C,CITY OF DURHAM CITY COUNCIL AT-LARGE,Nate Baker, ,3,92,0,0,0,92,Y
DURHAM,10/10/23,53-1,320004,C,CITY OF DURHAM CITY COUNCIL AT-LARGE,Renee J. Vaughan, ,3,10,0,0,0,10,Y
DURHAM,10/10/23,53-1,320004,C,CITY OF DURHAM CITY COUNCIL AT-LARGE,Shanetta Burris, ,3,19,0,0,0,19,Y
DURHAM,10/10/23,53-1,320004,C,CITY OF DURHAM CITY COUNCIL AT-LARGE,Shelia Ann Huggins, ,3,35,0,0,0,35,Y
DURHAM,10/10/23,53-1,320004,C,CITY OF DURHAM CITY COUNCIL AT-LARGE,Sherri Zann Rosenthal, ,3,25,0,0,0,25,Y
DURHAM,10/10/23,53-1,320004,C,CITY OF DURHAM CITY COUNCIL AT-LARGE,Waldo Fenner, ,3,4,0,0,0,4,Y
DURHAM,10/10/23,53-2,320003,C,CITY OF DURHAM MAYOR,C. Burruss, ,1,2,0,0,0,2,Y
DURHAM,10/10/23,53-2,320003,C,CITY OF DURHAM MAYOR,DeDreana Freeman, ,1,16,0,0,0,16,Y
DURHAM,10/10/23,53-2,320003,C,CITY OF DURHAM MAYOR,Jontae Dunston, ,1,0,0,0,0,0,Y
DURHAM,10/10/23,53-2,320003,C,CITY OF DURHAM MAYOR,Leonardo (Leo) Williams, ,1,118,0,0,0,118,Y
DURHAM,10/10/23,53-2,320003,C,CITY OF DURHAM MAYOR,"Marshall Williams, Jr.", ,1,6,0,0,0,6,Y
DURHAM,10/10/23,53-2,320003,C,CITY OF DURHAM MAYOR,Mike Woodard, ,1,72,0,0,0,72,Y
DURHAM,10/10/23,53-2,320003,C,CITY OF DURHAM MAYOR,Nick Pettiford, ,1,1,0,0,0,1,Y
DURHAM,10/10/23,53-2,320003,C,CITY OF DURHAM MAYOR,Sylvester Williams, ,1,0,0,0,0,0,Y
DURHAM,10/10/23,53-2,320004,C,CITY OF DURHAM CITY COUNCIL AT-LARGE,Bonita Green, ,3,7,0,0,0,7,Y
DURHAM,10/10/23,53-2,320004,C,CITY OF DURHAM CITY COUNCIL AT-LARGE,Carl Rist, ,3,137,0,0,0,137,Y
DURHAM,10/10/23,53-2,320004,C,CITY OF DURHAM CITY COUNCIL AT-LARGE,J. J. Campbell, ,3,11,0,0,0,11,Y
DURHAM,10/10/23,53-2,320004,C,CITY OF DURHAM CITY COUNCIL AT-LARGE,Javiera Caballero, ,3,143,0,0,0,143,Y
DURHAM,10/10/23,53-2,320004,C,CITY OF DURHAM CITY COUNCIL AT-LARGE,Khalilah Karim, ,3,74,0,0,0,74,Y
DURHAM,10/10/23,53-2,320004,C,CITY OF DURHAM CITY COUNCIL AT-LARGE,Monique Holsey-Hyman, ,3,18,0,0,0,18,Y
DURHAM,10/10/23,53-2,320004,C,CITY OF DURHAM CITY COUNCIL AT-LARGE,Nate Baker, ,3,107,0,0,0,107,Y
DURHAM,10/10/23,53-2,320004,C,CITY OF DURHAM CITY COUNCIL AT-LARGE,Renee J. Vaughan, ,3,13,0,0,0,13,Y
DURHAM,10/10/23,53-2,320004,C,CITY OF DURHAM CITY COUNCIL AT-LARGE,Shanetta Burris, ,3,13,0,0,0,13,Y
DURHAM,10/10/23,53-2,320004,C,CITY OF DURHAM CITY COUNCIL AT-LARGE,Shelia Ann Huggins, ,3,45,0,0,0,45,Y
DURHAM,10/10/23,53-2,320004,C,CITY OF DURHAM CITY COUNCIL AT-LARGE,Sherri Zann Rosenthal, ,3,39,0,0,0,39,Y
DURHAM,10/10/23,53-2,320004,C,CITY OF DURHAM CITY COUNCIL AT-LARGE,Waldo Fenner, ,3,4,0,0,0,4,Y
DURHAM,10/10/23,54,320003,C,CITY OF DURHAM MAYOR,C. Burruss, ,1,2,0,0,0,2,Y
DURHAM,10/10/23,54,320003,C,CITY OF DURHAM MAYOR,DeDreana Freeman, ,1,54,0,0,0,54,Y
DURHAM,10/10/23,54,320003,C,CITY OF DURHAM MAYOR,Jontae Dunston, ,1,1,0,0,0,1,Y
DURHAM,10/10/23,54,320003,C,CITY OF DURHAM MAYOR,Leonardo (Leo) Williams, ,1,145,0,0,0,145,Y
DURHAM,10/10/23,54,320003,C,CITY OF DURHAM MAYOR,"Marshall Williams, Jr.", ,1,4,0,0,0,4,Y
DURHAM,10/10/23,54,320003,C,CITY OF DURHAM MAYOR,Mike Woodard, ,1,54,0,0,0,54,Y
DURHAM,10/10/23,54,320003,C,CITY OF DURHAM MAYOR,Nick Pettiford, ,1,4,0,0,0,4,Y
DURHAM,10/10/23,54,320003,C,CITY OF DURHAM MAYOR,Sylvester Williams, ,1,4,0,0,0,4,Y
DURHAM,10/10/23,54,320004,C,CITY OF DURHAM CITY COUNCIL AT-LARGE,Bonita Green, ,3,22,0,0,0,22,Y
DURHAM,10/10/23,54,320004,C,CITY OF DURHAM CITY COUNCIL AT-LARGE,Carl Rist, ,3,114,0,0,0,114,Y
DURHAM,10/10/23,54,320004,C,CITY OF DURHAM CITY COUNCIL AT-LARGE,J. J. Campbell, ,3,6,0,0,0,6,Y
DURHAM,10/10/23,54,320004,C,CITY OF DURHAM CITY COUNCIL AT-LARGE,Javiera Caballero, ,3,141,0,0,0,141,Y
DURHAM,10/10/23,54,320004,C,CITY OF DURHAM CITY COUNCIL AT-LARGE,Khalilah Karim, ,3,88,0,0,0,88,Y
DURHAM,10/10/23,54,320004,C,CITY OF DURHAM CITY COUNCIL AT-LARGE,Monique Holsey-Hyman, ,3,73,0,0,0,73,Y
DURHAM,10/10/23,54,320004,C,CITY OF DURHAM CITY COUNCIL AT-LARGE,Nate Baker, ,3,122,0,0,0,122,Y
DURHAM,10/10/23,54,320004,C,CITY OF DURHAM CITY COUNCIL AT-LARGE,Renee J. Vaughan, ,3,20,0,0,0,20,Y
DURHAM,10/10/23,54,320004,C,CITY OF DURHAM CITY COUNCIL AT-LARGE,Shanetta Burris, ,3,47,0,0,0,47,Y
DURHAM,10/10/23,54,320004,C,CITY OF DURHAM CITY COUNCIL AT-LARGE,Shelia Ann Huggins, ,3,86,0,0,0,86,Y
DURHAM,10/10/23,54,320004,C,CITY OF DURHAM CITY COUNCIL AT-LARGE,Sherri Zann Rosenthal, ,3,24,0,0,0,24,Y
DURHAM,10/10/23,54,320004,C,CITY OF DURHAM CITY COUNCIL AT-LARGE,Waldo Fenner, ,3,4,0,0,0,4,Y
DURHAM,10/10/23,55-11,320003,C,CITY OF DURHAM MAYOR,C. Burruss, ,1,3,0,0,0,3,Y
DURHAM,10/10/23,55-11,320003,C,CITY OF DURHAM MAYOR,DeDreana Freeman, ,1,49,0,0,0,49,Y
DURHAM,10/10/23,55-11,320003,C,CITY OF DURHAM MAYOR,Jontae Dunston, ,1,1,0,0,0,1,Y
DURHAM,10/10/23,55-11,320003,C,CITY OF DURHAM MAYOR,Leonardo (Leo) Williams, ,1,41,0,0,0,41,Y
DURHAM,10/10/23,55-11,320003,C,CITY OF DURHAM MAYOR,"Marshall Williams, Jr.", ,1,5,0,0,0,5,Y
DURHAM,10/10/23,55-11,320003,C,CITY OF DURHAM MAYOR,Mike Woodard, ,1,19,0,0,0,19,Y
DURHAM,10/10/23,55-11,320003,C,CITY OF DURHAM MAYOR,Nick Pettiford, ,1,1,0,0,0,1,Y
DURHAM,10/10/23,55-11,320003,C,CITY OF DURHAM MAYOR,Sylvester Williams, ,1,1,0,0,0,1,Y
DURHAM,10/10/23,55-11,320004,C,CITY OF DURHAM CITY COUNCIL AT-LARGE,Bonita Green, ,3,22,0,0,0,22,Y
DURHAM,10/10/23,55-11,320004,C,CITY OF DURHAM CITY COUNCIL AT-LARGE,Carl Rist, ,3,19,0,0,0,19,Y
DURHAM,10/10/23,55-11,320004,C,CITY OF DURHAM CITY COUNCIL AT-LARGE,J. J. Campbell, ,3,5,0,0,0,5,Y
DURHAM,10/10/23,55-11,320004,C,CITY OF DURHAM CITY COUNCIL AT-LARGE,Javiera Caballero, ,3,30,0,0,0,30,Y
DURHAM,10/10/23,55-11,320004,C,CITY OF DURHAM CITY COUNCIL AT-LARGE,Khalilah Karim, ,3,34,0,0,0,34,Y
DURHAM,10/10/23,55-11,320004,C,CITY OF DURHAM CITY COUNCIL AT-LARGE,Monique Holsey-Hyman, ,3,51,0,0,0,51,Y
DURHAM,10/10/23,55-11,320004,C,CITY OF DURHAM CITY COUNCIL AT-LARGE,Nate Baker, ,3,61,0,0,0,61,Y
DURHAM,10/10/23,55-11,320004,C,CITY OF DURHAM CITY COUNCIL AT-LARGE,Renee J. Vaughan, ,3,7,0,0,0,7,Y
DURHAM,10/10/23,55-11,320004,C,CITY OF DURHAM CITY COUNCIL AT-LARGE,Shanetta Burris, ,3,37,0,0,0,37,Y
DURHAM,10/10/23,55-11,320004,C,CITY OF DURHAM CITY COUNCIL AT-LARGE,Shelia Ann Huggins, ,3,58,0,0,0,58,Y
DURHAM,10/10/23,55-11,320004,C,CITY OF DURHAM CITY COUNCIL AT-LARGE,Sherri Zann Rosenthal, ,3,7,0,0,0,7,Y
DURHAM,10/10/23,55-11,320004,C,CITY OF DURHAM CITY COUNCIL AT-LARGE,Waldo Fenner, ,3,0,0,0,0,0,Y
DURHAM,10/10/23,55-49,320003,C,CITY OF DURHAM MAYOR,C. Burruss, ,1,0,0,0,0,0,Y
DURHAM,10/10/23,55-49,320003,C,CITY OF DURHAM MAYOR,DeDreana Freeman, ,1,5,0,0,0,5,Y
DURHAM,10/10/23,55-49,320003,C,CITY OF DURHAM MAYOR,Jontae Dunston, ,1,0,0,0,0,0,Y
DURHAM,10/10/23,55-49,320003,C,CITY OF DURHAM MAYOR,Leonardo (Leo) Williams, ,1,5,0,0,0,5,Y
DURHAM,10/10/23,55-49,320003,C,CITY OF DURHAM MAYOR,"Marshall Williams, Jr.", ,1,0,0,0,0,0,Y
DURHAM,10/10/23,55-49,320003,C,CITY OF DURHAM MAYOR,Mike Woodard, ,1,1,0,0,0,1,Y
DURHAM,10/10/23,55-49,320003,C,CITY OF DURHAM MAYOR,Nick Pettiford, ,1,0,0,0,0,0,Y
DURHAM,10/10/23,55-49,320003,C,CITY OF DURHAM MAYOR,Sylvester Williams, ,1,0,0,0,0,0,Y
DURHAM,10/10/23,55-49,320004,C,CITY OF DURHAM CITY COUNCIL AT-LARGE,Bonita Green, ,3,3,0,0,0,3,Y
DURHAM,10/10/23,55-49,320004,C,CITY OF DURHAM CITY COUNCIL AT-LARGE,Carl Rist, ,3,1,0,0,0,1,Y
DURHAM,10/10/23,55-49,320004,C,CITY OF DURHAM CITY COUNCIL AT-LARGE,J. J. Campbell, ,3,0,0,0,0,0,Y
DURHAM,10/10/23,55-49,320004,C,CITY OF DURHAM CITY COUNCIL AT-LARGE,Javiera Caballero, ,3,2,0,0,0,2,Y
DURHAM,10/10/23,55-49,320004,C,CITY OF DURHAM CITY COUNCIL AT-LARGE,Khalilah Karim, ,3,4,0,0,0,4,Y
DURHAM,10/10/23,55-49,320004,C,CITY OF DURHAM CITY COUNCIL AT-LARGE,Monique Holsey-Hyman, ,3,6,0,0,0,6,Y
DURHAM,10/10/23,55-49,320004,C,CITY OF DURHAM CITY COUNCIL AT-LARGE,Nate Baker, ,3,7,0,0,0,7,Y
DURHAM,10/10/23,55-49,320004,C,CITY OF DURHAM CITY COUNCIL AT-LARGE,Renee J. Vaughan, ,3,1,0,0,0,1,Y
DURHAM,10/10/23,55-49,320004,C,CITY OF DURHAM CITY COUNCIL AT-LARGE,Shanetta Burris, ,3,2,0,0,0,2,Y
DURHAM,10/10/23,55-49,320004,C,CITY OF DURHAM CITY COUNCIL AT-LARGE,Shelia Ann Huggins, ,3,3,0,0,0,3,Y
DURHAM,10/10/23,55-49,320004,C,CITY OF DURHAM CITY COUNCIL AT-LARGE,Sherri Zann Rosenthal, ,3,0,0,0,0,0,Y
DURHAM,10/10/23,55-49,320004,C,CITY OF DURHAM CITY COUNCIL AT-LARGE,Waldo Fenner, ,3,0,0,0,0,0,Y
DURHAM,10/10/23,56,320003,C,CITY OF DURHAM MAYOR,C. Burruss, ,1,4,0,0,0,4,Y
DURHAM,10/10/23,56,320003,C,CITY OF DURHAM MAYOR,DeDreana Freeman, ,1,60,0,0,0,60,Y
DURHAM,10/10/23,56,320003,C,CITY OF DURHAM MAYOR,Jontae Dunston, ,1,2,0,0,0,2,Y
DURHAM,10/10/23,56,320003,C,CITY OF DURHAM MAYOR,Leonardo (Leo) Williams, ,1,197,0,0,0,197,Y
DURHAM,10/10/23,56,320003,C,CITY OF DURHAM MAYOR,"Marshall Williams, Jr.", ,1,4,0,0,0,4,Y
DURHAM,10/10/23,56,320003,C,CITY OF DURHAM MAYOR,Mike Woodard, ,1,251,0,0,0,251,Y
DURHAM,10/10/23,56,320003,C,CITY OF DURHAM MAYOR,Nick Pettiford, ,1,3,0,0,0,3,Y
DURHAM,10/10/23,56,320003,C,CITY OF DURHAM MAYOR,Sylvester Williams, ,1,12,0,0,0,12,Y
DURHAM,10/10/23,56,320004,C,CITY OF DURHAM CITY COUNCIL AT-LARGE,Bonita Green, ,3,29,0,0,0,29,Y
DURHAM,10/10/23,56,320004,C,CITY OF DURHAM CITY COUNCIL AT-LARGE,Carl Rist, ,3,312,0,0,0,312,Y
DURHAM,10/10/23,56,320004,C,CITY OF DURHAM CITY COUNCIL AT-LARGE,J. J. Campbell, ,3,22,0,0,0,22,Y
DURHAM,10/10/23,56,320004,C,CITY OF DURHAM CITY COUNCIL AT-LARGE,Javiera Caballero, ,3,277,0,0,0,277,Y
DURHAM,10/10/23,56,320004,C,CITY OF DURHAM CITY COUNCIL AT-LARGE,Khalilah Karim, ,3,139,0,0,0,139,Y
DURHAM,10/10/23,56,320004,C,CITY OF DURHAM CITY COUNCIL AT-LARGE,Monique Holsey-Hyman, ,3,93,0,0,0,93,Y
DURHAM,10/10/23,56,320004,C,CITY OF DURHAM CITY COUNCIL AT-LARGE,Nate Baker, ,3,241,0,0,0,241,Y
DURHAM,10/10/23,56,320004,C,CITY OF DURHAM CITY COUNCIL AT-LARGE,Renee J. Vaughan, ,3,25,0,0,0,25,Y
DURHAM,10/10/23,56,320004,C,CITY OF DURHAM CITY COUNCIL AT-LARGE,Shanetta Burris, ,3,43,0,0,0,43,Y
DURHAM,10/10/23,56,320004,C,CITY OF DURHAM CITY COUNCIL AT-LARGE,Shelia Ann Huggins, ,3,169,0,0,0,169,Y
DURHAM,10/10/23,56,320004,C,CITY OF DURHAM CITY COUNCIL AT-LARGE,Sherri Zann Rosenthal, ,3,101,0,0,0,101,Y
DURHAM,10/10/23,56,320004,C,CITY OF DURHAM CITY COUNCIL AT-LARGE,Waldo Fenner, ,3,11,0,0,0,11,Y
DURHAM,10/10/23,ABSENTEE,320003,C,CITY OF DURHAM MAYOR,C. Burruss, ,1,0,0,7,0,7,N
DURHAM,10/10/23,ABSENTEE,320003,C,CITY OF DURHAM MAYOR,DeDreana Freeman, ,1,0,0,39,0,39,N
DURHAM,10/10/23,ABSENTEE,320003,C,CITY OF DURHAM MAYOR,Jontae Dunston, ,1,0,0,0,0,0,N
DURHAM,10/10/23,ABSENTEE,320003,C,CITY OF DURHAM MAYOR,Leonardo (Leo) Williams, ,1,0,0,165,0,165,N
DURHAM,10/10/23,ABSENTEE,320003,C,CITY OF DURHAM MAYOR,"Marshall Williams, Jr.", ,1,0,0,8,0,8,N
DURHAM,10/10/23,ABSENTEE,320003,C,CITY OF DURHAM MAYOR,Mike Woodard, ,1,0,0,112,0,112,N
DURHAM,10/10/23,ABSENTEE,320003,C,CITY OF DURHAM MAYOR,Nick Pettiford, ,1,0,0,1,0,1,N
DURHAM,10/10/23,ABSENTEE,320003,C,CITY OF DURHAM MAYOR,Sylvester Williams, ,1,0,0,3,0,3,N
DURHAM,10/10/23,ABSENTEE,320004,C,CITY OF DURHAM CITY COUNCIL AT-LARGE,Bonita Green, ,3,0,0,23,0,23,N
DURHAM,10/10/23,ABSENTEE,320004,C,CITY OF DURHAM CITY COUNCIL AT-LARGE,Carl Rist, ,3,0,0,157,0,157,N
DURHAM,10/10/23,ABSENTEE,320004,C,CITY OF DURHAM CITY COUNCIL AT-LARGE,J. J. Campbell, ,3,0,0,13,0,13,N
DURHAM,10/10/23,ABSENTEE,320004,C,CITY OF DURHAM CITY COUNCIL AT-LARGE,Javiera Caballero, ,3,0,0,198,0,198,N
DURHAM,10/10/23,ABSENTEE,320004,C,CITY OF DURHAM CITY COUNCIL AT-LARGE,Khalilah Karim, ,3,0,0,106,0,106,N
DURHAM,10/10/23,ABSENTEE,320004,C,CITY OF DURHAM CITY COUNCIL AT-LARGE,Monique Holsey-Hyman, ,3,0,0,54,0,54,N
DURHAM,10/10/23,ABSENTEE,320004,C,CITY OF DURHAM CITY COUNCIL AT-LARGE,Nate Baker, ,3,0,0,191,0,191,N
DURHAM,10/10/23,ABSENTEE,320004,C,CITY OF DURHAM CITY COUNCIL AT-LARGE,Renee J. Vaughan, ,3,0,0,11,0,11,N
DURHAM,10/10/23,ABSENTEE,320004,C,CITY OF DURHAM CITY COUNCIL AT-LARGE,Shanetta Burris, ,3,0,0,47,0,47,N
DURHAM,10/10/23,ABSENTEE,320004,C,CITY OF DURHAM CITY COUNCIL AT-LARGE,Shelia Ann Huggins, ,3,0,0,83,0,83,N
DURHAM,10/10/23,ABSENTEE,320004,C,CITY OF DURHAM CITY COUNCIL AT-LARGE,Sherri Zann Rosenthal, ,3,0,0,74,0,74,N
DURHAM,10/10/23,ABSENTEE,320004,C,CITY OF DURHAM CITY COUNCIL AT-LARGE,Waldo Fenner, ,3,0,0,7,0,7,N
DURHAM,10/10/23,ABSENTEE,920001,C,TOWN OF CARY MAYOR,"Harold Weinbrecht, Jr.", ,1,0,0,0,0,0,N
DURHAM,10/10/23,ABSENTEE,920001,C,TOWN OF CARY MAYOR,Write-In (Miscellaneous),,1,0,0,0,0,0,N
DURHAM,10/10/23,ABSENTEE,920002,C,TOWN OF CARY TOWN COUNCIL AT-LARGE,Lori Bush, ,1,0,0,0,0,0,N
DURHAM,10/10/23,ABSENTEE,920002,C,TOWN OF CARY TOWN COUNCIL AT-LARGE,Mary Insprucker, ,1,0,0,0,0,0,N
DURHAM,10/10/23,ABSENTEE,920002,C,TOWN OF CARY TOWN COUNCIL AT-LARGE,Matthew Gronke, ,1,0,0,0,0,0,N
DURHAM,10/10/23,ABSENTEE,920002,C,TOWN OF CARY TOWN COUNCIL AT-LARGE,Write-In (Miscellaneous),,1,0,0,0,0,0,N
DURHAM,10/10/23,OS EAST,320003,C,CITY OF DURHAM MAYOR,C. Burruss, ,1,0,21,0,0,21,N
DURHAM,10/10/23,OS EAST,320003,C,CITY OF DURHAM MAYOR,DeDreana Freeman, ,1,0,211,0,0,211,N
DURHAM,10/10/23,OS EAST,320003,C,CITY OF DURHAM MAYOR,Jontae Dunston, ,1,0,6,0,0,6,N
DURHAM,10/10/23,OS EAST,320003,C,CITY OF DURHAM MAYOR,Leonardo (Leo) Williams, ,1,0,647,0,0,647,N
DURHAM,10/10/23,OS EAST,320003,C,CITY OF DURHAM MAYOR,"Marshall Williams, Jr.", ,1,0,53,0,0,53,N
DURHAM,10/10/23,OS EAST,320003,C,CITY OF DURHAM MAYOR,Mike Woodard, ,1,0,782,0,0,782,N
DURHAM,10/10/23,OS EAST,320003,C,CITY OF DURHAM MAYOR,Nick Pettiford, ,1,0,13,0,0,13,N
DURHAM,10/10/23,OS EAST,320003,C,CITY OF DURHAM MAYOR,Sylvester Williams, ,1,0,22,0,0,22,N
DURHAM,10/10/23,OS EAST,320004,C,CITY OF DURHAM CITY COUNCIL AT-LARGE,Bonita Green, ,3,0,535,0,0,535,N
DURHAM,10/10/23,OS EAST,320004,C,CITY OF DURHAM CITY COUNCIL AT-LARGE,Carl Rist, ,3,0,506,0,0,506,N
DURHAM,10/10/23,OS EAST,320004,C,CITY OF DURHAM CITY COUNCIL AT-LARGE,J. J. Campbell, ,3,0,33,0,0,33,N
DURHAM,10/10/23,OS EAST,320004,C,CITY OF DURHAM CITY COUNCIL AT-LARGE,Javiera Caballero, ,3,0,504,0,0,504,N
DURHAM,10/10/23,OS EAST,320004,C,CITY OF DURHAM CITY COUNCIL AT-LARGE,Khalilah Karim, ,3,0,418,0,0,418,N
DURHAM,10/10/23,OS EAST,320004,C,CITY OF DURHAM CITY COUNCIL AT-LARGE,Monique Holsey-Hyman, ,3,0,725,0,0,725,N
DURHAM,10/10/23,OS EAST,320004,C,CITY OF DURHAM CITY COUNCIL AT-LARGE,Nate Baker, ,3,0,1038,0,0,1038,N
DURHAM,10/10/23,OS EAST,320004,C,CITY OF DURHAM CITY COUNCIL AT-LARGE,Renee J. Vaughan, ,3,0,79,0,0,79,N
DURHAM,10/10/23,OS EAST,320004,C,CITY OF DURHAM CITY COUNCIL AT-LARGE,Shanetta Burris, ,3,0,235,0,0,235,N
DURHAM,10/10/23,OS EAST,320004,C,CITY OF DURHAM CITY COUNCIL AT-LARGE,Shelia Ann Huggins, ,3,0,756,0,0,756,N
DURHAM,10/10/23,OS EAST,320004,C,CITY OF DURHAM CITY COUNCIL AT-LARGE,Sherri Zann Rosenthal, ,3,0,199,0,0,199,N
DURHAM,10/10/23,OS EAST,320004,C,CITY OF DURHAM CITY COUNCIL AT-LARGE,Waldo Fenner, ,3,0,19,0,0,19,N
DURHAM,10/10/23,OS EAST,920001,C,TOWN OF CARY MAYOR,"Harold Weinbrecht, Jr.", ,1,0,0,0,0,0,N
DURHAM,10/10/23,OS EAST,920001,C,TOWN OF CARY MAYOR,Write-In (Miscellaneous),,1,0,0,0,0,0,N
DURHAM,10/10/23,OS EAST,920002,C,TOWN OF CARY TOWN COUNCIL AT-LARGE,Lori Bush, ,1,0,0,0,0,0,N
DURHAM,10/10/23,OS EAST,920002,C,TOWN OF CARY TOWN COUNCIL AT-LARGE,Mary Insprucker, ,1,0,0,0,0,0,N
DURHAM,10/10/23,OS EAST,920002,C,TOWN OF CARY TOWN COUNCIL AT-LARGE,Matthew Gronke, ,1,0,0,0,0,0,N
DURHAM,10/10/23,OS EAST,920002,C,TOWN OF CARY TOWN COUNCIL AT-LARGE,Write-In (Miscellaneous),,1,0,0,0,0,0,N
DURHAM,10/10/23,OS MAIN,320003,C,CITY OF DURHAM MAYOR,C. Burruss, ,1,0,20,0,0,20,N
DURHAM,10/10/23,OS MAIN,320003,C,CITY OF DURHAM MAYOR,DeDreana Freeman, ,1,0,426,0,0,426,N
DURHAM,10/10/23,OS MAIN,320003,C,CITY OF DURHAM MAYOR,Jontae Dunston, ,1,0,11,0,0,11,N
DURHAM,10/10/23,OS MAIN,320003,C,CITY OF DURHAM MAYOR,Leonardo (Leo) Williams, ,1,0,2064,0,0,2064,N
DURHAM,10/10/23,OS MAIN,320003,C,CITY OF DURHAM MAYOR,"Marshall Williams, Jr.", ,1,0,34,0,0,34,N
DURHAM,10/10/23,OS MAIN,320003,C,CITY OF DURHAM MAYOR,Mike Woodard, ,1,0,971,0,0,971,N
DURHAM,10/10/23,OS MAIN,320003,C,CITY OF DURHAM MAYOR,Nick Pettiford, ,1,0,15,0,0,15,N
DURHAM,10/10/23,OS MAIN,320003,C,CITY OF DURHAM MAYOR,Sylvester Williams, ,1,0,26,0,0,26,N
DURHAM,10/10/23,OS MAIN,320004,C,CITY OF DURHAM CITY COUNCIL AT-LARGE,Bonita Green, ,3,0,236,0,0,236,N
DURHAM,10/10/23,OS MAIN,320004,C,CITY OF DURHAM CITY COUNCIL AT-LARGE,Carl Rist, ,3,0,2176,0,0,2176,N
DURHAM,10/10/23,OS MAIN,320004,C,CITY OF DURHAM CITY COUNCIL AT-LARGE,J. J. Campbell, ,3,0,52,0,0,52,N
DURHAM,10/10/23,OS MAIN,320004,C,CITY OF DURHAM CITY COUNCIL AT-LARGE,Javiera Caballero, ,3,0,2215,0,0,2215,N
DURHAM,10/10/23,OS MAIN,320004,C,CITY OF DURHAM CITY COUNCIL AT-LARGE,Khalilah Karim, ,3,0,1482,0,0,1482,N
DURHAM,10/10/23,OS MAIN,320004,C,CITY OF DURHAM CITY COUNCIL AT-LARGE,Monique Holsey-Hyman, ,3,0,497,0,0,497,N
DURHAM,10/10/23,OS MAIN,320004,C,CITY OF DURHAM CITY COUNCIL AT-LARGE,Nate Baker, ,3,0,1926,0,0,1926,N
DURHAM,10/10/23,OS MAIN,320004,C,CITY OF DURHAM CITY COUNCIL AT-LARGE,Renee J. Vaughan, ,3,0,148,0,0,148,N
DURHAM,10/10/23,OS MAIN,320004,C,CITY OF DURHAM CITY COUNCIL AT-LARGE,Shanetta Burris, ,3,0,290,0,0,290,N
DURHAM,10/10/23,OS MAIN,320004,C,CITY OF DURHAM CITY COUNCIL AT-LARGE,Shelia Ann Huggins, ,3,0,663,0,0,663,N
DURHAM,10/10/23,OS MAIN,320004,C,CITY OF DURHAM CITY COUNCIL AT-LARGE,Sherri Zann Rosenthal, ,3,0,480,0,0,480,N
DURHAM,10/10/23,OS MAIN,320004,C,CITY OF DURHAM CITY COUNCIL AT-LARGE,Waldo Fenner, ,3,0,18,0,0,18,N
DURHAM,10/10/23,OS MAIN,920001,C,TOWN OF CARY MAYOR,"Harold Weinbrecht, Jr.", ,1,0,0,0,0,0,N
DURHAM,10/10/23,OS MAIN,920001,C,TOWN OF CARY MAYOR,Write-In (Miscellaneous),,1,0,0,0,0,0,N
DURHAM,10/10/23,OS MAIN,920002,C,TOWN OF CARY TOWN COUNCIL AT-LARGE,Lori Bush, ,1,0,0,0,0,0,N
DURHAM,10/10/23,OS MAIN,920002,C,TOWN OF CARY TOWN COUNCIL AT-LARGE,Mary Insprucker, ,1,0,0,0,0,0,N
DURHAM,10/10/23,OS MAIN,920002,C,TOWN OF CARY TOWN COUNCIL AT-LARGE,Matthew Gronke, ,1,0,0,0,0,0,N
DURHAM,10/10/23,OS MAIN,920002,C,TOWN OF CARY TOWN COUNCIL AT-LARGE,Write-In (Miscellaneous),,1,0,0,0,0,0,N
DURHAM,10/10/23,OS NCCU,320003,C,CITY OF DURHAM MAYOR,C. Burruss, ,1,0,13,0,0,13,N
DURHAM,10/10/23,OS NCCU,320003,C,CITY OF DURHAM MAYOR,DeDreana Freeman, ,1,0,164,0,0,164,N
DURHAM,10/10/23,OS NCCU,320003,C,CITY OF DURHAM MAYOR,Jontae Dunston, ,1,0,1,0,0,1,N
DURHAM,10/10/23,OS NCCU,320003,C,CITY OF DURHAM MAYOR,Leonardo (Leo) Williams, ,1,0,504,0,0,504,N
DURHAM,10/10/23,OS NCCU,320003,C,CITY OF DURHAM MAYOR,"Marshall Williams, Jr.", ,1,0,30,0,0,30,N
DURHAM,10/10/23,OS NCCU,320003,C,CITY OF DURHAM MAYOR,Mike Woodard, ,1,0,201,0,0,201,N
DURHAM,10/10/23,OS NCCU,320003,C,CITY OF DURHAM MAYOR,Nick Pettiford, ,1,0,13,0,0,13,N
DURHAM,10/10/23,OS NCCU,320003,C,CITY OF DURHAM MAYOR,Sylvester Williams, ,1,0,21,0,0,21,N
DURHAM,10/10/23,OS NCCU,320004,C,CITY OF DURHAM CITY COUNCIL AT-LARGE,Bonita Green, ,3,0,137,0,0,137,N
DURHAM,10/10/23,OS NCCU,320004,C,CITY OF DURHAM CITY COUNCIL AT-LARGE,Carl Rist, ,3,0,243,0,0,243,N
DURHAM,10/10/23,OS NCCU,320004,C,CITY OF DURHAM CITY COUNCIL AT-LARGE,J. J. Campbell, ,3,0,24,0,0,24,N
DURHAM,10/10/23,OS NCCU,320004,C,CITY OF DURHAM CITY COUNCIL AT-LARGE,Javiera Caballero, ,3,0,255,0,0,255,N
DURHAM,10/10/23,OS NCCU,320004,C,CITY OF DURHAM CITY COUNCIL AT-LARGE,Khalilah Karim, ,3,0,230,0,0,230,N
DURHAM,10/10/23,OS NCCU,320004,C,CITY OF DURHAM CITY COUNCIL AT-LARGE,Monique Holsey-Hyman, ,3,0,432,0,0,432,N
DURHAM,10/10/23,OS NCCU,320004,C,CITY OF DURHAM CITY COUNCIL AT-LARGE,Nate Baker, ,3,0,502,0,0,502,N
DURHAM,10/10/23,OS NCCU,320004,C,CITY OF DURHAM CITY COUNCIL AT-LARGE,Renee J. Vaughan, ,3,0,69,0,0,69,N
DURHAM,10/10/23,OS NCCU,320004,C,CITY OF DURHAM CITY COUNCIL AT-LARGE,Shanetta Burris, ,3,0,210,0,0,210,N
DURHAM,10/10/23,OS NCCU,320004,C,CITY OF DURHAM CITY COUNCIL AT-LARGE,Shelia Ann Huggins, ,3,0,462,0,0,462,N
DURHAM,10/10/23,OS NCCU,320004,C,CITY OF DURHAM CITY COUNCIL AT-LARGE,Sherri Zann Rosenthal, ,3,0,81,0,0,81,N
DURHAM,10/10/23,OS NCCU,320004,C,CITY OF DURHAM CITY COUNCIL AT-LARGE,Waldo Fenner, ,3,0,3,0,0,3,N
DURHAM,10/10/23,OS NCCU,920001,C,TOWN OF CARY MAYOR,"Harold Weinbrecht, Jr.", ,1,0,0,0,0,0,N
DURHAM,10/10/23,OS NCCU,920001,C,TOWN OF CARY MAYOR,Write-In (Miscellaneous),,1,0,0,0,0,0,N
DURHAM,10/10/23,OS NCCU,920002,C,TOWN OF CARY TOWN COUNCIL AT-LARGE,Lori Bush, ,1,0,0,0,0,0,N
DURHAM,10/10/23,OS NCCU,920002,C,TOWN OF CARY TOWN COUNCIL AT-LARGE,Mary Insprucker, ,1,0,0,0,0,0,N
DURHAM,10/10/23,OS NCCU,920002,C,TOWN OF CARY TOWN COUNCIL AT-LARGE,Matthew Gronke, ,1,0,0,0,0,0,N
DURHAM,10/10/23,OS NCCU,920002,C,TOWN OF CARY TOWN COUNCIL AT-LARGE,Write-In (Miscellaneous),,1,0,0,0,0,0,N
DURHAM,10/10/23,OS NORTH,320003,C,CITY OF DURHAM MAYOR,C. Burruss, ,1,0,16,0,0,16,N
DURHAM,10/10/23,OS NORTH,320003,C,CITY OF DURHAM MAYOR,DeDreana Freeman, ,1,0,170,0,0,170,N
DURHAM,10/10/23,OS NORTH,320003,C,CITY OF DURHAM MAYOR,Jontae Dunston, ,1,0,4,0,0,4,N
DURHAM,10/10/23,OS NORTH,320003,C,CITY OF DURHAM MAYOR,Leonardo (Leo) Williams, ,1,0,855,0,0,855,N
DURHAM,10/10/23,OS NORTH,320003,C,CITY OF DURHAM MAYOR,"Marshall Williams, Jr.", ,1,0,42,0,0,42,N
DURHAM,10/10/23,OS NORTH,320003,C,CITY OF DURHAM MAYOR,Mike Woodard, ,1,0,603,0,0,603,N
DURHAM,10/10/23,OS NORTH,320003,C,CITY OF DURHAM MAYOR,Nick Pettiford, ,1,0,11,0,0,11,N
DURHAM,10/10/23,OS NORTH,320003,C,CITY OF DURHAM MAYOR,Sylvester Williams, ,1,0,34,0,0,34,N
DURHAM,10/10/23,OS NORTH,320004,C,CITY OF DURHAM CITY COUNCIL AT-LARGE,Bonita Green, ,3,0,128,0,0,128,N
DURHAM,10/10/23,OS NORTH,320004,C,CITY OF DURHAM CITY COUNCIL AT-LARGE,Carl Rist, ,3,0,921,0,0,921,N
DURHAM,10/10/23,OS NORTH,320004,C,CITY OF DURHAM CITY COUNCIL AT-LARGE,J. J. Campbell, ,3,0,63,0,0,63,N
DURHAM,10/10/23,OS NORTH,320004,C,CITY OF DURHAM CITY COUNCIL AT-LARGE,Javiera Caballero, ,3,0,857,0,0,857,N
DURHAM,10/10/23,OS NORTH,320004,C,CITY OF DURHAM CITY COUNCIL AT-LARGE,Khalilah Karim, ,3,0,590,0,0,590,N
DURHAM,10/10/23,OS NORTH,320004,C,CITY OF DURHAM CITY COUNCIL AT-LARGE,Monique Holsey-Hyman, ,3,0,400,0,0,400,N
DURHAM,10/10/23,OS NORTH,320004,C,CITY OF DURHAM CITY COUNCIL AT-LARGE,Nate Baker, ,3,0,863,0,0,863,N
DURHAM,10/10/23,OS NORTH,320004,C,CITY OF DURHAM CITY COUNCIL AT-LARGE,Renee J. Vaughan, ,3,0,87,0,0,87,N
DURHAM,10/10/23,OS NORTH,320004,C,CITY OF DURHAM CITY COUNCIL AT-LARGE,Shanetta Burris, ,3,0,168,0,0,168,N
DURHAM,10/10/23,OS NORTH,320004,C,CITY OF DURHAM CITY COUNCIL AT-LARGE,Shelia Ann Huggins, ,3,0,507,0,0,507,N
DURHAM,10/10/23,OS NORTH,320004,C,CITY OF DURHAM CITY COUNCIL AT-LARGE,Sherri Zann Rosenthal, ,3,0,266,0,0,266,N
DURHAM,10/10/23,OS NORTH,320004,C,CITY OF DURHAM CITY COUNCIL AT-LARGE,Waldo Fenner, ,3,0,23,0,0,23,N
DURHAM,10/10/23,OS NORTH,920001,C,TOWN OF CARY MAYOR,"Harold Weinbrecht, Jr.", ,1,0,0,0,0,0,N
DURHAM,10/10/23,OS NORTH,920001,C,TOWN OF CARY MAYOR,Write-In (Miscellaneous),,1,0,0,0,0,0,N
DURHAM,10/10/23,OS NORTH,920002,C,TOWN OF CARY TOWN COUNCIL AT-LARGE,Lori Bush, ,1,0,0,0,0,0,N
DURHAM,10/10/23,OS NORTH,920002,C,TOWN OF CARY TOWN COUNCIL AT-LARGE,Mary Insprucker, ,1,0,0,0,0,0,N
DURHAM,10/10/23,OS NORTH,920002,C,TOWN OF CARY TOWN COUNCIL AT-LARGE,Matthew Gronke, ,1,0,0,0,0,0,N
DURHAM,10/10/23,OS NORTH,920002,C,TOWN OF CARY TOWN COUNCIL AT-LARGE,Write-In (Miscellaneous),,1,0,0,0,0,0,N
DURHAM,10/10/23,OS SOUTH,320003,C,CITY OF DURHAM MAYOR,C. Burruss, ,1,0,18,0,0,18,N
DURHAM,10/10/23,OS SOUTH,320003,C,CITY OF DURHAM MAYOR,DeDreana Freeman, ,1,0,473,0,0,473,N
DURHAM,10/10/23,OS SOUTH,320003,C,CITY OF DURHAM MAYOR,Jontae Dunston, ,1,0,5,0,0,5,N
DURHAM,10/10/23,OS SOUTH,320003,C,CITY OF DURHAM MAYOR,Leonardo (Leo) Williams, ,1,0,1785,0,0,1785,N
DURHAM,10/10/23,OS SOUTH,320003,C,CITY OF DURHAM MAYOR,"Marshall Williams, Jr.", ,1,0,43,0,0,43,N
DURHAM,10/10/23,OS SOUTH,320003,C,CITY OF DURHAM MAYOR,Mike Woodard, ,1,0,789,0,0,789,N
DURHAM,10/10/23,OS SOUTH,320003,C,CITY OF DURHAM MAYOR,Nick Pettiford, ,1,0,32,0,0,32,N
DURHAM,10/10/23,OS SOUTH,320003,C,CITY OF DURHAM MAYOR,Sylvester Williams, ,1,0,43,0,0,43,N
DURHAM,10/10/23,OS SOUTH,320004,C,CITY OF DURHAM CITY COUNCIL AT-LARGE,Bonita Green, ,3,0,184,0,0,184,N
DURHAM,10/10/23,OS SOUTH,320004,C,CITY OF DURHAM CITY COUNCIL AT-LARGE,Carl Rist, ,3,0,1670,0,0,1670,N
DURHAM,10/10/23,OS SOUTH,320004,C,CITY OF DURHAM CITY COUNCIL AT-LARGE,J. J. Campbell, ,3,0,85,0,0,85,N
DURHAM,10/10/23,OS SOUTH,320004,C,CITY OF DURHAM CITY COUNCIL AT-LARGE,Javiera Caballero, ,3,0,1732,0,0,1732,N
DURHAM,10/10/23,OS SOUTH,320004,C,CITY OF DURHAM CITY COUNCIL AT-LARGE,Khalilah Karim, ,3,0,1161,0,0,1161,N
DURHAM,10/10/23,OS SOUTH,320004,C,CITY OF DURHAM CITY COUNCIL AT-LARGE,Monique Holsey-Hyman, ,3,0,904,0,0,904,N
DURHAM,10/10/23,OS SOUTH,320004,C,CITY OF DURHAM CITY COUNCIL AT-LARGE,Nate Baker, ,3,0,1603,0,0,1603,N
DURHAM,10/10/23,OS SOUTH,320004,C,CITY OF DURHAM CITY COUNCIL AT-LARGE,Renee J. Vaughan, ,3,0,120,0,0,120,N
DURHAM,10/10/23,OS SOUTH,320004,C,CITY OF DURHAM CITY COUNCIL AT-LARGE,Shanetta Burris, ,3,0,322,0,0,322,N
DURHAM,10/10/23,OS SOUTH,320004,C,CITY OF DURHAM CITY COUNCIL AT-LARGE,Shelia Ann Huggins, ,3,0,996,0,0,996,N
DURHAM,10/10/23,OS SOUTH,320004,C,CITY OF DURHAM CITY COUNCIL AT-LARGE,Sherri Zann Rosenthal, ,3,0,336,0,0,336,N
DURHAM,10/10/23,OS SOUTH,320004,C,CITY OF DURHAM CITY COUNCIL AT-LARGE,Waldo Fenner, ,3,0,49,0,0,49,N
DURHAM,10/10/23,OS SOUTH,920001,C,TOWN OF CARY MAYOR,"Harold Weinbrecht, Jr.", ,1,0,0,0,0,0,N
DURHAM,10/10/23,OS SOUTH,920001,C,TOWN OF CARY MAYOR,Write-In (Miscellaneous),,1,0,0,0,0,0,N
DURHAM,10/10/23,OS SOUTH,920002,C,TOWN OF CARY TOWN COUNCIL AT-LARGE,Lori Bush, ,1,0,0,0,0,0,N
DURHAM,10/10/23,OS SOUTH,920002,C,TOWN OF CARY TOWN COUNCIL AT-LARGE,Mary Insprucker, ,1,0,0,0,0,0,N
DURHAM,10/10/23,OS SOUTH,920002,C,TOWN OF CARY TOWN COUNCIL AT-LARGE,Matthew Gronke, ,1,0,0,0,0,0,N
DURHAM,10/10/23,OS SOUTH,920002,C,TOWN OF CARY TOWN COUNCIL AT-LARGE,Write-In (Miscellaneous),,1,0,0,0,0,0,N
DURHAM,10/10/23,PROVISIONAL,320003,C,CITY OF DURHAM MAYOR,C. Burruss, ,1,0,0,0,4,4,N
DURHAM,10/10/23,PROVISIONAL,320003,C,CITY OF DURHAM MAYOR,DeDreana Freeman, ,1,0,0,0,44,44,N
DURHAM,10/10/23,PROVISIONAL,320003,C,CITY OF DURHAM MAYOR,Jontae Dunston, ,1,0,0,0,4,4,N
DURHAM,10/10/23,PROVISIONAL,320003,C,CITY OF DURHAM MAYOR,Leonardo (Leo) Williams, ,1,0,0,0,69,69,N
DURHAM,10/10/23,PROVISIONAL,320003,C,CITY OF DURHAM MAYOR,"Marshall Williams, Jr.", ,1,0,0,0,9,9,N
DURHAM,10/10/23,PROVISIONAL,320003,C,CITY OF DURHAM MAYOR,Mike Woodard, ,1,0,0,0,28,28,N
DURHAM,10/10/23,PROVISIONAL,320003,C,CITY OF DURHAM MAYOR,Nick Pettiford, ,1,0,0,0,4,4,N
DURHAM,10/10/23,PROVISIONAL,320003,C,CITY OF DURHAM MAYOR,Sylvester Williams, ,1,0,0,0,1,1,N
DURHAM,10/10/23,PROVISIONAL,320004,C,CITY OF DURHAM CITY COUNCIL AT-LARGE,Bonita Green, ,3,0,0,0,22,22,N
DURHAM,10/10/23,PROVISIONAL,320004,C,CITY OF DURHAM CITY COUNCIL AT-LARGE,Carl Rist, ,3,0,0,0,52,52,N
DURHAM,10/10/23,PROVISIONAL,320004,C,CITY OF DURHAM CITY COUNCIL AT-LARGE,J. J. Campbell, ,3,0,0,0,9,9,N
DURHAM,10/10/23,PROVISIONAL,320004,C,CITY OF DURHAM CITY COUNCIL AT-LARGE,Javiera Caballero, ,3,0,0,0,56,56,N
DURHAM,10/10/23,PROVISIONAL,320004,C,CITY OF DURHAM CITY COUNCIL AT-LARGE,Khalilah Karim, ,3,0,0,0,49,49,N
DURHAM,10/10/23,PROVISIONAL,320004,C,CITY OF DURHAM CITY COUNCIL AT-LARGE,Monique Holsey-Hyman, ,3,0,0,0,46,46,N
DURHAM,10/10/23,PROVISIONAL,320004,C,CITY OF DURHAM CITY COUNCIL AT-LARGE,Nate Baker, ,3,0,0,0,65,65,N
DURHAM,10/10/23,PROVISIONAL,320004,C,CITY OF DURHAM CITY COUNCIL AT-LARGE,Renee J. Vaughan, ,3,0,0,0,13,13,N
DURHAM,10/10/23,PROVISIONAL,320004,C,CITY OF DURHAM CITY COUNCIL AT-LARGE,Shanetta Burris, ,3,0,0,0,46,46,N
DURHAM,10/10/23,PROVISIONAL,320004,C,CITY OF DURHAM CITY COUNCIL AT-LARGE,Shelia Ann Huggins, ,3,0,0,0,53,53,N
DURHAM,10/10/23,PROVISIONAL,320004,C,CITY OF DURHAM CITY COUNCIL AT-LARGE,Sherri Zann Rosenthal, ,3,0,0,0,19,19,N
DURHAM,10/10/23,PROVISIONAL,320004,C,CITY OF DURHAM CITY COUNCIL AT-LARGE,Waldo Fenner, ,3,0,0,0,4,4,N
DURHAM,10/10/23,PROVISIONAL,920001,C,TOWN OF CARY MAYOR,"Harold Weinbrecht, Jr.", ,1,0,0,0,0,0,N
DURHAM,10/10/23,PROVISIONAL,920001,C,TOWN OF CARY MAYOR,Write-In (Miscellaneous),,1,0,0,0,0,0,N
DURHAM,10/10/23,PROVISIONAL,920002,C,TOWN OF CARY TOWN COUNCIL AT-LARGE,Lori Bush, ,1,0,0,0,0,0,N
DURHAM,10/10/23,PROVISIONAL,920002,C,TOWN OF CARY TOWN COUNCIL AT-LARGE,Mary Insprucker, ,1,0,0,0,0,0,N
DURHAM,10/10/23,PROVISIONAL,920002,C,TOWN OF CARY TOWN COUNCIL AT-LARGE,Matthew Gronke, ,1,0,0,0,0,0,N
DURHAM,10/10/23,PROVISIONAL,920002,C,TOWN OF CARY TOWN COUNCIL AT-LARGE,Write-In (Miscellaneous),,1,0,0,0,0,0,N
DURHAM,10/10/23,TRANSFER,320003,C,CITY OF DURHAM MAYOR,C. Burruss, ,1,0,0,0,0,0,N
DURHAM,10/10/23,TRANSFER,320003,C,CITY OF DURHAM MAYOR,DeDreana Freeman, ,1,0,0,0,0,0,N
DURHAM,10/10/23,TRANSFER,320003,C,CITY OF DURHAM MAYOR,Jontae Dunston, ,1,0,0,0,0,0,N
DURHAM,10/10/23,TRANSFER,320003,C,CITY OF DURHAM MAYOR,Leonardo (Leo) Williams, ,1,0,0,0,0,0,N
DURHAM,10/10/23,TRANSFER,320003,C,CITY OF DURHAM MAYOR,"Marshall Williams, Jr.", ,1,0,0,0,0,0,N
DURHAM,10/10/23,TRANSFER,320003,C,CITY OF DURHAM MAYOR,Mike Woodard, ,1,0,0,0,0,0,N
DURHAM,10/10/23,TRANSFER,320003,C,CITY OF DURHAM MAYOR,Nick Pettiford, ,1,0,0,0,0,0,N
DURHAM,10/10/23,TRANSFER,320003,C,CITY OF DURHAM MAYOR,Sylvester Williams, ,1,0,0,0,0,0,N
DURHAM,10/10/23,TRANSFER,320004,C,CITY OF DURHAM CITY COUNCIL AT-LARGE,Bonita Green, ,3,0,0,0,0,0,N
DURHAM,10/10/23,TRANSFER,320004,C,CITY OF DURHAM CITY COUNCIL AT-LARGE,Carl Rist, ,3,0,0,0,0,0,N
DURHAM,10/10/23,TRANSFER,320004,C,CITY OF DURHAM CITY COUNCIL AT-LARGE,J. J. Campbell, ,3,0,0,0,0,0,N
DURHAM,10/10/23,TRANSFER,320004,C,CITY OF DURHAM CITY COUNCIL AT-LARGE,Javiera Caballero, ,3,0,0,0,0,0,N
DURHAM,10/10/23,TRANSFER,320004,C,CITY OF DURHAM CITY COUNCIL AT-LARGE,Khalilah Karim, ,3,0,0,0,0,0,N
DURHAM,10/10/23,TRANSFER,320004,C,CITY OF DURHAM CITY COUNCIL AT-LARGE,Monique Holsey-Hyman, ,3,0,0,0,0,0,N
DURHAM,10/10/23,TRANSFER,320004,C,CITY OF DURHAM CITY COUNCIL AT-LARGE,Nate Baker, ,3,0,0,0,0,0,N
DURHAM,10/10/23,TRANSFER,320004,C,CITY OF DURHAM CITY COUNCIL AT-LARGE,Renee J. Vaughan, ,3,0,0,0,0,0,N
DURHAM,10/10/23,TRANSFER,320004,C,CITY OF DURHAM CITY COUNCIL AT-LARGE,Shanetta Burris, ,3,0,0,0,0,0,N
DURHAM,10/10/23,TRANSFER,320004,C,CITY OF DURHAM CITY COUNCIL AT-LARGE,Shelia Ann Huggins, ,3,0,0,0,0,0,N
DURHAM,10/10/23,TRANSFER,320004,C,CITY OF DURHAM CITY COUNCIL AT-LARGE,Sherri Zann Rosenthal, ,3,0,0,0,0,0,N
DURHAM,10/10/23,TRANSFER,320004,C,CITY OF DURHAM CITY COUNCIL AT-LARGE,Waldo Fenner, ,3,0,0,0,0,0,N
DURHAM,10/10/23,TRANSFER,920001,C,TOWN OF CARY MAYOR,"Harold Weinbrecht, Jr.", ,1,0,0,0,0,0,N
DURHAM,10/10/23,TRANSFER,920001,C,TOWN OF CARY MAYOR,Write-In (Miscellaneous),,1,0,0,0,0,0,N
DURHAM,10/10/23,TRANSFER,920002,C,TOWN OF CARY TOWN COUNCIL AT-LARGE,Lori Bush, ,1,0,0,0,0,0,N
DURHAM,10/10/23,TRANSFER,920002,C,TOWN OF CARY TOWN COUNCIL AT-LARGE,Mary Insprucker, ,1,0,0,0,0,0,N
DURHAM,10/10/23,TRANSFER,920002,C,TOWN OF CARY TOWN COUNCIL AT-LARGE,Matthew Gronke, ,1,0,0,0,0,0,N
DURHAM,10/10/23,TRANSFER,920002,C,TOWN OF CARY TOWN COUNCIL AT-LARGE,Write-In (Miscellaneous),,1,0,0,0,0,0,N
EDGECOMBE,10/10/23,701,640001,C,CITY OF ROCKY MOUNT MAYOR,Bronson Williams, ,1,11,0,0,0,11,Y
EDGECOMBE,10/10/23,701,640001,C,CITY OF ROCKY MOUNT MAYOR,Sandy Roberson, ,1,5,0,0,0,5,Y
EDGECOMBE,10/10/23,701,640001,C,CITY OF ROCKY MOUNT MAYOR,Theresa Alston Stokes, ,1,33,0,0,0,33,Y
EDGECOMBE,10/10/23,701,640001,C,CITY OF ROCKY MOUNT MAYOR,Write-In (Miscellaneous),,1,0,0,0,0,0,Y
EDGECOMBE,10/10/23,1201,2,C,CITY OF ROCKY MOUNT CITY COUNCIL WARD 01,Andre' Knight, ,1,83,0,0,0,83,Y
EDGECOMBE,10/10/23,1201,2,C,CITY OF ROCKY MOUNT CITY COUNCIL WARD 01,Tarrick Pittman, ,1,35,0,0,0,35,Y
EDGECOMBE,10/10/23,1201,2,C,CITY OF ROCKY MOUNT CITY COUNCIL WARD 01,Troy Davis, ,1,64,0,0,0,64,Y
EDGECOMBE,10/10/23,1201,2,C,CITY OF ROCKY MOUNT CITY COUNCIL WARD 01,Write-In (Miscellaneous),,1,0,0,0,0,0,Y
EDGECOMBE,10/10/23,1201,640001,C,CITY OF ROCKY MOUNT MAYOR,Bronson Williams, ,1,72,0,0,0,72,Y
EDGECOMBE,10/10/23,1201,640001,C,CITY OF ROCKY MOUNT MAYOR,Sandy Roberson, ,1,54,0,0,0,54,Y
EDGECOMBE,10/10/23,1201,640001,C,CITY OF ROCKY MOUNT MAYOR,Theresa Alston Stokes, ,1,120,0,0,0,120,Y
EDGECOMBE,10/10/23,1201,640001,C,CITY OF ROCKY MOUNT MAYOR,Write-In (Miscellaneous),,1,0,0,0,0,0,Y
EDGECOMBE,10/10/23,1202,640001,C,CITY OF ROCKY MOUNT MAYOR,Bronson Williams, ,1,33,0,0,0,33,Y
EDGECOMBE,10/10/23,1202,640001,C,CITY OF ROCKY MOUNT MAYOR,Sandy Roberson, ,1,3,0,0,0,3,Y
EDGECOMBE,10/10/23,1202,640001,C,CITY OF ROCKY MOUNT MAYOR,Theresa Alston Stokes, ,1,50,0,0,0,50,Y
EDGECOMBE,10/10/23,1202,640001,C,CITY OF ROCKY MOUNT MAYOR,Write-In (Miscellaneous),,1,0,0,0,0,0,Y
EDGECOMBE,10/10/23,1203,2,C,CITY OF ROCKY MOUNT CITY COUNCIL WARD 01,Andre' Knight, ,1,24,0,0,0,24,Y
EDGECOMBE,10/10/23,1203,2,C,CITY OF ROCKY MOUNT CITY COUNCIL WARD 01,Tarrick Pittman, ,1,20,0,0,0,20,Y
EDGECOMBE,10/10/23,1203,2,C,CITY OF ROCKY MOUNT CITY COUNCIL WARD 01,Troy Davis, ,1,11,0,0,0,11,Y
EDGECOMBE,10/10/23,1203,2,C,CITY OF ROCKY MOUNT CITY COUNCIL WARD 01,Write-In (Miscellaneous),,1,0,0,0,0,0,Y
EDGECOMBE,10/10/23,1203,640001,C,CITY OF ROCKY MOUNT MAYOR,Bronson Williams, ,1,14,0,0,0,14,Y
EDGECOMBE,10/10/23,1203,640001,C,CITY OF ROCKY MOUNT MAYOR,Sandy Roberson, ,1,18,0,0,0,18,Y
EDGECOMBE,10/10/23,1203,640001,C,CITY OF ROCKY MOUNT MAYOR,Theresa Alston Stokes, ,1,26,0,0,0,26,Y
EDGECOMBE,10/10/23,1203,640001,C,CITY OF ROCKY MOUNT MAYOR,Write-In (Miscellaneous),,1,0,0,0,0,0,Y
EDGECOMBE,10/10/23,1204,2,C,CITY OF ROCKY MOUNT CITY COUNCIL WARD 01,Andre' Knight, ,1,59,0,0,0,59,Y
EDGECOMBE,10/10/23,1204,2,C,CITY OF ROCKY MOUNT CITY COUNCIL WARD 01,Tarrick Pittman, ,1,27,0,0,0,27,Y
EDGECOMBE,10/10/23,1204,2,C,CITY OF ROCKY MOUNT CITY COUNCIL WARD 01,Troy Davis, ,1,16,0,0,0,16,Y
EDGECOMBE,10/10/23,1204,2,C,CITY OF ROCKY MOUNT CITY COUNCIL WARD 01,Write-In (Miscellaneous),,1,0,0,0,0,0,Y
EDGECOMBE,10/10/23,1204,640001,C,CITY OF ROCKY MOUNT MAYOR,Bronson Williams, ,1,38,0,0,0,38,Y
EDGECOMBE,10/10/23,1204,640001,C,CITY OF ROCKY MOUNT MAYOR,Sandy Roberson, ,1,15,0,0,0,15,Y
EDGECOMBE,10/10/23,1204,640001,C,CITY OF ROCKY MOUNT MAYOR,Theresa Alston Stokes, ,1,64,0,0,0,64,Y
EDGECOMBE,10/10/23,1204,640001,C,CITY OF ROCKY MOUNT MAYOR,Write-In (Miscellaneous),,1,0,0,0,0,0,Y
EDGECOMBE,10/10/23,1205,2,C,CITY OF ROCKY MOUNT CITY COUNCIL WARD 01,Andre' Knight, ,1,8,0,0,0,8,Y
EDGECOMBE,10/10/23,1205,2,C,CITY OF ROCKY MOUNT CITY COUNCIL WARD 01,Tarrick Pittman, ,1,2,0,0,0,2,Y
EDGECOMBE,10/10/23,1205,2,C,CITY OF ROCKY MOUNT CITY COUNCIL WARD 01,Troy Davis, ,1,3,0,0,0,3,Y
EDGECOMBE,10/10/23,1205,2,C,CITY OF ROCKY MOUNT CITY COUNCIL WARD 01,Write-In (Miscellaneous),,1,0,0,0,0,0,Y
EDGECOMBE,10/10/23,1205,640001,C,CITY OF ROCKY MOUNT MAYOR,Bronson Williams, ,1,30,0,0,0,30,Y
EDGECOMBE,10/10/23,1205,640001,C,CITY OF ROCKY MOUNT MAYOR,Sandy Roberson, ,1,7,0,0,0,7,Y
EDGECOMBE,10/10/23,1205,640001,C,CITY OF ROCKY MOUNT MAYOR,Theresa Alston Stokes, ,1,35,0,0,0,35,Y
EDGECOMBE,10/10/23,1205,640001,C,CITY OF ROCKY MOUNT MAYOR,Write-In (Miscellaneous),,1,0,0,0,0,0,Y
EDGECOMBE,10/10/23,ABSENTEE,2,C,CITY OF ROCKY MOUNT CITY COUNCIL WARD 01,Andre' Knight, ,1,0,0,0,0,0,N
EDGECOMBE,10/10/23,ABSENTEE,2,C,CITY OF ROCKY MOUNT CITY COUNCIL WARD 01,Tarrick Pittman, ,1,0,0,0,0,0,N
EDGECOMBE,10/10/23,ABSENTEE,2,C,CITY OF ROCKY MOUNT CITY COUNCIL WARD 01,Troy Davis, ,1,0,0,2,0,2,N
EDGECOMBE,10/10/23,ABSENTEE,2,C,CITY OF ROCKY MOUNT CITY COUNCIL WARD 01,Write-In (Miscellaneous),,1,0,0,0,0,0,N
EDGECOMBE,10/10/23,ABSENTEE,640001,C,CITY OF ROCKY MOUNT MAYOR,Bronson Williams, ,1,0,0,0,0,0,N
EDGECOMBE,10/10/23,ABSENTEE,640001,C,CITY OF ROCKY MOUNT MAYOR,Sandy Roberson, ,1,0,0,2,0,2,N
EDGECOMBE,10/10/23,ABSENTEE,640001,C,CITY OF ROCKY MOUNT MAYOR,Theresa Alston Stokes, ,1,0,0,0,0,0,N
EDGECOMBE,10/10/23,ABSENTEE,640001,C,CITY OF ROCKY MOUNT MAYOR,Write-In (Miscellaneous),,1,0,0,0,0,0,N
EDGECOMBE,10/10/23,OS DSS RMT,2,C,CITY OF ROCKY MOUNT CITY COUNCIL WARD 01,Andre' Knight, ,1,0,394,0,0,394,N
EDGECOMBE,10/10/23,OS DSS RMT,2,C,CITY OF ROCKY MOUNT CITY COUNCIL WARD 01,Tarrick Pittman, ,1,0,167,0,0,167,N
EDGECOMBE,10/10/23,OS DSS RMT,2,C,CITY OF ROCKY MOUNT CITY COUNCIL WARD 01,Troy Davis, ,1,0,154,0,0,154,N
EDGECOMBE,10/10/23,OS DSS RMT,2,C,CITY OF ROCKY MOUNT CITY COUNCIL WARD 01,Write-In (Miscellaneous),,1,0,1,0,0,1,N
EDGECOMBE,10/10/23,OS DSS RMT,640001,C,CITY OF ROCKY MOUNT MAYOR,Bronson Williams, ,1,0,428,0,0,428,N
EDGECOMBE,10/10/23,OS DSS RMT,640001,C,CITY OF ROCKY MOUNT MAYOR,Sandy Roberson, ,1,0,238,0,0,238,N
EDGECOMBE,10/10/23,OS DSS RMT,640001,C,CITY OF ROCKY MOUNT MAYOR,Theresa Alston Stokes, ,1,0,525,0,0,525,N
EDGECOMBE,10/10/23,OS DSS RMT,640001,C,CITY OF ROCKY MOUNT MAYOR,Write-In (Miscellaneous),,1,0,3,0,0,3,N
EDGECOMBE,10/10/23,OS TARBORO BOE,2,C,CITY OF ROCKY MOUNT CITY COUNCIL WARD 01,Andre' Knight, ,1,0,6,0,0,6,N
EDGECOMBE,10/10/23,OS TARBORO BOE,2,C,CITY OF ROCKY MOUNT CITY COUNCIL WARD 01,Tarrick Pittman, ,1,0,2,0,0,2,N
EDGECOMBE,10/10/23,OS TARBORO BOE,2,C,CITY OF ROCKY MOUNT CITY COUNCIL WARD 01,Troy Davis, ,1,0,0,0,0,0,N
EDGECOMBE,10/10/23,OS TARBORO BOE,2,C,CITY OF ROCKY MOUNT CITY COUNCIL WARD 01,Write-In (Miscellaneous),,1,0,0,0,0,0,N
EDGECOMBE,10/10/23,OS TARBORO BOE,640001,C,CITY OF ROCKY MOUNT MAYOR,Bronson Williams, ,1,0,3,0,0,3,N
EDGECOMBE,10/10/23,OS TARBORO BOE,640001,C,CITY OF ROCKY MOUNT MAYOR,Sandy Roberson, ,1,0,3,0,0,3,N
EDGECOMBE,10/10/23,OS TARBORO BOE,640001,C,CITY OF ROCKY MOUNT MAYOR,Theresa Alston Stokes, ,1,0,5,0,0,5,N
EDGECOMBE,10/10/23,OS TARBORO BOE,640001,C,CITY OF ROCKY MOUNT MAYOR,Write-In (Miscellaneous),,1,0,0,0,0,0,N
EDGECOMBE,10/10/23,PROVISIONAL,2,C,CITY OF ROCKY MOUNT CITY COUNCIL WARD 01,Andre' Knight, ,1,0,0,0,2,2,N
EDGECOMBE,10/10/23,PROVISIONAL,2,C,CITY OF ROCKY MOUNT CITY COUNCIL WARD 01,Tarrick Pittman, ,1,0,0,0,0,0,N
EDGECOMBE,10/10/23,PROVISIONAL,2,C,CITY OF ROCKY MOUNT CITY COUNCIL WARD 01,Troy Davis, ,1,0,0,0,0,0,N
EDGECOMBE,10/10/23,PROVISIONAL,2,C,CITY OF ROCKY MOUNT CITY COUNCIL WARD 01,Write-In (Miscellaneous),,1,0,0,0,0,0,N
EDGECOMBE,10/10/23,PROVISIONAL,640001,C,CITY OF ROCKY MOUNT MAYOR,Bronson Williams, ,1,0,0,0,0,0,N
EDGECOMBE,10/10/23,PROVISIONAL,640001,C,CITY OF ROCKY MOUNT MAYOR,Sandy Roberson, ,1,0,0,0,0,0,N
EDGECOMBE,10/10/23,PROVISIONAL,640001,C,CITY OF ROCKY MOUNT MAYOR,Theresa Alston Stokes, ,1,0,0,0,3,3,N
EDGECOMBE,10/10/23,PROVISIONAL,640001,C,CITY OF ROCKY MOUNT MAYOR,Write-In (Miscellaneous),,1,0,0,0,0,0,N
EDGECOMBE,10/10/23,TRANSFER,2,C,CITY OF ROCKY MOUNT CITY COUNCIL WARD 01,Andre' Knight, ,1,0,0,0,0,0,N
EDGECOMBE,10/10/23,TRANSFER,2,C,CITY OF ROCKY MOUNT CITY COUNCIL WARD 01,Tarrick Pittman, ,1,0,0,0,0,0,N
EDGECOMBE,10/10/23,TRANSFER,2,C,CITY OF ROCKY MOUNT CITY COUNCIL WARD 01,Troy Davis, ,1,0,0,0,0,0,N
EDGECOMBE,10/10/23,TRANSFER,2,C,CITY OF ROCKY MOUNT CITY COUNCIL WARD 01,Write-In (Miscellaneous),,1,0,0,0,0,0,N
EDGECOMBE,10/10/23,TRANSFER,640001,C,CITY OF ROCKY MOUNT MAYOR,Bronson Williams, ,1,0,0,0,0,0,N
EDGECOMBE,10/10/23,TRANSFER,640001,C,CITY OF ROCKY MOUNT MAYOR,Sandy Roberson, ,1,0,0,0,0,0,N
EDGECOMBE,10/10/23,TRANSFER,640001,C,CITY OF ROCKY MOUNT MAYOR,Theresa Alston Stokes, ,1,0,0,0,0,0,N
EDGECOMBE,10/10/23,TRANSFER,640001,C,CITY OF ROCKY MOUNT MAYOR,Write-In (Miscellaneous),,1,0,0,0,0,0,N
FORSYTH,10/10/23,12,410003,C,CITY OF HIGH POINT MAYOR,Abdul Rashid (Richard) Siddiqui, ,1,0,0,0,0,0,Y
FORSYTH,10/10/23,12,410003,C,CITY OF HIGH POINT MAYOR,Cyril Jefferson, ,1,6,3,0,0,9,Y
FORSYTH,10/10/23,12,410003,C,CITY OF HIGH POINT MAYOR,Gene Kininmonth, ,1,0,0,0,0,0,Y
FORSYTH,10/10/23,12,410003,C,CITY OF HIGH POINT MAYOR,Victor Jones, ,1,1,0,0,0,1,Y
FORSYTH,10/10/23,12,410004,C,CITY OF HIGH POINT CITY COUNCIL AT-LARGE,Amanda Cook, ,2,6,2,0,0,8,Y
FORSYTH,10/10/23,12,410004,C,CITY OF HIGH POINT CITY COUNCIL AT-LARGE,Britt W. Moore, ,2,2,1,0,0,3,Y
FORSYTH,10/10/23,12,410004,C,CITY OF HIGH POINT CITY COUNCIL AT-LARGE,"Kenneth Jabari Harper, Jr.", ,2,0,0,0,0,0,Y
FORSYTH,10/10/23,12,410004,C,CITY OF HIGH POINT CITY COUNCIL AT-LARGE,Orel Henry, ,2,0,2,0,0,2,Y
FORSYTH,10/10/23,12,410004,C,CITY OF HIGH POINT CITY COUNCIL AT-LARGE,Sam Carr, ,2,1,0,0,0,1,Y
FORSYTH,10/10/23,12,410004,C,CITY OF HIGH POINT CITY COUNCIL AT-LARGE,Shazia Iqbal, ,2,0,0,0,0,0,Y
FORSYTH,10/10/23,12,410004,C,CITY OF HIGH POINT CITY COUNCIL AT-LARGE,Willie H. Davis, ,2,5,0,0,0,5,Y
GUILFORD,10/10/23,ABSENTEE,5,C,CITY OF HIGH POINT CITY COUNCIL WARD 01,Glenn Romero Chavis, ,1,0,0,3,0,3,N
GUILFORD,10/10/23,ABSENTEE,5,C,CITY OF HIGH POINT CITY COUNCIL WARD 01,Henry Harris, ,1,0,0,0,0,0,N
GUILFORD,10/10/23,ABSENTEE,5,C,CITY OF HIGH POINT CITY COUNCIL WARD 01,Vickie McKiver, ,1,0,0,0,0,0,N
GUILFORD,10/10/23,ABSENTEE,11,C,TOWN OF JAMESTOWN TOWN COUNCIL,Andrew Kinzie, ,2,0,0,0,0,0,N
GUILFORD,10/10/23,ABSENTEE,11,C,TOWN OF JAMESTOWN TOWN COUNCIL,Duane Willis, ,2,0,0,0,0,0,N
GUILFORD,10/10/23,ABSENTEE,11,C,TOWN OF JAMESTOWN TOWN COUNCIL,John Capes, ,2,0,0,0,0,0,N
GUILFORD,10/10/23,ABSENTEE,11,C,TOWN OF JAMESTOWN TOWN COUNCIL,Larry M. Lain, ,2,0,0,0,0,0,N
GUILFORD,10/10/23,ABSENTEE,11,C,TOWN OF JAMESTOWN TOWN COUNCIL,Pam Burgess, ,2,0,0,1,0,1,N
GUILFORD,10/10/23,ABSENTEE,11,C,TOWN OF JAMESTOWN TOWN COUNCIL,Sarah Glanville, ,2,0,0,0,0,0,N
GUILFORD,10/10/23,ABSENTEE,410002,C,CITY OF BURLINGTON COUNCIL MEMBER,Bob Ward, ,2,0,0,0,0,0,N
GUILFORD,10/10/23,ABSENTEE,410002,C,CITY OF BURLINGTON COUNCIL MEMBER,Brandy Whittaker, ,2,0,0,0,0,0,N
GUILFORD,10/10/23,ABSENTEE,410002,C,CITY OF BURLINGTON COUNCIL MEMBER,Celo Faucette, ,2,0,0,0,0,0,N
GUILFORD,10/10/23,ABSENTEE,410002,C,CITY OF BURLINGTON COUNCIL MEMBER,Charlie Beasley, ,2,0,0,0,0,0,N
GUILFORD,10/10/23,ABSENTEE,410002,C,CITY OF BURLINGTON COUNCIL MEMBER,Cindy Lackey, ,2,0,0,0,0,0,N
GUILFORD,10/10/23,ABSENTEE,410002,C,CITY OF BURLINGTON COUNCIL MEMBER,Dejuana Bigelow, ,2,0,0,0,0,0,N
GUILFORD,10/10/23,ABSENTEE,410002,C,CITY OF BURLINGTON COUNCIL MEMBER,Mary Jensen, ,2,0,0,0,0,0,N
GUILFORD,10/10/23,ABSENTEE,410002,C,CITY OF BURLINGTON COUNCIL MEMBER,Robin S. Wintringham, ,2,0,0,0,0,0,N
GUILFORD,10/10/23,ABSENTEE,410003,C,CITY OF HIGH POINT MAYOR,Abdul Rashid (Richard) Siddiqui, ,1,0,0,0,0,0,N
GUILFORD,10/10/23,ABSENTEE,410003,C,CITY OF HIGH POINT MAYOR,Cyril Jefferson, ,1,0,0,25,0,25,N
GUILFORD,10/10/23,ABSENTEE,410003,C,CITY OF HIGH POINT MAYOR,Gene Kininmonth, ,1,0,0,6,0,6,N
GUILFORD,10/10/23,ABSENTEE,410003,C,CITY OF HIGH POINT MAYOR,Victor Jones, ,1,0,0,14,0,14,N
GUILFORD,10/10/23,ABSENTEE,410004,C,CITY OF HIGH POINT CITY COUNCIL AT-LARGE,Amanda Cook, ,2,0,0,28,0,28,N
GUILFORD,10/10/23,ABSENTEE,410004,C,CITY OF HIGH POINT CITY COUNCIL AT-LARGE,Britt W. Moore, ,2,0,0,15,0,15,N
GUILFORD,10/10/23,ABSENTEE,410004,C,CITY OF HIGH POINT CITY COUNCIL AT-LARGE,"Kenneth Jabari Harper, Jr.", ,2,0,0,6,0,6,N
GUILFORD,10/10/23,ABSENTEE,410004,C,CITY OF HIGH POINT CITY COUNCIL AT-LARGE,Orel Henry, ,2,0,0,10,0,10,N
GUILFORD,10/10/23,ABSENTEE,410004,C,CITY OF HIGH POINT CITY COUNCIL AT-LARGE,Sam Carr, ,2,0,0,9,0,9,N
GUILFORD,10/10/23,ABSENTEE,410004,C,CITY OF HIGH POINT CITY COUNCIL AT-LARGE,Shazia Iqbal, ,2,0,0,1,0,1,N
GUILFORD,10/10/23,ABSENTEE,410004,C,CITY OF HIGH POINT CITY COUNCIL AT-LARGE,Willie H. Davis, ,2,0,0,11,0,11,N
GUILFORD,10/10/23,FR2,410003,C,CITY OF HIGH POINT MAYOR,Abdul Rashid (Richard) Siddiqui, ,1,1,0,0,0,1,Y
GUILFORD,10/10/23,FR2,410003,C,CITY OF HIGH POINT MAYOR,Cyril Jefferson, ,1,57,0,0,0,57,Y
GUILFORD,10/10/23,FR2,410003,C,CITY OF HIGH POINT MAYOR,Gene Kininmonth, ,1,7,0,0,0,7,Y
GUILFORD,10/10/23,FR2,410003,C,CITY OF HIGH POINT MAYOR,Victor Jones, ,1,20,0,0,0,20,Y
GUILFORD,10/10/23,FR2,410004,C,CITY OF HIGH POINT CITY COUNCIL AT-LARGE,Amanda Cook, ,2,46,0,0,0,46,Y
GUILFORD,10/10/23,FR2,410004,C,CITY OF HIGH POINT CITY COUNCIL AT-LARGE,Britt W. Moore, ,2,28,0,0,0,28,Y
GUILFORD,10/10/23,FR2,410004,C,CITY OF HIGH POINT CITY COUNCIL AT-LARGE,"Kenneth Jabari Harper, Jr.", ,2,13,0,0,0,13,Y
GUILFORD,10/10/23,FR2,410004,C,CITY OF HIGH POINT CITY COUNCIL AT-LARGE,Orel Henry, ,2,0,0,0,0,0,Y
GUILFORD,10/10/23,FR2,410004,C,CITY OF HIGH POINT CITY COUNCIL AT-LARGE,Sam Carr, ,2,23,0,0,0,23,Y
GUILFORD,10/10/23,FR2,410004,C,CITY OF HIGH POINT CITY COUNCIL AT-LARGE,Shazia Iqbal, ,2,2,0,0,0,2,Y
GUILFORD,10/10/23,FR2,410004,C,CITY OF HIGH POINT CITY COUNCIL AT-LARGE,Willie H. Davis, ,2,46,0,0,0,46,Y
GUILFORD,10/10/23,GIB,410002,C,CITY OF BURLINGTON COUNCIL MEMBER,Bob Ward, ,2,0,0,0,0,0,Y
GUILFORD,10/10/23,GIB,410002,C,CITY OF BURLINGTON COUNCIL MEMBER,Brandy Whittaker, ,2,0,0,0,0,0,Y
GUILFORD,10/10/23,GIB,410002,C,CITY OF BURLINGTON COUNCIL MEMBER,Celo Faucette, ,2,0,0,0,0,0,Y
GUILFORD,10/10/23,GIB,410002,C,CITY OF BURLINGTON COUNCIL MEMBER,Charlie Beasley, ,2,0,0,0,0,0,Y
GUILFORD,10/10/23,GIB,410002,C,CITY OF BURLINGTON COUNCIL MEMBER,Cindy Lackey, ,2,0,0,0,0,0,Y
GUILFORD,10/10/23,GIB,410002,C,CITY OF BURLINGTON COUNCIL MEMBER,Dejuana Bigelow, ,2,0,0,0,0,0,Y
GUILFORD,10/10/23,GIB,410002,C,CITY OF BURLINGTON COUNCIL MEMBER,Mary Jensen, ,2,0,0,0,0,0,Y
GUILFORD,10/10/23,GIB,410002,C,CITY OF BURLINGTON COUNCIL MEMBER,Robin S. Wintringham, ,2,0,0,0,0,0,Y
GUILFORD,10/10/23,H01,410003,C,CITY OF HIGH POINT MAYOR,Abdul Rashid (Richard) Siddiqui, ,1,2,0,0,0,2,Y
GUILFORD,10/10/23,H01,410003,C,CITY OF HIGH POINT MAYOR,Cyril Jefferson, ,1,25,0,0,0,25,Y
GUILFORD,10/10/23,H01,410003,C,CITY OF HIGH POINT MAYOR,Gene Kininmonth, ,1,1,0,0,0,1,Y
GUILFORD,10/10/23,H01,410003,C,CITY OF HIGH POINT MAYOR,Victor Jones, ,1,7,0,0,0,7,Y
GUILFORD,10/10/23,H01,410004,C,CITY OF HIGH POINT CITY COUNCIL AT-LARGE,Amanda Cook, ,2,22,0,0,0,22,Y
GUILFORD,10/10/23,H01,410004,C,CITY OF HIGH POINT CITY COUNCIL AT-LARGE,Britt W. Moore, ,2,7,0,0,0,7,Y
GUILFORD,10/10/23,H01,410004,C,CITY OF HIGH POINT CITY COUNCIL AT-LARGE,"Kenneth Jabari Harper, Jr.", ,2,5,0,0,0,5,Y
GUILFORD,10/10/23,H01,410004,C,CITY OF HIGH POINT CITY COUNCIL AT-LARGE,Orel Henry, ,2,0,0,0,0,0,Y
GUILFORD,10/10/23,H01,410004,C,CITY OF HIGH POINT CITY COUNCIL AT-LARGE,Sam Carr, ,2,6,0,0,0,6,Y
GUILFORD,10/10/23,H01,410004,C,CITY OF HIGH POINT CITY COUNCIL AT-LARGE,Shazia Iqbal, ,2,3,0,0,0,3,Y
GUILFORD,10/10/23,H01,410004,C,CITY OF HIGH POINT CITY COUNCIL AT-LARGE,Willie H. Davis, ,2,13,0,0,0,13,Y
GUILFORD,10/10/23,H02,410003,C,CITY OF HIGH POINT MAYOR,Abdul Rashid (Richard) Siddiqui, ,1,0,0,0,0,0,Y
GUILFORD,10/10/23,H02,410003,C,CITY OF HIGH POINT MAYOR,Cyril Jefferson, ,1,33,0,0,0,33,Y
GUILFORD,10/10/23,H02,410003,C,CITY OF HIGH POINT MAYOR,Gene Kininmonth, ,1,4,0,0,0,4,Y
GUILFORD,10/10/23,H02,410003,C,CITY OF HIGH POINT MAYOR,Victor Jones, ,1,27,0,0,0,27,Y
GUILFORD,10/10/23,H02,410004,C,CITY OF HIGH POINT CITY COUNCIL AT-LARGE,Amanda Cook, ,2,24,0,0,0,24,Y
GUILFORD,10/10/23,H02,410004,C,CITY OF HIGH POINT CITY COUNCIL AT-LARGE,Britt W. Moore, ,2,36,0,0,0,36,Y
GUILFORD,10/10/23,H02,410004,C,CITY OF HIGH POINT CITY COUNCIL AT-LARGE,"Kenneth Jabari Harper, Jr.", ,2,13,0,0,0,13,Y
GUILFORD,10/10/23,H02,410004,C,CITY OF HIGH POINT CITY COUNCIL AT-LARGE,Orel Henry, ,2,7,0,0,0,7,Y
GUILFORD,10/10/23,H02,410004,C,CITY OF HIGH POINT CITY COUNCIL AT-LARGE,Sam Carr, ,2,28,0,0,0,28,Y
GUILFORD,10/10/23,H02,410004,C,CITY OF HIGH POINT CITY COUNCIL AT-LARGE,Shazia Iqbal, ,2,2,0,0,0,2,Y
GUILFORD,10/10/23,H02,410004,C,CITY OF HIGH POINT CITY COUNCIL AT-LARGE,Willie H. Davis, ,2,7,0,0,0,7,Y
GUILFORD,10/10/23,H03,410003,C,CITY OF HIGH POINT MAYOR,Abdul Rashid (Richard) Siddiqui, ,1,1,0,0,0,1,Y
GUILFORD,10/10/23,H03,410003,C,CITY OF HIGH POINT MAYOR,Cyril Jefferson, ,1,7,0,0,0,7,Y
GUILFORD,10/10/23,H03,410003,C,CITY OF HIGH POINT MAYOR,Gene Kininmonth, ,1,6,0,0,0,6,Y
GUILFORD,10/10/23,H03,410003,C,CITY OF HIGH POINT MAYOR,Victor Jones, ,1,7,0,0,0,7,Y
GUILFORD,10/10/23,H03,410004,C,CITY OF HIGH POINT CITY COUNCIL AT-LARGE,Amanda Cook, ,2,10,0,0,0,10,Y
GUILFORD,10/10/23,H03,410004,C,CITY OF HIGH POINT CITY COUNCIL AT-LARGE,Britt W. Moore, ,2,6,0,0,0,6,Y
GUILFORD,10/10/23,H03,410004,C,CITY OF HIGH POINT CITY COUNCIL AT-LARGE,"Kenneth Jabari Harper, Jr.", ,2,3,0,0,0,3,Y
GUILFORD,10/10/23,H03,410004,C,CITY OF HIGH POINT CITY COUNCIL AT-LARGE,Orel Henry, ,2,4,0,0,0,4,Y
GUILFORD,10/10/23,H03,410004,C,CITY OF HIGH POINT CITY COUNCIL AT-LARGE,Sam Carr, ,2,4,0,0,0,4,Y
GUILFORD,10/10/23,H03,410004,C,CITY OF HIGH POINT CITY COUNCIL AT-LARGE,Shazia Iqbal, ,2,5,0,0,0,5,Y
GUILFORD,10/10/23,H03,410004,C,CITY OF HIGH POINT CITY COUNCIL AT-LARGE,Willie H. Davis, ,2,2,0,0,0,2,Y
GUILFORD,10/10/23,H04,410003,C,CITY OF HIGH POINT MAYOR,Abdul Rashid (Richard) Siddiqui, ,1,4,0,0,0,4,Y
GUILFORD,10/10/23,H04,410003,C,CITY OF HIGH POINT MAYOR,Cyril Jefferson, ,1,31,0,0,0,31,Y
GUILFORD,10/10/23,H04,410003,C,CITY OF HIGH POINT MAYOR,Gene Kininmonth, ,1,6,0,0,0,6,Y
GUILFORD,10/10/23,H04,410003,C,CITY OF HIGH POINT MAYOR,Victor Jones, ,1,26,0,0,0,26,Y
GUILFORD,10/10/23,H04,410004,C,CITY OF HIGH POINT CITY COUNCIL AT-LARGE,Amanda Cook, ,2,23,0,0,0,23,Y
GUILFORD,10/10/23,H04,410004,C,CITY OF HIGH POINT CITY COUNCIL AT-LARGE,Britt W. Moore, ,2,18,0,0,0,18,Y
GUILFORD,10/10/23,H04,410004,C,CITY OF HIGH POINT CITY COUNCIL AT-LARGE,"Kenneth Jabari Harper, Jr.", ,2,8,0,0,0,8,Y
GUILFORD,10/10/23,H04,410004,C,CITY OF HIGH POINT CITY COUNCIL AT-LARGE,Orel Henry, ,2,3,0,0,0,3,Y
GUILFORD,10/10/23,H04,410004,C,CITY OF HIGH POINT CITY COUNCIL AT-LARGE,Sam Carr, ,2,20,0,0,0,20,Y
GUILFORD,10/10/23,H04,410004,C,CITY OF HIGH POINT CITY COUNCIL AT-LARGE,Shazia Iqbal, ,2,17,0,0,0,17,Y
GUILFORD,10/10/23,H04,410004,C,CITY OF HIGH POINT CITY COUNCIL AT-LARGE,Willie H. Davis, ,2,17,0,0,0,17,Y
GUILFORD,10/10/23,H05,410003,C,CITY OF HIGH POINT MAYOR,Abdul Rashid (Richard) Siddiqui, ,1,0,0,0,0,0,Y
GUILFORD,10/10/23,H05,410003,C,CITY OF HIGH POINT MAYOR,Cyril Jefferson, ,1,38,0,0,0,38,Y
GUILFORD,10/10/23,H05,410003,C,CITY OF HIGH POINT MAYOR,Gene Kininmonth, ,1,1,0,0,0,1,Y
GUILFORD,10/10/23,H05,410003,C,CITY OF HIGH POINT MAYOR,Victor Jones, ,1,8,0,0,0,8,Y
GUILFORD,10/10/23,H05,410004,C,CITY OF HIGH POINT CITY COUNCIL AT-LARGE,Amanda Cook, ,2,16,0,0,0,16,Y
GUILFORD,10/10/23,H05,410004,C,CITY OF HIGH POINT CITY COUNCIL AT-LARGE,Britt W. Moore, ,2,9,0,0,0,9,Y
GUILFORD,10/10/23,H05,410004,C,CITY OF HIGH POINT CITY COUNCIL AT-LARGE,"Kenneth Jabari Harper, Jr.", ,2,13,0,0,0,13,Y
GUILFORD,10/10/23,H05,410004,C,CITY OF HIGH POINT CITY COUNCIL AT-LARGE,Orel Henry, ,2,2,0,0,0,2,Y
GUILFORD,10/10/23,H05,410004,C,CITY OF HIGH POINT CITY COUNCIL AT-LARGE,Sam Carr, ,2,3,0,0,0,3,Y
GUILFORD,10/10/23,H05,410004,C,CITY OF HIGH POINT CITY COUNCIL AT-LARGE,Shazia Iqbal, ,2,6,0,0,0,6,Y
GUILFORD,10/10/23,H05,410004,C,CITY OF HIGH POINT CITY COUNCIL AT-LARGE,Willie H. Davis, ,2,27,0,0,0,27,Y
GUILFORD,10/10/23,H06,410003,C,CITY OF HIGH POINT MAYOR,Abdul Rashid (Richard) Siddiqui, ,1,0,0,0,0,0,Y
GUILFORD,10/10/23,H06,410003,C,CITY OF HIGH POINT MAYOR,Cyril Jefferson, ,1,42,0,0,0,42,Y
GUILFORD,10/10/23,H06,410003,C,CITY OF HIGH POINT MAYOR,Gene Kininmonth, ,1,9,0,0,0,9,Y
GUILFORD,10/10/23,H06,410003,C,CITY OF HIGH POINT MAYOR,Victor Jones, ,1,16,0,0,0,16,Y
GUILFORD,10/10/23,H06,410004,C,CITY OF HIGH POINT CITY COUNCIL AT-LARGE,Amanda Cook, ,2,38,0,0,0,38,Y
GUILFORD,10/10/23,H06,410004,C,CITY OF HIGH POINT CITY COUNCIL AT-LARGE,Britt W. Moore, ,2,15,0,0,0,15,Y
GUILFORD,10/10/23,H06,410004,C,CITY OF HIGH POINT CITY COUNCIL AT-LARGE,"Kenneth Jabari Harper, Jr.", ,2,9,0,0,0,9,Y
GUILFORD,10/10/23,H06,410004,C,CITY OF HIGH POINT CITY COUNCIL AT-LARGE,Orel Henry, ,2,6,0,0,0,6,Y
GUILFORD,10/10/23,H06,410004,C,CITY OF HIGH POINT CITY COUNCIL AT-LARGE,Sam Carr, ,2,16,0,0,0,16,Y
GUILFORD,10/10/23,H06,410004,C,CITY OF HIGH POINT CITY COUNCIL AT-LARGE,Shazia Iqbal, ,2,6,0,0,0,6,Y
GUILFORD,10/10/23,H06,410004,C,CITY OF HIGH POINT CITY COUNCIL AT-LARGE,Willie H. Davis, ,2,27,0,0,0,27,Y
GUILFORD,10/10/23,H07,410003,C,CITY OF HIGH POINT MAYOR,Abdul Rashid (Richard) Siddiqui, ,1,0,0,0,0,0,Y
GUILFORD,10/10/23,H07,410003,C,CITY OF HIGH POINT MAYOR,Cyril Jefferson, ,1,20,0,0,0,20,Y
GUILFORD,10/10/23,H07,410003,C,CITY OF HIGH POINT MAYOR,Gene Kininmonth, ,1,2,0,0,0,2,Y
GUILFORD,10/10/23,H07,410003,C,CITY OF HIGH POINT MAYOR,Victor Jones, ,1,5,0,0,0,5,Y
GUILFORD,10/10/23,H07,410004,C,CITY OF HIGH POINT CITY COUNCIL AT-LARGE,Amanda Cook, ,2,8,0,0,0,8,Y
GUILFORD,10/10/23,H07,410004,C,CITY OF HIGH POINT CITY COUNCIL AT-LARGE,Britt W. Moore, ,2,2,0,0,0,2,Y
GUILFORD,10/10/23,H07,410004,C,CITY OF HIGH POINT CITY COUNCIL AT-LARGE,"Kenneth Jabari Harper, Jr.", ,2,18,0,0,0,18,Y
GUILFORD,10/10/23,H07,410004,C,CITY OF HIGH POINT CITY COUNCIL AT-LARGE,Orel Henry, ,2,2,0,0,0,2,Y
GUILFORD,10/10/23,H07,410004,C,CITY OF HIGH POINT CITY COUNCIL AT-LARGE,Sam Carr, ,2,5,0,0,0,5,Y
GUILFORD,10/10/23,H07,410004,C,CITY OF HIGH POINT CITY COUNCIL AT-LARGE,Shazia Iqbal, ,2,3,0,0,0,3,Y
GUILFORD,10/10/23,H07,410004,C,CITY OF HIGH POINT CITY COUNCIL AT-LARGE,Willie H. Davis, ,2,9,0,0,0,9,Y
GUILFORD,10/10/23,H08,410003,C,CITY OF HIGH POINT MAYOR,Abdul Rashid (Richard) Siddiqui, ,1,0,0,0,0,0,Y
GUILFORD,10/10/23,H08,410003,C,CITY OF HIGH POINT MAYOR,Cyril Jefferson, ,1,8,0,0,0,8,Y
GUILFORD,10/10/23,H08,410003,C,CITY OF HIGH POINT MAYOR,Gene Kininmonth, ,1,0,0,0,0,0,Y
GUILFORD,10/10/23,H08,410003,C,CITY OF HIGH POINT MAYOR,Victor Jones, ,1,6,0,0,0,6,Y
GUILFORD,10/10/23,H08,410004,C,CITY OF HIGH POINT CITY COUNCIL AT-LARGE,Amanda Cook, ,2,1,0,0,0,1,Y
GUILFORD,10/10/23,H08,410004,C,CITY OF HIGH POINT CITY COUNCIL AT-LARGE,Britt W. Moore, ,2,8,0,0,0,8,Y
GUILFORD,10/10/23,H08,410004,C,CITY OF HIGH POINT CITY COUNCIL AT-LARGE,"Kenneth Jabari Harper, Jr.", ,2,6,0,0,0,6,Y
GUILFORD,10/10/23,H08,410004,C,CITY OF HIGH POINT CITY COUNCIL AT-LARGE,Orel Henry, ,2,0,0,0,0,0,Y
GUILFORD,10/10/23,H08,410004,C,CITY OF HIGH POINT CITY COUNCIL AT-LARGE,Sam Carr, ,2,2,0,0,0,2,Y
GUILFORD,10/10/23,H08,410004,C,CITY OF HIGH POINT CITY COUNCIL AT-LARGE,Shazia Iqbal, ,2,1,0,0,0,1,Y
GUILFORD,10/10/23,H08,410004,C,CITY OF HIGH POINT CITY COUNCIL AT-LARGE,Willie H. Davis, ,2,6,0,0,0,6,Y
GUILFORD,10/10/23,H09,5,C,CITY OF HIGH POINT CITY COUNCIL WARD 01,Glenn Romero Chavis, ,1,3,0,0,0,3,Y
GUILFORD,10/10/23,H09,5,C,CITY OF HIGH POINT CITY COUNCIL WARD 01,Henry Harris, ,1,2,0,0,0,2,Y
GUILFORD,10/10/23,H09,5,C,CITY OF HIGH POINT CITY COUNCIL WARD 01,Vickie McKiver, ,1,3,0,0,0,3,Y
GUILFORD,10/10/23,H09,410003,C,CITY OF HIGH POINT MAYOR,Abdul Rashid (Richard) Siddiqui, ,1,1,0,0,0,1,Y
GUILFORD,10/10/23,H09,410003,C,CITY OF HIGH POINT MAYOR,Cyril Jefferson, ,1,19,0,0,0,19,Y
GUILFORD,10/10/23,H09,410003,C,CITY OF HIGH POINT MAYOR,Gene Kininmonth, ,1,1,0,0,0,1,Y
GUILFORD,10/10/23,H09,410003,C,CITY OF HIGH POINT MAYOR,Victor Jones, ,1,2,0,0,0,2,Y
GUILFORD,10/10/23,H09,410004,C,CITY OF HIGH POINT CITY COUNCIL AT-LARGE,Amanda Cook, ,2,8,0,0,0,8,Y
GUILFORD,10/10/23,H09,410004,C,CITY OF HIGH POINT CITY COUNCIL AT-LARGE,Britt W. Moore, ,2,3,0,0,0,3,Y
GUILFORD,10/10/23,H09,410004,C,CITY OF HIGH POINT CITY COUNCIL AT-LARGE,"Kenneth Jabari Harper, Jr.", ,2,6,0,0,0,6,Y
GUILFORD,10/10/23,H09,410004,C,CITY OF HIGH POINT CITY COUNCIL AT-LARGE,Orel Henry, ,2,2,0,0,0,2,Y
GUILFORD,10/10/23,H09,410004,C,CITY OF HIGH POINT CITY COUNCIL AT-LARGE,Sam Carr, ,2,4,0,0,0,4,Y
GUILFORD,10/10/23,H09,410004,C,CITY OF HIGH POINT CITY COUNCIL AT-LARGE,Shazia Iqbal, ,2,3,0,0,0,3,Y
GUILFORD,10/10/23,H09,410004,C,CITY OF HIGH POINT CITY COUNCIL AT-LARGE,Willie H. Davis, ,2,9,0,0,0,9,Y
GUILFORD,10/10/23,H10,5,C,CITY OF HIGH POINT CITY COUNCIL WARD 01,Glenn Romero Chavis, ,1,15,0,0,0,15,Y
GUILFORD,10/10/23,H10,5,C,CITY OF HIGH POINT CITY COUNCIL WARD 01,Henry Harris, ,1,4,0,0,0,4,Y
GUILFORD,10/10/23,H10,5,C,CITY OF HIGH POINT CITY COUNCIL WARD 01,Vickie McKiver, ,1,53,0,0,0,53,Y
GUILFORD,10/10/23,H10,410003,C,CITY OF HIGH POINT MAYOR,Abdul Rashid (Richard) Siddiqui, ,1,0,0,0,0,0,Y
GUILFORD,10/10/23,H10,410003,C,CITY OF HIGH POINT MAYOR,Cyril Jefferson, ,1,69,0,0,0,69,Y
GUILFORD,10/10/23,H10,410003,C,CITY OF HIGH POINT MAYOR,Gene Kininmonth, ,1,0,0,0,0,0,Y
GUILFORD,10/10/23,H10,410003,C,CITY OF HIGH POINT MAYOR,Victor Jones, ,1,3,0,0,0,3,Y
GUILFORD,10/10/23,H10,410004,C,CITY OF HIGH POINT CITY COUNCIL AT-LARGE,Amanda Cook, ,2,24,0,0,0,24,Y
GUILFORD,10/10/23,H10,410004,C,CITY OF HIGH POINT CITY COUNCIL AT-LARGE,Britt W. Moore, ,2,40,0,0,0,40,Y
GUILFORD,10/10/23,H10,410004,C,CITY OF HIGH POINT CITY COUNCIL AT-LARGE,"Kenneth Jabari Harper, Jr.", ,2,11,0,0,0,11,Y
GUILFORD,10/10/23,H10,410004,C,CITY OF HIGH POINT CITY COUNCIL AT-LARGE,Orel Henry, ,2,5,0,0,0,5,Y
GUILFORD,10/10/23,H10,410004,C,CITY OF HIGH POINT CITY COUNCIL AT-LARGE,Sam Carr, ,2,3,0,0,0,3,Y
GUILFORD,10/10/23,H10,410004,C,CITY OF HIGH POINT CITY COUNCIL AT-LARGE,Shazia Iqbal, ,2,0,0,0,0,0,Y
GUILFORD,10/10/23,H10,410004,C,CITY OF HIGH POINT CITY COUNCIL AT-LARGE,Willie H. Davis, ,2,54,0,0,0,54,Y
GUILFORD,10/10/23,H11,5,C,CITY OF HIGH POINT CITY COUNCIL WARD 01,Glenn Romero Chavis, ,1,21,0,0,0,21,Y
GUILFORD,10/10/23,H11,5,C,CITY OF HIGH POINT CITY COUNCIL WARD 01,Henry Harris, ,1,3,0,0,0,3,Y
GUILFORD,10/10/23,H11,5,C,CITY OF HIGH POINT CITY COUNCIL WARD 01,Vickie McKiver, ,1,32,0,0,0,32,Y
GUILFORD,10/10/23,H11,410003,C,CITY OF HIGH POINT MAYOR,Abdul Rashid (Richard) Siddiqui, ,1,0,0,0,0,0,Y
GUILFORD,10/10/23,H11,410003,C,CITY OF HIGH POINT MAYOR,Cyril Jefferson, ,1,49,0,0,0,49,Y
GUILFORD,10/10/23,H11,410003,C,CITY OF HIGH POINT MAYOR,Gene Kininmonth, ,1,2,0,0,0,2,Y
GUILFORD,10/10/23,H11,410003,C,CITY OF HIGH POINT MAYOR,Victor Jones, ,1,5,0,0,0,5,Y
GUILFORD,10/10/23,H11,410004,C,CITY OF HIGH POINT CITY COUNCIL AT-LARGE,Amanda Cook, ,2,28,0,0,0,28,Y
GUILFORD,10/10/23,H11,410004,C,CITY OF HIGH POINT CITY COUNCIL AT-LARGE,Britt W. Moore, ,2,11,0,0,0,11,Y
GUILFORD,10/10/23,H11,410004,C,CITY OF HIGH POINT CITY COUNCIL AT-LARGE,"Kenneth Jabari Harper, Jr.", ,2,12,0,0,0,12,Y
GUILFORD,10/10/23,H11,410004,C,CITY OF HIGH POINT CITY COUNCIL AT-LARGE,Orel Henry, ,2,4,0,0,0,4,Y
GUILFORD,10/10/23,H11,410004,C,CITY OF HIGH POINT CITY COUNCIL AT-LARGE,Sam Carr, ,2,3,0,0,0,3,Y
GUILFORD,10/10/23,H11,410004,C,CITY OF HIGH POINT CITY COUNCIL AT-LARGE,Shazia Iqbal, ,2,0,0,0,0,0,Y
GUILFORD,10/10/23,H11,410004,C,CITY OF HIGH POINT CITY COUNCIL AT-LARGE,Willie H. Davis, ,2,29,0,0,0,29,Y
GUILFORD,10/10/23,H12,410003,C,CITY OF HIGH POINT MAYOR,Abdul Rashid (Richard) Siddiqui, ,1,1,0,0,0,1,Y
GUILFORD,10/10/23,H12,410003,C,CITY OF HIGH POINT MAYOR,Cyril Jefferson, ,1,27,0,0,0,27,Y
GUILFORD,10/10/23,H12,410003,C,CITY OF HIGH POINT MAYOR,Gene Kininmonth, ,1,6,0,0,0,6,Y
GUILFORD,10/10/23,H12,410003,C,CITY OF HIGH POINT MAYOR,Victor Jones, ,1,14,0,0,0,14,Y
GUILFORD,10/10/23,H12,410004,C,CITY OF HIGH POINT CITY COUNCIL AT-LARGE,Amanda Cook, ,2,27,0,0,0,27,Y
GUILFORD,10/10/23,H12,410004,C,CITY OF HIGH POINT CITY COUNCIL AT-LARGE,Britt W. Moore, ,2,11,0,0,0,11,Y
GUILFORD,10/10/23,H12,410004,C,CITY OF HIGH POINT CITY COUNCIL AT-LARGE,"Kenneth Jabari Harper, Jr.", ,2,8,0,0,0,8,Y
GUILFORD,10/10/23,H12,410004,C,CITY OF HIGH POINT CITY COUNCIL AT-LARGE,Orel Henry, ,2,8,0,0,0,8,Y
GUILFORD,10/10/23,H12,410004,C,CITY OF HIGH POINT CITY COUNCIL AT-LARGE,Sam Carr, ,2,15,0,0,0,15,Y
GUILFORD,10/10/23,H12,410004,C,CITY OF HIGH POINT CITY COUNCIL AT-LARGE,Shazia Iqbal, ,2,4,0,0,0,4,Y
GUILFORD,10/10/23,H12,410004,C,CITY OF HIGH POINT CITY COUNCIL AT-LARGE,Willie H. Davis, ,2,15,0,0,0,15,Y
GUILFORD,10/10/23,H13,410003,C,CITY OF HIGH POINT MAYOR,Abdul Rashid (Richard) Siddiqui, ,1,0,0,0,0,0,Y
GUILFORD,10/10/23,H13,410003,C,CITY OF HIGH POINT MAYOR,Cyril Jefferson, ,1,83,0,0,0,83,Y
GUILFORD,10/10/23,H13,410003,C,CITY OF HIGH POINT MAYOR,Gene Kininmonth, ,1,22,0,0,0,22,Y
GUILFORD,10/10/23,H13,410003,C,CITY OF HIGH POINT MAYOR,Victor Jones, ,1,59,0,0,0,59,Y
GUILFORD,10/10/23,H13,410004,C,CITY OF HIGH POINT CITY COUNCIL AT-LARGE,Amanda Cook, ,2,44,0,0,0,44,Y
GUILFORD,10/10/23,H13,410004,C,CITY OF HIGH POINT CITY COUNCIL AT-LARGE,Britt W. Moore, ,2,107,0,0,0,107,Y
GUILFORD,10/10/23,H13,410004,C,CITY OF HIGH POINT CITY COUNCIL AT-LARGE,"Kenneth Jabari Harper, Jr.", ,2,22,0,0,0,22,Y
GUILFORD,10/10/23,H13,410004,C,CITY OF HIGH POINT CITY COUNCIL AT-LARGE,Orel Henry, ,2,13,0,0,0,13,Y
GUILFORD,10/10/23,H13,410004,C,CITY OF HIGH POINT CITY COUNCIL AT-LARGE,Sam Carr, ,2,72,0,0,0,72,Y
GUILFORD,10/10/23,H13,410004,C,CITY OF HIGH POINT CITY COUNCIL AT-LARGE,Shazia Iqbal, ,2,9,0,0,0,9,Y
GUILFORD,10/10/23,H13,410004,C,CITY OF HIGH POINT CITY COUNCIL AT-LARGE,Willie H. Davis, ,2,22,0,0,0,22,Y
GUILFORD,10/10/23,H14,410003,C,CITY OF HIGH POINT MAYOR,Abdul Rashid (Richard) Siddiqui, ,1,3,0,0,0,3,Y
GUILFORD,10/10/23,H14,410003,C,CITY OF HIGH POINT MAYOR,Cyril Jefferson, ,1,67,0,0,0,67,Y
GUILFORD,10/10/23,H14,410003,C,CITY OF HIGH POINT MAYOR,Gene Kininmonth, ,1,25,0,0,0,25,Y
GUILFORD,10/10/23,H14,410003,C,CITY OF HIGH POINT MAYOR,Victor Jones, ,1,84,0,0,0,84,Y
GUILFORD,10/10/23,H14,410004,C,CITY OF HIGH POINT CITY COUNCIL AT-LARGE,Amanda Cook, ,2,48,0,0,0,48,Y
GUILFORD,10/10/23,H14,410004,C,CITY OF HIGH POINT CITY COUNCIL AT-LARGE,Britt W. Moore, ,2,117,0,0,0,117,Y
GUILFORD,10/10/23,H14,410004,C,CITY OF HIGH POINT CITY COUNCIL AT-LARGE,"Kenneth Jabari Harper, Jr.", ,2,15,0,0,0,15,Y
GUILFORD,10/10/23,H14,410004,C,CITY OF HIGH POINT CITY COUNCIL AT-LARGE,Orel Henry, ,2,12,0,0,0,12,Y
GUILFORD,10/10/23,H14,410004,C,CITY OF HIGH POINT CITY COUNCIL AT-LARGE,Sam Carr, ,2,103,0,0,0,103,Y
GUILFORD,10/10/23,H14,410004,C,CITY OF HIGH POINT CITY COUNCIL AT-LARGE,Shazia Iqbal, ,2,7,0,0,0,7,Y
GUILFORD,10/10/23,H14,410004,C,CITY OF HIGH POINT CITY COUNCIL AT-LARGE,Willie H. Davis, ,2,19,0,0,0,19,Y
GUILFORD,10/10/23,H15,410003,C,CITY OF HIGH POINT MAYOR,Abdul Rashid (Richard) Siddiqui, ,1,1,0,0,0,1,Y
GUILFORD,10/10/23,H15,410003,C,CITY OF HIGH POINT MAYOR,Cyril Jefferson, ,1,53,0,0,0,53,Y
GUILFORD,10/10/23,H15,410003,C,CITY OF HIGH POINT MAYOR,Gene Kininmonth, ,1,9,0,0,0,9,Y
GUILFORD,10/10/23,H15,410003,C,CITY OF HIGH POINT MAYOR,Victor Jones, ,1,40,0,0,0,40,Y
GUILFORD,10/10/23,H15,410004,C,CITY OF HIGH POINT CITY COUNCIL AT-LARGE,Amanda Cook, ,2,42,0,0,0,42,Y
GUILFORD,10/10/23,H15,410004,C,CITY OF HIGH POINT CITY COUNCIL AT-LARGE,Britt W. Moore, ,2,47,0,0,0,47,Y
GUILFORD,10/10/23,H15,410004,C,CITY OF HIGH POINT CITY COUNCIL AT-LARGE,"Kenneth Jabari Harper, Jr.", ,2,19,0,0,0,19,Y
GUILFORD,10/10/23,H15,410004,C,CITY OF HIGH POINT CITY COUNCIL AT-LARGE,Orel Henry, ,2,10,0,0,0,10,Y
GUILFORD,10/10/23,H15,410004,C,CITY OF HIGH POINT CITY COUNCIL AT-LARGE,Sam Carr, ,2,36,0,0,0,36,Y
GUILFORD,10/10/23,H15,410004,C,CITY OF HIGH POINT CITY COUNCIL AT-LARGE,Shazia Iqbal, ,2,2,0,0,0,2,Y
GUILFORD,10/10/23,H15,410004,C,CITY OF HIGH POINT CITY COUNCIL AT-LARGE,Willie H. Davis, ,2,28,0,0,0,28,Y
GUILFORD,10/10/23,H16,410003,C,CITY OF HIGH POINT MAYOR,Abdul Rashid (Richard) Siddiqui, ,1,0,0,0,0,0,Y
GUILFORD,10/10/23,H16,410003,C,CITY OF HIGH POINT MAYOR,Cyril Jefferson, ,1,39,0,0,0,39,Y
GUILFORD,10/10/23,H16,410003,C,CITY OF HIGH POINT MAYOR,Gene Kininmonth, ,1,10,0,0,0,10,Y
GUILFORD,10/10/23,H16,410003,C,CITY OF HIGH POINT MAYOR,Victor Jones, ,1,42,0,0,0,42,Y
GUILFORD,10/10/23,H16,410004,C,CITY OF HIGH POINT CITY COUNCIL AT-LARGE,Amanda Cook, ,2,25,0,0,0,25,Y
GUILFORD,10/10/23,H16,410004,C,CITY OF HIGH POINT CITY COUNCIL AT-LARGE,Britt W. Moore, ,2,60,0,0,0,60,Y
GUILFORD,10/10/23,H16,410004,C,CITY OF HIGH POINT CITY COUNCIL AT-LARGE,"Kenneth Jabari Harper, Jr.", ,2,13,0,0,0,13,Y
GUILFORD,10/10/23,H16,410004,C,CITY OF HIGH POINT CITY COUNCIL AT-LARGE,Orel Henry, ,2,35,0,0,0,35,Y
GUILFORD,10/10/23,H16,410004,C,CITY OF HIGH POINT CITY COUNCIL AT-LARGE,Sam Carr, ,2,30,0,0,0,30,Y
GUILFORD,10/10/23,H16,410004,C,CITY OF HIGH POINT CITY COUNCIL AT-LARGE,Shazia Iqbal, ,2,1,0,0,0,1,Y
GUILFORD,10/10/23,H16,410004,C,CITY OF HIGH POINT CITY COUNCIL AT-LARGE,Willie H. Davis, ,2,3,0,0,0,3,Y
GUILFORD,10/10/23,H17,5,C,CITY OF HIGH POINT CITY COUNCIL WARD 01,Glenn Romero Chavis, ,1,5,0,0,0,5,Y
GUILFORD,10/10/23,H17,5,C,CITY OF HIGH POINT CITY COUNCIL WARD 01,Henry Harris, ,1,1,0,0,0,1,Y
GUILFORD,10/10/23,H17,5,C,CITY OF HIGH POINT CITY COUNCIL WARD 01,Vickie McKiver, ,1,22,0,0,0,22,Y
GUILFORD,10/10/23,H17,410003,C,CITY OF HIGH POINT MAYOR,Abdul Rashid (Richard) Siddiqui, ,1,0,0,0,0,0,Y
GUILFORD,10/10/23,H17,410003,C,CITY OF HIGH POINT MAYOR,Cyril Jefferson, ,1,18,0,0,0,18,Y
GUILFORD,10/10/23,H17,410003,C,CITY OF HIGH POINT MAYOR,Gene Kininmonth, ,1,1,0,0,0,1,Y
GUILFORD,10/10/23,H17,410003,C,CITY OF HIGH POINT MAYOR,Victor Jones, ,1,11,0,0,0,11,Y
GUILFORD,10/10/23,H17,410004,C,CITY OF HIGH POINT CITY COUNCIL AT-LARGE,Amanda Cook, ,2,14,0,0,0,14,Y
GUILFORD,10/10/23,H17,410004,C,CITY OF HIGH POINT CITY COUNCIL AT-LARGE,Britt W. Moore, ,2,14,0,0,0,14,Y
GUILFORD,10/10/23,H17,410004,C,CITY OF HIGH POINT CITY COUNCIL AT-LARGE,"Kenneth Jabari Harper, Jr.", ,2,1,0,0,0,1,Y
GUILFORD,10/10/23,H17,410004,C,CITY OF HIGH POINT CITY COUNCIL AT-LARGE,Orel Henry, ,2,4,0,0,0,4,Y
GUILFORD,10/10/23,H17,410004,C,CITY OF HIGH POINT CITY COUNCIL AT-LARGE,Sam Carr, ,2,4,0,0,0,4,Y
GUILFORD,10/10/23,H17,410004,C,CITY OF HIGH POINT CITY COUNCIL AT-LARGE,Shazia Iqbal, ,2,3,0,0,0,3,Y
GUILFORD,10/10/23,H17,410004,C,CITY OF HIGH POINT CITY COUNCIL AT-LARGE,Willie H. Davis, ,2,10,0,0,0,10,Y
GUILFORD,10/10/23,H18,5,C,CITY OF HIGH POINT CITY COUNCIL WARD 01,Glenn Romero Chavis, ,1,10,0,0,0,10,Y
GUILFORD,10/10/23,H18,5,C,CITY OF HIGH POINT CITY COUNCIL WARD 01,Henry Harris, ,1,6,0,0,0,6,Y
GUILFORD,10/10/23,H18,5,C,CITY OF HIGH POINT CITY COUNCIL WARD 01,Vickie McKiver, ,1,43,0,0,0,43,Y
GUILFORD,10/10/23,H18,410003,C,CITY OF HIGH POINT MAYOR,Abdul Rashid (Richard) Siddiqui, ,1,0,0,0,0,0,Y
GUILFORD,10/10/23,H18,410003,C,CITY OF HIGH POINT MAYOR,Cyril Jefferson, ,1,48,0,0,0,48,Y
GUILFORD,10/10/23,H18,410003,C,CITY OF HIGH POINT MAYOR,Gene Kininmonth, ,1,4,0,0,0,4,Y
GUILFORD,10/10/23,H18,410003,C,CITY OF HIGH POINT MAYOR,Victor Jones, ,1,8,0,0,0,8,Y
GUILFORD,10/10/23,H18,410004,C,CITY OF HIGH POINT CITY COUNCIL AT-LARGE,Amanda Cook, ,2,30,0,0,0,30,Y
GUILFORD,10/10/23,H18,410004,C,CITY OF HIGH POINT CITY COUNCIL AT-LARGE,Britt W. Moore, ,2,19,0,0,0,19,Y
GUILFORD,10/10/23,H18,410004,C,CITY OF HIGH POINT CITY COUNCIL AT-LARGE,"Kenneth Jabari Harper, Jr.", ,2,17,0,0,0,17,Y
GUILFORD,10/10/23,H18,410004,C,CITY OF HIGH POINT CITY COUNCIL AT-LARGE,Orel Henry, ,2,6,0,0,0,6,Y
GUILFORD,10/10/23,H18,410004,C,CITY OF HIGH POINT CITY COUNCIL AT-LARGE,Sam Carr, ,2,11,0,0,0,11,Y
GUILFORD,10/10/23,H18,410004,C,CITY OF HIGH POINT CITY COUNCIL AT-LARGE,Shazia Iqbal, ,2,1,0,0,0,1,Y
GUILFORD,10/10/23,H18,410004,C,CITY OF HIGH POINT CITY COUNCIL AT-LARGE,Willie H. Davis, ,2,25,0,0,0,25,Y
GUILFORD,10/10/23,H19A,5,C,CITY OF HIGH POINT CITY COUNCIL WARD 01,Glenn Romero Chavis, ,1,11,0,0,0,11,Y
GUILFORD,10/10/23,H19A,5,C,CITY OF HIGH POINT CITY COUNCIL WARD 01,Henry Harris, ,1,4,0,0,0,4,Y
GUILFORD,10/10/23,H19A,5,C,CITY OF HIGH POINT CITY COUNCIL WARD 01,Vickie McKiver, ,1,30,0,0,0,30,Y
GUILFORD,10/10/23,H19A,410003,C,CITY OF HIGH POINT MAYOR,Abdul Rashid (Richard) Siddiqui, ,1,1,0,0,0,1,Y
GUILFORD,10/10/23,H19A,410003,C,CITY OF HIGH POINT MAYOR,Cyril Jefferson, ,1,39,0,0,0,39,Y
GUILFORD,10/10/23,H19A,410003,C,CITY OF HIGH POINT MAYOR,Gene Kininmonth, ,1,0,0,0,0,0,Y
GUILFORD,10/10/23,H19A,410003,C,CITY OF HIGH POINT MAYOR,Victor Jones, ,1,5,0,0,0,5,Y
GUILFORD,10/10/23,H19A,410004,C,CITY OF HIGH POINT CITY COUNCIL AT-LARGE,Amanda Cook, ,2,29,0,0,0,29,Y
GUILFORD,10/10/23,H19A,410004,C,CITY OF HIGH POINT CITY COUNCIL AT-LARGE,Britt W. Moore, ,2,5,0,0,0,5,Y
GUILFORD,10/10/23,H19A,410004,C,CITY OF HIGH POINT CITY COUNCIL AT-LARGE,"Kenneth Jabari Harper, Jr.", ,2,8,0,0,0,8,Y
GUILFORD,10/10/23,H19A,410004,C,CITY OF HIGH POINT CITY COUNCIL AT-LARGE,Orel Henry, ,2,0,0,0,0,0,Y
GUILFORD,10/10/23,H19A,410004,C,CITY OF HIGH POINT CITY COUNCIL AT-LARGE,Sam Carr, ,2,2,0,0,0,2,Y
GUILFORD,10/10/23,H19A,410004,C,CITY OF HIGH POINT CITY COUNCIL AT-LARGE,Shazia Iqbal, ,2,0,0,0,0,0,Y
GUILFORD,10/10/23,H19A,410004,C,CITY OF HIGH POINT CITY COUNCIL AT-LARGE,Willie H. Davis, ,2,42,0,0,0,42,Y
GUILFORD,10/10/23,H19B,5,C,CITY OF HIGH POINT CITY COUNCIL WARD 01,Glenn Romero Chavis, ,1,44,0,0,0,44,Y
GUILFORD,10/10/23,H19B,5,C,CITY OF HIGH POINT CITY COUNCIL WARD 01,Henry Harris, ,1,9,0,0,0,9,Y
GUILFORD,10/10/23,H19B,5,C,CITY OF HIGH POINT CITY COUNCIL WARD 01,Vickie McKiver, ,1,53,0,0,0,53,Y
GUILFORD,10/10/23,H19B,410003,C,CITY OF HIGH POINT MAYOR,Abdul Rashid (Richard) Siddiqui, ,1,1,0,0,0,1,Y
GUILFORD,10/10/23,H19B,410003,C,CITY OF HIGH POINT MAYOR,Cyril Jefferson, ,1,68,0,0,0,68,Y
GUILFORD,10/10/23,H19B,410003,C,CITY OF HIGH POINT MAYOR,Gene Kininmonth, ,1,14,0,0,0,14,Y
GUILFORD,10/10/23,H19B,410003,C,CITY OF HIGH POINT MAYOR,Victor Jones, ,1,29,0,0,0,29,Y
GUILFORD,10/10/23,H19B,410004,C,CITY OF HIGH POINT CITY COUNCIL AT-LARGE,Amanda Cook, ,2,52,0,0,0,52,Y
GUILFORD,10/10/23,H19B,410004,C,CITY OF HIGH POINT CITY COUNCIL AT-LARGE,Britt W. Moore, ,2,49,0,0,0,49,Y
GUILFORD,10/10/23,H19B,410004,C,CITY OF HIGH POINT CITY COUNCIL AT-LARGE,"Kenneth Jabari Harper, Jr.", ,2,15,0,0,0,15,Y
GUILFORD,10/10/23,H19B,410004,C,CITY OF HIGH POINT CITY COUNCIL AT-LARGE,Orel Henry, ,2,12,0,0,0,12,Y
GUILFORD,10/10/23,H19B,410004,C,CITY OF HIGH POINT CITY COUNCIL AT-LARGE,Sam Carr, ,2,42,0,0,0,42,Y
GUILFORD,10/10/23,H19B,410004,C,CITY OF HIGH POINT CITY COUNCIL AT-LARGE,Shazia Iqbal, ,2,4,0,0,0,4,Y
GUILFORD,10/10/23,H19B,410004,C,CITY OF HIGH POINT CITY COUNCIL AT-LARGE,Willie H. Davis, ,2,23,0,0,0,23,Y
GUILFORD,10/10/23,H20A,410003,C,CITY OF HIGH POINT MAYOR,Abdul Rashid (Richard) Siddiqui, ,1,2,0,0,0,2,Y
GUILFORD,10/10/23,H20A,410003,C,CITY OF HIGH POINT MAYOR,Cyril Jefferson, ,1,20,0,0,0,20,Y
GUILFORD,10/10/23,H20A,410003,C,CITY OF HIGH POINT MAYOR,Gene Kininmonth, ,1,6,0,0,0,6,Y
GUILFORD,10/10/23,H20A,410003,C,CITY OF HIGH POINT MAYOR,Victor Jones, ,1,29,0,0,0,29,Y
GUILFORD,10/10/23,H20A,410004,C,CITY OF HIGH POINT CITY COUNCIL AT-LARGE,Amanda Cook, ,2,9,0,0,0,9,Y
GUILFORD,10/10/23,H20A,410004,C,CITY OF HIGH POINT CITY COUNCIL AT-LARGE,Britt W. Moore, ,2,36,0,0,0,36,Y
GUILFORD,10/10/23,H20A,410004,C,CITY OF HIGH POINT CITY COUNCIL AT-LARGE,"Kenneth Jabari Harper, Jr.", ,2,13,0,0,0,13,Y
GUILFORD,10/10/23,H20A,410004,C,CITY OF HIGH POINT CITY COUNCIL AT-LARGE,Orel Henry, ,2,17,0,0,0,17,Y
GUILFORD,10/10/23,H20A,410004,C,CITY OF HIGH POINT CITY COUNCIL AT-LARGE,Sam Carr, ,2,21,0,0,0,21,Y
GUILFORD,10/10/23,H20A,410004,C,CITY OF HIGH POINT CITY COUNCIL AT-LARGE,Shazia Iqbal, ,2,4,0,0,0,4,Y
GUILFORD,10/10/23,H20A,410004,C,CITY OF HIGH POINT CITY COUNCIL AT-LARGE,Willie H. Davis, ,2,4,0,0,0,4,Y
GUILFORD,10/10/23,H20B,410003,C,CITY OF HIGH POINT MAYOR,Abdul Rashid (Richard) Siddiqui, ,1,0,0,0,0,0,Y
GUILFORD,10/10/23,H20B,410003,C,CITY OF HIGH POINT MAYOR,Cyril Jefferson, ,1,38,0,0,0,38,Y
GUILFORD,10/10/23,H20B,410003,C,CITY OF HIGH POINT MAYOR,Gene Kininmonth, ,1,7,0,0,0,7,Y
GUILFORD,10/10/23,H20B,410003,C,CITY OF HIGH POINT MAYOR,Victor Jones, ,1,36,0,0,0,36,Y
GUILFORD,10/10/23,H20B,410004,C,CITY OF HIGH POINT CITY COUNCIL AT-LARGE,Amanda Cook, ,2,29,0,0,0,29,Y
GUILFORD,10/10/23,H20B,410004,C,CITY OF HIGH POINT CITY COUNCIL AT-LARGE,Britt W. Moore, ,2,45,0,0,0,45,Y
GUILFORD,10/10/23,H20B,410004,C,CITY OF HIGH POINT CITY COUNCIL AT-LARGE,"Kenneth Jabari Harper, Jr.", ,2,11,0,0,0,11,Y
GUILFORD,10/10/23,H20B,410004,C,CITY OF HIGH POINT CITY COUNCIL AT-LARGE,Orel Henry, ,2,6,0,0,0,6,Y
GUILFORD,10/10/23,H20B,410004,C,CITY OF HIGH POINT CITY COUNCIL AT-LARGE,Sam Carr, ,2,35,0,0,0,35,Y
GUILFORD,10/10/23,H20B,410004,C,CITY OF HIGH POINT CITY COUNCIL AT-LARGE,Shazia Iqbal, ,2,4,0,0,0,4,Y
GUILFORD,10/10/23,H20B,410004,C,CITY OF HIGH POINT CITY COUNCIL AT-LARGE,Willie H. Davis, ,2,11,0,0,0,11,Y
GUILFORD,10/10/23,H21,410003,C,CITY OF HIGH POINT MAYOR,Abdul Rashid (Richard) Siddiqui, ,1,0,0,0,0,0,Y
GUILFORD,10/10/23,H21,410003,C,CITY OF HIGH POINT MAYOR,Cyril Jefferson, ,1,23,0,0,0,23,Y
GUILFORD,10/10/23,H21,410003,C,CITY OF HIGH POINT MAYOR,Gene Kininmonth, ,1,11,0,0,0,11,Y
GUILFORD,10/10/23,H21,410003,C,CITY OF HIGH POINT MAYOR,Victor Jones, ,1,32,0,0,0,32,Y
GUILFORD,10/10/23,H21,410004,C,CITY OF HIGH POINT CITY COUNCIL AT-LARGE,Amanda Cook, ,2,25,0,0,0,25,Y
GUILFORD,10/10/23,H21,410004,C,CITY OF HIGH POINT CITY COUNCIL AT-LARGE,Britt W. Moore, ,2,35,0,0,0,35,Y
GUILFORD,10/10/23,H21,410004,C,CITY OF HIGH POINT CITY COUNCIL AT-LARGE,"Kenneth Jabari Harper, Jr.", ,2,11,0,0,0,11,Y
GUILFORD,10/10/23,H21,410004,C,CITY OF HIGH POINT CITY COUNCIL AT-LARGE,Orel Henry, ,2,24,0,0,0,24,Y
GUILFORD,10/10/23,H21,410004,C,CITY OF HIGH POINT CITY COUNCIL AT-LARGE,Sam Carr, ,2,15,0,0,0,15,Y
GUILFORD,10/10/23,H21,410004,C,CITY OF HIGH POINT CITY COUNCIL AT-LARGE,Shazia Iqbal, ,2,2,0,0,0,2,Y
GUILFORD,10/10/23,H21,410004,C,CITY OF HIGH POINT CITY COUNCIL AT-LARGE,Willie H. Davis, ,2,9,0,0,0,9,Y
GUILFORD,10/10/23,H22,410003,C,CITY OF HIGH POINT MAYOR,Abdul Rashid (Richard) Siddiqui, ,1,2,0,0,0,2,Y
GUILFORD,10/10/23,H22,410003,C,CITY OF HIGH POINT MAYOR,Cyril Jefferson, ,1,34,0,0,0,34,Y
GUILFORD,10/10/23,H22,410003,C,CITY OF HIGH POINT MAYOR,Gene Kininmonth, ,1,5,0,0,0,5,Y
GUILFORD,10/10/23,H22,410003,C,CITY OF HIGH POINT MAYOR,Victor Jones, ,1,32,0,0,0,32,Y
GUILFORD,10/10/23,H22,410004,C,CITY OF HIGH POINT CITY COUNCIL AT-LARGE,Amanda Cook, ,2,28,0,0,0,28,Y
GUILFORD,10/10/23,H22,410004,C,CITY OF HIGH POINT CITY COUNCIL AT-LARGE,Britt W. Moore, ,2,28,0,0,0,28,Y
GUILFORD,10/10/23,H22,410004,C,CITY OF HIGH POINT CITY COUNCIL AT-LARGE,"Kenneth Jabari Harper, Jr.", ,2,12,0,0,0,12,Y
GUILFORD,10/10/23,H22,410004,C,CITY OF HIGH POINT CITY COUNCIL AT-LARGE,Orel Henry, ,2,7,0,0,0,7,Y
GUILFORD,10/10/23,H22,410004,C,CITY OF HIGH POINT CITY COUNCIL AT-LARGE,Sam Carr, ,2,21,0,0,0,21,Y
GUILFORD,10/10/23,H22,410004,C,CITY OF HIGH POINT CITY COUNCIL AT-LARGE,Shazia Iqbal, ,2,3,0,0,0,3,Y
GUILFORD,10/10/23,H22,410004,C,CITY OF HIGH POINT CITY COUNCIL AT-LARGE,Willie H. Davis, ,2,14,0,0,0,14,Y
GUILFORD,10/10/23,H23,410003,C,CITY OF HIGH POINT MAYOR,Abdul Rashid (Richard) Siddiqui, ,1,2,0,0,0,2,Y
GUILFORD,10/10/23,H23,410003,C,CITY OF HIGH POINT MAYOR,Cyril Jefferson, ,1,20,0,0,0,20,Y
GUILFORD,10/10/23,H23,410003,C,CITY OF HIGH POINT MAYOR,Gene Kininmonth, ,1,8,0,0,0,8,Y
GUILFORD,10/10/23,H23,410003,C,CITY OF HIGH POINT MAYOR,Victor Jones, ,1,53,0,0,0,53,Y
GUILFORD,10/10/23,H23,410004,C,CITY OF HIGH POINT CITY COUNCIL AT-LARGE,Amanda Cook, ,2,24,0,0,0,24,Y
GUILFORD,10/10/23,H23,410004,C,CITY OF HIGH POINT CITY COUNCIL AT-LARGE,Britt W. Moore, ,2,62,0,0,0,62,Y
GUILFORD,10/10/23,H23,410004,C,CITY OF HIGH POINT CITY COUNCIL AT-LARGE,"Kenneth Jabari Harper, Jr.", ,2,10,0,0,0,10,Y
GUILFORD,10/10/23,H23,410004,C,CITY OF HIGH POINT CITY COUNCIL AT-LARGE,Orel Henry, ,2,3,0,0,0,3,Y
GUILFORD,10/10/23,H23,410004,C,CITY OF HIGH POINT CITY COUNCIL AT-LARGE,Sam Carr, ,2,41,0,0,0,41,Y
GUILFORD,10/10/23,H23,410004,C,CITY OF HIGH POINT CITY COUNCIL AT-LARGE,Shazia Iqbal, ,2,3,0,0,0,3,Y
GUILFORD,10/10/23,H23,410004,C,CITY OF HIGH POINT CITY COUNCIL AT-LARGE,Willie H. Davis, ,2,10,0,0,0,10,Y
GUILFORD,10/10/23,H24,410003,C,CITY OF HIGH POINT MAYOR,Abdul Rashid (Richard) Siddiqui, ,1,0,0,0,0,0,Y
GUILFORD,10/10/23,H24,410003,C,CITY OF HIGH POINT MAYOR,Cyril Jefferson, ,1,57,0,0,0,57,Y
GUILFORD,10/10/23,H24,410003,C,CITY OF HIGH POINT MAYOR,Gene Kininmonth, ,1,7,0,0,0,7,Y
GUILFORD,10/10/23,H24,410003,C,CITY OF HIGH POINT MAYOR,Victor Jones, ,1,89,0,0,0,89,Y
GUILFORD,10/10/23,H24,410004,C,CITY OF HIGH POINT CITY COUNCIL AT-LARGE,Amanda Cook, ,2,44,0,0,0,44,Y
GUILFORD,10/10/23,H24,410004,C,CITY OF HIGH POINT CITY COUNCIL AT-LARGE,Britt W. Moore, ,2,91,0,0,0,91,Y
GUILFORD,10/10/23,H24,410004,C,CITY OF HIGH POINT CITY COUNCIL AT-LARGE,"Kenneth Jabari Harper, Jr.", ,2,21,0,0,0,21,Y
GUILFORD,10/10/23,H24,410004,C,CITY OF HIGH POINT CITY COUNCIL AT-LARGE,Orel Henry, ,2,15,0,0,0,15,Y
GUILFORD,10/10/23,H24,410004,C,CITY OF HIGH POINT CITY COUNCIL AT-LARGE,Sam Carr, ,2,68,0,0,0,68,Y
GUILFORD,10/10/23,H24,410004,C,CITY OF HIGH POINT CITY COUNCIL AT-LARGE,Shazia Iqbal, ,2,15,0,0,0,15,Y
GUILFORD,10/10/23,H24,410004,C,CITY OF HIGH POINT CITY COUNCIL AT-LARGE,Willie H. Davis, ,2,25,0,0,0,25,Y
GUILFORD,10/10/23,H25,410003,C,CITY OF HIGH POINT MAYOR,Abdul Rashid (Richard) Siddiqui, ,1,1,0,0,0,1,Y
GUILFORD,10/10/23,H25,410003,C,CITY OF HIGH POINT MAYOR,Cyril Jefferson, ,1,85,0,0,0,85,Y
GUILFORD,10/10/23,H25,410003,C,CITY OF HIGH POINT MAYOR,Gene Kininmonth, ,1,11,0,0,0,11,Y
GUILFORD,10/10/23,H25,410003,C,CITY OF HIGH POINT MAYOR,Victor Jones, ,1,169,0,0,0,169,Y
GUILFORD,10/10/23,H25,410004,C,CITY OF HIGH POINT CITY COUNCIL AT-LARGE,Amanda Cook, ,2,64,0,0,0,64,Y
GUILFORD,10/10/23,H25,410004,C,CITY OF HIGH POINT CITY COUNCIL AT-LARGE,Britt W. Moore, ,2,169,0,0,0,169,Y
GUILFORD,10/10/23,H25,410004,C,CITY OF HIGH POINT CITY COUNCIL AT-LARGE,"Kenneth Jabari Harper, Jr.", ,2,39,0,0,0,39,Y
GUILFORD,10/10/23,H25,410004,C,CITY OF HIGH POINT CITY COUNCIL AT-LARGE,Orel Henry, ,2,17,0,0,0,17,Y
GUILFORD,10/10/23,H25,410004,C,CITY OF HIGH POINT CITY COUNCIL AT-LARGE,Sam Carr, ,2,129,0,0,0,129,Y
GUILFORD,10/10/23,H25,410004,C,CITY OF HIGH POINT CITY COUNCIL AT-LARGE,Shazia Iqbal, ,2,12,0,0,0,12,Y
GUILFORD,10/10/23,H25,410004,C,CITY OF HIGH POINT CITY COUNCIL AT-LARGE,Willie H. Davis, ,2,42,0,0,0,42,Y
GUILFORD,10/10/23,H26,410003,C,CITY OF HIGH POINT MAYOR,Abdul Rashid (Richard) Siddiqui, ,1,0,0,0,0,0,Y
GUILFORD,10/10/23,H26,410003,C,CITY OF HIGH POINT MAYOR,Cyril Jefferson, ,1,35,0,0,0,35,Y
GUILFORD,10/10/23,H26,410003,C,CITY OF HIGH POINT MAYOR,Gene Kininmonth, ,1,6,0,0,0,6,Y
GUILFORD,10/10/23,H26,410003,C,CITY OF HIGH POINT MAYOR,Victor Jones, ,1,33,0,0,0,33,Y
GUILFORD,10/10/23,H26,410004,C,CITY OF HIGH POINT CITY COUNCIL AT-LARGE,Amanda Cook, ,2,17,0,0,0,17,Y
GUILFORD,10/10/23,H26,410004,C,CITY OF HIGH POINT CITY COUNCIL AT-LARGE,Britt W. Moore, ,2,50,0,0,0,50,Y
GUILFORD,10/10/23,H26,410004,C,CITY OF HIGH POINT CITY COUNCIL AT-LARGE,"Kenneth Jabari Harper, Jr.", ,2,16,0,0,0,16,Y
GUILFORD,10/10/23,H26,410004,C,CITY OF HIGH POINT CITY COUNCIL AT-LARGE,Orel Henry, ,2,8,0,0,0,8,Y
GUILFORD,10/10/23,H26,410004,C,CITY OF HIGH POINT CITY COUNCIL AT-LARGE,Sam Carr, ,2,23,0,0,0,23,Y
GUILFORD,10/10/23,H26,410004,C,CITY OF HIGH POINT CITY COUNCIL AT-LARGE,Shazia Iqbal, ,2,3,0,0,0,3,Y
GUILFORD,10/10/23,H26,410004,C,CITY OF HIGH POINT CITY COUNCIL AT-LARGE,Willie H. Davis, ,2,12,0,0,0,12,Y
GUILFORD,10/10/23,H27-A,410003,C,CITY OF HIGH POINT MAYOR,Abdul Rashid (Richard) Siddiqui, ,1,0,0,0,0,0,Y
GUILFORD,10/10/23,H27-A,410003,C,CITY OF HIGH POINT MAYOR,Cyril Jefferson, ,1,42,0,0,0,42,Y
GUILFORD,10/10/23,H27-A,410003,C,CITY OF HIGH POINT MAYOR,Gene Kininmonth, ,1,6,0,0,0,6,Y
GUILFORD,10/10/23,H27-A,410003,C,CITY OF HIGH POINT MAYOR,Victor Jones, ,1,50,0,0,0,50,Y
GUILFORD,10/10/23,H27-A,410004,C,CITY OF HIGH POINT CITY COUNCIL AT-LARGE,Amanda Cook, ,2,49,0,0,0,49,Y
GUILFORD,10/10/23,H27-A,410004,C,CITY OF HIGH POINT CITY COUNCIL AT-LARGE,Britt W. Moore, ,2,42,0,0,0,42,Y
GUILFORD,10/10/23,H27-A,410004,C,CITY OF HIGH POINT CITY COUNCIL AT-LARGE,"Kenneth Jabari Harper, Jr.", ,2,11,0,0,0,11,Y
GUILFORD,10/10/23,H27-A,410004,C,CITY OF HIGH POINT CITY COUNCIL AT-LARGE,Orel Henry, ,2,8,0,0,0,8,Y
GUILFORD,10/10/23,H27-A,410004,C,CITY OF HIGH POINT CITY COUNCIL AT-LARGE,Sam Carr, ,2,23,0,0,0,23,Y
GUILFORD,10/10/23,H27-A,410004,C,CITY OF HIGH POINT CITY COUNCIL AT-LARGE,Shazia Iqbal, ,2,6,0,0,0,6,Y
GUILFORD,10/10/23,H27-A,410004,C,CITY OF HIGH POINT CITY COUNCIL AT-LARGE,Willie H. Davis, ,2,40,0,0,0,40,Y
GUILFORD,10/10/23,H27-B,410003,C,CITY OF HIGH POINT MAYOR,Abdul Rashid (Richard) Siddiqui, ,1,0,0,0,0,0,Y
GUILFORD,10/10/23,H27-B,410003,C,CITY OF HIGH POINT MAYOR,Cyril Jefferson, ,1,34,0,0,0,34,Y
GUILFORD,10/10/23,H27-B,410003,C,CITY OF HIGH POINT MAYOR,Gene Kininmonth, ,1,0,0,0,0,0,Y
GUILFORD,10/10/23,H27-B,410003,C,CITY OF HIGH POINT MAYOR,Victor Jones, ,1,19,0,0,0,19,Y
GUILFORD,10/10/23,H27-B,410004,C,CITY OF HIGH POINT CITY COUNCIL AT-LARGE,Amanda Cook, ,2,27,0,0,0,27,Y
GUILFORD,10/10/23,H27-B,410004,C,CITY OF HIGH POINT CITY COUNCIL AT-LARGE,Britt W. Moore, ,2,21,0,0,0,21,Y
GUILFORD,10/10/23,H27-B,410004,C,CITY OF HIGH POINT CITY COUNCIL AT-LARGE,"Kenneth Jabari Harper, Jr.", ,2,7,0,0,0,7,Y
GUILFORD,10/10/23,H27-B,410004,C,CITY OF HIGH POINT CITY COUNCIL AT-LARGE,Orel Henry, ,2,7,0,0,0,7,Y
GUILFORD,10/10/23,H27-B,410004,C,CITY OF HIGH POINT CITY COUNCIL AT-LARGE,Sam Carr, ,2,11,0,0,0,11,Y
GUILFORD,10/10/23,H27-B,410004,C,CITY OF HIGH POINT CITY COUNCIL AT-LARGE,Shazia Iqbal, ,2,3,0,0,0,3,Y
GUILFORD,10/10/23,H27-B,410004,C,CITY OF HIGH POINT CITY COUNCIL AT-LARGE,Willie H. Davis, ,2,17,0,0,0,17,Y
GUILFORD,10/10/23,H28,410003,C,CITY OF HIGH POINT MAYOR,Abdul Rashid (Richard) Siddiqui, ,1,2,0,0,0,2,Y
GUILFORD,10/10/23,H28,410003,C,CITY OF HIGH POINT MAYOR,Cyril Jefferson, ,1,42,0,0,0,42,Y
GUILFORD,10/10/23,H28,410003,C,CITY OF HIGH POINT MAYOR,Gene Kininmonth, ,1,13,0,0,0,13,Y
GUILFORD,10/10/23,H28,410003,C,CITY OF HIGH POINT MAYOR,Victor Jones, ,1,32,0,0,0,32,Y
GUILFORD,10/10/23,H28,410004,C,CITY OF HIGH POINT CITY COUNCIL AT-LARGE,Amanda Cook, ,2,39,0,0,0,39,Y
GUILFORD,10/10/23,H28,410004,C,CITY OF HIGH POINT CITY COUNCIL AT-LARGE,Britt W. Moore, ,2,36,0,0,0,36,Y
GUILFORD,10/10/23,H28,410004,C,CITY OF HIGH POINT CITY COUNCIL AT-LARGE,"Kenneth Jabari Harper, Jr.", ,2,21,0,0,0,21,Y
GUILFORD,10/10/23,H28,410004,C,CITY OF HIGH POINT CITY COUNCIL AT-LARGE,Orel Henry, ,2,14,0,0,0,14,Y
GUILFORD,10/10/23,H28,410004,C,CITY OF HIGH POINT CITY COUNCIL AT-LARGE,Sam Carr, ,2,25,0,0,0,25,Y
GUILFORD,10/10/23,H28,410004,C,CITY OF HIGH POINT CITY COUNCIL AT-LARGE,Shazia Iqbal, ,2,6,0,0,0,6,Y
GUILFORD,10/10/23,H28,410004,C,CITY OF HIGH POINT CITY COUNCIL AT-LARGE,Willie H. Davis, ,2,26,0,0,0,26,Y
GUILFORD,10/10/23,H29A,410003,C,CITY OF HIGH POINT MAYOR,Abdul Rashid (Richard) Siddiqui, ,1,2,0,0,0,2,Y
GUILFORD,10/10/23,H29A,410003,C,CITY OF HIGH POINT MAYOR,Cyril Jefferson, ,1,51,0,0,0,51,Y
GUILFORD,10/10/23,H29A,410003,C,CITY OF HIGH POINT MAYOR,Gene Kininmonth, ,1,2,0,0,0,2,Y
GUILFORD,10/10/23,H29A,410003,C,CITY OF HIGH POINT MAYOR,Victor Jones, ,1,11,0,0,0,11,Y
GUILFORD,10/10/23,H29A,410004,C,CITY OF HIGH POINT CITY COUNCIL AT-LARGE,Amanda Cook, ,2,44,0,0,0,44,Y
GUILFORD,10/10/23,H29A,410004,C,CITY OF HIGH POINT CITY COUNCIL AT-LARGE,Britt W. Moore, ,2,12,0,0,0,12,Y
GUILFORD,10/10/23,H29A,410004,C,CITY OF HIGH POINT CITY COUNCIL AT-LARGE,"Kenneth Jabari Harper, Jr.", ,2,10,0,0,0,10,Y
GUILFORD,10/10/23,H29A,410004,C,CITY OF HIGH POINT CITY COUNCIL AT-LARGE,Orel Henry, ,2,3,0,0,0,3,Y
GUILFORD,10/10/23,H29A,410004,C,CITY OF HIGH POINT CITY COUNCIL AT-LARGE,Sam Carr, ,2,4,0,0,0,4,Y
GUILFORD,10/10/23,H29A,410004,C,CITY OF HIGH POINT CITY COUNCIL AT-LARGE,Shazia Iqbal, ,2,6,0,0,0,6,Y
GUILFORD,10/10/23,H29A,410004,C,CITY OF HIGH POINT CITY COUNCIL AT-LARGE,Willie H. Davis, ,2,34,0,0,0,34,Y
GUILFORD,10/10/23,H29B,410003,C,CITY OF HIGH POINT MAYOR,Abdul Rashid (Richard) Siddiqui, ,1,3,0,0,0,3,Y
GUILFORD,10/10/23,H29B,410003,C,CITY OF HIGH POINT MAYOR,Cyril Jefferson, ,1,45,0,0,0,45,Y
GUILFORD,10/10/23,H29B,410003,C,CITY OF HIGH POINT MAYOR,Gene Kininmonth, ,1,3,0,0,0,3,Y
GUILFORD,10/10/23,H29B,410003,C,CITY OF HIGH POINT MAYOR,Victor Jones, ,1,12,0,0,0,12,Y
GUILFORD,10/10/23,H29B,410004,C,CITY OF HIGH POINT CITY COUNCIL AT-LARGE,Amanda Cook, ,2,37,0,0,0,37,Y
GUILFORD,10/10/23,H29B,410004,C,CITY OF HIGH POINT CITY COUNCIL AT-LARGE,Britt W. Moore, ,2,13,0,0,0,13,Y
GUILFORD,10/10/23,H29B,410004,C,CITY OF HIGH POINT CITY COUNCIL AT-LARGE,"Kenneth Jabari Harper, Jr.", ,2,7,0,0,0,7,Y
GUILFORD,10/10/23,H29B,410004,C,CITY OF HIGH POINT CITY COUNCIL AT-LARGE,Orel Henry, ,2,7,0,0,0,7,Y
GUILFORD,10/10/23,H29B,410004,C,CITY OF HIGH POINT CITY COUNCIL AT-LARGE,Sam Carr, ,2,10,0,0,0,10,Y
GUILFORD,10/10/23,H29B,410004,C,CITY OF HIGH POINT CITY COUNCIL AT-LARGE,Shazia Iqbal, ,2,7,0,0,0,7,Y
GUILFORD,10/10/23,H29B,410004,C,CITY OF HIGH POINT CITY COUNCIL AT-LARGE,Willie H. Davis, ,2,24,0,0,0,24,Y
GUILFORD,10/10/23,JAM1,11,C,TOWN OF JAMESTOWN TOWN COUNCIL,Andrew Kinzie, ,2,89,0,0,0,89,Y
GUILFORD,10/10/23,JAM1,11,C,TOWN OF JAMESTOWN TOWN COUNCIL,Duane Willis, ,2,16,0,0,0,16,Y
GUILFORD,10/10/23,JAM1,11,C,TOWN OF JAMESTOWN TOWN COUNCIL,John Capes, ,2,50,0,0,0,50,Y
GUILFORD,10/10/23,JAM1,11,C,TOWN OF JAMESTOWN TOWN COUNCIL,Larry M. Lain, ,2,45,0,0,0,45,Y
GUILFORD,10/10/23,JAM1,11,C,TOWN OF JAMESTOWN TOWN COUNCIL,Pam Burgess, ,2,128,0,0,0,128,Y
GUILFORD,10/10/23,JAM1,11,C,TOWN OF JAMESTOWN TOWN COUNCIL,Sarah Glanville, ,2,110,0,0,0,110,Y
GUILFORD,10/10/23,JAM2,11,C,TOWN OF JAMESTOWN TOWN COUNCIL,Andrew Kinzie, ,2,0,0,0,0,0,Y
GUILFORD,10/10/23,JAM2,11,C,TOWN OF JAMESTOWN TOWN COUNCIL,Duane Willis, ,2,0,0,0,0,0,Y
GUILFORD,10/10/23,JAM2,11,C,TOWN OF JAMESTOWN TOWN COUNCIL,John Capes, ,2,0,0,0,0,0,Y
GUILFORD,10/10/23,JAM2,11,C,TOWN OF JAMESTOWN TOWN COUNCIL,Larry M. Lain, ,2,0,0,0,0,0,Y
GUILFORD,10/10/23,JAM2,11,C,TOWN OF JAMESTOWN TOWN COUNCIL,Pam Burgess, ,2,0,0,0,0,0,Y
GUILFORD,10/10/23,JAM2,11,C,TOWN OF JAMESTOWN TOWN COUNCIL,Sarah Glanville, ,2,0,0,0,0,0,Y
GUILFORD,10/10/23,JAM4,11,C,TOWN OF JAMESTOWN TOWN COUNCIL,Andrew Kinzie, ,2,0,0,0,0,0,Y
GUILFORD,10/10/23,JAM4,11,C,TOWN OF JAMESTOWN TOWN COUNCIL,Duane Willis, ,2,0,0,0,0,0,Y
GUILFORD,10/10/23,JAM4,11,C,TOWN OF JAMESTOWN TOWN COUNCIL,John Capes, ,2,0,0,0,0,0,Y
GUILFORD,10/10/23,JAM4,11,C,TOWN OF JAMESTOWN TOWN COUNCIL,Larry M. Lain, ,2,0,0,0,0,0,Y
GUILFORD,10/10/23,JAM4,11,C,TOWN OF JAMESTOWN TOWN COUNCIL,Pam Burgess, ,2,0,0,0,0,0,Y
GUILFORD,10/10/23,JAM4,11,C,TOWN OF JAMESTOWN TOWN COUNCIL,Sarah Glanville, ,2,0,0,0,0,0,Y
GUILFORD,10/10/23,JAM5,410003,C,CITY OF HIGH POINT MAYOR,Abdul Rashid (Richard) Siddiqui, ,1,0,0,0,0,0,Y
GUILFORD,10/10/23,JAM5,410003,C,CITY OF HIGH POINT MAYOR,Cyril Jefferson, ,1,0,0,0,0,0,Y
GUILFORD,10/10/23,JAM5,410003,C,CITY OF HIGH POINT MAYOR,Gene Kininmonth, ,1,0,0,0,0,0,Y
GUILFORD,10/10/23,JAM5,410003,C,CITY OF HIGH POINT MAYOR,Victor Jones, ,1,0,0,0,0,0,Y
GUILFORD,10/10/23,JAM5,410004,C,CITY OF HIGH POINT CITY COUNCIL AT-LARGE,Amanda Cook, ,2,0,0,0,0,0,Y
GUILFORD,10/10/23,JAM5,410004,C,CITY OF HIGH POINT CITY COUNCIL AT-LARGE,Britt W. Moore, ,2,0,0,0,0,0,Y
GUILFORD,10/10/23,JAM5,410004,C,CITY OF HIGH POINT CITY COUNCIL AT-LARGE,"Kenneth Jabari Harper, Jr.", ,2,0,0,0,0,0,Y
GUILFORD,10/10/23,JAM5,410004,C,CITY OF HIGH POINT CITY COUNCIL AT-LARGE,Orel Henry, ,2,0,0,0,0,0,Y
GUILFORD,10/10/23,JAM5,410004,C,CITY OF HIGH POINT CITY COUNCIL AT-LARGE,Sam Carr, ,2,0,0,0,0,0,Y
GUILFORD,10/10/23,JAM5,410004,C,CITY OF HIGH POINT CITY COUNCIL AT-LARGE,Shazia Iqbal, ,2,0,0,0,0,0,Y
GUILFORD,10/10/23,JAM5,410004,C,CITY OF HIGH POINT CITY COUNCIL AT-LARGE,Willie H. Davis, ,2,0,0,0,0,0,Y
GUILFORD,10/10/23,ONESTOP,5,C,CITY OF HIGH POINT CITY COUNCIL WARD 01,Glenn Romero Chavis, ,1,0,202,0,0,202,N
GUILFORD,10/10/23,ONESTOP,5,C,CITY OF HIGH POINT CITY COUNCIL WARD 01,Henry Harris, ,1,0,32,0,0,32,N
GUILFORD,10/10/23,ONESTOP,5,C,CITY OF HIGH POINT CITY COUNCIL WARD 01,Vickie McKiver, ,1,0,285,0,0,285,N
GUILFORD,10/10/23,ONESTOP,11,C,TOWN OF JAMESTOWN TOWN COUNCIL,Andrew Kinzie, ,2,0,26,0,0,26,N
GUILFORD,10/10/23,ONESTOP,11,C,TOWN OF JAMESTOWN TOWN COUNCIL,Duane Willis, ,2,0,8,0,0,8,N
GUILFORD,10/10/23,ONESTOP,11,C,TOWN OF JAMESTOWN TOWN COUNCIL,John Capes, ,2,0,4,0,0,4,N
GUILFORD,10/10/23,ONESTOP,11,C,TOWN OF JAMESTOWN TOWN COUNCIL,Larry M. Lain, ,2,0,7,0,0,7,N
GUILFORD,10/10/23,ONESTOP,11,C,TOWN OF JAMESTOWN TOWN COUNCIL,Pam Burgess, ,2,0,11,0,0,11,N
GUILFORD,10/10/23,ONESTOP,11,C,TOWN OF JAMESTOWN TOWN COUNCIL,Sarah Glanville, ,2,0,12,0,0,12,N
GUILFORD,10/10/23,ONESTOP,410002,C,CITY OF BURLINGTON COUNCIL MEMBER,Bob Ward, ,2,0,0,0,0,0,N
GUILFORD,10/10/23,ONESTOP,410002,C,CITY OF BURLINGTON COUNCIL MEMBER,Brandy Whittaker, ,2,0,0,0,0,0,N
GUILFORD,10/10/23,ONESTOP,410002,C,CITY OF BURLINGTON COUNCIL MEMBER,Celo Faucette, ,2,0,0,0,0,0,N
GUILFORD,10/10/23,ONESTOP,410002,C,CITY OF BURLINGTON COUNCIL MEMBER,Charlie Beasley, ,2,0,1,0,0,1,N
GUILFORD,10/10/23,ONESTOP,410002,C,CITY OF BURLINGTON COUNCIL MEMBER,Cindy Lackey, ,2,0,0,0,0,0,N
GUILFORD,10/10/23,ONESTOP,410002,C,CITY OF BURLINGTON COUNCIL MEMBER,Dejuana Bigelow, ,2,0,0,0,0,0,N
GUILFORD,10/10/23,ONESTOP,410002,C,CITY OF BURLINGTON COUNCIL MEMBER,Mary Jensen, ,2,0,0,0,0,0,N
GUILFORD,10/10/23,ONESTOP,410002,C,CITY OF BURLINGTON COUNCIL MEMBER,Robin S. Wintringham, ,2,0,1,0,0,1,N
GUILFORD,10/10/23,ONESTOP,410003,C,CITY OF HIGH POINT MAYOR,Abdul Rashid (Richard) Siddiqui, ,1,0,597,0,0,597,N
GUILFORD,10/10/23,ONESTOP,410003,C,CITY OF HIGH POINT MAYOR,Cyril Jefferson, ,1,0,1370,0,0,1370,N
GUILFORD,10/10/23,ONESTOP,410003,C,CITY OF HIGH POINT MAYOR,Gene Kininmonth, ,1,0,114,0,0,114,N
GUILFORD,10/10/23,ONESTOP,410003,C,CITY OF HIGH POINT MAYOR,Victor Jones, ,1,0,814,0,0,814,N
GUILFORD,10/10/23,ONESTOP,410004,C,CITY OF HIGH POINT CITY COUNCIL AT-LARGE,Amanda Cook, ,2,0,1009,0,0,1009,N
GUILFORD,10/10/23,ONESTOP,410004,C,CITY OF HIGH POINT CITY COUNCIL AT-LARGE,Britt W. Moore, ,2,0,940,0,0,940,N
GUILFORD,10/10/23,ONESTOP,410004,C,CITY OF HIGH POINT CITY COUNCIL AT-LARGE,"Kenneth Jabari Harper, Jr.", ,2,0,472,0,0,472,N
GUILFORD,10/10/23,ONESTOP,410004,C,CITY OF HIGH POINT CITY COUNCIL AT-LARGE,Orel Henry, ,2,0,179,0,0,179,N
GUILFORD,10/10/23,ONESTOP,410004,C,CITY OF HIGH POINT CITY COUNCIL AT-LARGE,Sam Carr, ,2,0,526,0,0,526,N
GUILFORD,10/10/23,ONESTOP,410004,C,CITY OF HIGH POINT CITY COUNCIL AT-LARGE,Shazia Iqbal, ,2,0,860,0,0,860,N
GUILFORD,10/10/23,ONESTOP,410004,C,CITY OF HIGH POINT CITY COUNCIL AT-LARGE,Willie H. Davis, ,2,0,926,0,0,926,N
GUILFORD,10/10/23,PROVISIONAL,5,C,CITY OF HIGH POINT CITY COUNCIL WARD 01,Glenn Romero Chavis, ,1,0,0,0,0,0,N
GUILFORD,10/10/23,PROVISIONAL,5,C,CITY OF HIGH POINT CITY COUNCIL WARD 01,Henry Harris, ,1,0,0,0,0,0,N
GUILFORD,10/10/23,PROVISIONAL,5,C,CITY OF HIGH POINT CITY COUNCIL WARD 01,Vickie McKiver, ,1,0,0,0,0,0,N
GUILFORD,10/10/23,PROVISIONAL,11,C,TOWN OF JAMESTOWN TOWN COUNCIL,Andrew Kinzie, ,2,0,0,0,0,0,N
GUILFORD,10/10/23,PROVISIONAL,11,C,TOWN OF JAMESTOWN TOWN COUNCIL,Duane Willis, ,2,0,0,0,0,0,N
GUILFORD,10/10/23,PROVISIONAL,11,C,TOWN OF JAMESTOWN TOWN COUNCIL,John Capes, ,2,0,0,0,0,0,N
GUILFORD,10/10/23,PROVISIONAL,11,C,TOWN OF JAMESTOWN TOWN COUNCIL,Larry M. Lain, ,2,0,0,0,0,0,N
GUILFORD,10/10/23,PROVISIONAL,11,C,TOWN OF JAMESTOWN TOWN COUNCIL,Pam Burgess, ,2,0,0,0,0,0,N
GUILFORD,10/10/23,PROVISIONAL,11,C,TOWN OF JAMESTOWN TOWN COUNCIL,Sarah Glanville, ,2,0,0,0,0,0,N
GUILFORD,10/10/23,PROVISIONAL,410002,C,CITY OF BURLINGTON COUNCIL MEMBER,Bob Ward, ,2,0,0,0,0,0,N
GUILFORD,10/10/23,PROVISIONAL,410002,C,CITY OF BURLINGTON COUNCIL MEMBER,Brandy Whittaker, ,2,0,0,0,0,0,N
GUILFORD,10/10/23,PROVISIONAL,410002,C,CITY OF BURLINGTON COUNCIL MEMBER,Celo Faucette, ,2,0,0,0,0,0,N
GUILFORD,10/10/23,PROVISIONAL,410002,C,CITY OF BURLINGTON COUNCIL MEMBER,Charlie Beasley, ,2,0,0,0,0,0,N
GUILFORD,10/10/23,PROVISIONAL,410002,C,CITY OF BURLINGTON COUNCIL MEMBER,Cindy Lackey, ,2,0,0,0,0,0,N
GUILFORD,10/10/23,PROVISIONAL,410002,C,CITY OF BURLINGTON COUNCIL MEMBER,Dejuana Bigelow, ,2,0,0,0,0,0,N
GUILFORD,10/10/23,PROVISIONAL,410002,C,CITY OF BURLINGTON COUNCIL MEMBER,Mary Jensen, ,2,0,0,0,0,0,N
GUILFORD,10/10/23,PROVISIONAL,410002,C,CITY OF BURLINGTON COUNCIL MEMBER,Robin S. Wintringham, ,2,0,0,0,0,0,N
GUILFORD,10/10/23,PROVISIONAL,410003,C,CITY OF HIGH POINT MAYOR,Abdul Rashid (Richard) Siddiqui, ,1,0,0,0,0,0,N
GUILFORD,10/10/23,PROVISIONAL,410003,C,CITY OF HIGH POINT MAYOR,Cyril Jefferson, ,1,0,0,0,0,0,N
GUILFORD,10/10/23,PROVISIONAL,410003,C,CITY OF HIGH POINT MAYOR,Gene Kininmonth, ,1,0,0,0,0,0,N
GUILFORD,10/10/23,PROVISIONAL,410003,C,CITY OF HIGH POINT MAYOR,Victor Jones, ,1,0,0,0,0,0,N
GUILFORD,10/10/23,PROVISIONAL,410004,C,CITY OF HIGH POINT CITY COUNCIL AT-LARGE,Amanda Cook, ,2,0,0,0,0,0,N
GUILFORD,10/10/23,PROVISIONAL,410004,C,CITY OF HIGH POINT CITY COUNCIL AT-LARGE,Britt W. Moore, ,2,0,0,0,0,0,N
GUILFORD,10/10/23,PROVISIONAL,410004,C,CITY OF HIGH POINT CITY COUNCIL AT-LARGE,"Kenneth Jabari Harper, Jr.", ,2,0,0,0,0,0,N
GUILFORD,10/10/23,PROVISIONAL,410004,C,CITY OF HIGH POINT CITY COUNCIL AT-LARGE,Orel Henry, ,2,0,0,0,0,0,N
GUILFORD,10/10/23,PROVISIONAL,410004,C,CITY OF HIGH POINT CITY COUNCIL AT-LARGE,Sam Carr, ,2,0,0,0,0,0,N
GUILFORD,10/10/23,PROVISIONAL,410004,C,CITY OF HIGH POINT CITY COUNCIL AT-LARGE,Shazia Iqbal, ,2,0,0,0,0,0,N
GUILFORD,10/10/23,PROVISIONAL,410004,C,CITY OF HIGH POINT CITY COUNCIL AT-LARGE,Willie H. Davis, ,2,0,0,0,0,0,N
GUILFORD,10/10/23,RC2,410002,C,CITY OF BURLINGTON COUNCIL MEMBER,Bob Ward, ,2,4,0,0,0,4,Y
GUILFORD,10/10/23,RC2,410002,C,CITY OF BURLINGTON COUNCIL MEMBER,Brandy Whittaker, ,2,10,0,0,0,10,Y
GUILFORD,10/10/23,RC2,410002,C,CITY OF BURLINGTON COUNCIL MEMBER,Celo Faucette, ,2,8,0,0,0,8,Y
GUILFORD,10/10/23,RC2,410002,C,CITY OF BURLINGTON COUNCIL MEMBER,Charlie Beasley, ,2,16,0,0,0,16,Y
GUILFORD,10/10/23,RC2,410002,C,CITY OF BURLINGTON COUNCIL MEMBER,Cindy Lackey, ,2,1,0,0,0,1,Y
GUILFORD,10/10/23,RC2,410002,C,CITY OF BURLINGTON COUNCIL MEMBER,Dejuana Bigelow, ,2,10,0,0,0,10,Y
GUILFORD,10/10/23,RC2,410002,C,CITY OF BURLINGTON COUNCIL MEMBER,Mary Jensen, ,2,2,0,0,0,2,Y
GUILFORD,10/10/23,RC2,410002,C,CITY OF BURLINGTON COUNCIL MEMBER,Robin S. Wintringham, ,2,1,0,0,0,1,Y
GUILFORD,10/10/23,SDRI,410003,C,CITY OF HIGH POINT MAYOR,Abdul Rashid (Richard) Siddiqui, ,1,1,0,0,0,1,Y
GUILFORD,10/10/23,SDRI,410003,C,CITY OF HIGH POINT MAYOR,Cyril Jefferson, ,1,54,0,0,0,54,Y
GUILFORD,10/10/23,SDRI,410003,C,CITY OF HIGH POINT MAYOR,Gene Kininmonth, ,1,7,0,0,0,7,Y
GUILFORD,10/10/23,SDRI,410003,C,CITY OF HIGH POINT MAYOR,Victor Jones, ,1,48,0,0,0,48,Y
GUILFORD,10/10/23,SDRI,410004,C,CITY OF HIGH POINT CITY COUNCIL AT-LARGE,Amanda Cook, ,2,49,0,0,0,49,Y
GUILFORD,10/10/23,SDRI,410004,C,CITY OF HIGH POINT CITY COUNCIL AT-LARGE,Britt W. Moore, ,2,43,0,0,0,43,Y
GUILFORD,10/10/23,SDRI,410004,C,CITY OF HIGH POINT CITY COUNCIL AT-LARGE,"Kenneth Jabari Harper, Jr.", ,2,28,0,0,0,28,Y
GUILFORD,10/10/23,SDRI,410004,C,CITY OF HIGH POINT CITY COUNCIL AT-LARGE,Orel Henry, ,2,11,0,0,0,11,Y
GUILFORD,10/10/23,SDRI,410004,C,CITY OF HIGH POINT CITY COUNCIL AT-LARGE,Sam Carr, ,2,30,0,0,0,30,Y
GUILFORD,10/10/23,SDRI,410004,C,CITY OF HIGH POINT CITY COUNCIL AT-LARGE,Shazia Iqbal, ,2,4,0,0,0,4,Y
GUILFORD,10/10/23,SDRI,410004,C,CITY OF HIGH POINT CITY COUNCIL AT-LARGE,Willie H. Davis, ,2,38,0,0,0,38,Y
HARNETT,10/10/23,PR25,1,C,CITY OF DUNN MAYOR,Gwen McNeill-Stokes, ,1,109,5,2,0,116,Y
HARNETT,10/10/23,PR25,1,C,CITY OF DUNN MAYOR,Rodney W. Rowland, ,1,162,26,3,0,191,Y
HARNETT,10/10/23,PR25,1,C,CITY OF DUNN MAYOR,"William P. Elmore, Jr.", ,1,78,8,1,0,87,Y
HARNETT,10/10/23,PR25,1,C,CITY OF DUNN MAYOR,Write-In (Miscellaneous),,1,1,0,0,0,1,Y
HARNETT,10/10/23,PR25,3,C,CITY OF DUNN COMMISSIONER WARD 02,April Gaulden, ,1,118,7,2,0,127,Y
HARNETT,10/10/23,PR25,3,C,CITY OF DUNN COMMISSIONER WARD 02,Write-In (Miscellaneous),,1,3,0,0,0,3,Y
HARNETT,10/10/23,PR25,4,C,CITY OF DUNN COMMISSIONER WARD 03,Raquel McNeil, ,1,59,12,1,0,72,Y
HARNETT,10/10/23,PR25,4,C,CITY OF DUNN COMMISSIONER WARD 03,Vincent Pressley, ,1,38,4,0,0,42,Y
HARNETT,10/10/23,PR25,4,C,CITY OF DUNN COMMISSIONER WARD 03,Write-In (Miscellaneous),,1,0,0,0,0,0,Y
HARNETT,10/10/23,PR25,5,C,CITY OF DUNN COMMISSIONER WARD 04,Billy Tart, ,1,70,11,0,0,81,Y
HARNETT,10/10/23,PR25,5,C,CITY OF DUNN COMMISSIONER WARD 04,Herbert E. Smith, ,1,43,4,2,0,49,Y
HARNETT,10/10/23,PR25,5,C,CITY OF DUNN COMMISSIONER WARD 04,Write-In (Miscellaneous),,1,0,0,0,0,0,Y
HARNETT,10/10/23,PR26,1,C,CITY OF DUNN MAYOR,Gwen McNeill-Stokes, ,1,0,0,0,0,0,Y
HARNETT,10/10/23,PR26,1,C,CITY OF DUNN MAYOR,Rodney W. Rowland, ,1,0,0,0,0,0,Y
HARNETT,10/10/23,PR26,1,C,CITY OF DUNN MAYOR,"William P. Elmore, Jr.", ,1,0,0,0,0,0,Y
HARNETT,10/10/23,PR26,1,C,CITY OF DUNN MAYOR,Write-In (Miscellaneous),,1,0,0,0,0,0,Y
HARNETT,10/10/23,PR26,7,C,CITY OF DUNN COMMISSIONER WARD 06,David L. Bradham, ,1,0,0,0,0,0,Y
HARNETT,10/10/23,PR26,7,C,CITY OF DUNN COMMISSIONER WARD 06,John Frazee, ,1,0,0,0,0,0,Y
HARNETT,10/10/23,PR26,7,C,CITY OF DUNN COMMISSIONER WARD 06,Write-In (Miscellaneous),,1,0,0,0,0,0,Y
HARNETT,10/10/23,PR26,8,C,TOWN OF ERWIN COMMISSIONER WARD 02,Ricky W. Blackmon, ,1,9,0,0,0,9,Y
HARNETT,10/10/23,PR26,8,C,TOWN OF ERWIN COMMISSIONER WARD 02,Write-In (Miscellaneous),,1,1,0,0,0,1,Y
HARNETT,10/10/23,PR26,9,C,TOWN OF ERWIN COMMISSIONER WARD 04,Charles Byrd, ,1,22,0,0,0,22,Y
HARNETT,10/10/23,PR26,9,C,TOWN OF ERWIN COMMISSIONER WARD 04,Write-In (Miscellaneous),,1,0,0,0,0,0,Y
HARNETT,10/10/23,PR26,10,C,TOWN OF ERWIN COMMISSIONER WARD 06,William (Billy) Turnage, ,1,12,0,0,0,12,Y
HARNETT,10/10/23,PR26,10,C,TOWN OF ERWIN COMMISSIONER WARD 06,Write-In (Miscellaneous),,1,0,0,0,0,0,Y
HARNETT,10/10/23,PR29,1,C,CITY OF DUNN MAYOR,Gwen McNeill-Stokes, ,1,76,15,1,0,92,Y
HARNETT,10/10/23,PR29,1,C,CITY OF DUNN MAYOR,Rodney W. Rowland, ,1,190,55,1,0,246,Y
HARNETT,10/10/23,PR29,1,C,CITY OF DUNN MAYOR,"William P. Elmore, Jr.", ,1,450,52,23,0,525,Y
HARNETT,10/10/23,PR29,1,C,CITY OF DUNN MAYOR,Write-In (Miscellaneous),,1,2,0,0,0,2,Y
HARNETT,10/10/23,PR29,2,C,CITY OF DUNN COMMISSIONER WARD 01,J. Wesley Sills, ,1,142,18,2,0,162,Y
HARNETT,10/10/23,PR29,2,C,CITY OF DUNN COMMISSIONER WARD 01,Write-In (Miscellaneous),,1,8,3,0,0,11,Y
HARNETT,10/10/23,PR29,3,C,CITY OF DUNN COMMISSIONER WARD 02,April Gaulden, ,1,13,2,0,0,15,Y
HARNETT,10/10/23,PR29,3,C,CITY OF DUNN COMMISSIONER WARD 02,Write-In (Miscellaneous),,1,0,1,0,0,1,Y
HARNETT,10/10/23,PR29,4,C,CITY OF DUNN COMMISSIONER WARD 03,Raquel McNeil, ,1,16,4,2,0,22,Y
HARNETT,10/10/23,PR29,4,C,CITY OF DUNN COMMISSIONER WARD 03,Vincent Pressley, ,1,10,3,0,0,13,Y
HARNETT,10/10/23,PR29,4,C,CITY OF DUNN COMMISSIONER WARD 03,Write-In (Miscellaneous),,1,1,0,0,0,1,Y
HARNETT,10/10/23,PR29,5,C,CITY OF DUNN COMMISSIONER WARD 04,Billy Tart, ,1,1,1,0,0,2,Y
HARNETT,10/10/23,PR29,5,C,CITY OF DUNN COMMISSIONER WARD 04,Herbert E. Smith, ,1,8,6,0,0,14,Y
HARNETT,10/10/23,PR29,5,C,CITY OF DUNN COMMISSIONER WARD 04,Write-In (Miscellaneous),,1,0,1,0,0,1,Y
HARNETT,10/10/23,PR29,6,C,CITY OF DUNN COMMISSIONER WARD 05,Alan Hargis, ,1,223,16,13,0,252,Y
HARNETT,10/10/23,PR29,6,C,CITY OF DUNN COMMISSIONER WARD 05,Angela Inman, ,1,42,5,0,0,47,Y
HARNETT,10/10/23,PR29,6,C,CITY OF DUNN COMMISSIONER WARD 05,Shannon Hodges, ,1,13,0,0,0,13,Y
HARNETT,10/10/23,PR29,6,C,CITY OF DUNN COMMISSIONER WARD 05,Write-In (Miscellaneous),,1,0,1,0,0,1,Y
HARNETT,10/10/23,PR29,7,C,CITY OF DUNN COMMISSIONER WARD 06,David L. Bradham, ,1,150,41,6,0,197,Y
HARNETT,10/10/23,PR29,7,C,CITY OF DUNN COMMISSIONER WARD 06,John Frazee, ,1,63,11,1,0,75,Y
HARNETT,10/10/23,PR29,7,C,CITY OF DUNN COMMISSIONER WARD 06,Write-In (Miscellaneous),,1,0,0,0,0,0,Y
IREDELL,10/10/23,BE,2,C,CITY OF STATESVILLE COUNCILMAN WARD 04,Amy Lawton, ,1,0,1,0,0,1,Y
IREDELL,10/10/23,BE,2,C,CITY OF STATESVILLE COUNCILMAN WARD 04,Jennifer Thorson DiFiore, ,1,2,0,0,0,2,Y
IREDELL,10/10/23,BE,2,C,CITY OF STATESVILLE COUNCILMAN WARD 04,Write-In (Miscellaneous),,1,0,0,0,0,0,Y
IREDELL,10/10/23,CC1,5,C,TOWN OF MOORESVILLE COMMISSIONER AT-LARGE,Angela Stutts, ,1,32,10,0,0,42,Y
IREDELL,10/10/23,CC1,5,C,TOWN OF MOORESVILLE COMMISSIONER AT-LARGE,Edward (Eddie) Karriker, ,1,86,43,0,0,129,Y
IREDELL,10/10/23,CC1,5,C,TOWN OF MOORESVILLE COMMISSIONER AT-LARGE,Frank Owens, ,1,40,14,0,0,54,Y
IREDELL,10/10/23,CC1,5,C,TOWN OF MOORESVILLE COMMISSIONER AT-LARGE,Jeff Karp, ,1,20,6,0,1,27,Y
IREDELL,10/10/23,CC1,5,C,TOWN OF MOORESVILLE COMMISSIONER AT-LARGE,Sean Kinahan, ,1,5,4,0,0,9,Y
IREDELL,10/10/23,CC1,5,C,TOWN OF MOORESVILLE COMMISSIONER AT-LARGE,Thomas Anthony Tohn, ,1,3,0,0,0,3,Y
IREDELL,10/10/23,CC2,5,C,TOWN OF MOORESVILLE COMMISSIONER AT-LARGE,Angela Stutts, ,1,19,2,0,0,21,Y
IREDELL,10/10/23,CC2,5,C,TOWN OF MOORESVILLE COMMISSIONER AT-LARGE,Edward (Eddie) Karriker, ,1,30,15,0,2,47,Y
IREDELL,10/10/23,CC2,5,C,TOWN OF MOORESVILLE COMMISSIONER AT-LARGE,Frank Owens, ,1,24,13,0,0,37,Y
IREDELL,10/10/23,CC2,5,C,TOWN OF MOORESVILLE COMMISSIONER AT-LARGE,Jeff Karp, ,1,4,0,0,0,4,Y
IREDELL,10/10/23,CC2,5,C,TOWN OF MOORESVILLE COMMISSIONER AT-LARGE,Sean Kinahan, ,1,3,4,0,0,7,Y
IREDELL,10/10/23,CC2,5,C,TOWN OF MOORESVILLE COMMISSIONER AT-LARGE,Thomas Anthony Tohn, ,1,3,1,0,0,4,Y
IREDELL,10/10/23,CC3-1,5,C,TOWN OF MOORESVILLE COMMISSIONER AT-LARGE,Angela Stutts, ,1,34,19,0,0,53,Y
IREDELL,10/10/23,CC3-1,5,C,TOWN OF MOORESVILLE COMMISSIONER AT-LARGE,Edward (Eddie) Karriker, ,1,113,38,0,0,151,Y
IREDELL,10/10/23,CC3-1,5,C,TOWN OF MOORESVILLE COMMISSIONER AT-LARGE,Frank Owens, ,1,52,42,1,0,95,Y
IREDELL,10/10/23,CC3-1,5,C,TOWN OF MOORESVILLE COMMISSIONER AT-LARGE,Jeff Karp, ,1,31,7,1,0,39,Y
IREDELL,10/10/23,CC3-1,5,C,TOWN OF MOORESVILLE COMMISSIONER AT-LARGE,Sean Kinahan, ,1,23,26,1,0,50,Y
IREDELL,10/10/23,CC3-1,5,C,TOWN OF MOORESVILLE COMMISSIONER AT-LARGE,Thomas Anthony Tohn, ,1,4,1,1,0,6,Y
IREDELL,10/10/23,CC4-1,5,C,TOWN OF MOORESVILLE COMMISSIONER AT-LARGE,Angela Stutts, ,1,6,1,0,1,8,Y
IREDELL,10/10/23,CC4-1,5,C,TOWN OF MOORESVILLE COMMISSIONER AT-LARGE,Edward (Eddie) Karriker, ,1,20,7,0,0,27,Y
IREDELL,10/10/23,CC4-1,5,C,TOWN OF MOORESVILLE COMMISSIONER AT-LARGE,Frank Owens, ,1,8,7,0,0,15,Y
IREDELL,10/10/23,CC4-1,5,C,TOWN OF MOORESVILLE COMMISSIONER AT-LARGE,Jeff Karp, ,1,8,0,0,0,8,Y
IREDELL,10/10/23,CC4-1,5,C,TOWN OF MOORESVILLE COMMISSIONER AT-LARGE,Sean Kinahan, ,1,1,0,0,0,1,Y
IREDELL,10/10/23,CC4-1,5,C,TOWN OF MOORESVILLE COMMISSIONER AT-LARGE,Thomas Anthony Tohn, ,1,2,0,0,0,2,Y
IREDELL,10/10/23,CH-A,1,C,CITY OF STATESVILLE COUNCILMAN WARD 01,David L. Jones, ,1,0,0,0,0,0,Y
IREDELL,10/10/23,CH-A,1,C,CITY OF STATESVILLE COUNCILMAN WARD 01,Kevin Sullivan, ,1,1,0,0,0,1,Y
IREDELL,10/10/23,CH-A,1,C,CITY OF STATESVILLE COUNCILMAN WARD 01,Write-In (Miscellaneous),,1,0,0,0,0,0,Y
IREDELL,10/10/23,CH-B,1,C,CITY OF STATESVILLE COUNCILMAN WARD 01,David L. Jones, ,1,0,0,0,0,0,Y
IREDELL,10/10/23,CH-B,1,C,CITY OF STATESVILLE COUNCILMAN WARD 01,Kevin Sullivan, ,1,0,0,0,0,0,Y
IREDELL,10/10/23,CH-B,1,C,CITY OF STATESVILLE COUNCILMAN WARD 01,Write-In (Miscellaneous),,1,0,0,0,0,0,Y
IREDELL,10/10/23,DV1A1A,5,C,TOWN OF MOORESVILLE COMMISSIONER AT-LARGE,Angela Stutts, ,1,5,0,0,0,5,Y
IREDELL,10/10/23,DV1A1A,5,C,TOWN OF MOORESVILLE COMMISSIONER AT-LARGE,Edward (Eddie) Karriker, ,1,9,2,0,0,11,Y
IREDELL,10/10/23,DV1A1A,5,C,TOWN OF MOORESVILLE COMMISSIONER AT-LARGE,Frank Owens, ,1,1,0,0,0,1,Y
IREDELL,10/10/23,DV1A1A,5,C,TOWN OF MOORESVILLE COMMISSIONER AT-LARGE,Jeff Karp, ,1,1,3,0,0,4,Y
IREDELL,10/10/23,DV1A1A,5,C,TOWN OF MOORESVILLE COMMISSIONER AT-LARGE,Sean Kinahan, ,1,2,0,0,0,2,Y
IREDELL,10/10/23,DV1A1A,5,C,TOWN OF MOORESVILLE COMMISSIONER AT-LARGE,Thomas Anthony Tohn, ,1,0,0,0,0,0,Y
IREDELL,10/10/23,DV1B-1,5,C,TOWN OF MOORESVILLE COMMISSIONER AT-LARGE,Angela Stutts, ,1,2,1,0,0,3,Y
IREDELL,10/10/23,DV1B-1,5,C,TOWN OF MOORESVILLE COMMISSIONER AT-LARGE,Edward (Eddie) Karriker, ,1,3,0,1,0,4,Y
IREDELL,10/10/23,DV1B-1,5,C,TOWN OF MOORESVILLE COMMISSIONER AT-LARGE,Frank Owens, ,1,2,0,0,0,2,Y
IREDELL,10/10/23,DV1B-1,5,C,TOWN OF MOORESVILLE COMMISSIONER AT-LARGE,Jeff Karp, ,1,3,0,0,0,3,Y
IREDELL,10/10/23,DV1B-1,5,C,TOWN OF MOORESVILLE COMMISSIONER AT-LARGE,Sean Kinahan, ,1,2,0,0,0,2,Y
IREDELL,10/10/23,DV1B-1,5,C,TOWN OF MOORESVILLE COMMISSIONER AT-LARGE,Thomas Anthony Tohn, ,1,0,0,0,0,0,Y
IREDELL,10/10/23,DV2A-1,5,C,TOWN OF MOORESVILLE COMMISSIONER AT-LARGE,Angela Stutts, ,1,10,1,2,0,13,Y
IREDELL,10/10/23,DV2A-1,5,C,TOWN OF MOORESVILLE COMMISSIONER AT-LARGE,Edward (Eddie) Karriker, ,1,4,9,0,0,13,Y
IREDELL,10/10/23,DV2A-1,5,C,TOWN OF MOORESVILLE COMMISSIONER AT-LARGE,Frank Owens, ,1,8,0,0,0,8,Y
IREDELL,10/10/23,DV2A-1,5,C,TOWN OF MOORESVILLE COMMISSIONER AT-LARGE,Jeff Karp, ,1,5,1,0,0,6,Y
IREDELL,10/10/23,DV2A-1,5,C,TOWN OF MOORESVILLE COMMISSIONER AT-LARGE,Sean Kinahan, ,1,3,9,0,0,12,Y
IREDELL,10/10/23,DV2A-1,5,C,TOWN OF MOORESVILLE COMMISSIONER AT-LARGE,Thomas Anthony Tohn, ,1,1,1,0,0,2,Y
IREDELL,10/10/23,DV2B-1,5,C,TOWN OF MOORESVILLE COMMISSIONER AT-LARGE,Angela Stutts, ,1,4,2,0,0,6,Y
IREDELL,10/10/23,DV2B-1,5,C,TOWN OF MOORESVILLE COMMISSIONER AT-LARGE,Edward (Eddie) Karriker, ,1,7,1,0,0,8,Y
IREDELL,10/10/23,DV2B-1,5,C,TOWN OF MOORESVILLE COMMISSIONER AT-LARGE,Frank Owens, ,1,5,1,0,0,6,Y
IREDELL,10/10/23,DV2B-1,5,C,TOWN OF MOORESVILLE COMMISSIONER AT-LARGE,Jeff Karp, ,1,0,0,1,0,1,Y
IREDELL,10/10/23,DV2B-1,5,C,TOWN OF MOORESVILLE COMMISSIONER AT-LARGE,Sean Kinahan, ,1,1,2,0,0,3,Y
IREDELL,10/10/23,DV2B-1,5,C,TOWN OF MOORESVILLE COMMISSIONER AT-LARGE,Thomas Anthony Tohn, ,1,0,0,0,0,0,Y
IREDELL,10/10/23,DV3A,5,C,TOWN OF MOORESVILLE COMMISSIONER AT-LARGE,Angela Stutts, ,1,10,0,1,0,11,Y
IREDELL,10/10/23,DV3A,5,C,TOWN OF MOORESVILLE COMMISSIONER AT-LARGE,Edward (Eddie) Karriker, ,1,5,3,0,0,8,Y
IREDELL,10/10/23,DV3A,5,C,TOWN OF MOORESVILLE COMMISSIONER AT-LARGE,Frank Owens, ,1,8,1,0,0,9,Y
IREDELL,10/10/23,DV3A,5,C,TOWN OF MOORESVILLE COMMISSIONER AT-LARGE,Jeff Karp, ,1,5,1,0,0,6,Y
IREDELL,10/10/23,DV3A,5,C,TOWN OF MOORESVILLE COMMISSIONER AT-LARGE,Sean Kinahan, ,1,3,2,0,0,5,Y
IREDELL,10/10/23,DV3A,5,C,TOWN OF MOORESVILLE COMMISSIONER AT-LARGE,Thomas Anthony Tohn, ,1,4,1,0,0,5,Y
IREDELL,10/10/23,ST1,1,C,CITY OF STATESVILLE COUNCILMAN WARD 01,David L. Jones, ,1,57,80,5,0,142,Y
IREDELL,10/10/23,ST1,1,C,CITY OF STATESVILLE COUNCILMAN WARD 01,Kevin Sullivan, ,1,25,40,0,0,65,Y
IREDELL,10/10/23,ST1,1,C,CITY OF STATESVILLE COUNCILMAN WARD 01,Write-In (Miscellaneous),,1,1,1,0,0,2,Y
IREDELL,10/10/23,ST1,3,C,CITY OF STATESVILLE COUNCILMAN WARD 06,Frederick Foster, ,1,0,0,0,0,0,Y
IREDELL,10/10/23,ST1,3,C,CITY OF STATESVILLE COUNCILMAN WARD 06,Jonathan Mayes, ,1,0,0,0,0,0,Y
IREDELL,10/10/23,ST1,3,C,CITY OF STATESVILLE COUNCILMAN WARD 06,Lisa Pearson, ,1,3,5,0,0,8,Y
IREDELL,10/10/23,ST1,3,C,CITY OF STATESVILLE COUNCILMAN WARD 06,Write-In (Miscellaneous),,1,0,0,0,0,0,Y
IREDELL,10/10/23,ST2,2,C,CITY OF STATESVILLE COUNCILMAN WARD 04,Amy Lawton, ,1,39,37,1,0,77,Y
IREDELL,10/10/23,ST2,2,C,CITY OF STATESVILLE COUNCILMAN WARD 04,Jennifer Thorson DiFiore, ,1,27,20,0,1,48,Y
IREDELL,10/10/23,ST2,2,C,CITY OF STATESVILLE COUNCILMAN WARD 04,Write-In (Miscellaneous),,1,1,0,0,0,1,Y
IREDELL,10/10/23,ST2,3,C,CITY OF STATESVILLE COUNCILMAN WARD 06,Frederick Foster, ,1,8,5,0,0,13,Y
IREDELL,10/10/23,ST2,3,C,CITY OF STATESVILLE COUNCILMAN WARD 06,Jonathan Mayes, ,1,1,1,0,0,2,Y
IREDELL,10/10/23,ST2,3,C,CITY OF STATESVILLE COUNCILMAN WARD 06,Lisa Pearson, ,1,0,3,0,0,3,Y
IREDELL,10/10/23,ST2,3,C,CITY OF STATESVILLE COUNCILMAN WARD 06,Write-In (Miscellaneous),,1,0,0,0,0,0,Y
IREDELL,10/10/23,ST3,3,C,CITY OF STATESVILLE COUNCILMAN WARD 06,Frederick Foster, ,1,1,1,0,0,2,Y
IREDELL,10/10/23,ST3,3,C,CITY OF STATESVILLE COUNCILMAN WARD 06,Jonathan Mayes, ,1,1,0,0,0,1,Y
IREDELL,10/10/23,ST3,3,C,CITY OF STATESVILLE COUNCILMAN WARD 06,Lisa Pearson, ,1,1,0,0,0,1,Y
IREDELL,10/10/23,ST3,3,C,CITY OF STATESVILLE COUNCILMAN WARD 06,Write-In (Miscellaneous),,1,0,0,0,0,0,Y
IREDELL,10/10/23,ST4,2,C,CITY OF STATESVILLE COUNCILMAN WARD 04,Amy Lawton, ,1,25,45,1,0,71,Y
IREDELL,10/10/23,ST4,2,C,CITY OF STATESVILLE COUNCILMAN WARD 04,Jennifer Thorson DiFiore, ,1,18,15,0,0,33,Y
IREDELL,10/10/23,ST4,2,C,CITY OF STATESVILLE COUNCILMAN WARD 04,Write-In (Miscellaneous),,1,0,0,0,0,0,Y
IREDELL,10/10/23,ST4,3,C,CITY OF STATESVILLE COUNCILMAN WARD 06,Frederick Foster, ,1,0,0,0,0,0,Y
IREDELL,10/10/23,ST4,3,C,CITY OF STATESVILLE COUNCILMAN WARD 06,Jonathan Mayes, ,1,0,0,0,0,0,Y
IREDELL,10/10/23,ST4,3,C,CITY OF STATESVILLE COUNCILMAN WARD 06,Lisa Pearson, ,1,0,0,0,0,0,Y
IREDELL,10/10/23,ST4,3,C,CITY OF STATESVILLE COUNCILMAN WARD 06,Write-In (Miscellaneous),,1,0,0,0,0,0,Y
IREDELL,10/10/23,ST6,1,C,CITY OF STATESVILLE COUNCILMAN WARD 01,David L. Jones, ,1,12,6,0,0,18,Y
IREDELL,10/10/23,ST6,1,C,CITY OF STATESVILLE COUNCILMAN WARD 01,Kevin Sullivan, ,1,9,12,0,0,21,Y
IREDELL,10/10/23,ST6,1,C,CITY OF STATESVILLE COUNCILMAN WARD 01,Write-In (Miscellaneous),,1,0,0,0,0,0,Y
IREDELL,10/10/23,ST6,3,C,CITY OF STATESVILLE COUNCILMAN WARD 06,Frederick Foster, ,1,14,22,0,0,36,Y
IREDELL,10/10/23,ST6,3,C,CITY OF STATESVILLE COUNCILMAN WARD 06,Jonathan Mayes, ,1,0,1,0,0,1,Y
IREDELL,10/10/23,ST6,3,C,CITY OF STATESVILLE COUNCILMAN WARD 06,Lisa Pearson, ,1,30,30,0,0,60,Y
IREDELL,10/10/23,ST6,3,C,CITY OF STATESVILLE COUNCILMAN WARD 06,Write-In (Miscellaneous),,1,0,0,0,0,0,Y
NASH,10/10/23,P14A,3,C,CITY OF ROCKY MOUNT CITY COUNCIL WARD 05,Elijah (Lige) Daughtridge, ,1,22,19,0,0,41,Y
NASH,10/10/23,P14A,3,C,CITY OF ROCKY MOUNT CITY COUNCIL WARD 05,Joshua Robinson, ,1,11,6,0,0,17,Y
NASH,10/10/23,P14A,3,C,CITY OF ROCKY MOUNT CITY COUNCIL WARD 05,Write-In (Miscellaneous),,1,0,0,0,0,0,Y
NASH,10/10/23,P14A,640001,C,CITY OF ROCKY MOUNT MAYOR,Bronson Williams, ,1,5,6,0,0,11,Y
NASH,10/10/23,P14A,640001,C,CITY OF ROCKY MOUNT MAYOR,Sandy Roberson, ,1,24,22,0,0,46,Y
NASH,10/10/23,P14A,640001,C,CITY OF ROCKY MOUNT MAYOR,Theresa Alston Stokes, ,1,9,3,0,0,12,Y
NASH,10/10/23,P14A,640001,C,CITY OF ROCKY MOUNT MAYOR,Write-In (Miscellaneous),,1,0,0,0,0,0,Y
NASH,10/10/23,P15A,2,C,CITY OF ROCKY MOUNT CITY COUNCIL WARD 04,"Everett Silver, Sr.", ,1,2,0,0,0,2,Y
NASH,10/10/23,P15A,2,C,CITY OF ROCKY MOUNT CITY COUNCIL WARD 04,"T.J. Walker, Jr.", ,1,2,2,0,0,4,Y
NASH,10/10/23,P15A,2,C,CITY OF ROCKY MOUNT CITY COUNCIL WARD 04,Write-In (Miscellaneous),,1,0,0,0,0,0,Y
NASH,10/10/23,P15A,3,C,CITY OF ROCKY MOUNT CITY COUNCIL WARD 05,Elijah (Lige) Daughtridge, ,1,31,42,0,0,73,Y
NASH,10/10/23,P15A,3,C,CITY OF ROCKY MOUNT CITY COUNCIL WARD 05,Joshua Robinson, ,1,28,41,0,0,69,Y
NASH,10/10/23,P15A,3,C,CITY OF ROCKY MOUNT CITY COUNCIL WARD 05,Write-In (Miscellaneous),,1,0,0,0,0,0,Y
NASH,10/10/23,P15A,640001,C,CITY OF ROCKY MOUNT MAYOR,Bronson Williams, ,1,11,18,0,0,29,Y
NASH,10/10/23,P15A,640001,C,CITY OF ROCKY MOUNT MAYOR,Sandy Roberson, ,1,29,43,0,1,73,Y
NASH,10/10/23,P15A,640001,C,CITY OF ROCKY MOUNT MAYOR,Theresa Alston Stokes, ,1,26,23,0,0,49,Y
NASH,10/10/23,P15A,640001,C,CITY OF ROCKY MOUNT MAYOR,Write-In (Miscellaneous),,1,0,0,0,0,0,Y
NASH,10/10/23,P16A,640001,C,CITY OF ROCKY MOUNT MAYOR,Bronson Williams, ,1,21,17,0,0,38,Y
NASH,10/10/23,P16A,640001,C,CITY OF ROCKY MOUNT MAYOR,Sandy Roberson, ,1,67,45,2,0,114,Y
NASH,10/10/23,P16A,640001,C,CITY OF ROCKY MOUNT MAYOR,Theresa Alston Stokes, ,1,17,15,0,0,32,Y
NASH,10/10/23,P16A,640001,C,CITY OF ROCKY MOUNT MAYOR,Write-In (Miscellaneous),,1,0,0,0,0,0,Y
NASH,10/10/23,P17A,3,C,CITY OF ROCKY MOUNT CITY COUNCIL WARD 05,Elijah (Lige) Daughtridge, ,1,2,7,0,0,9,Y
NASH,10/10/23,P17A,3,C,CITY OF ROCKY MOUNT CITY COUNCIL WARD 05,Joshua Robinson, ,1,10,8,0,0,18,Y
NASH,10/10/23,P17A,3,C,CITY OF ROCKY MOUNT CITY COUNCIL WARD 05,Write-In (Miscellaneous),,1,0,0,0,0,0,Y
NASH,10/10/23,P17A,640001,C,CITY OF ROCKY MOUNT MAYOR,Bronson Williams, ,1,65,82,0,0,147,Y
NASH,10/10/23,P17A,640001,C,CITY OF ROCKY MOUNT MAYOR,Sandy Roberson, ,1,132,144,0,0,276,Y
NASH,10/10/23,P17A,640001,C,CITY OF ROCKY MOUNT MAYOR,Theresa Alston Stokes, ,1,109,85,0,2,196,Y
NASH,10/10/23,P17A,640001,C,CITY OF ROCKY MOUNT MAYOR,Write-In (Miscellaneous),,1,0,2,0,0,2,Y
NASH,10/10/23,P18A,3,C,CITY OF ROCKY MOUNT CITY COUNCIL WARD 05,Elijah (Lige) Daughtridge, ,1,107,174,13,0,294,Y
NASH,10/10/23,P18A,3,C,CITY OF ROCKY MOUNT CITY COUNCIL WARD 05,Joshua Robinson, ,1,85,92,17,0,194,Y
NASH,10/10/23,P18A,3,C,CITY OF ROCKY MOUNT CITY COUNCIL WARD 05,Write-In (Miscellaneous),,1,1,1,0,0,2,Y
NASH,10/10/23,P18A,640001,C,CITY OF ROCKY MOUNT MAYOR,Bronson Williams, ,1,30,59,4,0,93,Y
NASH,10/10/23,P18A,640001,C,CITY OF ROCKY MOUNT MAYOR,Sandy Roberson, ,1,111,155,14,0,280,Y
NASH,10/10/23,P18A,640001,C,CITY OF ROCKY MOUNT MAYOR,Theresa Alston Stokes, ,1,60,65,12,0,137,Y
NASH,10/10/23,P18A,640001,C,CITY OF ROCKY MOUNT MAYOR,Write-In (Miscellaneous),,1,0,0,0,0,0,Y
NASH,10/10/23,P19A,3,C,CITY OF ROCKY MOUNT CITY COUNCIL WARD 05,Elijah (Lige) Daughtridge, ,1,117,219,2,0,338,Y
NASH,10/10/23,P19A,3,C,CITY OF ROCKY MOUNT CITY COUNCIL WARD 05,Joshua Robinson, ,1,27,39,0,0,66,Y
NASH,10/10/23,P19A,3,C,CITY OF ROCKY MOUNT CITY COUNCIL WARD 05,Write-In (Miscellaneous),,1,0,0,0,0,0,Y
NASH,10/10/23,P19A,640001,C,CITY OF ROCKY MOUNT MAYOR,Bronson Williams, ,1,65,64,0,0,129,Y
NASH,10/10/23,P19A,640001,C,CITY OF ROCKY MOUNT MAYOR,Sandy Roberson, ,1,620,565,2,2,1189,Y
NASH,10/10/23,P19A,640001,C,CITY OF ROCKY MOUNT MAYOR,Theresa Alston Stokes, ,1,74,77,0,0,151,Y
NASH,10/10/23,P19A,640001,C,CITY OF ROCKY MOUNT MAYOR,Write-In (Miscellaneous),,1,1,0,0,0,1,Y
NASH,10/10/23,P20A,2,C,CITY OF ROCKY MOUNT CITY COUNCIL WARD 04,"Everett Silver, Sr.", ,1,10,8,0,0,18,Y
NASH,10/10/23,P20A,2,C,CITY OF ROCKY MOUNT CITY COUNCIL WARD 04,"T.J. Walker, Jr.", ,1,26,31,0,0,57,Y
NASH,10/10/23,P20A,2,C,CITY OF ROCKY MOUNT CITY COUNCIL WARD 04,Write-In (Miscellaneous),,1,0,0,0,0,0,Y
NASH,10/10/23,P20A,640001,C,CITY OF ROCKY MOUNT MAYOR,Bronson Williams, ,1,31,52,0,1,84,Y
NASH,10/10/23,P20A,640001,C,CITY OF ROCKY MOUNT MAYOR,Sandy Roberson, ,1,194,163,1,0,358,Y
NASH,10/10/23,P20A,640001,C,CITY OF ROCKY MOUNT MAYOR,Theresa Alston Stokes, ,1,38,61,0,0,99,Y
NASH,10/10/23,P20A,640001,C,CITY OF ROCKY MOUNT MAYOR,Write-In (Miscellaneous),,1,1,0,0,0,1,Y
NASH,10/10/23,P21A,2,C,CITY OF ROCKY MOUNT CITY COUNCIL WARD 04,"Everett Silver, Sr.", ,1,24,33,0,0,57,Y
NASH,10/10/23,P21A,2,C,CITY OF ROCKY MOUNT CITY COUNCIL WARD 04,"T.J. Walker, Jr.", ,1,113,197,2,0,312,Y
NASH,10/10/23,P21A,2,C,CITY OF ROCKY MOUNT CITY COUNCIL WARD 04,Write-In (Miscellaneous),,1,2,1,0,0,3,Y
NASH,10/10/23,P21A,640001,C,CITY OF ROCKY MOUNT MAYOR,Bronson Williams, ,1,38,72,0,0,110,Y
NASH,10/10/23,P21A,640001,C,CITY OF ROCKY MOUNT MAYOR,Sandy Roberson, ,1,117,205,2,0,324,Y
NASH,10/10/23,P21A,640001,C,CITY OF ROCKY MOUNT MAYOR,Theresa Alston Stokes, ,1,62,56,0,0,118,Y
NASH,10/10/23,P21A,640001,C,CITY OF ROCKY MOUNT MAYOR,Write-In (Miscellaneous),,1,1,1,0,0,2,Y
NASH,10/10/23,P22A,2,C,CITY OF ROCKY MOUNT CITY COUNCIL WARD 04,"Everett Silver, Sr.", ,1,21,39,0,0,60,Y
NASH,10/10/23,P22A,2,C,CITY OF ROCKY MOUNT CITY COUNCIL WARD 04,"T.J. Walker, Jr.", ,1,45,87,0,0,132,Y
NASH,10/10/23,P22A,2,C,CITY OF ROCKY MOUNT CITY COUNCIL WARD 04,Write-In (Miscellaneous),,1,1,0,0,0,1,Y
NASH,10/10/23,P22A,640001,C,CITY OF ROCKY MOUNT MAYOR,Bronson Williams, ,1,24,56,0,1,81,Y
NASH,10/10/23,P22A,640001,C,CITY OF ROCKY MOUNT MAYOR,Sandy Roberson, ,1,22,47,0,0,69,Y
NASH,10/10/23,P22A,640001,C,CITY OF ROCKY MOUNT MAYOR,Theresa Alston Stokes, ,1,38,83,0,0,121,Y
NASH,10/10/23,P22A,640001,C,CITY OF ROCKY MOUNT MAYOR,Write-In (Miscellaneous),,1,2,0,0,0,2,Y
NASH,10/10/23,P23A,2,C,CITY OF ROCKY MOUNT CITY COUNCIL WARD 04,"Everett Silver, Sr.", ,1,21,42,1,0,64,Y
NASH,10/10/23,P23A,2,C,CITY OF ROCKY MOUNT CITY COUNCIL WARD 04,"T.J. Walker, Jr.", ,1,69,124,0,0,193,Y
NASH,10/10/23,P23A,2,C,CITY OF ROCKY MOUNT CITY COUNCIL WARD 04,Write-In (Miscellaneous),,1,0,1,0,0,1,Y
NASH,10/10/23,P23A,640001,C,CITY OF ROCKY MOUNT MAYOR,Bronson Williams, ,1,44,102,0,0,146,Y
NASH,10/10/23,P23A,640001,C,CITY OF ROCKY MOUNT MAYOR,Sandy Roberson, ,1,32,81,1,0,114,Y
NASH,10/10/23,P23A,640001,C,CITY OF ROCKY MOUNT MAYOR,Theresa Alston Stokes, ,1,70,83,0,0,153,Y
NASH,10/10/23,P23A,640001,C,CITY OF ROCKY MOUNT MAYOR,Write-In (Miscellaneous),,1,0,0,0,0,0,Y
NASH,10/10/23,P24A,2,C,CITY OF ROCKY MOUNT CITY COUNCIL WARD 04,"Everett Silver, Sr.", ,1,3,0,0,0,3,Y
NASH,10/10/23,P24A,2,C,CITY OF ROCKY MOUNT CITY COUNCIL WARD 04,"T.J. Walker, Jr.", ,1,1,1,0,0,2,Y
NASH,10/10/23,P24A,2,C,CITY OF ROCKY MOUNT CITY COUNCIL WARD 04,Write-In (Miscellaneous),,1,0,0,0,0,0,Y
NASH,10/10/23,P24A,640001,C,CITY OF ROCKY MOUNT MAYOR,Bronson Williams, ,1,0,0,0,0,0,Y
NASH,10/10/23,P24A,640001,C,CITY OF ROCKY MOUNT MAYOR,Sandy Roberson, ,1,3,3,0,0,6,Y
NASH,10/10/23,P24A,640001,C,CITY OF ROCKY MOUNT MAYOR,Theresa Alston Stokes, ,1,1,0,0,0,1,Y
NASH,10/10/23,P24A,640001,C,CITY OF ROCKY MOUNT MAYOR,Write-In (Miscellaneous),,1,0,0,0,0,0,Y
ORANGE,10/10/23,ABSENTEE,320003,C,CITY OF DURHAM MAYOR,C. Burruss, ,1,0,0,0,0,0,N
ORANGE,10/10/23,ABSENTEE,320003,C,CITY OF DURHAM MAYOR,DeDreana Freeman, ,1,0,0,0,0,0,N
ORANGE,10/10/23,ABSENTEE,320003,C,CITY OF DURHAM MAYOR,Jontae Dunston, ,1,0,0,0,0,0,N
ORANGE,10/10/23,ABSENTEE,320003,C,CITY OF DURHAM MAYOR,Leonardo (Leo) Williams, ,1,0,0,0,0,0,N
ORANGE,10/10/23,ABSENTEE,320003,C,CITY OF DURHAM MAYOR,"Marshall Williams, Jr.", ,1,0,0,0,0,0,N
ORANGE,10/10/23,ABSENTEE,320003,C,CITY OF DURHAM MAYOR,Mike Woodard, ,1,0,0,0,0,0,N
ORANGE,10/10/23,ABSENTEE,320003,C,CITY OF DURHAM MAYOR,Nick Pettiford, ,1,0,0,0,0,0,N
ORANGE,10/10/23,ABSENTEE,320003,C,CITY OF DURHAM MAYOR,Sylvester Williams, ,1,0,0,0,0,0,N
ORANGE,10/10/23,ABSENTEE,320004,C,CITY OF DURHAM CITY COUNCIL AT-LARGE,Bonita Green, ,3,0,0,0,0,0,N
ORANGE,10/10/23,ABSENTEE,320004,C,CITY OF DURHAM CITY COUNCIL AT-LARGE,Carl Rist, ,3,0,0,0,0,0,N
ORANGE,10/10/23,ABSENTEE,320004,C,CITY OF DURHAM CITY COUNCIL AT-LARGE,J. J. Campbell, ,3,0,0,0,0,0,N
ORANGE,10/10/23,ABSENTEE,320004,C,CITY OF DURHAM CITY COUNCIL AT-LARGE,Javiera Caballero, ,3,0,0,0,0,0,N
ORANGE,10/10/23,ABSENTEE,320004,C,CITY OF DURHAM CITY COUNCIL AT-LARGE,Khalilah Karim, ,3,0,0,0,0,0,N
ORANGE,10/10/23,ABSENTEE,320004,C,CITY OF DURHAM CITY COUNCIL AT-LARGE,Monique Holsey-Hyman, ,3,0,0,0,0,0,N
ORANGE,10/10/23,ABSENTEE,320004,C,CITY OF DURHAM CITY COUNCIL AT-LARGE,Nate Baker, ,3,0,0,0,0,0,N
ORANGE,10/10/23,ABSENTEE,320004,C,CITY OF DURHAM CITY COUNCIL AT-LARGE,Renee J. Vaughan, ,3,0,0,0,0,0,N
ORANGE,10/10/23,ABSENTEE,320004,C,CITY OF DURHAM CITY COUNCIL AT-LARGE,Shanetta Burris, ,3,0,0,0,0,0,N
ORANGE,10/10/23,ABSENTEE,320004,C,CITY OF DURHAM CITY COUNCIL AT-LARGE,Shelia Ann Huggins, ,3,0,0,0,0,0,N
ORANGE,10/10/23,ABSENTEE,320004,C,CITY OF DURHAM CITY COUNCIL AT-LARGE,Sherri Zann Rosenthal, ,3,0,0,0,0,0,N
ORANGE,10/10/23,ABSENTEE,320004,C,CITY OF DURHAM CITY COUNCIL AT-LARGE,Waldo Fenner, ,3,0,0,0,0,0,N
ORANGE,10/10/23,ENO,320003,C,CITY OF DURHAM MAYOR,C. Burruss, ,1,0,0,0,0,0,Y
ORANGE,10/10/23,ENO,320003,C,CITY OF DURHAM MAYOR,DeDreana Freeman, ,1,0,0,0,0,0,Y
ORANGE,10/10/23,ENO,320003,C,CITY OF DURHAM MAYOR,Jontae Dunston, ,1,0,0,0,0,0,Y
ORANGE,10/10/23,ENO,320003,C,CITY OF DURHAM MAYOR,Leonardo (Leo) Williams, ,1,0,0,0,0,0,Y
ORANGE,10/10/23,ENO,320003,C,CITY OF DURHAM MAYOR,"Marshall Williams, Jr.", ,1,0,0,0,0,0,Y
ORANGE,10/10/23,ENO,320003,C,CITY OF DURHAM MAYOR,Mike Woodard, ,1,0,0,0,0,0,Y
ORANGE,10/10/23,ENO,320003,C,CITY OF DURHAM MAYOR,Nick Pettiford, ,1,0,0,0,0,0,Y
ORANGE,10/10/23,ENO,320003,C,CITY OF DURHAM MAYOR,Sylvester Williams, ,1,0,0,0,0,0,Y
ORANGE,10/10/23,ENO,320004,C,CITY OF DURHAM CITY COUNCIL AT-LARGE,Bonita Green, ,3,0,0,0,0,0,Y
ORANGE,10/10/23,ENO,320004,C,CITY OF DURHAM CITY COUNCIL AT-LARGE,Carl Rist, ,3,0,0,0,0,0,Y
ORANGE,10/10/23,ENO,320004,C,CITY OF DURHAM CITY COUNCIL AT-LARGE,J. J. Campbell, ,3,0,0,0,0,0,Y
ORANGE,10/10/23,ENO,320004,C,CITY OF DURHAM CITY COUNCIL AT-LARGE,Javiera Caballero, ,3,0,0,0,0,0,Y
ORANGE,10/10/23,ENO,320004,C,CITY OF DURHAM CITY COUNCIL AT-LARGE,Khalilah Karim, ,3,0,0,0,0,0,Y
ORANGE,10/10/23,ENO,320004,C,CITY OF DURHAM CITY COUNCIL AT-LARGE,Monique Holsey-Hyman, ,3,0,0,0,0,0,Y
ORANGE,10/10/23,ENO,320004,C,CITY OF DURHAM CITY COUNCIL AT-LARGE,Nate Baker, ,3,0,0,0,0,0,Y
ORANGE,10/10/23,ENO,320004,C,CITY OF DURHAM CITY COUNCIL AT-LARGE,Renee J. Vaughan, ,3,0,0,0,0,0,Y
ORANGE,10/10/23,ENO,320004,C,CITY OF DURHAM CITY COUNCIL AT-LARGE,Shanetta Burris, ,3,0,0,0,0,0,Y
ORANGE,10/10/23,ENO,320004,C,CITY OF DURHAM CITY COUNCIL AT-LARGE,Shelia Ann Huggins, ,3,0,0,0,0,0,Y
ORANGE,10/10/23,ENO,320004,C,CITY OF DURHAM CITY COUNCIL AT-LARGE,Sherri Zann Rosenthal, ,3,0,0,0,0,0,Y
ORANGE,10/10/23,ENO,320004,C,CITY OF DURHAM CITY COUNCIL AT-LARGE,Waldo Fenner, ,3,0,0,0,0,0,Y
ORANGE,10/10/23,ONE STOP,320003,C,CITY OF DURHAM MAYOR,C. Burruss, ,1,0,0,0,0,0,N
ORANGE,10/10/23,ONE STOP,320003,C,CITY OF DURHAM MAYOR,DeDreana Freeman, ,1,0,0,0,0,0,N
ORANGE,10/10/23,ONE STOP,320003,C,CITY OF DURHAM MAYOR,Jontae Dunston, ,1,0,0,0,0,0,N
ORANGE,10/10/23,ONE STOP,320003,C,CITY OF DURHAM MAYOR,Leonardo (Leo) Williams, ,1,0,0,0,0,0,N
ORANGE,10/10/23,ONE STOP,320003,C,CITY OF DURHAM MAYOR,"Marshall Williams, Jr.", ,1,0,0,0,0,0,N
ORANGE,10/10/23,ONE STOP,320003,C,CITY OF DURHAM MAYOR,Mike Woodard, ,1,0,0,0,0,0,N
ORANGE,10/10/23,ONE STOP,320003,C,CITY OF DURHAM MAYOR,Nick Pettiford, ,1,0,0,0,0,0,N
ORANGE,10/10/23,ONE STOP,320003,C,CITY OF DURHAM MAYOR,Sylvester Williams, ,1,0,0,0,0,0,N
ORANGE,10/10/23,ONE STOP,320004,C,CITY OF DURHAM CITY COUNCIL AT-LARGE,Bonita Green, ,3,0,0,0,0,0,N
ORANGE,10/10/23,ONE STOP,320004,C,CITY OF DURHAM CITY COUNCIL AT-LARGE,Carl Rist, ,3,0,0,0,0,0,N
ORANGE,10/10/23,ONE STOP,320004,C,CITY OF DURHAM CITY COUNCIL AT-LARGE,J. J. Campbell, ,3,0,0,0,0,0,N
ORANGE,10/10/23,ONE STOP,320004,C,CITY OF DURHAM CITY COUNCIL AT-LARGE,Javiera Caballero, ,3,0,0,0,0,0,N
ORANGE,10/10/23,ONE STOP,320004,C,CITY OF DURHAM CITY COUNCIL AT-LARGE,Khalilah Karim, ,3,0,0,0,0,0,N
ORANGE,10/10/23,ONE STOP,320004,C,CITY OF DURHAM CITY COUNCIL AT-LARGE,Monique Holsey-Hyman, ,3,0,0,0,0,0,N
ORANGE,10/10/23,ONE STOP,320004,C,CITY OF DURHAM CITY COUNCIL AT-LARGE,Nate Baker, ,3,0,0,0,0,0,N
ORANGE,10/10/23,ONE STOP,320004,C,CITY OF DURHAM CITY COUNCIL AT-LARGE,Renee J. Vaughan, ,3,0,0,0,0,0,N
ORANGE,10/10/23,ONE STOP,320004,C,CITY OF DURHAM CITY COUNCIL AT-LARGE,Shanetta Burris, ,3,0,0,0,0,0,N
ORANGE,10/10/23,ONE STOP,320004,C,CITY OF DURHAM CITY COUNCIL AT-LARGE,Shelia Ann Huggins, ,3,0,0,0,0,0,N
ORANGE,10/10/23,ONE STOP,320004,C,CITY OF DURHAM CITY COUNCIL AT-LARGE,Sherri Zann Rosenthal, ,3,0,0,0,0,0,N
ORANGE,10/10/23,ONE STOP,320004,C,CITY OF DURHAM CITY COUNCIL AT-LARGE,Waldo Fenner, ,3,0,0,0,0,0,N
ORANGE,10/10/23,PA,320003,C,CITY OF DURHAM MAYOR,C. Burruss, ,1,0,0,0,0,0,Y
ORANGE,10/10/23,PA,320003,C,CITY OF DURHAM MAYOR,DeDreana Freeman, ,1,0,0,0,0,0,Y
ORANGE,10/10/23,PA,320003,C,CITY OF DURHAM MAYOR,Jontae Dunston, ,1,0,0,0,0,0,Y
ORANGE,10/10/23,PA,320003,C,CITY OF DURHAM MAYOR,Leonardo (Leo) Williams, ,1,0,0,0,0,0,Y
ORANGE,10/10/23,PA,320003,C,CITY OF DURHAM MAYOR,"Marshall Williams, Jr.", ,1,0,0,0,0,0,Y
ORANGE,10/10/23,PA,320003,C,CITY OF DURHAM MAYOR,Mike Woodard, ,1,0,0,0,0,0,Y
ORANGE,10/10/23,PA,320003,C,CITY OF DURHAM MAYOR,Nick Pettiford, ,1,0,0,0,0,0,Y
ORANGE,10/10/23,PA,320003,C,CITY OF DURHAM MAYOR,Sylvester Williams, ,1,0,0,0,0,0,Y
ORANGE,10/10/23,PA,320004,C,CITY OF DURHAM CITY COUNCIL AT-LARGE,Bonita Green, ,3,0,0,0,0,0,Y
ORANGE,10/10/23,PA,320004,C,CITY OF DURHAM CITY COUNCIL AT-LARGE,Carl Rist, ,3,0,0,0,0,0,Y
ORANGE,10/10/23,PA,320004,C,CITY OF DURHAM CITY COUNCIL AT-LARGE,J. J. Campbell, ,3,0,0,0,0,0,Y
ORANGE,10/10/23,PA,320004,C,CITY OF DURHAM CITY COUNCIL AT-LARGE,Javiera Caballero, ,3,0,0,0,0,0,Y
ORANGE,10/10/23,PA,320004,C,CITY OF DURHAM CITY COUNCIL AT-LARGE,Khalilah Karim, ,3,0,0,0,0,0,Y
ORANGE,10/10/23,PA,320004,C,CITY OF DURHAM CITY COUNCIL AT-LARGE,Monique Holsey-Hyman, ,3,0,0,0,0,0,Y
ORANGE,10/10/23,PA,320004,C,CITY OF DURHAM CITY COUNCIL AT-LARGE,Nate Baker, ,3,0,0,0,0,0,Y
ORANGE,10/10/23,PA,320004,C,CITY OF DURHAM CITY COUNCIL AT-LARGE,Renee J. Vaughan, ,3,0,0,0,0,0,Y
ORANGE,10/10/23,PA,320004,C,CITY OF DURHAM CITY COUNCIL AT-LARGE,Shanetta Burris, ,3,0,0,0,0,0,Y
ORANGE,10/10/23,PA,320004,C,CITY OF DURHAM CITY COUNCIL AT-LARGE,Shelia Ann Huggins, ,3,0,0,0,0,0,Y
ORANGE,10/10/23,PA,320004,C,CITY OF DURHAM CITY COUNCIL AT-LARGE,Sherri Zann Rosenthal, ,3,0,0,0,0,0,Y
ORANGE,10/10/23,PA,320004,C,CITY OF DURHAM CITY COUNCIL AT-LARGE,Waldo Fenner, ,3,0,0,0,0,0,Y
ORANGE,10/10/23,PROVISIONAL,320003,C,CITY OF DURHAM MAYOR,C. Burruss, ,1,0,0,0,0,0,N
ORANGE,10/10/23,PROVISIONAL,320003,C,CITY OF DURHAM MAYOR,DeDreana Freeman, ,1,0,0,0,0,0,N
ORANGE,10/10/23,PROVISIONAL,320003,C,CITY OF DURHAM MAYOR,Jontae Dunston, ,1,0,0,0,0,0,N
ORANGE,10/10/23,PROVISIONAL,320003,C,CITY OF DURHAM MAYOR,Leonardo (Leo) Williams, ,1,0,0,0,0,0,N
ORANGE,10/10/23,PROVISIONAL,320003,C,CITY OF DURHAM MAYOR,"Marshall Williams, Jr.", ,1,0,0,0,0,0,N
ORANGE,10/10/23,PROVISIONAL,320003,C,CITY OF DURHAM MAYOR,Mike Woodard, ,1,0,0,0,0,0,N
ORANGE,10/10/23,PROVISIONAL,320003,C,CITY OF DURHAM MAYOR,Nick Pettiford, ,1,0,0,0,0,0,N
ORANGE,10/10/23,PROVISIONAL,320003,C,CITY OF DURHAM MAYOR,Sylvester Williams, ,1,0,0,0,0,0,N
ORANGE,10/10/23,PROVISIONAL,320004,C,CITY OF DURHAM CITY COUNCIL AT-LARGE,Bonita Green, ,3,0,0,0,0,0,N
ORANGE,10/10/23,PROVISIONAL,320004,C,CITY OF DURHAM CITY COUNCIL AT-LARGE,Carl Rist, ,3,0,0,0,0,0,N
ORANGE,10/10/23,PROVISIONAL,320004,C,CITY OF DURHAM CITY COUNCIL AT-LARGE,J. J. Campbell, ,3,0,0,0,0,0,N
ORANGE,10/10/23,PROVISIONAL,320004,C,CITY OF DURHAM CITY COUNCIL AT-LARGE,Javiera Caballero, ,3,0,0,0,0,0,N
ORANGE,10/10/23,PROVISIONAL,320004,C,CITY OF DURHAM CITY COUNCIL AT-LARGE,Khalilah Karim, ,3,0,0,0,0,0,N
ORANGE,10/10/23,PROVISIONAL,320004,C,CITY OF DURHAM CITY COUNCIL AT-LARGE,Monique Holsey-Hyman, ,3,0,0,0,0,0,N
ORANGE,10/10/23,PROVISIONAL,320004,C,CITY OF DURHAM CITY COUNCIL AT-LARGE,Nate Baker, ,3,0,0,0,0,0,N
ORANGE,10/10/23,PROVISIONAL,320004,C,CITY OF DURHAM CITY COUNCIL AT-LARGE,Renee J. Vaughan, ,3,0,0,0,0,0,N
ORANGE,10/10/23,PROVISIONAL,320004,C,CITY OF DURHAM CITY COUNCIL AT-LARGE,Shanetta Burris, ,3,0,0,0,0,0,N
ORANGE,10/10/23,PROVISIONAL,320004,C,CITY OF DURHAM CITY COUNCIL AT-LARGE,Shelia Ann Huggins, ,3,0,0,0,0,0,N
ORANGE,10/10/23,PROVISIONAL,320004,C,CITY OF DURHAM CITY COUNCIL AT-LARGE,Sherri Zann Rosenthal, ,3,0,0,0,0,0,N
ORANGE,10/10/23,PROVISIONAL,320004,C,CITY OF DURHAM CITY COUNCIL AT-LARGE,Waldo Fenner, ,3,0,0,0,0,0,N
ORANGE,10/10/23,TRANSFER,320003,C,CITY OF DURHAM MAYOR,C. Burruss, ,1,0,0,0,0,0,N
ORANGE,10/10/23,TRANSFER,320003,C,CITY OF DURHAM MAYOR,DeDreana Freeman, ,1,0,0,0,0,0,N
ORANGE,10/10/23,TRANSFER,320003,C,CITY OF DURHAM MAYOR,Jontae Dunston, ,1,0,0,0,0,0,N
ORANGE,10/10/23,TRANSFER,320003,C,CITY OF DURHAM MAYOR,Leonardo (Leo) Williams, ,1,0,0,0,0,0,N
ORANGE,10/10/23,TRANSFER,320003,C,CITY OF DURHAM MAYOR,"Marshall Williams, Jr.", ,1,0,0,0,0,0,N
ORANGE,10/10/23,TRANSFER,320003,C,CITY OF DURHAM MAYOR,Mike Woodard, ,1,0,0,0,0,0,N
ORANGE,10/10/23,TRANSFER,320003,C,CITY OF DURHAM MAYOR,Nick Pettiford, ,1,0,0,0,0,0,N
ORANGE,10/10/23,TRANSFER,320003,C,CITY OF DURHAM MAYOR,Sylvester Williams, ,1,0,0,0,0,0,N
ORANGE,10/10/23,TRANSFER,320004,C,CITY OF DURHAM CITY COUNCIL AT-LARGE,Bonita Green, ,3,0,0,0,0,0,N
ORANGE,10/10/23,TRANSFER,320004,C,CITY OF DURHAM CITY COUNCIL AT-LARGE,Carl Rist, ,3,0,0,0,0,0,N
ORANGE,10/10/23,TRANSFER,320004,C,CITY OF DURHAM CITY COUNCIL AT-LARGE,J. J. Campbell, ,3,0,0,0,0,0,N
ORANGE,10/10/23,TRANSFER,320004,C,CITY OF DURHAM CITY COUNCIL AT-LARGE,Javiera Caballero, ,3,0,0,0,0,0,N
ORANGE,10/10/23,TRANSFER,320004,C,CITY OF DURHAM CITY COUNCIL AT-LARGE,Khalilah Karim, ,3,0,0,0,0,0,N
ORANGE,10/10/23,TRANSFER,320004,C,CITY OF DURHAM CITY COUNCIL AT-LARGE,Monique Holsey-Hyman, ,3,0,0,0,0,0,N
ORANGE,10/10/23,TRANSFER,320004,C,CITY OF DURHAM CITY COUNCIL AT-LARGE,Nate Baker, ,3,0,0,0,0,0,N
ORANGE,10/10/23,TRANSFER,320004,C,CITY OF DURHAM CITY COUNCIL AT-LARGE,Renee J. Vaughan, ,3,0,0,0,0,0,N
ORANGE,10/10/23,TRANSFER,320004,C,CITY OF DURHAM CITY COUNCIL AT-LARGE,Shanetta Burris, ,3,0,0,0,0,0,N
WAKE,10/10/23,15-Apr,920001,C,TOWN OF CARY MAYOR,Jack Smith (Write-In),,1,0,0,0,0,0,Y
WAKE,10/10/23,15-Apr,920001,C,TOWN OF CARY MAYOR,Lori Bush (Write-In),,1,0,0,0,0,0,Y
WAKE,10/10/23,15-Apr,920001,C,TOWN OF CARY MAYOR,Mary Collins (Write-In),,1,0,0,0,0,0,Y
WAKE,10/10/23,15-Apr,920001,C,TOWN OF CARY MAYOR,Mary Insprucker (Write-In),,1,0,0,0,0,0,Y
WAKE,10/10/23,15-Apr,920001,C,TOWN OF CARY MAYOR,Sarika Bansal (Write-In),,1,0,0,0,0,0,Y
WAKE,10/10/23,15-Apr,920001,C,TOWN OF CARY MAYOR,Write-In (Miscellaneous),,1,17,0,0,0,17,Y
WAKE,10/10/23,15-Apr,920002,C,TOWN OF CARY TOWN COUNCIL AT-LARGE,Don Frantz (Write-In),,1,0,0,0,0,0,Y
WAKE,10/10/23,15-Apr,920002,C,TOWN OF CARY TOWN COUNCIL AT-LARGE,Lori Bush, ,1,183,0,0,0,183,Y
WAKE,10/10/23,15-Apr,920002,C,TOWN OF CARY TOWN COUNCIL AT-LARGE,Mary Insprucker, ,1,50,0,0,0,50,Y
WAKE,10/10/23,15-Apr,920002,C,TOWN OF CARY TOWN COUNCIL AT-LARGE,Matthew Gronke, ,1,9,0,0,0,9,Y
WAKE,10/10/23,15-Apr,920002,C,TOWN OF CARY TOWN COUNCIL AT-LARGE,Michelle Craig (Write-In),,1,0,0,0,0,0,Y
WAKE,10/10/23,15-Apr,920002,C,TOWN OF CARY TOWN COUNCIL AT-LARGE,Sarika Bansal (Write-In),,1,0,0,0,0,0,Y
WAKE,10/10/23,15-Apr,920002,C,TOWN OF CARY TOWN COUNCIL AT-LARGE,Write-In (Miscellaneous),,1,2,0,0,0,2,Y
WAKE,10/10/23,16-Apr,3,C,TOWN OF CARY TOWN COUNCIL DISTRICT B,Don Frantz, ,1,92,0,0,0,92,Y
WAKE,10/10/23,16-Apr,3,C,TOWN OF CARY TOWN COUNCIL DISTRICT B,Michelle Craig, ,1,209,0,0,0,209,Y
WAKE,10/10/23,16-Apr,3,C,TOWN OF CARY TOWN COUNCIL DISTRICT B,Write-In (Miscellaneous),,1,0,0,0,0,0,Y
WAKE,10/10/23,16-Apr,920001,C,TOWN OF CARY MAYOR,Dennis Midkiff (Write-In),,1,0,0,0,0,0,Y
WAKE,10/10/23,16-Apr,920001,C,TOWN OF CARY MAYOR,Don Frantz (Write-In),,1,0,0,0,0,0,Y
WAKE,10/10/23,16-Apr,920001,C,TOWN OF CARY MAYOR,Ed Yerha (Write-In),,1,0,0,0,0,0,Y
WAKE,10/10/23,16-Apr,920001,C,TOWN OF CARY MAYOR,"Harold Weinbrecht, Jr.", ,1,254,0,0,0,254,Y
WAKE,10/10/23,16-Apr,920001,C,TOWN OF CARY MAYOR,Jack Smith (Write-In),,1,0,0,0,0,0,Y
WAKE,10/10/23,16-Apr,920001,C,TOWN OF CARY MAYOR,Lori Bush (Write-In),,1,1,0,0,0,1,Y
WAKE,10/10/23,16-Apr,920001,C,TOWN OF CARY MAYOR,Mary Collins (Write-In),,1,0,0,0,0,0,Y
WAKE,10/10/23,16-Apr,920001,C,TOWN OF CARY MAYOR,Mary Insprucker (Write-In),,1,0,0,0,0,0,Y
WAKE,10/10/23,16-Apr,920001,C,TOWN OF CARY MAYOR,Sarika Bansal (Write-In),,1,0,0,0,0,0,Y
WAKE,10/10/23,16-Apr,920001,C,TOWN OF CARY MAYOR,Write-In (Miscellaneous),,1,11,0,0,0,11,Y
WAKE,10/10/23,16-Apr,920002,C,TOWN OF CARY TOWN COUNCIL AT-LARGE,Don Frantz (Write-In),,1,0,0,0,0,0,Y
WAKE,10/10/23,16-Apr,920002,C,TOWN OF CARY TOWN COUNCIL AT-LARGE,Lori Bush, ,1,234,0,0,0,234,Y
WAKE,10/10/23,16-Apr,920002,C,TOWN OF CARY TOWN COUNCIL AT-LARGE,Mary Insprucker, ,1,51,0,0,0,51,Y
WAKE,10/10/23,16-Apr,920002,C,TOWN OF CARY TOWN COUNCIL AT-LARGE,Matthew Gronke, ,1,13,0,0,0,13,Y
WAKE,10/10/23,16-Apr,920002,C,TOWN OF CARY TOWN COUNCIL AT-LARGE,Michelle Craig (Write-In),,1,0,0,0,0,0,Y
WAKE,10/10/23,16-Apr,920002,C,TOWN OF CARY TOWN COUNCIL AT-LARGE,Sarika Bansal (Write-In),,1,0,0,0,0,0,Y
WAKE,10/10/23,16-Apr,920002,C,TOWN OF CARY TOWN COUNCIL AT-LARGE,Write-In (Miscellaneous),,1,0,0,0,0,0,Y
WAKE,10/10/23,17-Apr,3,C,TOWN OF CARY TOWN COUNCIL DISTRICT B,Don Frantz, ,1,49,0,0,0,49,Y
WAKE,10/10/23,17-Apr,3,C,TOWN OF CARY TOWN COUNCIL DISTRICT B,Michelle Craig, ,1,94,0,0,0,94,Y
WAKE,10/10/23,17-Apr,3,C,TOWN OF CARY TOWN COUNCIL DISTRICT B,Write-In (Miscellaneous),,1,1,0,0,0,1,Y
WAKE,10/10/23,17-Apr,920001,C,TOWN OF CARY MAYOR,Dennis Midkiff (Write-In),,1,0,0,0,0,0,Y
WAKE,10/10/23,17-Apr,920001,C,TOWN OF CARY MAYOR,Don Frantz (Write-In),,1,0,0,0,0,0,Y
WAKE,10/10/23,17-Apr,920001,C,TOWN OF CARY MAYOR,Ed Yerha (Write-In),,1,0,0,0,0,0,Y
WAKE,10/10/23,17-Apr,920001,C,TOWN OF CARY MAYOR,"Harold Weinbrecht, Jr.", ,1,123,0,0,0,123,Y
WAKE,10/10/23,17-Apr,920001,C,TOWN OF CARY MAYOR,Jack Smith (Write-In),,1,0,0,0,0,0,Y
WAKE,10/10/23,17-Apr,920001,C,TOWN OF CARY MAYOR,Lori Bush (Write-In),,1,0,0,0,0,0,Y
WAKE,10/10/23,17-Apr,920001,C,TOWN OF CARY MAYOR,Mary Collins (Write-In),,1,1,0,0,0,1,Y
WAKE,10/10/23,17-Apr,920001,C,TOWN OF CARY MAYOR,Mary Insprucker (Write-In),,1,0,0,0,0,0,Y
WAKE,10/10/23,17-Apr,920001,C,TOWN OF CARY MAYOR,Sarika Bansal (Write-In),,1,0,0,0,0,0,Y
WAKE,10/10/23,17-Apr,920001,C,TOWN OF CARY MAYOR,Write-In (Miscellaneous),,1,6,0,0,0,6,Y
WAKE,10/10/23,17-Apr,920002,C,TOWN OF CARY TOWN COUNCIL AT-LARGE,Don Frantz (Write-In),,1,0,0,0,0,0,Y
WAKE,10/10/23,17-Apr,920002,C,TOWN OF CARY TOWN COUNCIL AT-LARGE,Lori Bush, ,1,116,0,0,0,116,Y
WAKE,10/10/23,17-Apr,920002,C,TOWN OF CARY TOWN COUNCIL AT-LARGE,Mary Insprucker, ,1,22,0,0,0,22,Y
WAKE,10/10/23,17-Apr,920002,C,TOWN OF CARY TOWN COUNCIL AT-LARGE,Matthew Gronke, ,1,3,0,0,0,3,Y
WAKE,10/10/23,17-Apr,920002,C,TOWN OF CARY TOWN COUNCIL AT-LARGE,Michelle Craig (Write-In),,1,0,0,0,0,0,Y
WAKE,10/10/23,17-Apr,920002,C,TOWN OF CARY TOWN COUNCIL AT-LARGE,Sarika Bansal (Write-In),,1,0,0,0,0,0,Y
WAKE,10/10/23,17-Apr,920002,C,TOWN OF CARY TOWN COUNCIL AT-LARGE,Write-In (Miscellaneous),,1,0,0,0,0,0,Y
WAKE,10/10/23,18-Apr,3,C,TOWN OF CARY TOWN COUNCIL DISTRICT B,Don Frantz, ,1,103,0,0,0,103,Y
WAKE,10/10/23,18-Apr,3,C,TOWN OF CARY TOWN COUNCIL DISTRICT B,Michelle Craig, ,1,157,0,0,0,157,Y
WAKE,10/10/23,18-Apr,3,C,TOWN OF CARY TOWN COUNCIL DISTRICT B,Write-In (Miscellaneous),,1,0,0,0,0,0,Y
WAKE,10/10/23,18-Apr,920001,C,TOWN OF CARY MAYOR,Dennis Midkiff (Write-In),,1,0,0,0,0,0,Y
WAKE,10/10/23,18-Apr,920001,C,TOWN OF CARY MAYOR,Don Frantz (Write-In),,1,0,0,0,0,0,Y
WAKE,10/10/23,18-Apr,920001,C,TOWN OF CARY MAYOR,Ed Yerha (Write-In),,1,0,0,0,0,0,Y
WAKE,10/10/23,18-Apr,920001,C,TOWN OF CARY MAYOR,"Harold Weinbrecht, Jr.", ,1,223,0,0,0,223,Y
WAKE,10/10/23,18-Apr,920001,C,TOWN OF CARY MAYOR,Jack Smith (Write-In),,1,0,0,0,0,0,Y
WAKE,10/10/23,18-Apr,920001,C,TOWN OF CARY MAYOR,Lori Bush (Write-In),,1,0,0,0,0,0,Y
WAKE,10/10/23,18-Apr,920001,C,TOWN OF CARY MAYOR,Mary Collins (Write-In),,1,0,0,0,0,0,Y
WAKE,10/10/23,18-Apr,920001,C,TOWN OF CARY MAYOR,Mary Insprucker (Write-In),,1,0,0,0,0,0,Y
WAKE,10/10/23,18-Apr,920001,C,TOWN OF CARY MAYOR,Sarika Bansal (Write-In),,1,0,0,0,0,0,Y
WAKE,10/10/23,18-Apr,920001,C,TOWN OF CARY MAYOR,Write-In (Miscellaneous),,1,11,0,0,0,11,Y
WAKE,10/10/23,18-Apr,920002,C,TOWN OF CARY TOWN COUNCIL AT-LARGE,Don Frantz (Write-In),,1,0,0,0,0,0,Y
WAKE,10/10/23,18-Apr,920002,C,TOWN OF CARY TOWN COUNCIL AT-LARGE,Lori Bush, ,1,192,0,0,0,192,Y
WAKE,10/10/23,18-Apr,920002,C,TOWN OF CARY TOWN COUNCIL AT-LARGE,Mary Insprucker, ,1,54,0,0,0,54,Y
WAKE,10/10/23,18-Apr,920002,C,TOWN OF CARY TOWN COUNCIL AT-LARGE,Matthew Gronke, ,1,10,0,0,0,10,Y
WAKE,10/10/23,18-Apr,920002,C,TOWN OF CARY TOWN COUNCIL AT-LARGE,Michelle Craig (Write-In),,1,0,0,0,0,0,Y
WAKE,10/10/23,18-Apr,920002,C,TOWN OF CARY TOWN COUNCIL AT-LARGE,Sarika Bansal (Write-In),,1,0,0,0,0,0,Y
WAKE,10/10/23,18-Apr,920002,C,TOWN OF CARY TOWN COUNCIL AT-LARGE,Write-In (Miscellaneous),,1,1,0,0,0,1,Y
WAKE,10/10/23,19-Apr,920001,C,TOWN OF CARY MAYOR,Dennis Midkiff (Write-In),,1,0,0,0,0,0,Y
WAKE,10/10/23,19-Apr,920001,C,TOWN OF CARY MAYOR,Don Frantz (Write-In),,1,1,0,0,0,1,Y
WAKE,10/10/23,19-Apr,920001,C,TOWN OF CARY MAYOR,Ed Yerha (Write-In),,1,0,0,0,0,0,Y
WAKE,10/10/23,19-Apr,920001,C,TOWN OF CARY MAYOR,"Harold Weinbrecht, Jr.", ,1,142,0,0,0,142,Y
WAKE,10/10/23,19-Apr,920001,C,TOWN OF CARY MAYOR,Jack Smith (Write-In),,1,0,0,0,0,0,Y
WAKE,10/10/23,19-Apr,920001,C,TOWN OF CARY MAYOR,Lori Bush (Write-In),,1,0,0,0,0,0,Y
WAKE,10/10/23,19-Apr,920001,C,TOWN OF CARY MAYOR,Mary Collins (Write-In),,1,0,0,0,0,0,Y
WAKE,10/10/23,19-Apr,920001,C,TOWN OF CARY MAYOR,Mary Insprucker (Write-In),,1,0,0,0,0,0,Y
WAKE,10/10/23,19-Apr,920001,C,TOWN OF CARY MAYOR,Sarika Bansal (Write-In),,1,0,0,0,0,0,Y
WAKE,10/10/23,19-Apr,920001,C,TOWN OF CARY MAYOR,Write-In (Miscellaneous),,1,5,0,0,0,5,Y
WAKE,10/10/23,19-Apr,920002,C,TOWN OF CARY TOWN COUNCIL AT-LARGE,Don Frantz (Write-In),,1,1,0,0,0,1,Y
WAKE,10/10/23,19-Apr,920002,C,TOWN OF CARY TOWN COUNCIL AT-LARGE,Lori Bush, ,1,122,0,0,0,122,Y
WAKE,10/10/23,19-Apr,920002,C,TOWN OF CARY TOWN COUNCIL AT-LARGE,Mary Insprucker, ,1,31,0,0,0,31,Y
WAKE,10/10/23,19-Apr,920002,C,TOWN OF CARY TOWN COUNCIL AT-LARGE,Matthew Gronke, ,1,3,0,0,0,3,Y
WAKE,10/10/23,19-Apr,920002,C,TOWN OF CARY TOWN COUNCIL AT-LARGE,Michelle Craig (Write-In),,1,0,0,0,0,0,Y
WAKE,10/10/23,19-Apr,920002,C,TOWN OF CARY TOWN COUNCIL AT-LARGE,Sarika Bansal (Write-In),,1,0,0,0,0,0,Y
WAKE,10/10/23,19-Apr,920002,C,TOWN OF CARY TOWN COUNCIL AT-LARGE,Write-In (Miscellaneous),,1,0,0,0,0,0,Y
WAKE,10/10/23,20-Apr,3,C,TOWN OF CARY TOWN COUNCIL DISTRICT B,Don Frantz, ,1,127,0,0,0,127,Y
WAKE,10/10/23,20-Apr,3,C,TOWN OF CARY TOWN COUNCIL DISTRICT B,Michelle Craig, ,1,170,0,0,0,170,Y
WAKE,10/10/23,20-Apr,3,C,TOWN OF CARY TOWN COUNCIL DISTRICT B,Write-In (Miscellaneous),,1,0,0,0,0,0,Y
WAKE,10/10/23,20-Apr,920001,C,TOWN OF CARY MAYOR,Dennis Midkiff (Write-In),,1,0,0,0,0,0,Y
WAKE,10/10/23,20-Apr,920001,C,TOWN OF CARY MAYOR,Don Frantz (Write-In),,1,0,0,0,0,0,Y
WAKE,10/10/23,20-Apr,920001,C,TOWN OF CARY MAYOR,Ed Yerha (Write-In),,1,0,0,0,0,0,Y
WAKE,10/10/23,20-Apr,920001,C,TOWN OF CARY MAYOR,"Harold Weinbrecht, Jr.", ,1,245,0,0,0,245,Y
WAKE,10/10/23,20-Apr,920001,C,TOWN OF CARY MAYOR,Jack Smith (Write-In),,1,0,0,0,0,0,Y
WAKE,10/10/23,20-Apr,920001,C,TOWN OF CARY MAYOR,Lori Bush (Write-In),,1,0,0,0,0,0,Y
WAKE,10/10/23,20-Apr,920001,C,TOWN OF CARY MAYOR,Mary Collins (Write-In),,1,4,0,0,0,4,Y
WAKE,10/10/23,20-Apr,920001,C,TOWN OF CARY MAYOR,Mary Insprucker (Write-In),,1,0,0,0,0,0,Y
WAKE,10/10/23,20-Apr,920001,C,TOWN OF CARY MAYOR,Sarika Bansal (Write-In),,1,0,0,0,0,0,Y
WAKE,10/10/23,20-Apr,920001,C,TOWN OF CARY MAYOR,Write-In (Miscellaneous),,1,14,0,0,0,14,Y
WAKE,10/10/23,20-Apr,920002,C,TOWN OF CARY TOWN COUNCIL AT-LARGE,Don Frantz (Write-In),,1,0,0,0,0,0,Y
WAKE,10/10/23,20-Apr,920002,C,TOWN OF CARY TOWN COUNCIL AT-LARGE,Lori Bush, ,1,223,0,0,0,223,Y
WAKE,10/10/23,20-Apr,920002,C,TOWN OF CARY TOWN COUNCIL AT-LARGE,Mary Insprucker, ,1,60,0,0,0,60,Y
WAKE,10/10/23,20-Apr,920002,C,TOWN OF CARY TOWN COUNCIL AT-LARGE,Matthew Gronke, ,1,11,0,0,0,11,Y
WAKE,10/10/23,20-Apr,920002,C,TOWN OF CARY TOWN COUNCIL AT-LARGE,Michelle Craig (Write-In),,1,0,0,0,0,0,Y
WAKE,10/10/23,20-Apr,920002,C,TOWN OF CARY TOWN COUNCIL AT-LARGE,Sarika Bansal (Write-In),,1,0,0,0,0,0,Y
WAKE,10/10/23,20-Apr,920002,C,TOWN OF CARY TOWN COUNCIL AT-LARGE,Write-In (Miscellaneous),,1,0,0,0,0,0,Y
WAKE,10/10/23,21-Apr,3,C,TOWN OF CARY TOWN COUNCIL DISTRICT B,Don Frantz, ,1,46,0,0,0,46,Y
WAKE,10/10/23,21-Apr,3,C,TOWN OF CARY TOWN COUNCIL DISTRICT B,Michelle Craig, ,1,52,0,0,0,52,Y
WAKE,10/10/23,21-Apr,3,C,TOWN OF CARY TOWN COUNCIL DISTRICT B,Write-In (Miscellaneous),,1,0,0,0,0,0,Y
WAKE,10/10/23,21-Apr,920001,C,TOWN OF CARY MAYOR,Dennis Midkiff (Write-In),,1,0,0,0,0,0,Y
WAKE,10/10/23,21-Apr,920001,C,TOWN OF CARY MAYOR,Don Frantz (Write-In),,1,0,0,0,0,0,Y
WAKE,10/10/23,21-Apr,920001,C,TOWN OF CARY MAYOR,Ed Yerha (Write-In),,1,0,0,0,0,0,Y
WAKE,10/10/23,21-Apr,920001,C,TOWN OF CARY MAYOR,"Harold Weinbrecht, Jr.", ,1,81,0,0,0,81,Y
WAKE,10/10/23,21-Apr,920001,C,TOWN OF CARY MAYOR,Jack Smith (Write-In),,1,0,0,0,0,0,Y
WAKE,10/10/23,21-Apr,920001,C,TOWN OF CARY MAYOR,Lori Bush (Write-In),,1,0,0,0,0,0,Y
WAKE,10/10/23,21-Apr,920001,C,TOWN OF CARY MAYOR,Mary Collins (Write-In),,1,0,0,0,0,0,Y
WAKE,10/10/23,21-Apr,920001,C,TOWN OF CARY MAYOR,Mary Insprucker (Write-In),,1,0,0,0,0,0,Y
WAKE,10/10/23,21-Apr,920001,C,TOWN OF CARY MAYOR,Sarika Bansal (Write-In),,1,0,0,0,0,0,Y
WAKE,10/10/23,21-Apr,920001,C,TOWN OF CARY MAYOR,Write-In (Miscellaneous),,1,5,0,0,0,5,Y
WAKE,10/10/23,21-Apr,920002,C,TOWN OF CARY TOWN COUNCIL AT-LARGE,Don Frantz (Write-In),,1,0,0,0,0,0,Y
WAKE,10/10/23,21-Apr,920002,C,TOWN OF CARY TOWN COUNCIL AT-LARGE,Lori Bush, ,1,69,0,0,0,69,Y
WAKE,10/10/23,21-Apr,920002,C,TOWN OF CARY TOWN COUNCIL AT-LARGE,Mary Insprucker, ,1,17,0,0,0,17,Y
WAKE,10/10/23,21-Apr,920002,C,TOWN OF CARY TOWN COUNCIL AT-LARGE,Matthew Gronke, ,1,9,0,0,0,9,Y
WAKE,10/10/23,21-Apr,920002,C,TOWN OF CARY TOWN COUNCIL AT-LARGE,Michelle Craig (Write-In),,1,0,0,0,0,0,Y
WAKE,10/10/23,21-Apr,920002,C,TOWN OF CARY TOWN COUNCIL AT-LARGE,Sarika Bansal (Write-In),,1,0,0,0,0,0,Y
WAKE,10/10/23,21-Apr,920002,C,TOWN OF CARY TOWN COUNCIL AT-LARGE,Write-In (Miscellaneous),,1,0,0,0,0,0,Y
WAKE,10/10/23,1-May,920001,C,TOWN OF CARY MAYOR,Dennis Midkiff (Write-In),,1,0,0,0,0,0,Y
WAKE,10/10/23,1-May,920001,C,TOWN OF CARY MAYOR,Don Frantz (Write-In),,1,0,0,0,0,0,Y
WAKE,10/10/23,1-May,920001,C,TOWN OF CARY MAYOR,Ed Yerha (Write-In),,1,0,0,0,0,0,Y
WAKE,10/10/23,1-May,920001,C,TOWN OF CARY MAYOR,"Harold Weinbrecht, Jr.", ,1,91,0,0,0,91,Y
WAKE,10/10/23,1-May,920001,C,TOWN OF CARY MAYOR,Jack Smith (Write-In),,1,0,0,0,0,0,Y
WAKE,10/10/23,1-May,920001,C,TOWN OF CARY MAYOR,Lori Bush (Write-In),,1,0,0,0,0,0,Y
WAKE,10/10/23,1-May,920001,C,TOWN OF CARY MAYOR,Mary Collins (Write-In),,1,0,0,0,0,0,Y
WAKE,10/10/23,1-May,920001,C,TOWN OF CARY MAYOR,Mary Insprucker (Write-In),,1,0,0,0,0,0,Y
WAKE,10/10/23,1-May,920001,C,TOWN OF CARY MAYOR,Sarika Bansal (Write-In),,1,0,0,0,0,0,Y
WAKE,10/10/23,1-May,920001,C,TOWN OF CARY MAYOR,Write-In (Miscellaneous),,1,4,0,0,0,4,Y
WAKE,10/10/23,1-May,920002,C,TOWN OF CARY TOWN COUNCIL AT-LARGE,Don Frantz (Write-In),,1,0,0,0,0,0,Y
WAKE,10/10/23,1-May,920002,C,TOWN OF CARY TOWN COUNCIL AT-LARGE,Lori Bush, ,1,66,0,0,0,66,Y
WAKE,10/10/23,1-May,920002,C,TOWN OF CARY TOWN COUNCIL AT-LARGE,Mary Insprucker, ,1,31,0,0,0,31,Y
WAKE,10/10/23,1-May,920002,C,TOWN OF CARY TOWN COUNCIL AT-LARGE,Matthew Gronke, ,1,5,0,0,0,5,Y
WAKE,10/10/23,1-May,920002,C,TOWN OF CARY TOWN COUNCIL AT-LARGE,Michelle Craig (Write-In),,1,0,0,0,0,0,Y
WAKE,10/10/23,1-May,920002,C,TOWN OF CARY TOWN COUNCIL AT-LARGE,Sarika Bansal (Write-In),,1,0,0,0,0,0,Y
WAKE,10/10/23,1-May,920002,C,TOWN OF CARY TOWN COUNCIL AT-LARGE,Write-In (Miscellaneous),,1,0,0,0,0,0,Y
WAKE,10/10/23,3-May,920001,C,TOWN OF CARY MAYOR,Dennis Midkiff (Write-In),,1,0,0,0,0,0,Y
WAKE,10/10/23,3-May,920001,C,TOWN OF CARY MAYOR,Don Frantz (Write-In),,1,0,0,0,0,0,Y
WAKE,10/10/23,3-May,920001,C,TOWN OF CARY MAYOR,Ed Yerha (Write-In),,1,0,0,0,0,0,Y
WAKE,10/10/23,3-May,920001,C,TOWN OF CARY MAYOR,"Harold Weinbrecht, Jr.", ,1,81,0,0,0,81,Y
WAKE,10/10/23,3-May,920001,C,TOWN OF CARY MAYOR,Jack Smith (Write-In),,1,0,0,0,0,0,Y
WAKE,10/10/23,3-May,920001,C,TOWN OF CARY MAYOR,Lori Bush (Write-In),,1,0,0,0,0,0,Y
WAKE,10/10/23,3-May,920001,C,TOWN OF CARY MAYOR,Mary Collins (Write-In),,1,0,0,0,0,0,Y
WAKE,10/10/23,3-May,920001,C,TOWN OF CARY MAYOR,Mary Insprucker (Write-In),,1,1,0,0,0,1,Y
WAKE,10/10/23,3-May,920001,C,TOWN OF CARY MAYOR,Sarika Bansal (Write-In),,1,0,0,0,0,0,Y
WAKE,10/10/23,3-May,920001,C,TOWN OF CARY MAYOR,Write-In (Miscellaneous),,1,5,0,0,0,5,Y
WAKE,10/10/23,3-May,920002,C,TOWN OF CARY TOWN COUNCIL AT-LARGE,Don Frantz (Write-In),,1,0,0,0,0,0,Y
WAKE,10/10/23,3-May,920002,C,TOWN OF CARY TOWN COUNCIL AT-LARGE,Lori Bush, ,1,59,0,0,0,59,Y
WAKE,10/10/23,3-May,920002,C,TOWN OF CARY TOWN COUNCIL AT-LARGE,Mary Insprucker, ,1,37,0,0,0,37,Y
WAKE,10/10/23,3-May,920002,C,TOWN OF CARY TOWN COUNCIL AT-LARGE,Matthew Gronke, ,1,4,0,0,0,4,Y
WAKE,10/10/23,3-May,920002,C,TOWN OF CARY TOWN COUNCIL AT-LARGE,Michelle Craig (Write-In),,1,0,0,0,0,0,Y
WAKE,10/10/23,3-May,920002,C,TOWN OF CARY TOWN COUNCIL AT-LARGE,Sarika Bansal (Write-In),,1,0,0,0,0,0,Y
WAKE,10/10/23,3-May,920002,C,TOWN OF CARY TOWN COUNCIL AT-LARGE,Write-In (Miscellaneous),,1,0,0,0,0,0,Y
WAKE,10/10/23,5-May,920001,C,TOWN OF CARY MAYOR,Dennis Midkiff (Write-In),,1,0,0,0,0,0,Y
WAKE,10/10/23,5-May,920001,C,TOWN OF CARY MAYOR,Don Frantz (Write-In),,1,0,0,0,0,0,Y
WAKE,10/10/23,5-May,920001,C,TOWN OF CARY MAYOR,Ed Yerha (Write-In),,1,0,0,0,0,0,Y
WAKE,10/10/23,5-May,920001,C,TOWN OF CARY MAYOR,"Harold Weinbrecht, Jr.", ,1,0,0,0,0,0,Y
WAKE,10/10/23,5-May,920001,C,TOWN OF CARY MAYOR,Jack Smith (Write-In),,1,0,0,0,0,0,Y
WAKE,10/10/23,5-May,920001,C,TOWN OF CARY MAYOR,Lori Bush (Write-In),,1,0,0,0,0,0,Y
WAKE,10/10/23,5-May,920001,C,TOWN OF CARY MAYOR,Mary Collins (Write-In),,1,0,0,0,0,0,Y
WAKE,10/10/23,5-May,920001,C,TOWN OF CARY MAYOR,Mary Insprucker (Write-In),,1,0,0,0,0,0,Y
WAKE,10/10/23,5-May,920001,C,TOWN OF CARY MAYOR,Sarika Bansal (Write-In),,1,0,0,0,0,0,Y
WAKE,10/10/23,5-May,920001,C,TOWN OF CARY MAYOR,Write-In (Miscellaneous),,1,0,0,0,0,0,Y
WAKE,10/10/23,5-May,920002,C,TOWN OF CARY TOWN COUNCIL AT-LARGE,Don Frantz (Write-In),,1,0,0,0,0,0,Y
WAKE,10/10/23,5-May,920002,C,TOWN OF CARY TOWN COUNCIL AT-LARGE,Lori Bush, ,1,0,0,0,0,0,Y
WAKE,10/10/23,5-May,920002,C,TOWN OF CARY TOWN COUNCIL AT-LARGE,Mary Insprucker, ,1,0,0,0,0,0,Y
WAKE,10/10/23,5-May,920002,C,TOWN OF CARY TOWN COUNCIL AT-LARGE,Matthew Gronke, ,1,0,0,0,0,0,Y
WAKE,10/10/23,5-May,920002,C,TOWN OF CARY TOWN COUNCIL AT-LARGE,Michelle Craig (Write-In),,1,0,0,0,0,0,Y
WAKE,10/10/23,5-May,920002,C,TOWN OF CARY TOWN COUNCIL AT-LARGE,Sarika Bansal (Write-In),,1,0,0,0,0,0,Y
WAKE,10/10/23,5-May,920002,C,TOWN OF CARY TOWN COUNCIL AT-LARGE,Write-In (Miscellaneous),,1,0,0,0,0,0,Y
WAKE,10/10/23,6-May,920001,C,TOWN OF CARY MAYOR,Dennis Midkiff (Write-In),,1,0,0,0,0,0,Y
WAKE,10/10/23,6-May,920001,C,TOWN OF CARY MAYOR,Don Frantz (Write-In),,1,0,0,0,0,0,Y
WAKE,10/10/23,6-May,920001,C,TOWN OF CARY MAYOR,Ed Yerha (Write-In),,1,0,0,0,0,0,Y
WAKE,10/10/23,6-May,920001,C,TOWN OF CARY MAYOR,"Harold Weinbrecht, Jr.", ,1,279,0,0,0,279,Y
WAKE,10/10/23,6-May,920001,C,TOWN OF CARY MAYOR,Jack Smith (Write-In),,1,0,0,0,0,0,Y
WAKE,10/10/23,6-May,920001,C,TOWN OF CARY MAYOR,Lori Bush (Write-In),,1,1,0,0,0,1,Y
WAKE,10/10/23,6-May,920001,C,TOWN OF CARY MAYOR,Mary Collins (Write-In),,1,0,0,0,0,0,Y
WAKE,10/10/23,6-May,920001,C,TOWN OF CARY MAYOR,Mary Insprucker (Write-In),,1,0,0,0,0,0,Y
WAKE,10/10/23,6-May,920001,C,TOWN OF CARY MAYOR,Sarika Bansal (Write-In),,1,0,0,0,0,0,Y
WAKE,10/10/23,6-May,920001,C,TOWN OF CARY MAYOR,Write-In (Miscellaneous),,1,18,0,0,0,18,Y
WAKE,10/10/23,6-May,920002,C,TOWN OF CARY TOWN COUNCIL AT-LARGE,Don Frantz (Write-In),,1,0,0,0,0,0,Y
WAKE,10/10/23,6-May,920002,C,TOWN OF CARY TOWN COUNCIL AT-LARGE,Lori Bush, ,1,257,0,0,0,257,Y
WAKE,10/10/23,6-May,920002,C,TOWN OF CARY TOWN COUNCIL AT-LARGE,Mary Insprucker, ,1,60,0,0,0,60,Y
WAKE,10/10/23,6-May,920002,C,TOWN OF CARY TOWN COUNCIL AT-LARGE,Matthew Gronke, ,1,15,0,0,0,15,Y
WAKE,10/10/23,6-May,920002,C,TOWN OF CARY TOWN COUNCIL AT-LARGE,Michelle Craig (Write-In),,1,0,0,0,0,0,Y
WAKE,10/10/23,6-May,920002,C,TOWN OF CARY TOWN COUNCIL AT-LARGE,Sarika Bansal (Write-In),,1,0,0,0,0,0,Y
WAKE,10/10/23,6-May,920002,C,TOWN OF CARY TOWN COUNCIL AT-LARGE,Write-In (Miscellaneous),,1,1,0,0,0,1,Y
WAKE,10/10/23,7-May,920001,C,TOWN OF CARY MAYOR,Dennis Midkiff (Write-In),,1,0,0,0,0,0,Y
WAKE,10/10/23,7-May,920001,C,TOWN OF CARY MAYOR,Don Frantz (Write-In),,1,0,0,0,0,0,Y
WAKE,10/10/23,7-May,920001,C,TOWN OF CARY MAYOR,Ed Yerha (Write-In),,1,0,0,0,0,0,Y
WAKE,10/10/23,7-May,920001,C,TOWN OF CARY MAYOR,"Harold Weinbrecht, Jr.", ,1,59,0,0,0,59,Y
WAKE,10/10/23,7-May,920001,C,TOWN OF CARY MAYOR,Jack Smith (Write-In),,1,0,0,0,0,0,Y
WAKE,10/10/23,7-May,920001,C,TOWN OF CARY MAYOR,Lori Bush (Write-In),,1,0,0,0,0,0,Y
WAKE,10/10/23,7-May,920001,C,TOWN OF CARY MAYOR,Mary Collins (Write-In),,1,0,0,0,0,0,Y
WAKE,10/10/23,7-May,920001,C,TOWN OF CARY MAYOR,Mary Insprucker (Write-In),,1,0,0,0,0,0,Y
WAKE,10/10/23,7-May,920001,C,TOWN OF CARY MAYOR,Sarika Bansal (Write-In),,1,2,0,0,0,2,Y
WAKE,10/10/23,7-May,920001,C,TOWN OF CARY MAYOR,Write-In (Miscellaneous),,1,1,0,0,0,1,Y
WAKE,10/10/23,7-May,920002,C,TOWN OF CARY TOWN COUNCIL AT-LARGE,Don Frantz (Write-In),,1,0,0,0,0,0,Y
WAKE,10/10/23,7-May,920002,C,TOWN OF CARY TOWN COUNCIL AT-LARGE,Lori Bush, ,1,55,0,0,0,55,Y
WAKE,10/10/23,7-May,920002,C,TOWN OF CARY TOWN COUNCIL AT-LARGE,Mary Insprucker, ,1,10,0,0,0,10,Y
WAKE,10/10/23,7-May,920002,C,TOWN OF CARY TOWN COUNCIL AT-LARGE,Matthew Gronke, ,1,2,0,0,0,2,Y
WAKE,10/10/23,7-May,920002,C,TOWN OF CARY TOWN COUNCIL AT-LARGE,Michelle Craig (Write-In),,1,0,0,0,0,0,Y
WAKE,10/10/23,7-May,920002,C,TOWN OF CARY TOWN COUNCIL AT-LARGE,Sarika Bansal (Write-In),,1,2,0,0,0,2,Y
WAKE,10/10/23,7-May,920002,C,TOWN OF CARY TOWN COUNCIL AT-LARGE,Write-In (Miscellaneous),,1,1,0,0,0,1,Y
WAKE,10/10/23,8-May,920001,C,TOWN OF CARY MAYOR,Dennis Midkiff (Write-In),,1,0,0,0,0,0,Y
WAKE,10/10/23,8-May,920001,C,TOWN OF CARY MAYOR,Don Frantz (Write-In),,1,0,0,0,0,0,Y
WAKE,10/10/23,8-May,920001,C,TOWN OF CARY MAYOR,Ed Yerha (Write-In),,1,0,0,0,0,0,Y
WAKE,10/10/23,8-May,920001,C,TOWN OF CARY MAYOR,"Harold Weinbrecht, Jr.", ,1,0,0,0,0,0,Y
WAKE,10/10/23,8-May,920001,C,TOWN OF CARY MAYOR,Jack Smith (Write-In),,1,0,0,0,0,0,Y
WAKE,10/10/23,8-May,920001,C,TOWN OF CARY MAYOR,Lori Bush (Write-In),,1,0,0,0,0,0,Y
WAKE,10/10/23,8-May,920001,C,TOWN OF CARY MAYOR,Mary Collins (Write-In),,1,0,0,0,0,0,Y
WAKE,10/10/23,8-May,920001,C,TOWN OF CARY MAYOR,Mary Insprucker (Write-In),,1,0,0,0,0,0,Y
WAKE,10/10/23,8-May,920001,C,TOWN OF CARY MAYOR,Sarika Bansal (Write-In),,1,0,0,0,0,0,Y
WAKE,10/10/23,8-May,920001,C,TOWN OF CARY MAYOR,Write-In (Miscellaneous),,1,0,0,0,0,0,Y
WAKE,10/10/23,8-May,920002,C,TOWN OF CARY TOWN COUNCIL AT-LARGE,Don Frantz (Write-In),,1,0,0,0,0,0,Y
WAKE,10/10/23,8-May,920002,C,TOWN OF CARY TOWN COUNCIL AT-LARGE,Lori Bush, ,1,0,0,0,0,0,Y
WAKE,10/10/23,8-May,920002,C,TOWN OF CARY TOWN COUNCIL AT-LARGE,Mary Insprucker, ,1,0,0,0,0,0,Y
WAKE,10/10/23,8-May,920002,C,TOWN OF CARY TOWN COUNCIL AT-LARGE,Matthew Gronke, ,1,0,0,0,0,0,Y
WAKE,10/10/23,8-May,920002,C,TOWN OF CARY TOWN COUNCIL AT-LARGE,Michelle Craig (Write-In),,1,0,0,0,0,0,Y
WAKE,10/10/23,8-May,920002,C,TOWN OF CARY TOWN COUNCIL AT-LARGE,Sarika Bansal (Write-In),,1,0,0,0,0,0,Y
WAKE,10/10/23,8-May,920002,C,TOWN OF CARY TOWN COUNCIL AT-LARGE,Write-In (Miscellaneous),,1,0,0,0,0,0,Y
WAKE,10/10/23,7-Jun,920001,C,TOWN OF CARY MAYOR,Dennis Midkiff (Write-In),,1,0,0,0,0,0,Y
WAKE,10/10/23,7-Jun,920001,C,TOWN OF CARY MAYOR,Don Frantz (Write-In),,1,0,0,0,0,0,Y
WAKE,10/10/23,7-Jun,920001,C,TOWN OF CARY MAYOR,Ed Yerha (Write-In),,1,0,0,0,0,0,Y
WAKE,10/10/23,7-Jun,920001,C,TOWN OF CARY MAYOR,"Harold Weinbrecht, Jr.", ,1,60,0,0,0,60,Y
WAKE,10/10/23,7-Jun,920001,C,TOWN OF CARY MAYOR,Jack Smith (Write-In),,1,0,0,0,0,0,Y
WAKE,10/10/23,7-Jun,920001,C,TOWN OF CARY MAYOR,Lori Bush (Write-In),,1,0,0,0,0,0,Y
WAKE,10/10/23,7-Jun,920001,C,TOWN OF CARY MAYOR,Mary Collins (Write-In),,1,0,0,0,0,0,Y
WAKE,10/10/23,7-Jun,920001,C,TOWN OF CARY MAYOR,Mary Insprucker (Write-In),,1,0,0,0,0,0,Y
WAKE,10/10/23,7-Jun,920001,C,TOWN OF CARY MAYOR,Sarika Bansal (Write-In),,1,0,0,0,0,0,Y
WAKE,10/10/23,7-Jun,920001,C,TOWN OF CARY MAYOR,Write-In (Miscellaneous),,1,0,0,0,0,0,Y
WAKE,10/10/23,7-Jun,920002,C,TOWN OF CARY TOWN COUNCIL AT-LARGE,Don Frantz (Write-In),,1,0,0,0,0,0,Y
WAKE,10/10/23,7-Jun,920002,C,TOWN OF CARY TOWN COUNCIL AT-LARGE,Lori Bush, ,1,42,0,0,0,42,Y
WAKE,10/10/23,7-Jun,920002,C,TOWN OF CARY TOWN COUNCIL AT-LARGE,Mary Insprucker, ,1,20,0,0,0,20,Y
WAKE,10/10/23,7-Jun,920002,C,TOWN OF CARY TOWN COUNCIL AT-LARGE,Matthew Gronke, ,1,1,0,0,0,1,Y
WAKE,10/10/23,7-Jun,920002,C,TOWN OF CARY TOWN COUNCIL AT-LARGE,Michelle Craig (Write-In),,1,0,0,0,0,0,Y
WAKE,10/10/23,7-Jun,920002,C,TOWN OF CARY TOWN COUNCIL AT-LARGE,Sarika Bansal (Write-In),,1,0,0,0,0,0,Y
WAKE,10/10/23,7-Jun,920002,C,TOWN OF CARY TOWN COUNCIL AT-LARGE,Write-In (Miscellaneous),,1,0,0,0,0,0,Y
WAKE,10/10/23,3-Aug,320003,C,CITY OF DURHAM MAYOR,C. Burruss, ,1,0,0,0,0,0,Y
WAKE,10/10/23,3-Aug,320003,C,CITY OF DURHAM MAYOR,DeDreana Freeman, ,1,0,0,0,0,0,Y
WAKE,10/10/23,3-Aug,320003,C,CITY OF DURHAM MAYOR,Jontae Dunston, ,1,0,0,0,0,0,Y
WAKE,10/10/23,3-Aug,320003,C,CITY OF DURHAM MAYOR,Leonardo (Leo) Williams, ,1,0,0,0,0,0,Y
WAKE,10/10/23,3-Aug,320003,C,CITY OF DURHAM MAYOR,"Marshall Williams, Jr.", ,1,0,0,0,0,0,Y
WAKE,10/10/23,3-Aug,320003,C,CITY OF DURHAM MAYOR,Mike Woodard, ,1,0,0,0,0,0,Y
WAKE,10/10/23,3-Aug,320003,C,CITY OF DURHAM MAYOR,Nick Pettiford, ,1,0,0,0,0,0,Y
WAKE,10/10/23,3-Aug,320003,C,CITY OF DURHAM MAYOR,Sylvester Williams, ,1,0,0,0,0,0,Y
WAKE,10/10/23,3-Aug,320004,C,CITY OF DURHAM CITY COUNCIL AT-LARGE,Bonita Green, ,3,0,0,0,0,0,Y
WAKE,10/10/23,3-Aug,320004,C,CITY OF DURHAM CITY COUNCIL AT-LARGE,Carl Rist, ,3,0,0,0,0,0,Y
WAKE,10/10/23,3-Aug,320004,C,CITY OF DURHAM CITY COUNCIL AT-LARGE,J. J. Campbell, ,3,0,0,0,0,0,Y
WAKE,10/10/23,3-Aug,320004,C,CITY OF DURHAM CITY COUNCIL AT-LARGE,Javiera Caballero, ,3,0,0,0,0,0,Y
WAKE,10/10/23,3-Aug,320004,C,CITY OF DURHAM CITY COUNCIL AT-LARGE,Khalilah Karim, ,3,0,0,0,0,0,Y
WAKE,10/10/23,3-Aug,320004,C,CITY OF DURHAM CITY COUNCIL AT-LARGE,Monique Holsey-Hyman, ,3,0,0,0,0,0,Y
WAKE,10/10/23,3-Aug,320004,C,CITY OF DURHAM CITY COUNCIL AT-LARGE,Nate Baker, ,3,0,0,0,0,0,Y
WAKE,10/10/23,3-Aug,320004,C,CITY OF DURHAM CITY COUNCIL AT-LARGE,Renee J. Vaughan, ,3,0,0,0,0,0,Y
WAKE,10/10/23,3-Aug,320004,C,CITY OF DURHAM CITY COUNCIL AT-LARGE,Shanetta Burris, ,3,0,0,0,0,0,Y
WAKE,10/10/23,3-Aug,320004,C,CITY OF DURHAM CITY COUNCIL AT-LARGE,Shelia Ann Huggins, ,3,0,0,0,0,0,Y
WAKE,10/10/23,3-Aug,320004,C,CITY OF DURHAM CITY COUNCIL AT-LARGE,Sherri Zann Rosenthal, ,3,0,0,0,0,0,Y
WAKE,10/10/23,3-Aug,320004,C,CITY OF DURHAM CITY COUNCIL AT-LARGE,Waldo Fenner, ,3,0,0,0,0,0,Y
WAKE,10/10/23,10-Dec,920001,C,TOWN OF CARY MAYOR,Dennis Midkiff (Write-In),,1,0,0,0,0,0,Y
WAKE,10/10/23,10-Dec,920001,C,TOWN OF CARY MAYOR,Don Frantz (Write-In),,1,0,0,0,0,0,Y
WAKE,10/10/23,10-Dec,920001,C,TOWN OF CARY MAYOR,Ed Yerha (Write-In),,1,0,0,0,0,0,Y
WAKE,10/10/23,10-Dec,920001,C,TOWN OF CARY MAYOR,"Harold Weinbrecht, Jr.", ,1,51,0,0,0,51,Y
WAKE,10/10/23,10-Dec,920001,C,TOWN OF CARY MAYOR,Jack Smith (Write-In),,1,0,0,0,0,0,Y
WAKE,10/10/23,10-Dec,920001,C,TOWN OF CARY MAYOR,Lori Bush (Write-In),,1,0,0,0,0,0,Y
WAKE,10/10/23,10-Dec,920001,C,TOWN OF CARY MAYOR,Mary Collins (Write-In),,1,0,0,0,0,0,Y
WAKE,10/10/23,10-Dec,920001,C,TOWN OF CARY MAYOR,Mary Insprucker (Write-In),,1,0,0,0,0,0,Y
WAKE,10/10/23,10-Dec,920001,C,TOWN OF CARY MAYOR,Sarika Bansal (Write-In),,1,0,0,0,0,0,Y
WAKE,10/10/23,10-Dec,920001,C,TOWN OF CARY MAYOR,Write-In (Miscellaneous),,1,2,0,0,0,2,Y
WAKE,10/10/23,10-Dec,920002,C,TOWN OF CARY TOWN COUNCIL AT-LARGE,Don Frantz (Write-In),,1,0,0,0,0,0,Y
WAKE,10/10/23,10-Dec,920002,C,TOWN OF CARY TOWN COUNCIL AT-LARGE,Lori Bush, ,1,37,0,0,0,37,Y
WAKE,10/10/23,10-Dec,920002,C,TOWN OF CARY TOWN COUNCIL AT-LARGE,Mary Insprucker, ,1,28,0,0,0,28,Y
WAKE,10/10/23,10-Dec,920002,C,TOWN OF CARY TOWN COUNCIL AT-LARGE,Matthew Gronke, ,1,1,0,0,0,1,Y
WAKE,10/10/23,10-Dec,920002,C,TOWN OF CARY TOWN COUNCIL AT-LARGE,Michelle Craig (Write-In),,1,0,0,0,0,0,Y
WAKE,10/10/23,10-Dec,920002,C,TOWN OF CARY TOWN COUNCIL AT-LARGE,Sarika Bansal (Write-In),,1,0,0,0,0,0,Y
WAKE,10/10/23,10-Dec,920002,C,TOWN OF CARY TOWN COUNCIL AT-LARGE,Write-In (Miscellaneous),,1,1,0,0,0,1,Y
WAKE,10/10/23,18-02,920001,C,TOWN OF CARY MAYOR,Dennis Midkiff (Write-In),,1,0,0,0,0,0,Y
WAKE,10/10/23,18-02,920001,C,TOWN OF CARY MAYOR,Don Frantz (Write-In),,1,0,0,0,0,0,Y
WAKE,10/10/23,18-02,920001,C,TOWN OF CARY MAYOR,Ed Yerha (Write-In),,1,0,0,0,0,0,Y
WAKE,10/10/23,18-02,920001,C,TOWN OF CARY MAYOR,"Harold Weinbrecht, Jr.", ,1,32,0,0,0,32,Y
WAKE,10/10/23,18-02,920001,C,TOWN OF CARY MAYOR,Jack Smith (Write-In),,1,0,0,0,0,0,Y
WAKE,10/10/23,18-02,920001,C,TOWN OF CARY MAYOR,Lori Bush (Write-In),,1,0,0,0,0,0,Y
WAKE,10/10/23,18-02,920001,C,TOWN OF CARY MAYOR,Mary Collins (Write-In),,1,0,0,0,0,0,Y
WAKE,10/10/23,18-02,920001,C,TOWN OF CARY MAYOR,Mary Insprucker (Write-In),,1,0,0,0,0,0,Y
WAKE,10/10/23,18-02,920001,C,TOWN OF CARY MAYOR,Sarika Bansal (Write-In),,1,0,0,0,0,0,Y
WAKE,10/10/23,18-02,920001,C,TOWN OF CARY MAYOR,Write-In (Miscellaneous),,1,1,0,0,0,1,Y
WAKE,10/10/23,18-02,920002,C,TOWN OF CARY TOWN COUNCIL AT-LARGE,Don Frantz (Write-In),,1,0,0,0,0,0,Y
WAKE,10/10/23,18-02,920002,C,TOWN OF CARY TOWN COUNCIL AT-LARGE,Lori Bush, ,1,22,0,0,0,22,Y
WAKE,10/10/23,18-02,920002,C,TOWN OF CARY TOWN COUNCIL AT-LARGE,Mary Insprucker, ,1,14,0,0,0,14,Y
WAKE,10/10/23,18-02,920002,C,TOWN OF CARY TOWN COUNCIL AT-LARGE,Matthew Gronke, ,1,2,0,0,0,2,Y
WAKE,10/10/23,18-02,920002,C,TOWN OF CARY TOWN COUNCIL AT-LARGE,Michelle Craig (Write-In),,1,0,0,0,0,0,Y
WAKE,10/10/23,18-02,920002,C,TOWN OF CARY TOWN COUNCIL AT-LARGE,Sarika Bansal (Write-In),,1,0,0,0,0,0,Y
WAKE,10/10/23,18-02,920002,C,TOWN OF CARY TOWN COUNCIL AT-LARGE,Write-In (Miscellaneous),,1,0,0,0,0,0,Y
WAKE,10/10/23,18-03,920001,C,TOWN OF CARY MAYOR,Dennis Midkiff (Write-In),,1,0,0,0,0,0,Y
WAKE,10/10/23,18-03,920001,C,TOWN OF CARY MAYOR,Don Frantz (Write-In),,1,0,0,0,0,0,Y
WAKE,10/10/23,18-03,920001,C,TOWN OF CARY MAYOR,Ed Yerha (Write-In),,1,0,0,0,0,0,Y
WAKE,10/10/23,18-03,920001,C,TOWN OF CARY MAYOR,"Harold Weinbrecht, Jr.", ,1,218,0,0,0,218,Y
WAKE,10/10/23,18-03,920001,C,TOWN OF CARY MAYOR,Jack Smith (Write-In),,1,0,0,0,0,0,Y
WAKE,10/10/23,18-03,920001,C,TOWN OF CARY MAYOR,Lori Bush (Write-In),,1,2,0,0,0,2,Y
WAKE,10/10/23,18-03,920001,C,TOWN OF CARY MAYOR,Mary Collins (Write-In),,1,0,0,0,0,0,Y
WAKE,10/10/23,18-03,920001,C,TOWN OF CARY MAYOR,Mary Insprucker (Write-In),,1,0,0,0,0,0,Y
WAKE,10/10/23,18-03,920001,C,TOWN OF CARY MAYOR,Sarika Bansal (Write-In),,1,0,0,0,0,0,Y
WAKE,10/10/23,18-03,920001,C,TOWN OF CARY MAYOR,Write-In (Miscellaneous),,1,8,0,0,0,8,Y
WAKE,10/10/23,18-03,920002,C,TOWN OF CARY TOWN COUNCIL AT-LARGE,Don Frantz (Write-In),,1,0,0,0,0,0,Y
WAKE,10/10/23,18-03,920002,C,TOWN OF CARY TOWN COUNCIL AT-LARGE,Lori Bush, ,1,173,0,0,0,173,Y
WAKE,10/10/23,18-03,920002,C,TOWN OF CARY TOWN COUNCIL AT-LARGE,Mary Insprucker, ,1,71,0,0,0,71,Y
WAKE,10/10/23,18-03,920002,C,TOWN OF CARY TOWN COUNCIL AT-LARGE,Matthew Gronke, ,1,10,0,0,0,10,Y
WAKE,10/10/23,18-03,920002,C,TOWN OF CARY TOWN COUNCIL AT-LARGE,Michelle Craig (Write-In),,1,0,0,0,0,0,Y
WAKE,10/10/23,18-03,920002,C,TOWN OF CARY TOWN COUNCIL AT-LARGE,Sarika Bansal (Write-In),,1,0,0,0,0,0,Y
WAKE,10/10/23,18-03,920002,C,TOWN OF CARY TOWN COUNCIL AT-LARGE,Write-In (Miscellaneous),,1,0,0,0,0,0,Y
WAKE,10/10/23,18-05,920001,C,TOWN OF CARY MAYOR,Dennis Midkiff (Write-In),,1,0,0,0,0,0,Y
WAKE,10/10/23,18-05,920001,C,TOWN OF CARY MAYOR,Don Frantz (Write-In),,1,0,0,0,0,0,Y
WAKE,10/10/23,18-05,920001,C,TOWN OF CARY MAYOR,Ed Yerha (Write-In),,1,0,0,0,0,0,Y
WAKE,10/10/23,18-05,920001,C,TOWN OF CARY MAYOR,"Harold Weinbrecht, Jr.", ,1,226,0,0,0,226,Y
WAKE,10/10/23,18-05,920001,C,TOWN OF CARY MAYOR,Jack Smith (Write-In),,1,0,0,0,0,0,Y
WAKE,10/10/23,18-05,920001,C,TOWN OF CARY MAYOR,Lori Bush (Write-In),,1,1,0,0,0,1,Y
WAKE,10/10/23,18-05,920001,C,TOWN OF CARY MAYOR,Mary Collins (Write-In),,1,0,0,0,0,0,Y
WAKE,10/10/23,18-05,920001,C,TOWN OF CARY MAYOR,Mary Insprucker (Write-In),,1,0,0,0,0,0,Y
WAKE,10/10/23,18-05,920001,C,TOWN OF CARY MAYOR,Sarika Bansal (Write-In),,1,0,0,0,0,0,Y
WAKE,10/10/23,18-05,920001,C,TOWN OF CARY MAYOR,Write-In (Miscellaneous),,1,14,0,0,0,14,Y
WAKE,10/10/23,18-05,920002,C,TOWN OF CARY TOWN COUNCIL AT-LARGE,Don Frantz (Write-In),,1,0,0,0,0,0,Y
WAKE,10/10/23,18-05,920002,C,TOWN OF CARY TOWN COUNCIL AT-LARGE,Lori Bush, ,1,182,0,0,0,182,Y
WAKE,10/10/23,18-05,920002,C,TOWN OF CARY TOWN COUNCIL AT-LARGE,Mary Insprucker, ,1,74,0,0,0,74,Y
WAKE,10/10/23,18-05,920002,C,TOWN OF CARY TOWN COUNCIL AT-LARGE,Matthew Gronke, ,1,9,0,0,0,9,Y
WAKE,10/10/23,18-05,920002,C,TOWN OF CARY TOWN COUNCIL AT-LARGE,Michelle Craig (Write-In),,1,0,0,0,0,0,Y
WAKE,10/10/23,18-05,920002,C,TOWN OF CARY TOWN COUNCIL AT-LARGE,Sarika Bansal (Write-In),,1,0,0,0,0,0,Y
WAKE,10/10/23,18-05,920002,C,TOWN OF CARY TOWN COUNCIL AT-LARGE,Write-In (Miscellaneous),,1,1,0,0,0,1,Y
WAKE,10/10/23,18-08,920001,C,TOWN OF CARY MAYOR,Dennis Midkiff (Write-In),,1,0,0,0,0,0,Y
WAKE,10/10/23,18-08,920001,C,TOWN OF CARY MAYOR,Don Frantz (Write-In),,1,0,0,0,0,0,Y
WAKE,10/10/23,18-08,920001,C,TOWN OF CARY MAYOR,Ed Yerha (Write-In),,1,0,0,0,0,0,Y
WAKE,10/10/23,18-08,920001,C,TOWN OF CARY MAYOR,"Harold Weinbrecht, Jr.", ,1,177,0,0,0,177,Y
WAKE,10/10/23,18-08,920001,C,TOWN OF CARY MAYOR,Jack Smith (Write-In),,1,2,0,0,0,2,Y
WAKE,10/10/23,18-08,920001,C,TOWN OF CARY MAYOR,Lori Bush (Write-In),,1,0,0,0,0,0,Y
WAKE,10/10/23,18-08,920001,C,TOWN OF CARY MAYOR,Mary Collins (Write-In),,1,0,0,0,0,0,Y
WAKE,10/10/23,18-08,920001,C,TOWN OF CARY MAYOR,Mary Insprucker (Write-In),,1,0,0,0,0,0,Y
WAKE,10/10/23,18-08,920001,C,TOWN OF CARY MAYOR,Sarika Bansal (Write-In),,1,0,0,0,0,0,Y
WAKE,10/10/23,18-08,920001,C,TOWN OF CARY MAYOR,Write-In (Miscellaneous),,1,6,0,0,0,6,Y
WAKE,10/10/23,18-08,920002,C,TOWN OF CARY TOWN COUNCIL AT-LARGE,Don Frantz (Write-In),,1,0,0,0,0,0,Y
WAKE,10/10/23,18-08,920002,C,TOWN OF CARY TOWN COUNCIL AT-LARGE,Lori Bush, ,1,130,0,0,0,130,Y
WAKE,10/10/23,18-08,920002,C,TOWN OF CARY TOWN COUNCIL AT-LARGE,Mary Insprucker, ,1,66,0,0,0,66,Y
WAKE,10/10/23,18-08,920002,C,TOWN OF CARY TOWN COUNCIL AT-LARGE,Matthew Gronke, ,1,9,0,0,0,9,Y
WAKE,10/10/23,18-08,920002,C,TOWN OF CARY TOWN COUNCIL AT-LARGE,Michelle Craig (Write-In),,1,0,0,0,0,0,Y
WAKE,10/10/23,18-08,920002,C,TOWN OF CARY TOWN COUNCIL AT-LARGE,Sarika Bansal (Write-In),,1,0,0,0,0,0,Y
WAKE,10/10/23,18-08,920002,C,TOWN OF CARY TOWN COUNCIL AT-LARGE,Write-In (Miscellaneous),,1,1,0,0,0,1,Y
WAKE,10/10/23,20-04,920001,C,TOWN OF CARY MAYOR,Dennis Midkiff (Write-In),,1,0,0,0,0,0,Y
WAKE,10/10/23,20-04,920001,C,TOWN OF CARY MAYOR,Don Frantz (Write-In),,1,0,0,0,0,0,Y
WAKE,10/10/23,20-04,920001,C,TOWN OF CARY MAYOR,Ed Yerha (Write-In),,1,0,0,0,0,0,Y
WAKE,10/10/23,20-04,920001,C,TOWN OF CARY MAYOR,"Harold Weinbrecht, Jr.", ,1,159,0,0,0,159,Y
WAKE,10/10/23,20-04,920001,C,TOWN OF CARY MAYOR,Jack Smith (Write-In),,1,0,0,0,0,0,Y
WAKE,10/10/23,20-04,920001,C,TOWN OF CARY MAYOR,Lori Bush (Write-In),,1,0,0,0,0,0,Y
WAKE,10/10/23,20-04,920001,C,TOWN OF CARY MAYOR,Mary Collins (Write-In),,1,0,0,0,0,0,Y
WAKE,10/10/23,20-04,920001,C,TOWN OF CARY MAYOR,Mary Insprucker (Write-In),,1,0,0,0,0,0,Y
WAKE,10/10/23,20-04,920001,C,TOWN OF CARY MAYOR,Sarika Bansal (Write-In),,1,0,0,0,0,0,Y
WAKE,10/10/23,20-04,920001,C,TOWN OF CARY MAYOR,Write-In (Miscellaneous),,1,6,0,0,0,6,Y
WAKE,10/10/23,20-04,920002,C,TOWN OF CARY TOWN COUNCIL AT-LARGE,Don Frantz (Write-In),,1,0,0,0,0,0,Y
WAKE,10/10/23,20-04,920002,C,TOWN OF CARY TOWN COUNCIL AT-LARGE,Lori Bush, ,1,146,0,0,0,146,Y
WAKE,10/10/23,20-04,920002,C,TOWN OF CARY TOWN COUNCIL AT-LARGE,Mary Insprucker, ,1,34,0,0,0,34,Y
WAKE,10/10/23,20-04,920002,C,TOWN OF CARY TOWN COUNCIL AT-LARGE,Matthew Gronke, ,1,4,0,0,0,4,Y
WAKE,10/10/23,20-04,920002,C,TOWN OF CARY TOWN COUNCIL AT-LARGE,Michelle Craig (Write-In),,1,0,0,0,0,0,Y
WAKE,10/10/23,20-04,920002,C,TOWN OF CARY TOWN COUNCIL AT-LARGE,Sarika Bansal (Write-In),,1,0,0,0,0,0,Y
WAKE,10/10/23,20-04,920002,C,TOWN OF CARY TOWN COUNCIL AT-LARGE,Write-In (Miscellaneous),,1,0,0,0,0,0,Y
WAKE,10/10/23,20-05,920001,C,TOWN OF CARY MAYOR,Dennis Midkiff (Write-In),,1,0,0,0,0,0,Y
WAKE,10/10/23,20-05,920001,C,TOWN OF CARY MAYOR,Don Frantz (Write-In),,1,0,0,0,0,0,Y
WAKE,10/10/23,20-05,920001,C,TOWN OF CARY MAYOR,Ed Yerha (Write-In),,1,0,0,0,0,0,Y
WAKE,10/10/23,20-05,920001,C,TOWN OF CARY MAYOR,"Harold Weinbrecht, Jr.", ,1,145,0,0,0,145,Y
WAKE,10/10/23,20-05,920001,C,TOWN OF CARY MAYOR,Jack Smith (Write-In),,1,0,0,0,0,0,Y
WAKE,10/10/23,20-05,920001,C,TOWN OF CARY MAYOR,Lori Bush (Write-In),,1,0,0,0,0,0,Y
WAKE,10/10/23,20-05,920001,C,TOWN OF CARY MAYOR,Mary Collins (Write-In),,1,0,0,0,0,0,Y
WAKE,10/10/23,20-05,920001,C,TOWN OF CARY MAYOR,Mary Insprucker (Write-In),,1,0,0,0,0,0,Y
WAKE,10/10/23,20-05,920001,C,TOWN OF CARY MAYOR,Sarika Bansal (Write-In),,1,0,0,0,0,0,Y
WAKE,10/10/23,20-05,920001,C,TOWN OF CARY MAYOR,Write-In (Miscellaneous),,1,7,0,0,0,7,Y
WAKE,10/10/23,20-05,920002,C,TOWN OF CARY TOWN COUNCIL AT-LARGE,Don Frantz (Write-In),,1,0,0,0,0,0,Y
WAKE,10/10/23,20-05,920002,C,TOWN OF CARY TOWN COUNCIL AT-LARGE,Lori Bush, ,1,115,0,0,0,115,Y
WAKE,10/10/23,20-05,920002,C,TOWN OF CARY TOWN COUNCIL AT-LARGE,Mary Insprucker, ,1,56,0,0,0,56,Y
WAKE,10/10/23,20-05,920002,C,TOWN OF CARY TOWN COUNCIL AT-LARGE,Matthew Gronke, ,1,9,0,0,0,9,Y
WAKE,10/10/23,20-05,920002,C,TOWN OF CARY TOWN COUNCIL AT-LARGE,Michelle Craig (Write-In),,1,0,0,0,0,0,Y
WAKE,10/10/23,20-05,920002,C,TOWN OF CARY TOWN COUNCIL AT-LARGE,Sarika Bansal (Write-In),,1,0,0,0,0,0,Y
WAKE,10/10/23,20-05,920002,C,TOWN OF CARY TOWN COUNCIL AT-LARGE,Write-In (Miscellaneous),,1,0,0,0,0,0,Y
WAKE,10/10/23,20-09,920001,C,TOWN OF CARY MAYOR,Dennis Midkiff (Write-In),,1,0,0,0,0,0,Y
WAKE,10/10/23,20-09,920001,C,TOWN OF CARY MAYOR,Don Frantz (Write-In),,1,0,0,0,0,0,Y
WAKE,10/10/23,20-09,920001,C,TOWN OF CARY MAYOR,Ed Yerha (Write-In),,1,0,0,0,0,0,Y
WAKE,10/10/23,20-09,920001,C,TOWN OF CARY MAYOR,"Harold Weinbrecht, Jr.", ,1,0,0,0,0,0,Y
WAKE,10/10/23,20-09,920001,C,TOWN OF CARY MAYOR,Jack Smith (Write-In),,1,0,0,0,0,0,Y
WAKE,10/10/23,20-09,920001,C,TOWN OF CARY MAYOR,Lori Bush (Write-In),,1,0,0,0,0,0,Y
WAKE,10/10/23,20-09,920001,C,TOWN OF CARY MAYOR,Mary Collins (Write-In),,1,0,0,0,0,0,Y
WAKE,10/10/23,20-09,920001,C,TOWN OF CARY MAYOR,Mary Insprucker (Write-In),,1,0,0,0,0,0,Y
WAKE,10/10/23,20-09,920001,C,TOWN OF CARY MAYOR,Sarika Bansal (Write-In),,1,0,0,0,0,0,Y
WAKE,10/10/23,20-09,920001,C,TOWN OF CARY MAYOR,Write-In (Miscellaneous),,1,0,0,0,0,0,Y
WAKE,10/10/23,20-09,920002,C,TOWN OF CARY TOWN COUNCIL AT-LARGE,Don Frantz (Write-In),,1,0,0,0,0,0,Y
WAKE,10/10/23,20-09,920002,C,TOWN OF CARY TOWN COUNCIL AT-LARGE,Lori Bush, ,1,0,0,0,0,0,Y
WAKE,10/10/23,20-09,920002,C,TOWN OF CARY TOWN COUNCIL AT-LARGE,Mary Insprucker, ,1,0,0,0,0,0,Y
WAKE,10/10/23,20-09,920002,C,TOWN OF CARY TOWN COUNCIL AT-LARGE,Matthew Gronke, ,1,0,0,0,0,0,Y
WAKE,10/10/23,20-09,920002,C,TOWN OF CARY TOWN COUNCIL AT-LARGE,Michelle Craig (Write-In),,1,0,0,0,0,0,Y
WAKE,10/10/23,20-09,920002,C,TOWN OF CARY TOWN COUNCIL AT-LARGE,Sarika Bansal (Write-In),,1,0,0,0,0,0,Y
WAKE,10/10/23,20-09,920002,C,TOWN OF CARY TOWN COUNCIL AT-LARGE,Write-In (Miscellaneous),,1,0,0,0,0,0,Y
WAKE,10/10/23,20-10,920001,C,TOWN OF CARY MAYOR,Dennis Midkiff (Write-In),,1,0,0,0,0,0,Y
WAKE,10/10/23,20-10,920001,C,TOWN OF CARY MAYOR,Don Frantz (Write-In),,1,0,0,0,0,0,Y
WAKE,10/10/23,20-10,920001,C,TOWN OF CARY MAYOR,Ed Yerha (Write-In),,1,0,0,0,0,0,Y
WAKE,10/10/23,20-10,920001,C,TOWN OF CARY MAYOR,"Harold Weinbrecht, Jr.", ,1,233,0,0,0,233,Y
WAKE,10/10/23,20-10,920001,C,TOWN OF CARY MAYOR,Jack Smith (Write-In),,1,0,0,0,0,0,Y
WAKE,10/10/23,20-10,920001,C,TOWN OF CARY MAYOR,Lori Bush (Write-In),,1,1,0,0,0,1,Y
WAKE,10/10/23,20-10,920001,C,TOWN OF CARY MAYOR,Mary Collins (Write-In),,1,0,0,0,0,0,Y
WAKE,10/10/23,20-10,920001,C,TOWN OF CARY MAYOR,Mary Insprucker (Write-In),,1,0,0,0,0,0,Y
WAKE,10/10/23,20-10,920001,C,TOWN OF CARY MAYOR,Sarika Bansal (Write-In),,1,1,0,0,0,1,Y
WAKE,10/10/23,20-10,920001,C,TOWN OF CARY MAYOR,Write-In (Miscellaneous),,1,11,0,0,0,11,Y
WAKE,10/10/23,20-10,920002,C,TOWN OF CARY TOWN COUNCIL AT-LARGE,Don Frantz (Write-In),,1,0,0,0,0,0,Y
WAKE,10/10/23,20-10,920002,C,TOWN OF CARY TOWN COUNCIL AT-LARGE,Lori Bush, ,1,184,0,0,0,184,Y
WAKE,10/10/23,20-10,920002,C,TOWN OF CARY TOWN COUNCIL AT-LARGE,Mary Insprucker, ,1,66,0,0,0,66,Y
WAKE,10/10/23,20-10,920002,C,TOWN OF CARY TOWN COUNCIL AT-LARGE,Matthew Gronke, ,1,14,0,0,0,14,Y
WAKE,10/10/23,20-10,920002,C,TOWN OF CARY TOWN COUNCIL AT-LARGE,Michelle Craig (Write-In),,1,0,0,0,0,0,Y
WAKE,10/10/23,20-10,920002,C,TOWN OF CARY TOWN COUNCIL AT-LARGE,Sarika Bansal (Write-In),,1,2,0,0,0,2,Y
WAKE,10/10/23,20-10,920002,C,TOWN OF CARY TOWN COUNCIL AT-LARGE,Write-In (Miscellaneous),,1,0,0,0,0,0,Y
WAKE,10/10/23,20-14,920001,C,TOWN OF CARY MAYOR,Dennis Midkiff (Write-In),,1,0,0,0,0,0,Y
WAKE,10/10/23,20-14,920001,C,TOWN OF CARY MAYOR,Don Frantz (Write-In),,1,0,0,0,0,0,Y
WAKE,10/10/23,20-14,920001,C,TOWN OF CARY MAYOR,Ed Yerha (Write-In),,1,0,0,0,0,0,Y
WAKE,10/10/23,20-14,920001,C,TOWN OF CARY MAYOR,"Harold Weinbrecht, Jr.", ,1,600,0,0,0,600,Y
WAKE,10/10/23,20-14,920001,C,TOWN OF CARY MAYOR,Jack Smith (Write-In),,1,0,0,0,0,0,Y
WAKE,10/10/23,20-14,920001,C,TOWN OF CARY MAYOR,Lori Bush (Write-In),,1,0,0,0,0,0,Y
WAKE,10/10/23,20-14,920001,C,TOWN OF CARY MAYOR,Mary Collins (Write-In),,1,0,0,0,0,0,Y
WAKE,10/10/23,20-14,920001,C,TOWN OF CARY MAYOR,Mary Insprucker (Write-In),,1,0,0,0,0,0,Y
WAKE,10/10/23,20-14,920001,C,TOWN OF CARY MAYOR,Sarika Bansal (Write-In),,1,1,0,0,0,1,Y
WAKE,10/10/23,20-14,920001,C,TOWN OF CARY MAYOR,Write-In (Miscellaneous),,1,21,0,0,0,21,Y
WAKE,10/10/23,20-14,920002,C,TOWN OF CARY TOWN COUNCIL AT-LARGE,Don Frantz (Write-In),,1,0,0,0,0,0,Y
WAKE,10/10/23,20-14,920002,C,TOWN OF CARY TOWN COUNCIL AT-LARGE,Lori Bush, ,1,490,0,0,0,490,Y
WAKE,10/10/23,20-14,920002,C,TOWN OF CARY TOWN COUNCIL AT-LARGE,Mary Insprucker, ,1,125,0,0,0,125,Y
WAKE,10/10/23,20-14,920002,C,TOWN OF CARY TOWN COUNCIL AT-LARGE,Matthew Gronke, ,1,55,0,0,0,55,Y
WAKE,10/10/23,20-14,920002,C,TOWN OF CARY TOWN COUNCIL AT-LARGE,Michelle Craig (Write-In),,1,0,0,0,0,0,Y
WAKE,10/10/23,20-14,920002,C,TOWN OF CARY TOWN COUNCIL AT-LARGE,Sarika Bansal (Write-In),,1,0,0,0,0,0,Y
WAKE,10/10/23,20-14,920002,C,TOWN OF CARY TOWN COUNCIL AT-LARGE,Write-In (Miscellaneous),,1,2,0,0,0,2,Y
WAKE,10/10/23,20-14,920004,C,TOWN OF CARY TOWN COUNCIL DISTRICT D,Rachel Jordan, ,1,185,0,0,0,185,Y
WAKE,10/10/23,20-14,920004,C,TOWN OF CARY TOWN COUNCIL DISTRICT D,Ryan Eades, ,1,204,0,0,0,204,Y
WAKE,10/10/23,20-14,920004,C,TOWN OF CARY TOWN COUNCIL DISTRICT D,Sarika Bansal, ,1,306,0,0,0,306,Y
WAKE,10/10/23,20-14,920004,C,TOWN OF CARY TOWN COUNCIL DISTRICT D,Write-In (Miscellaneous),,1,0,0,0,0,0,Y
WAKE,10/10/23,20-15,920001,C,TOWN OF CARY MAYOR,Dennis Midkiff (Write-In),,1,0,0,0,0,0,Y
WAKE,10/10/23,20-15,920001,C,TOWN OF CARY MAYOR,Don Frantz (Write-In),,1,0,0,0,0,0,Y
WAKE,10/10/23,20-15,920001,C,TOWN OF CARY MAYOR,Ed Yerha (Write-In),,1,0,0,0,0,0,Y
WAKE,10/10/23,20-15,920001,C,TOWN OF CARY MAYOR,"Harold Weinbrecht, Jr.", ,1,350,0,0,0,350,Y
WAKE,10/10/23,20-15,920001,C,TOWN OF CARY MAYOR,Jack Smith (Write-In),,1,0,0,0,0,0,Y
WAKE,10/10/23,20-15,920001,C,TOWN OF CARY MAYOR,Lori Bush (Write-In),,1,1,0,0,0,1,Y
WAKE,10/10/23,20-15,920001,C,TOWN OF CARY MAYOR,Mary Collins (Write-In),,1,0,0,0,0,0,Y
WAKE,10/10/23,20-15,920001,C,TOWN OF CARY MAYOR,Mary Insprucker (Write-In),,1,0,0,0,0,0,Y
WAKE,10/10/23,20-15,920001,C,TOWN OF CARY MAYOR,Sarika Bansal (Write-In),,1,0,0,0,0,0,Y
WAKE,10/10/23,20-15,920001,C,TOWN OF CARY MAYOR,Write-In (Miscellaneous),,1,13,0,0,0,13,Y
WAKE,10/10/23,20-15,920002,C,TOWN OF CARY TOWN COUNCIL AT-LARGE,Don Frantz (Write-In),,1,0,0,0,0,0,Y
WAKE,10/10/23,20-15,920002,C,TOWN OF CARY TOWN COUNCIL AT-LARGE,Lori Bush, ,1,286,0,0,0,286,Y
WAKE,10/10/23,20-15,920002,C,TOWN OF CARY TOWN COUNCIL AT-LARGE,Mary Insprucker, ,1,82,0,0,0,82,Y
WAKE,10/10/23,20-15,920002,C,TOWN OF CARY TOWN COUNCIL AT-LARGE,Matthew Gronke, ,1,24,0,0,0,24,Y
WAKE,10/10/23,20-15,920002,C,TOWN OF CARY TOWN COUNCIL AT-LARGE,Michelle Craig (Write-In),,1,0,0,0,0,0,Y
WAKE,10/10/23,20-15,920002,C,TOWN OF CARY TOWN COUNCIL AT-LARGE,Sarika Bansal (Write-In),,1,0,0,0,0,0,Y
WAKE,10/10/23,20-15,920002,C,TOWN OF CARY TOWN COUNCIL AT-LARGE,Write-In (Miscellaneous),,1,0,0,0,0,0,Y
WAKE,10/10/23,20-15,920004,C,TOWN OF CARY TOWN COUNCIL DISTRICT D,Rachel Jordan, ,1,160,0,0,0,160,Y
WAKE,10/10/23,20-15,920004,C,TOWN OF CARY TOWN COUNCIL DISTRICT D,Ryan Eades, ,1,71,0,0,0,71,Y
WAKE,10/10/23,20-15,920004,C,TOWN OF CARY TOWN COUNCIL DISTRICT D,Sarika Bansal, ,1,173,0,0,0,173,Y
WAKE,10/10/23,20-15,920004,C,TOWN OF CARY TOWN COUNCIL DISTRICT D,Write-In (Miscellaneous),,1,0,0,0,0,0,Y
WAKE,10/10/23,20-16,920001,C,TOWN OF CARY MAYOR,Dennis Midkiff (Write-In),,1,0,0,0,0,0,Y
WAKE,10/10/23,20-16,920001,C,TOWN OF CARY MAYOR,Don Frantz (Write-In),,1,0,0,0,0,0,Y
WAKE,10/10/23,20-16,920001,C,TOWN OF CARY MAYOR,Ed Yerha (Write-In),,1,0,0,0,0,0,Y
WAKE,10/10/23,20-16,920001,C,TOWN OF CARY MAYOR,"Harold Weinbrecht, Jr.", ,1,245,0,0,0,245,Y
WAKE,10/10/23,20-16,920001,C,TOWN OF CARY MAYOR,Jack Smith (Write-In),,1,0,0,0,0,0,Y
WAKE,10/10/23,20-16,920001,C,TOWN OF CARY MAYOR,Lori Bush (Write-In),,1,2,0,0,0,2,Y
WAKE,10/10/23,20-16,920001,C,TOWN OF CARY MAYOR,Mary Collins (Write-In),,1,0,0,0,0,0,Y
WAKE,10/10/23,20-16,920001,C,TOWN OF CARY MAYOR,Mary Insprucker (Write-In),,1,0,0,0,0,0,Y
WAKE,10/10/23,20-16,920001,C,TOWN OF CARY MAYOR,Sarika Bansal (Write-In),,1,1,0,0,0,1,Y
WAKE,10/10/23,20-16,920001,C,TOWN OF CARY MAYOR,Write-In (Miscellaneous),,1,3,0,0,0,3,Y
WAKE,10/10/23,20-16,920002,C,TOWN OF CARY TOWN COUNCIL AT-LARGE,Don Frantz (Write-In),,1,0,0,0,0,0,Y
WAKE,10/10/23,20-16,920002,C,TOWN OF CARY TOWN COUNCIL AT-LARGE,Lori Bush, ,1,209,0,0,0,209,Y
WAKE,10/10/23,20-16,920002,C,TOWN OF CARY TOWN COUNCIL AT-LARGE,Mary Insprucker, ,1,47,0,0,0,47,Y
WAKE,10/10/23,20-16,920002,C,TOWN OF CARY TOWN COUNCIL AT-LARGE,Matthew Gronke, ,1,19,0,0,0,19,Y
WAKE,10/10/23,20-16,920002,C,TOWN OF CARY TOWN COUNCIL AT-LARGE,Michelle Craig (Write-In),,1,1,0,0,0,1,Y
WAKE,10/10/23,20-16,920002,C,TOWN OF CARY TOWN COUNCIL AT-LARGE,Sarika Bansal (Write-In),,1,0,0,0,0,0,Y
WAKE,10/10/23,20-16,920002,C,TOWN OF CARY TOWN COUNCIL AT-LARGE,Write-In (Miscellaneous),,1,0,0,0,0,0,Y
WAKE,10/10/23,20-16,920004,C,TOWN OF CARY TOWN COUNCIL DISTRICT D,Rachel Jordan, ,1,111,0,0,0,111,Y
WAKE,10/10/23,20-16,920004,C,TOWN OF CARY TOWN COUNCIL DISTRICT D,Ryan Eades, ,1,58,0,0,0,58,Y
WAKE,10/10/23,20-16,920004,C,TOWN OF CARY TOWN COUNCIL DISTRICT D,Sarika Bansal, ,1,118,0,0,0,118,Y
WAKE,10/10/23,20-16,920004,C,TOWN OF CARY TOWN COUNCIL DISTRICT D,Write-In (Miscellaneous),,1,0,0,0,0,0,Y
WAKE,10/10/23,20-17,920001,C,TOWN OF CARY MAYOR,Dennis Midkiff (Write-In),,1,0,0,0,0,0,Y
WAKE,10/10/23,20-17,920001,C,TOWN OF CARY MAYOR,Don Frantz (Write-In),,1,1,0,0,0,1,Y
WAKE,10/10/23,20-17,920001,C,TOWN OF CARY MAYOR,Ed Yerha (Write-In),,1,1,0,0,0,1,Y
WAKE,10/10/23,20-17,920001,C,TOWN OF CARY MAYOR,"Harold Weinbrecht, Jr.", ,1,439,0,0,0,439,Y
WAKE,10/10/23,20-17,920001,C,TOWN OF CARY MAYOR,Jack Smith (Write-In),,1,0,0,0,0,0,Y
WAKE,10/10/23,20-17,920001,C,TOWN OF CARY MAYOR,Lori Bush (Write-In),,1,0,0,0,0,0,Y
WAKE,10/10/23,20-17,920001,C,TOWN OF CARY MAYOR,Mary Collins (Write-In),,1,0,0,0,0,0,Y
WAKE,10/10/23,20-17,920001,C,TOWN OF CARY MAYOR,Mary Insprucker (Write-In),,1,0,0,0,0,0,Y
WAKE,10/10/23,20-17,920001,C,TOWN OF CARY MAYOR,Sarika Bansal (Write-In),,1,2,0,0,0,2,Y
WAKE,10/10/23,20-17,920001,C,TOWN OF CARY MAYOR,Write-In (Miscellaneous),,1,18,0,0,0,18,Y
WAKE,10/10/23,20-17,920002,C,TOWN OF CARY TOWN COUNCIL AT-LARGE,Don Frantz (Write-In),,1,0,0,0,0,0,Y
WAKE,10/10/23,20-17,920002,C,TOWN OF CARY TOWN COUNCIL AT-LARGE,Lori Bush, ,1,374,0,0,0,374,Y
WAKE,10/10/23,20-17,920002,C,TOWN OF CARY TOWN COUNCIL AT-LARGE,Mary Insprucker, ,1,99,0,0,0,99,Y
WAKE,10/10/23,20-17,920002,C,TOWN OF CARY TOWN COUNCIL AT-LARGE,Matthew Gronke, ,1,28,0,0,0,28,Y
WAKE,10/10/23,20-17,920002,C,TOWN OF CARY TOWN COUNCIL AT-LARGE,Michelle Craig (Write-In),,1,0,0,0,0,0,Y
WAKE,10/10/23,20-17,920002,C,TOWN OF CARY TOWN COUNCIL AT-LARGE,Sarika Bansal (Write-In),,1,0,0,0,0,0,Y
WAKE,10/10/23,20-17,920002,C,TOWN OF CARY TOWN COUNCIL AT-LARGE,Write-In (Miscellaneous),,1,6,0,0,0,6,Y
WAKE,10/10/23,20-17,920004,C,TOWN OF CARY TOWN COUNCIL DISTRICT D,Rachel Jordan, ,1,140,0,0,0,140,Y
WAKE,10/10/23,20-17,920004,C,TOWN OF CARY TOWN COUNCIL DISTRICT D,Ryan Eades, ,1,181,0,0,0,181,Y
WAKE,10/10/23,20-17,920004,C,TOWN OF CARY TOWN COUNCIL DISTRICT D,Sarika Bansal, ,1,208,0,0,0,208,Y
WAKE,10/10/23,20-17,920004,C,TOWN OF CARY TOWN COUNCIL DISTRICT D,Write-In (Miscellaneous),,1,2,0,0,0,2,Y
WAKE,10/10/23,ABSEN,3,C,TOWN OF CARY TOWN COUNCIL DISTRICT B,Don Frantz, ,1,0,0,22,0,22,N
WAKE,10/10/23,ABSEN,3,C,TOWN OF CARY TOWN COUNCIL DISTRICT B,Michelle Craig, ,1,0,0,38,0,38,N
WAKE,10/10/23,ABSEN,3,C,TOWN OF CARY TOWN COUNCIL DISTRICT B,Write-In (Miscellaneous),,1,0,0,0,0,0,N
WAKE,10/10/23,ABSEN,320003,C,CITY OF DURHAM MAYOR,C. Burruss, ,1,0,0,0,0,0,N
WAKE,10/10/23,ABSEN,320003,C,CITY OF DURHAM MAYOR,DeDreana Freeman, ,1,0,0,0,0,0,N
WAKE,10/10/23,ABSEN,320003,C,CITY OF DURHAM MAYOR,Jontae Dunston, ,1,0,0,0,0,0,N
WAKE,10/10/23,ABSEN,320003,C,CITY OF DURHAM MAYOR,Leonardo (Leo) Williams, ,1,0,0,0,0,0,N
WAKE,10/10/23,ABSEN,320003,C,CITY OF DURHAM MAYOR,"Marshall Williams, Jr.", ,1,0,0,0,0,0,N
WAKE,10/10/23,ABSEN,320003,C,CITY OF DURHAM MAYOR,Mike Woodard, ,1,0,0,0,0,0,N
WAKE,10/10/23,ABSEN,320003,C,CITY OF DURHAM MAYOR,Nick Pettiford, ,1,0,0,0,0,0,N
WAKE,10/10/23,ABSEN,320003,C,CITY OF DURHAM MAYOR,Sylvester Williams, ,1,0,0,0,0,0,N
WAKE,10/10/23,ABSEN,320004,C,CITY OF DURHAM CITY COUNCIL AT-LARGE,Bonita Green, ,3,0,0,0,0,0,N
WAKE,10/10/23,ABSEN,320004,C,CITY OF DURHAM CITY COUNCIL AT-LARGE,Carl Rist, ,3,0,0,0,0,0,N
WAKE,10/10/23,ABSEN,320004,C,CITY OF DURHAM CITY COUNCIL AT-LARGE,J. J. Campbell, ,3,0,0,0,0,0,N
WAKE,10/10/23,ABSEN,320004,C,CITY OF DURHAM CITY COUNCIL AT-LARGE,Javiera Caballero, ,3,0,0,0,0,0,N
WAKE,10/10/23,ABSEN,320004,C,CITY OF DURHAM CITY COUNCIL AT-LARGE,Khalilah Karim, ,3,0,0,0,0,0,N
WAKE,10/10/23,ABSEN,320004,C,CITY OF DURHAM CITY COUNCIL AT-LARGE,Monique Holsey-Hyman, ,3,0,0,0,0,0,N
WAKE,10/10/23,ABSEN,320004,C,CITY OF DURHAM CITY COUNCIL AT-LARGE,Nate Baker, ,3,0,0,0,0,0,N
WAKE,10/10/23,ABSEN,320004,C,CITY OF DURHAM CITY COUNCIL AT-LARGE,Renee J. Vaughan, ,3,0,0,0,0,0,N
WAKE,10/10/23,ABSEN,320004,C,CITY OF DURHAM CITY COUNCIL AT-LARGE,Shanetta Burris, ,3,0,0,0,0,0,N
WAKE,10/10/23,ABSEN,320004,C,CITY OF DURHAM CITY COUNCIL AT-LARGE,Shelia Ann Huggins, ,3,0,0,0,0,0,N
WAKE,10/10/23,ABSEN,320004,C,CITY OF DURHAM CITY COUNCIL AT-LARGE,Sherri Zann Rosenthal, ,3,0,0,0,0,0,N
WAKE,10/10/23,ABSEN,320004,C,CITY OF DURHAM CITY COUNCIL AT-LARGE,Waldo Fenner, ,3,0,0,0,0,0,N
WAKE,10/10/23,ABSEN,920001,C,TOWN OF CARY MAYOR,Dennis Midkiff (Write-In),,1,0,0,0,0,0,N
WAKE,10/10/23,ABSEN,920001,C,TOWN OF CARY MAYOR,Don Frantz (Write-In),,1,0,0,0,0,0,N
WAKE,10/10/23,ABSEN,920001,C,TOWN OF CARY MAYOR,Ed Yerha (Write-In),,1,0,0,0,0,0,N