,Unnamed: 0,County,Election Date,Precinct,Contest Group ID,Contest Type,Contest Name,Choice,Choice Party,Vote For,Election Day,One Stop,Absentee by Mail,Provisional,Total Votes,Real Precinct
0,2913,MECKLENBURG,11/7/23,001,2,C,CITY OF CHARLOTTE CITY COUNCIL AT-LARGE,Dimple Ajmera,DEM,4,233,89,0,0,322,Y
1,2915,MECKLENBURG,11/7/23,001,2,C,CITY OF CHARLOTTE CITY COUNCIL AT-LARGE,"James (Smuggie) Mitchell, Jr.",DEM,4,230,80,0,0,310,Y
2,2921,MECKLENBURG,11/7/23,001,2,C,CITY OF CHARLOTTE CITY COUNCIL AT-LARGE,LaWana Slack-Mayfield,DEM,4,196,75,0,0,271,Y
3,2927,MECKLENBURG,11/7/23,001,2,C,CITY OF CHARLOTTE CITY COUNCIL AT-LARGE,Steven J. DiFiore II,LIB,4,130,39,0,0,169,Y
4,2929,MECKLENBURG,11/7/23,001,2,C,CITY OF CHARLOTTE CITY COUNCIL AT-LARGE,Victoria Watlington,DEM,4,228,88,0,0,316,Y
5,2955,MECKLENBURG,11/7/23,064,2,C,CITY OF CHARLOTTE CITY COUNCIL AT-LARGE,Dimple Ajmera,DEM,4,123,54,0,0,177,Y
6,2957,MECKLENBURG,11/7/23,064,2,C,CITY OF CHARLOTTE CITY COUNCIL AT-LARGE,"James (Smuggie) Mitchell, Jr.",DEM,4,115,46,0,0,161,Y
7,2963,MECKLENBURG,11/7/23,064,2,C,CITY OF CHARLOTTE CITY COUNCIL AT-LARGE,LaWana Slack-Mayfield,DEM,4,113,50,0,0,163,Y
8,2969,MECKLENBURG,11/7/23,064,2,C,CITY OF CHARLOTTE CITY COUNCIL AT-LARGE,Steven J. DiFiore II,LIB,4,58,17,0,0,75,Y
9,2971,MECKLENBURG,11/7/23,064,2,C,CITY OF CHARLOTTE CITY COUNCIL AT-LARGE,Victoria Watlington,DEM,4,126,58,0,0,184,Y
10,3004,MECKLENBURG,11/7/23,065,2,C,CITY OF CHARLOTTE CITY COUNCIL AT-LARGE,Dimple Ajmera,DEM,4,225,90,0,0,315,Y
11,3006,MECKLENBURG,11/7/23,065,2,C,CITY OF CHARLOTTE CITY COUNCIL AT-LARGE,"James (Smuggie) Mitchell, Jr.",DEM,4,211,80,0,0,291,Y
12,3012,MECKLENBURG,11/7/23,065,2,C,CITY OF CHARLOTTE CITY COUNCIL AT-LARGE,LaWana Slack-Mayfield,DEM,4,203,85,0,0,288,Y
13,3018,MECKLENBURG,11/7/23,065,2,C,CITY OF CHARLOTTE CITY COUNCIL AT-LARGE,Steven J. DiFiore II,LIB,4,105,20,0,0,125,Y
14,3020,MECKLENBURG,11/7/23,065,2,C,CITY OF CHARLOTTE CITY COUNCIL AT-LARGE,Victoria Watlington,DEM,4,229,92,0,0,321,Y
15,3054,MECKLENBURG,11/7/23,066,2,C,CITY OF CHARLOTTE CITY COUNCIL AT-LARGE,Dimple Ajmera,DEM,4,226,70,0,0,296,Y
16,3056,MECKLENBURG,11/7/23,066,2,C,CITY OF CHARLOTTE CITY COUNCIL AT-LARGE,"James (Smuggie) Mitchell, Jr.",DEM,4,209,67,0,0,276,Y
17,3062,MECKLENBURG,11/7/23,066,2,C,CITY OF CHARLOTTE CITY COUNCIL AT-LARGE,LaWana Slack-Mayfield,DEM,4,193,65,0,0,258,Y
18,3068,MECKLENBURG,11/7/23,066,2,C,CITY OF CHARLOTTE CITY COUNCIL AT-LARGE,Steven J. DiFiore II,LIB,4,99,22,0,0,121,Y
19,3070,MECKLENBURG,11/7/23,066,2,C,CITY OF CHARLOTTE CITY COUNCIL AT-LARGE,Victoria Watlington,DEM,4,232,72,0,0,304,Y
20,3103,MECKLENBURG,11/7/23,067,2,C,CITY OF CHARLOTTE CITY COUNCIL AT-LARGE,Dimple Ajmera,DEM,4,189,133,0,0,322,Y
21,3105,MECKLENBURG,11/7/23,067,2,C,CITY OF CHARLOTTE CITY COUNCIL AT-LARGE,"James (Smuggie) Mitchell, Jr.",DEM,4,173,116,0,0,289,Y
22,3111,MECKLENBURG,11/7/23,067,2,C,CITY OF CHARLOTTE CITY COUNCIL AT-LARGE,LaWana Slack-Mayfield,DEM,4,172,119,0,0,291,Y
23,3117,MECKLENBURG,11/7/23,067,2,C,CITY OF CHARLOTTE CITY COUNCIL AT-LARGE,Steven J. DiFiore II,LIB,4,149,50,0,0,199,Y
24,3119,MECKLENBURG,11/7/23,067,2,C,CITY OF CHARLOTTE CITY COUNCIL AT-LARGE,Victoria Watlington,DEM,4,191,137,0,0,328,Y
25,3153,MECKLENBURG,11/7/23,068,2,C,CITY OF CHARLOTTE CITY COUNCIL AT-LARGE,Dimple Ajmera,DEM,4,130,82,0,0,212,Y
26,3155,MECKLENBURG,11/7/23,068,2,C,CITY OF CHARLOTTE CITY COUNCIL AT-LARGE,"James (Smuggie) Mitchell, Jr.",DEM,4,124,74,0,0,198,Y
27,3161,MECKLENBURG,11/7/23,068,2,C,CITY OF CHARLOTTE CITY COUNCIL AT-LARGE,LaWana Slack-Mayfield,DEM,4,114,74,0,0,188,Y
28,3167,MECKLENBURG,11/7/23,068,2,C,CITY OF CHARLOTTE CITY COUNCIL AT-LARGE,Steven J. DiFiore II,LIB,4,85,16,0,0,101,Y
29,3169,MECKLENBURG,11/7/23,068,2,C,CITY OF CHARLOTTE CITY COUNCIL AT-LARGE,Victoria Watlington,DEM,4,136,81,0,0,217,Y
30,3203,MECKLENBURG,11/7/23,069,2,C,CITY OF CHARLOTTE CITY COUNCIL AT-LARGE,Dimple Ajmera,DEM,4,422,196,0,0,618,Y
31,3205,MECKLENBURG,11/7/23,069,2,C,CITY OF CHARLOTTE CITY COUNCIL AT-LARGE,"James (Smuggie) Mitchell, Jr.",DEM,4,412,171,0,0,583,Y
32,3211,MECKLENBURG,11/7/23,069,2,C,CITY OF CHARLOTTE CITY COUNCIL AT-LARGE,LaWana Slack-Mayfield,DEM,4,366,167,0,0,533,Y
33,3217,MECKLENBURG,11/7/23,069,2,C,CITY OF CHARLOTTE CITY COUNCIL AT-LARGE,Steven J. DiFiore II,LIB,4,281,106,0,0,387,Y
34,3219,MECKLENBURG,11/7/23,069,2,C,CITY OF CHARLOTTE CITY COUNCIL AT-LARGE,Victoria Watlington,DEM,4,420,195,0,0,615,Y
35,3253,MECKLENBURG,11/7/23,070,2,C,CITY OF CHARLOTTE CITY COUNCIL AT-LARGE,Dimple Ajmera,DEM,4,298,201,0,0,499,Y
36,3255,MECKLENBURG,11/7/23,070,2,C,CITY OF CHARLOTTE CITY COUNCIL AT-LARGE,"James (Smuggie) Mitchell, Jr.",DEM,4,310,179,0,0,489,Y
37,3261,MECKLENBURG,11/7/23,070,2,C,CITY OF CHARLOTTE CITY COUNCIL AT-LARGE,LaWana Slack-Mayfield,DEM,4,269,171,0,0,440,Y
38,3267,MECKLENBURG,11/7/23,070,2,C,CITY OF CHARLOTTE CITY COUNCIL AT-LARGE,Steven J. DiFiore II,LIB,4,202,69,0,0,271,Y
39,3269,MECKLENBURG,11/7/23,070,2,C,CITY OF CHARLOTTE CITY COUNCIL AT-LARGE,Victoria Watlington,DEM,4,307,188,0,0,495,Y
40,3303,MECKLENBURG,11/7/23,071,2,C,CITY OF CHARLOTTE CITY COUNCIL AT-LARGE,Dimple Ajmera,DEM,4,215,91,0,0,306,Y
41,3305,MECKLENBURG,11/7/23,071,2,C,CITY OF CHARLOTTE CITY COUNCIL AT-LARGE,"James (Smuggie) Mitchell, Jr.",DEM,4,209,76,0,0,285,Y
42,3311,MECKLENBURG,11/7/23,071,2,C,CITY OF CHARLOTTE CITY COUNCIL AT-LARGE,LaWana Slack-Mayfield,DEM,4,169,83,0,0,252,Y
43,3317,MECKLENBURG,11/7/23,071,2,C,CITY OF CHARLOTTE CITY COUNCIL AT-LARGE,Steven J. DiFiore II,LIB,4,161,66,0,0,227,Y
44,3319,MECKLENBURG,11/7/23,071,2,C,CITY OF CHARLOTTE CITY COUNCIL AT-LARGE,Victoria Watlington,DEM,4,210,90,0,0,300,Y
45,3353,MECKLENBURG,11/7/23,072,2,C,CITY OF CHARLOTTE CITY COUNCIL AT-LARGE,Dimple Ajmera,DEM,4,207,106,0,0,313,Y
46,3355,MECKLENBURG,11/7/23,072,2,C,CITY OF CHARLOTTE CITY COUNCIL AT-LARGE,"James (Smuggie) Mitchell, Jr.",DEM,4,182,95,0,0,277,Y
47,3361,MECKLENBURG,11/7/23,072,2,C,CITY OF CHARLOTTE CITY COUNCIL AT-LARGE,LaWana Slack-Mayfield,DEM,4,171,95,0,0,266,Y
48,3367,MECKLENBURG,11/7/23,072,2,C,CITY OF CHARLOTTE CITY COUNCIL AT-LARGE,Steven J. DiFiore II,LIB,4,156,33,0,0,189,Y
49,3369,MECKLENBURG,11/7/23,072,2,C,CITY OF CHARLOTTE CITY COUNCIL AT-LARGE,Victoria Watlington,DEM,4,202,105,0,0,307,Y
50,3404,MECKLENBURG,11/7/23,137,2,C,CITY OF CHARLOTTE CITY COUNCIL AT-LARGE,Dimple Ajmera,DEM,4,405,154,0,0,559,Y
51,3406,MECKLENBURG,11/7/23,137,2,C,CITY OF CHARLOTTE CITY COUNCIL AT-LARGE,"James (Smuggie) Mitchell, Jr.",DEM,4,363,147,0,0,510,Y
52,3412,MECKLENBURG,11/7/23,137,2,C,CITY OF CHARLOTTE CITY COUNCIL AT-LARGE,LaWana Slack-Mayfield,DEM,4,333,144,0,0,477,Y
53,3418,MECKLENBURG,11/7/23,137,2,C,CITY OF CHARLOTTE CITY COUNCIL AT-LARGE,Steven J. DiFiore II,LIB,4,276,72,0,0,348,Y
54,3420,MECKLENBURG,11/7/23,137,2,C,CITY OF CHARLOTTE CITY COUNCIL AT-LARGE,Victoria Watlington,DEM,4,387,155,0,0,542,Y
55,3454,MECKLENBURG,11/7/23,138,2,C,CITY OF CHARLOTTE CITY COUNCIL AT-LARGE,Dimple Ajmera,DEM,4,150,103,0,0,253,Y
56,3456,MECKLENBURG,11/7/23,138,2,C,CITY OF CHARLOTTE CITY COUNCIL AT-LARGE,"James (Smuggie) Mitchell, Jr.",DEM,4,150,98,0,0,248,Y
57,3462,MECKLENBURG,11/7/23,138,2,C,CITY OF CHARLOTTE CITY COUNCIL AT-LARGE,LaWana Slack-Mayfield,DEM,4,145,97,0,0,242,Y
58,3468,MECKLENBURG,11/7/23,138,2,C,CITY OF CHARLOTTE CITY COUNCIL AT-LARGE,Steven J. DiFiore II,LIB,4,34,18,0,0,52,Y
59,3470,MECKLENBURG,11/7/23,138,2,C,CITY OF CHARLOTTE CITY COUNCIL AT-LARGE,Victoria Watlington,DEM,4,150,101,0,0,251,Y
60,3504,MECKLENBURG,11/7/23,139.1,2,C,CITY OF CHARLOTTE CITY COUNCIL AT-LARGE,Dimple Ajmera,DEM,4,220,118,0,0,338,Y
61,3506,MECKLENBURG,11/7/23,139.1,2,C,CITY OF CHARLOTTE CITY COUNCIL AT-LARGE,"James (Smuggie) Mitchell, Jr.",DEM,4,206,111,0,0,317,Y
62,3512,MECKLENBURG,11/7/23,139.1,2,C,CITY OF CHARLOTTE CITY COUNCIL AT-LARGE,LaWana Slack-Mayfield,DEM,4,196,112,0,0,308,Y
63,3518,MECKLENBURG,11/7/23,139.1,2,C,CITY OF CHARLOTTE CITY COUNCIL AT-LARGE,Steven J. DiFiore II,LIB,4,126,50,0,0,176,Y
64,3520,MECKLENBURG,11/7/23,139.1,2,C,CITY OF CHARLOTTE CITY COUNCIL AT-LARGE,Victoria Watlington,DEM,4,213,120,0,0,333,Y
65,3554,MECKLENBURG,11/7/23,140,2,C,CITY OF CHARLOTTE CITY COUNCIL AT-LARGE,Dimple Ajmera,DEM,4,259,233,0,0,492,Y
66,3556,MECKLENBURG,11/7/23,140,2,C,CITY OF CHARLOTTE CITY COUNCIL AT-LARGE,"James (Smuggie) Mitchell, Jr.",DEM,4,241,230,0,0,471,Y
67,3562,MECKLENBURG,11/7/23,140,2,C,CITY OF CHARLOTTE CITY COUNCIL AT-LARGE,LaWana Slack-Mayfield,DEM,4,231,212,0,0,443,Y
68,3568,MECKLENBURG,11/7/23,140,2,C,CITY OF CHARLOTTE CITY COUNCIL AT-LARGE,Steven J. DiFiore II,LIB,4,160,122,0,0,282,Y
69,3570,MECKLENBURG,11/7/23,140,2,C,CITY OF CHARLOTTE CITY COUNCIL AT-LARGE,Victoria Watlington,DEM,4,262,240,0,0,502,Y
70,3604,MECKLENBURG,11/7/23,141,2,C,CITY OF CHARLOTTE CITY COUNCIL AT-LARGE,Dimple Ajmera,DEM,4,45,16,0,0,61,Y
71,3606,MECKLENBURG,11/7/23,141,2,C,CITY OF CHARLOTTE CITY COUNCIL AT-LARGE,"James (Smuggie) Mitchell, Jr.",DEM,4,46,15,0,0,61,Y
72,3612,MECKLENBURG,11/7/23,141,2,C,CITY OF CHARLOTTE CITY COUNCIL AT-LARGE,LaWana Slack-Mayfield,DEM,4,47,16,0,0,63,Y
73,3618,MECKLENBURG,11/7/23,141,2,C,CITY OF CHARLOTTE CITY COUNCIL AT-LARGE,Steven J. DiFiore II,LIB,4,19,1,0,0,20,Y
74,3620,MECKLENBURG,11/7/23,141,2,C,CITY OF CHARLOTTE CITY COUNCIL AT-LARGE,Victoria Watlington,DEM,4,45,15,0,0,60,Y
75,3743,MECKLENBURG,11/7/23,144,2,C,CITY OF CHARLOTTE CITY COUNCIL AT-LARGE,Dimple Ajmera,DEM,4,249,218,0,0,467,Y
76,3745,MECKLENBURG,11/7/23,144,2,C,CITY OF CHARLOTTE CITY COUNCIL AT-LARGE,"James (Smuggie) Mitchell, Jr.",DEM,4,230,203,0,0,433,Y
77,3751,MECKLENBURG,11/7/23,144,2,C,CITY OF CHARLOTTE CITY COUNCIL AT-LARGE,LaWana Slack-Mayfield,DEM,4,210,194,0,0,404,Y
78,3757,MECKLENBURG,11/7/23,144,2,C,CITY OF CHARLOTTE CITY COUNCIL AT-LARGE,Steven J. DiFiore II,LIB,4,176,80,0,0,256,Y
79,3759,MECKLENBURG,11/7/23,144,2,C,CITY OF CHARLOTTE CITY COUNCIL AT-LARGE,Victoria Watlington,DEM,4,244,211,0,0,455,Y
80,3793,MECKLENBURG,11/7/23,145,2,C,CITY OF CHARLOTTE CITY COUNCIL AT-LARGE,Dimple Ajmera,DEM,4,800,434,0,0,1234,Y
81,3795,MECKLENBURG,11/7/23,145,2,C,CITY OF CHARLOTTE CITY COUNCIL AT-LARGE,"James (Smuggie) Mitchell, Jr.",DEM,4,769,418,0,0,1187,Y
82,3801,MECKLENBURG,11/7/23,145,2,C,CITY OF CHARLOTTE CITY COUNCIL AT-LARGE,LaWana Slack-Mayfield,DEM,4,754,418,0,0,1172,Y
83,3807,MECKLENBURG,11/7/23,145,2,C,CITY OF CHARLOTTE CITY COUNCIL AT-LARGE,Steven J. DiFiore II,LIB,4,271,57,0,0,328,Y
84,3809,MECKLENBURG,11/7/23,145,2,C,CITY OF CHARLOTTE CITY COUNCIL AT-LARGE,Victoria Watlington,DEM,4,797,436,0,0,1233,Y
85,7281,MECKLENBURG,11/7/23,055,2,C,CITY OF CHARLOTTE CITY COUNCIL AT-LARGE,Dimple Ajmera,DEM,4,137,92,0,0,229,Y
86,7283,MECKLENBURG,11/7/23,055,2,C,CITY OF CHARLOTTE CITY COUNCIL AT-LARGE,"James (Smuggie) Mitchell, Jr.",DEM,4,143,99,0,0,242,Y
87,7289,MECKLENBURG,11/7/23,055,2,C,CITY OF CHARLOTTE CITY COUNCIL AT-LARGE,LaWana Slack-Mayfield,DEM,4,139,92,0,0,231,Y
88,7295,MECKLENBURG,11/7/23,055,2,C,CITY OF CHARLOTTE CITY COUNCIL AT-LARGE,Steven J. DiFiore II,LIB,4,17,3,0,0,20,Y
89,7297,MECKLENBURG,11/7/23,055,2,C,CITY OF CHARLOTTE CITY COUNCIL AT-LARGE,Victoria Watlington,DEM,4,136,91,0,0,227,Y
90,7330,MECKLENBURG,11/7/23,056,2,C,CITY OF CHARLOTTE CITY COUNCIL AT-LARGE,Dimple Ajmera,DEM,4,95,41,0,0,136,Y
91,7332,MECKLENBURG,11/7/23,056,2,C,CITY OF CHARLOTTE CITY COUNCIL AT-LARGE,"James (Smuggie) Mitchell, Jr.",DEM,4,96,47,0,0,143,Y
92,7338,MECKLENBURG,11/7/23,056,2,C,CITY OF CHARLOTTE CITY COUNCIL AT-LARGE,LaWana Slack-Mayfield,DEM,4,96,42,0,0,138,Y
93,7344,MECKLENBURG,11/7/23,056,2,C,CITY OF CHARLOTTE CITY COUNCIL AT-LARGE,Steven J. DiFiore II,LIB,4,18,8,0,0,26,Y
94,7346,MECKLENBURG,11/7/23,056,2,C,CITY OF CHARLOTTE CITY COUNCIL AT-LARGE,Victoria Watlington,DEM,4,95,47,0,0,142,Y
95,7381,MECKLENBURG,11/7/23,057,2,C,CITY OF CHARLOTTE CITY COUNCIL AT-LARGE,Dimple Ajmera,DEM,4,264,228,0,0,492,Y
96,7383,MECKLENBURG,11/7/23,057,2,C,CITY OF CHARLOTTE CITY COUNCIL AT-LARGE,"James (Smuggie) Mitchell, Jr.",DEM,4,264,203,0,0,467,Y
97,7389,MECKLENBURG,11/7/23,057,2,C,CITY OF CHARLOTTE CITY COUNCIL AT-LARGE,LaWana Slack-Mayfield,DEM,4,239,201,0,0,440,Y
98,7395,MECKLENBURG,11/7/23,057,2,C,CITY OF CHARLOTTE CITY COUNCIL AT-LARGE,Steven J. DiFiore II,LIB,4,153,78,0,0,231,Y
99,7397,MECKLENBURG,11/7/23,057,2,C,CITY OF CHARLOTTE CITY COUNCIL AT-LARGE,Victoria Watlington,DEM,4,257,225,0,0,482,Y
100,7431,MECKLENBURG,11/7/23,058,2,C,CITY OF CHARLOTTE CITY COUNCIL AT-LARGE,Dimple Ajmera,DEM,4,217,111,0,0,328,Y
101,7433,MECKLENBURG,11/7/23,058,2,C,CITY OF CHARLOTTE CITY COUNCIL AT-LARGE,"James (Smuggie) Mitchell, Jr.",DEM,4,198,104,0,0,302,Y
102,7439,MECKLENBURG,11/7/23,058,2,C,CITY OF CHARLOTTE CITY COUNCIL AT-LARGE,LaWana Slack-Mayfield,DEM,4,205,105,0,0,310,Y
103,7445,MECKLENBURG,11/7/23,058,2,C,CITY OF CHARLOTTE CITY COUNCIL AT-LARGE,Steven J. DiFiore II,LIB,4,104,37,0,0,141,Y
104,7447,MECKLENBURG,11/7/23,058,2,C,CITY OF CHARLOTTE CITY COUNCIL AT-LARGE,Victoria Watlington,DEM,4,221,116,0,0,337,Y
105,7481,MECKLENBURG,11/7/23,059,2,C,CITY OF CHARLOTTE CITY COUNCIL AT-LARGE,Dimple Ajmera,DEM,4,174,77,0,0,251,Y
106,7483,MECKLENBURG,11/7/23,059,2,C,CITY OF CHARLOTTE CITY COUNCIL AT-LARGE,"James (Smuggie) Mitchell, Jr.",DEM,4,167,66,0,0,233,Y
107,7489,MECKLENBURG,11/7/23,059,2,C,CITY OF CHARLOTTE CITY COUNCIL AT-LARGE,LaWana Slack-Mayfield,DEM,4,169,66,0,0,235,Y
108,7495,MECKLENBURG,11/7/23,059,2,C,CITY OF CHARLOTTE CITY COUNCIL AT-LARGE,Steven J. DiFiore II,LIB,4,92,28,0,0,120,Y
109,7497,MECKLENBURG,11/7/23,059,2,C,CITY OF CHARLOTTE CITY COUNCIL AT-LARGE,Victoria Watlington,DEM,4,187,77,0,0,264,Y
110,7531,MECKLENBURG,11/7/23,060,2,C,CITY OF CHARLOTTE CITY COUNCIL AT-LARGE,Dimple Ajmera,DEM,4,158,169,0,0,327,Y
111,7533,MECKLENBURG,11/7/23,060,2,C,CITY OF CHARLOTTE CITY COUNCIL AT-LARGE,"James (Smuggie) Mitchell, Jr.",DEM,4,170,170,0,0,340,Y
112,7539,MECKLENBURG,11/7/23,060,2,C,CITY OF CHARLOTTE CITY COUNCIL AT-LARGE,LaWana Slack-Mayfield,DEM,4,170,172,0,0,342,Y
113,7545,MECKLENBURG,11/7/23,060,2,C,CITY OF CHARLOTTE CITY COUNCIL AT-LARGE,Steven J. DiFiore II,LIB,4,34,20,0,0,54,Y
114,7547,MECKLENBURG,11/7/23,060,2,C,CITY OF CHARLOTTE CITY COUNCIL AT-LARGE,Victoria Watlington,DEM,4,164,170,0,0,334,Y
115,7582,MECKLENBURG,11/7/23,061,2,C,CITY OF CHARLOTTE CITY COUNCIL AT-LARGE,Dimple Ajmera,DEM,4,204,110,0,0,314,Y
116,7584,MECKLENBURG,11/7/23,061,2,C,CITY OF CHARLOTTE CITY COUNCIL AT-LARGE,"James (Smuggie) Mitchell, Jr.",DEM,4,201,113,0,0,314,Y
117,7590,MECKLENBURG,11/7/23,061,2,C,CITY OF CHARLOTTE CITY COUNCIL AT-LARGE,LaWana Slack-Mayfield,DEM,4,195,110,0,0,305,Y
118,7596,MECKLENBURG,11/7/23,061,2,C,CITY OF CHARLOTTE CITY COUNCIL AT-LARGE,Steven J. DiFiore II,LIB,4,54,14,0,0,68,Y
119,7598,MECKLENBURG,11/7/23,061,2,C,CITY OF CHARLOTTE CITY COUNCIL AT-LARGE,Victoria Watlington,DEM,4,208,110,0,0,318,Y
120,7633,MECKLENBURG,11/7/23,062,2,C,CITY OF CHARLOTTE CITY COUNCIL AT-LARGE,Dimple Ajmera,DEM,4,129,73,0,0,202,Y
121,7635,MECKLENBURG,11/7/23,062,2,C,CITY OF CHARLOTTE CITY COUNCIL AT-LARGE,"James (Smuggie) Mitchell, Jr.",DEM,4,122,65,0,0,187,Y
122,7641,MECKLENBURG,11/7/23,062,2,C,CITY OF CHARLOTTE CITY COUNCIL AT-LARGE,LaWana Slack-Mayfield,DEM,4,127,70,0,0,197,Y
123,7647,MECKLENBURG,11/7/23,062,2,C,CITY OF CHARLOTTE CITY COUNCIL AT-LARGE,Steven J. DiFiore II,LIB,4,26,12,0,0,38,Y
124,7649,MECKLENBURG,11/7/23,062,2,C,CITY OF CHARLOTTE CITY COUNCIL AT-LARGE,Victoria Watlington,DEM,4,131,66,0,0,197,Y
125,7682,MECKLENBURG,11/7/23,063,2,C,CITY OF CHARLOTTE CITY COUNCIL AT-LARGE,Dimple Ajmera,DEM,4,119,74,0,0,193,Y
126,7684,MECKLENBURG,11/7/23,063,2,C,CITY OF CHARLOTTE CITY COUNCIL AT-LARGE,"James (Smuggie) Mitchell, Jr.",DEM,4,111,76,0,0,187,Y
127,7690,MECKLENBURG,11/7/23,063,2,C,CITY OF CHARLOTTE CITY COUNCIL AT-LARGE,LaWana Slack-Mayfield,DEM,4,114,70,0,0,184,Y
128,7696,MECKLENBURG,11/7/23,063,2,C,CITY OF CHARLOTTE CITY COUNCIL AT-LARGE,Steven J. DiFiore II,LIB,4,32,18,0,0,50,Y
129,7698,MECKLENBURG,11/7/23,063,2,C,CITY OF CHARLOTTE CITY COUNCIL AT-LARGE,Victoria Watlington,DEM,4,116,74,0,0,190,Y
130,7777,MECKLENBURG,11/7/23,128,2,C,CITY OF CHARLOTTE CITY COUNCIL AT-LARGE,Dimple Ajmera,DEM,4,303,166,0,0,469,Y
131,7779,MECKLENBURG,11/7/23,128,2,C,CITY OF CHARLOTTE CITY COUNCIL AT-LARGE,"James (Smuggie) Mitchell, Jr.",DEM,4,274,154,0,0,428,Y
132,7785,MECKLENBURG,11/7/23,128,2,C,CITY OF CHARLOTTE CITY COUNCIL AT-LARGE,LaWana Slack-Mayfield,DEM,4,282,161,0,0,443,Y
133,7791,MECKLENBURG,11/7/23,128,2,C,CITY OF CHARLOTTE CITY COUNCIL AT-LARGE,Steven J. DiFiore II,LIB,4,113,34,0,0,147,Y
134,7793,MECKLENBURG,11/7/23,128,2,C,CITY OF CHARLOTTE CITY COUNCIL AT-LARGE,Victoria Watlington,DEM,4,302,164,0,0,466,Y
135,7853,MECKLENBURG,11/7/23,130,2,C,CITY OF CHARLOTTE CITY COUNCIL AT-LARGE,Dimple Ajmera,DEM,4,136,58,0,0,194,Y
136,7855,MECKLENBURG,11/7/23,130,2,C,CITY OF CHARLOTTE CITY COUNCIL AT-LARGE,"James (Smuggie) Mitchell, Jr.",DEM,4,130,55,0,0,185,Y
137,7861,MECKLENBURG,11/7/23,130,2,C,CITY OF CHARLOTTE CITY COUNCIL AT-LARGE,LaWana Slack-Mayfield,DEM,4,131,58,0,0,189,Y
138,7867,MECKLENBURG,11/7/23,130,2,C,CITY OF CHARLOTTE CITY COUNCIL AT-LARGE,Steven J. DiFiore II,LIB,4,42,18,0,0,60,Y
139,7869,MECKLENBURG,11/7/23,130,2,C,CITY OF CHARLOTTE CITY COUNCIL AT-LARGE,Victoria Watlington,DEM,4,137,58,0,0,195,Y
140,7902,MECKLENBURG,11/7/23,131,2,C,CITY OF CHARLOTTE CITY COUNCIL AT-LARGE,Dimple Ajmera,DEM,4,182,110,0,0,292,Y
141,7904,MECKLENBURG,11/7/23,131,2,C,CITY OF CHARLOTTE CITY COUNCIL AT-LARGE,"James (Smuggie) Mitchell, Jr.",DEM,4,168,97,0,0,265,Y
142,7910,MECKLENBURG,11/7/23,131,2,C,CITY OF CHARLOTTE CITY COUNCIL AT-LARGE,LaWana Slack-Mayfield,DEM,4,158,100,0,0,258,Y
143,7916,MECKLENBURG,11/7/23,131,2,C,CITY OF CHARLOTTE CITY COUNCIL AT-LARGE,Steven J. DiFiore II,LIB,4,125,57,0,0,182,Y
144,7918,MECKLENBURG,11/7/23,131,2,C,CITY OF CHARLOTTE CITY COUNCIL AT-LARGE,Victoria Watlington,DEM,4,186,110,0,0,296,Y
145,7952,MECKLENBURG,11/7/23,132,2,C,CITY OF CHARLOTTE CITY COUNCIL AT-LARGE,Dimple Ajmera,DEM,4,176,100,0,0,276,Y
146,7954,MECKLENBURG,11/7/23,132,2,C,CITY OF CHARLOTTE CITY COUNCIL AT-LARGE,"James (Smuggie) Mitchell, Jr.",DEM,4,180,99,0,0,279,Y
147,7960,MECKLENBURG,11/7/23,132,2,C,CITY OF CHARLOTTE CITY COUNCIL AT-LARGE,LaWana Slack-Mayfield,DEM,4,173,94,0,0,267,Y
148,7966,MECKLENBURG,11/7/23,132,2,C,CITY OF CHARLOTTE CITY COUNCIL AT-LARGE,Steven J. DiFiore II,LIB,4,51,17,0,0,68,Y
149,7968,MECKLENBURG,11/7/23,132,2,C,CITY OF CHARLOTTE CITY COUNCIL AT-LARGE,Victoria Watlington,DEM,4,177,92,0,0,269,Y
150,8091,MECKLENBURG,11/7/23,135,2,C,CITY OF CHARLOTTE CITY COUNCIL AT-LARGE,Dimple Ajmera,DEM,4,442,239,0,0,681,Y
151,8093,MECKLENBURG,11/7/23,135,2,C,CITY OF CHARLOTTE CITY COUNCIL AT-LARGE,"James (Smuggie) Mitchell, Jr.",DEM,4,449,241,0,0,690,Y
152,8099,MECKLENBURG,11/7/23,135,2,C,CITY OF CHARLOTTE CITY COUNCIL AT-LARGE,LaWana Slack-Mayfield,DEM,4,448,233,0,0,681,Y
153,8105,MECKLENBURG,11/7/23,135,2,C,CITY OF CHARLOTTE CITY COUNCIL AT-LARGE,Steven J. DiFiore II,LIB,4,73,28,0,0,101,Y
154,8107,MECKLENBURG,11/7/23,135,2,C,CITY OF CHARLOTTE CITY COUNCIL AT-LARGE,Victoria Watlington,DEM,4,444,231,0,0,675,Y
155,8684,MECKLENBURG,11/7/23,002,2,C,CITY OF CHARLOTTE CITY COUNCIL AT-LARGE,Dimple Ajmera,DEM,4,372,114,0,0,486,Y
156,8686,MECKLENBURG,11/7/23,002,2,C,CITY OF CHARLOTTE CITY COUNCIL AT-LARGE,"James (Smuggie) Mitchell, Jr.",DEM,4,328,91,0,0,419,Y
157,8692,MECKLENBURG,11/7/23,002,2,C,CITY OF CHARLOTTE CITY COUNCIL AT-LARGE,LaWana Slack-Mayfield,DEM,4,325,90,0,0,415,Y
158,8698,MECKLENBURG,11/7/23,002,2,C,CITY OF CHARLOTTE CITY COUNCIL AT-LARGE,Steven J. DiFiore II,LIB,4,113,17,0,0,130,Y
159,8700,MECKLENBURG,11/7/23,002,2,C,CITY OF CHARLOTTE CITY COUNCIL AT-LARGE,Victoria Watlington,DEM,4,364,108,0,0,472,Y
160,8735,MECKLENBURG,11/7/23,003,2,C,CITY OF CHARLOTTE CITY COUNCIL AT-LARGE,Dimple Ajmera,DEM,4,147,74,0,0,221,Y
161,8737,MECKLENBURG,11/7/23,003,2,C,CITY OF CHARLOTTE CITY COUNCIL AT-LARGE,"James (Smuggie) Mitchell, Jr.",DEM,4,153,81,0,0,234,Y
162,8743,MECKLENBURG,11/7/23,003,2,C,CITY OF CHARLOTTE CITY COUNCIL AT-LARGE,LaWana Slack-Mayfield,DEM,4,149,77,0,0,226,Y
163,8749,MECKLENBURG,11/7/23,003,2,C,CITY OF CHARLOTTE CITY COUNCIL AT-LARGE,Steven J. DiFiore II,LIB,4,30,6,0,0,36,Y
164,8751,MECKLENBURG,11/7/23,003,2,C,CITY OF CHARLOTTE CITY COUNCIL AT-LARGE,Victoria Watlington,DEM,4,147,75,0,0,222,Y
165,8786,MECKLENBURG,11/7/23,004,2,C,CITY OF CHARLOTTE CITY COUNCIL AT-LARGE,Dimple Ajmera,DEM,4,212,54,0,0,266,Y
166,8788,MECKLENBURG,11/7/23,004,2,C,CITY OF CHARLOTTE CITY COUNCIL AT-LARGE,"James (Smuggie) Mitchell, Jr.",DEM,4,203,51,0,0,254,Y
167,8794,MECKLENBURG,11/7/23,004,2,C,CITY OF CHARLOTTE CITY COUNCIL AT-LARGE,LaWana Slack-Mayfield,DEM,4,199,52,0,0,251,Y
168,8800,MECKLENBURG,11/7/23,004,2,C,CITY OF CHARLOTTE CITY COUNCIL AT-LARGE,Steven J. DiFiore II,LIB,4,49,9,0,0,58,Y
169,8802,MECKLENBURG,11/7/23,004,2,C,CITY OF CHARLOTTE CITY COUNCIL AT-LARGE,Victoria Watlington,DEM,4,209,54,0,0,263,Y
170,8835,MECKLENBURG,11/7/23,005,2,C,CITY OF CHARLOTTE CITY COUNCIL AT-LARGE,Dimple Ajmera,DEM,4,138,35,0,0,173,Y
171,8837,MECKLENBURG,11/7/23,005,2,C,CITY OF CHARLOTTE CITY COUNCIL AT-LARGE,"James (Smuggie) Mitchell, Jr.",DEM,4,131,32,0,0,163,Y
172,8843,MECKLENBURG,11/7/23,005,2,C,CITY OF CHARLOTTE CITY COUNCIL AT-LARGE,LaWana Slack-Mayfield,DEM,4,129,35,0,0,164,Y
173,8849,MECKLENBURG,11/7/23,005,2,C,CITY OF CHARLOTTE CITY COUNCIL AT-LARGE,Steven J. DiFiore II,LIB,4,44,4,0,0,48,Y
174,8851,MECKLENBURG,11/7/23,005,2,C,CITY OF CHARLOTTE CITY COUNCIL AT-LARGE,Victoria Watlington,DEM,4,139,35,0,0,174,Y
175,8884,MECKLENBURG,11/7/23,006,2,C,CITY OF CHARLOTTE CITY COUNCIL AT-LARGE,Dimple Ajmera,DEM,4,138,54,0,0,192,Y
176,8886,MECKLENBURG,11/7/23,006,2,C,CITY OF CHARLOTTE CITY COUNCIL AT-LARGE,"James (Smuggie) Mitchell, Jr.",DEM,4,137,46,0,0,183,Y
177,8892,MECKLENBURG,11/7/23,006,2,C,CITY OF CHARLOTTE CITY COUNCIL AT-LARGE,LaWana Slack-Mayfield,DEM,4,132,50,0,0,182,Y
178,8898,MECKLENBURG,11/7/23,006,2,C,CITY OF CHARLOTTE CITY COUNCIL AT-LARGE,Steven J. DiFiore II,LIB,4,41,10,0,0,51,Y
179,8900,MECKLENBURG,11/7/23,006,2,C,CITY OF CHARLOTTE CITY COUNCIL AT-LARGE,Victoria Watlington,DEM,4,136,51,0,0,187,Y
180,8933,MECKLENBURG,11/7/23,007,2,C,CITY OF CHARLOTTE CITY COUNCIL AT-LARGE,Dimple Ajmera,DEM,4,203,66,0,0,269,Y
181,8935,MECKLENBURG,11/7/23,007,2,C,CITY OF CHARLOTTE CITY COUNCIL AT-LARGE,"James (Smuggie) Mitchell, Jr.",DEM,4,190,65,0,0,255,Y
182,8941,MECKLENBURG,11/7/23,007,2,C,CITY OF CHARLOTTE CITY COUNCIL AT-LARGE,LaWana Slack-Mayfield,DEM,4,181,72,0,0,253,Y
183,8947,MECKLENBURG,11/7/23,007,2,C,CITY OF CHARLOTTE CITY COUNCIL AT-LARGE,Steven J. DiFiore II,LIB,4,67,24,0,0,91,Y
184,8949,MECKLENBURG,11/7/23,007,2,C,CITY OF CHARLOTTE CITY COUNCIL AT-LARGE,Victoria Watlington,DEM,4,198,73,0,0,271,Y
185,8982,MECKLENBURG,11/7/23,008,2,C,CITY OF CHARLOTTE CITY COUNCIL AT-LARGE,Dimple Ajmera,DEM,4,299,106,0,0,405,Y
186,8984,MECKLENBURG,11/7/23,008,2,C,CITY OF CHARLOTTE CITY COUNCIL AT-LARGE,"James (Smuggie) Mitchell, Jr.",DEM,4,296,99,0,0,395,Y
187,8990,MECKLENBURG,11/7/23,008,2,C,CITY OF CHARLOTTE CITY COUNCIL AT-LARGE,LaWana Slack-Mayfield,DEM,4,253,89,0,0,342,Y
188,8996,MECKLENBURG,11/7/23,008,2,C,CITY OF CHARLOTTE CITY COUNCIL AT-LARGE,Steven J. DiFiore II,LIB,4,210,60,0,0,270,Y
189,8998,MECKLENBURG,11/7/23,008,2,C,CITY OF CHARLOTTE CITY COUNCIL AT-LARGE,Victoria Watlington,DEM,4,308,105,0,0,413,Y
190,9032,MECKLENBURG,11/7/23,009,2,C,CITY OF CHARLOTTE CITY COUNCIL AT-LARGE,Dimple Ajmera,DEM,4,449,156,0,0,605,Y
191,9034,MECKLENBURG,11/7/23,009,2,C,CITY OF CHARLOTTE CITY COUNCIL AT-LARGE,"James (Smuggie) Mitchell, Jr.",DEM,4,418,148,0,0,566,Y
192,9040,MECKLENBURG,11/7/23,009,2,C,CITY OF CHARLOTTE CITY COUNCIL AT-LARGE,LaWana Slack-Mayfield,DEM,4,392,143,0,0,535,Y
193,9046,MECKLENBURG,11/7/23,009,2,C,CITY OF CHARLOTTE CITY COUNCIL AT-LARGE,Steven J. DiFiore II,LIB,4,157,26,0,0,183,Y
194,9048,MECKLENBURG,11/7/23,009,2,C,CITY OF CHARLOTTE CITY COUNCIL AT-LARGE,Victoria Watlington,DEM,4,447,151,0,0,598,Y
195,9083,MECKLENBURG,11/7/23,010,2,C,CITY OF CHARLOTTE CITY COUNCIL AT-LARGE,Dimple Ajmera,DEM,4,371,114,0,0,485,Y
196,9085,MECKLENBURG,11/7/23,010,2,C,CITY OF CHARLOTTE CITY COUNCIL AT-LARGE,"James (Smuggie) Mitchell, Jr.",DEM,4,331,97,0,0,428,Y
197,9091,MECKLENBURG,11/7/23,010,2,C,CITY OF CHARLOTTE CITY COUNCIL AT-LARGE,LaWana Slack-Mayfield,DEM,4,326,102,0,0,428,Y
198,9097,MECKLENBURG,11/7/23,010,2,C,CITY OF CHARLOTTE CITY COUNCIL AT-LARGE,Steven J. DiFiore II,LIB,4,144,24,0,0,168,Y
199,9099,MECKLENBURG,11/7/23,010,2,C,CITY OF CHARLOTTE CITY COUNCIL AT-LARGE,Victoria Watlington,DEM,4,366,117,0,0,483,Y
200,9125,MECKLENBURG,11/7/23,073,2,C,CITY OF CHARLOTTE CITY COUNCIL AT-LARGE,Dimple Ajmera,DEM,4,225,86,0,0,311,Y
201,9127,MECKLENBURG,11/7/23,073,2,C,CITY OF CHARLOTTE CITY COUNCIL AT-LARGE,"James (Smuggie) Mitchell, Jr.",DEM,4,217,81,0,0,298,Y
202,9133,MECKLENBURG,11/7/23,073,2,C,CITY OF CHARLOTTE CITY COUNCIL AT-LARGE,LaWana Slack-Mayfield,DEM,4,200,80,0,0,280,Y
203,9139,MECKLENBURG,11/7/23,073,2,C,CITY OF CHARLOTTE CITY COUNCIL AT-LARGE,Steven J. DiFiore II,LIB,4,136,30,0,0,166,Y
204,9141,MECKLENBURG,11/7/23,073,2,C,CITY OF CHARLOTTE CITY COUNCIL AT-LARGE,Victoria Watlington,DEM,4,226,90,0,0,316,Y
205,9175,MECKLENBURG,11/7/23,074,2,C,CITY OF CHARLOTTE CITY COUNCIL AT-LARGE,Dimple Ajmera,DEM,4,260,199,0,0,459,Y
206,9177,MECKLENBURG,11/7/23,074,2,C,CITY OF CHARLOTTE CITY COUNCIL AT-LARGE,"James (Smuggie) Mitchell, Jr.",DEM,4,240,187,0,0,427,Y
207,9183,MECKLENBURG,11/7/23,074,2,C,CITY OF CHARLOTTE CITY COUNCIL AT-LARGE,LaWana Slack-Mayfield,DEM,4,219,186,0,0,405,Y
208,9189,MECKLENBURG,11/7/23,074,2,C,CITY OF CHARLOTTE CITY COUNCIL AT-LARGE,Steven J. DiFiore II,LIB,4,164,100,0,0,264,Y
209,9191,MECKLENBURG,11/7/23,074,2,C,CITY OF CHARLOTTE CITY COUNCIL AT-LARGE,Victoria Watlington,DEM,4,251,208,0,0,459,Y
210,9225,MECKLENBURG,11/7/23,075,2,C,CITY OF CHARLOTTE CITY COUNCIL AT-LARGE,Dimple Ajmera,DEM,4,344,261,0,0,605,Y
211,9227,MECKLENBURG,11/7/23,075,2,C,CITY OF CHARLOTTE CITY COUNCIL AT-LARGE,"James (Smuggie) Mitchell, Jr.",DEM,4,333,238,0,0,571,Y
212,9233,MECKLENBURG,11/7/23,075,2,C,CITY OF CHARLOTTE CITY COUNCIL AT-LARGE,LaWana Slack-Mayfield,DEM,4,310,225,0,0,535,Y
213,9239,MECKLENBURG,11/7/23,075,2,C,CITY OF CHARLOTTE CITY COUNCIL AT-LARGE,Steven J. DiFiore II,LIB,4,283,101,0,0,384,Y
214,9241,MECKLENBURG,11/7/23,075,2,C,CITY OF CHARLOTTE CITY COUNCIL AT-LARGE,Victoria Watlington,DEM,4,358,253,0,0,611,Y
215,9275,MECKLENBURG,11/7/23,076,2,C,CITY OF CHARLOTTE CITY COUNCIL AT-LARGE,Dimple Ajmera,DEM,4,347,217,0,0,564,Y
216,9277,MECKLENBURG,11/7/23,076,2,C,CITY OF CHARLOTTE CITY COUNCIL AT-LARGE,"James (Smuggie) Mitchell, Jr.",DEM,4,346,202,0,0,548,Y
217,9283,MECKLENBURG,11/7/23,076,2,C,CITY OF CHARLOTTE CITY COUNCIL AT-LARGE,LaWana Slack-Mayfield,DEM,4,305,186,0,0,491,Y
218,9289,MECKLENBURG,11/7/23,076,2,C,CITY OF CHARLOTTE CITY COUNCIL AT-LARGE,Steven J. DiFiore II,LIB,4,228,95,0,0,323,Y
219,9291,MECKLENBURG,11/7/23,076,2,C,CITY OF CHARLOTTE CITY COUNCIL AT-LARGE,Victoria Watlington,DEM,4,364,214,0,0,578,Y
220,9325,MECKLENBURG,11/7/23,077,2,C,CITY OF CHARLOTTE CITY COUNCIL AT-LARGE,Dimple Ajmera,DEM,4,154,129,0,0,283,Y
221,9327,MECKLENBURG,11/7/23,077,2,C,CITY OF CHARLOTTE CITY COUNCIL AT-LARGE,"James (Smuggie) Mitchell, Jr.",DEM,4,160,128,0,0,288,Y
222,9333,MECKLENBURG,11/7/23,077,2,C,CITY OF CHARLOTTE CITY COUNCIL AT-LARGE,LaWana Slack-Mayfield,DEM,4,158,122,0,0,280,Y
223,9339,MECKLENBURG,11/7/23,077,2,C,CITY OF CHARLOTTE CITY COUNCIL AT-LARGE,Steven J. DiFiore II,LIB,4,32,12,0,0,44,Y
224,9341,MECKLENBURG,11/7/23,077,2,C,CITY OF CHARLOTTE CITY COUNCIL AT-LARGE,Victoria Watlington,DEM,4,159,129,0,0,288,Y
225,9375,MECKLENBURG,11/7/23,78.1,2,C,CITY OF CHARLOTTE CITY COUNCIL AT-LARGE,Dimple Ajmera,DEM,4,178,81,0,0,259,Y
226,9377,MECKLENBURG,11/7/23,78.1,2,C,CITY OF CHARLOTTE CITY COUNCIL AT-LARGE,"James (Smuggie) Mitchell, Jr.",DEM,4,182,75,0,0,257,Y
227,9383,MECKLENBURG,11/7/23,78.1,2,C,CITY OF CHARLOTTE CITY COUNCIL AT-LARGE,LaWana Slack-Mayfield,DEM,4,175,77,0,0,252,Y
228,9389,MECKLENBURG,11/7/23,78.1,2,C,CITY OF CHARLOTTE CITY COUNCIL AT-LARGE,Steven J. DiFiore II,LIB,4,44,17,0,0,61,Y
229,9391,MECKLENBURG,11/7/23,78.1,2,C,CITY OF CHARLOTTE CITY COUNCIL AT-LARGE,Victoria Watlington,DEM,4,177,78,0,0,255,Y
230,9425,MECKLENBURG,11/7/23,079,2,C,CITY OF CHARLOTTE CITY COUNCIL AT-LARGE,Dimple Ajmera,DEM,4,193,58,0,0,251,Y
231,9427,MECKLENBURG,11/7/23,079,2,C,CITY OF CHARLOTTE CITY COUNCIL AT-LARGE,"James (Smuggie) Mitchell, Jr.",DEM,4,192,62,0,0,254,Y
232,9433,MECKLENBURG,11/7/23,079,2,C,CITY OF CHARLOTTE CITY COUNCIL AT-LARGE,LaWana Slack-Mayfield,DEM,4,179,58,0,0,237,Y
233,9439,MECKLENBURG,11/7/23,079,2,C,CITY OF CHARLOTTE CITY COUNCIL AT-LARGE,Steven J. DiFiore II,LIB,4,64,9,0,0,73,Y
234,9441,MECKLENBURG,11/7/23,079,2,C,CITY OF CHARLOTTE CITY COUNCIL AT-LARGE,Victoria Watlington,DEM,4,197,64,0,0,261,Y
235,9475,MECKLENBURG,11/7/23,080,2,C,CITY OF CHARLOTTE CITY COUNCIL AT-LARGE,Dimple Ajmera,DEM,4,256,84,0,0,340,Y
236,9477,MECKLENBURG,11/7/23,080,2,C,CITY OF CHARLOTTE CITY COUNCIL AT-LARGE,"James (Smuggie) Mitchell, Jr.",DEM,4,250,85,0,0,335,Y
237,9483,MECKLENBURG,11/7/23,080,2,C,CITY OF CHARLOTTE CITY COUNCIL AT-LARGE,LaWana Slack-Mayfield,DEM,4,239,83,0,0,322,Y
238,9489,MECKLENBURG,11/7/23,080,2,C,CITY OF CHARLOTTE CITY COUNCIL AT-LARGE,Steven J. DiFiore II,LIB,4,82,9,0,0,91,Y
239,9491,MECKLENBURG,11/7/23,080,2,C,CITY OF CHARLOTTE CITY COUNCIL AT-LARGE,Victoria Watlington,DEM,4,267,85,0,0,352,Y
240,9525,MECKLENBURG,11/7/23,081,2,C,CITY OF CHARLOTTE CITY COUNCIL AT-LARGE,Dimple Ajmera,DEM,4,281,179,0,0,460,Y
241,9527,MECKLENBURG,11/7/23,081,2,C,CITY OF CHARLOTTE CITY COUNCIL AT-LARGE,"James (Smuggie) Mitchell, Jr.",DEM,4,286,177,0,0,463,Y
242,9533,MECKLENBURG,11/7/23,081,2,C,CITY OF CHARLOTTE CITY COUNCIL AT-LARGE,LaWana Slack-Mayfield,DEM,4,271,171,0,0,442,Y
243,9539,MECKLENBURG,11/7/23,081,2,C,CITY OF CHARLOTTE CITY COUNCIL AT-LARGE,Steven J. DiFiore II,LIB,4,79,19,0,0,98,Y
244,9541,MECKLENBURG,11/7/23,081,2,C,CITY OF CHARLOTTE CITY COUNCIL AT-LARGE,Victoria Watlington,DEM,4,289,173,0,0,462,Y
245,9562,MECKLENBURG,11/7/23,146,2,C,CITY OF CHARLOTTE CITY COUNCIL AT-LARGE,Dimple Ajmera,DEM,4,291,181,0,0,472,Y
246,9564,MECKLENBURG,11/7/23,146,2,C,CITY OF CHARLOTTE CITY COUNCIL AT-LARGE,"James (Smuggie) Mitchell, Jr.",DEM,4,284,179,0,0,463,Y
247,9570,MECKLENBURG,11/7/23,146,2,C,CITY OF CHARLOTTE CITY COUNCIL AT-LARGE,LaWana Slack-Mayfield,DEM,4,289,180,0,0,469,Y
248,9576,MECKLENBURG,11/7/23,146,2,C,CITY OF CHARLOTTE CITY COUNCIL AT-LARGE,Steven J. DiFiore II,LIB,4,59,23,0,0,82,Y
249,9578,MECKLENBURG,11/7/23,146,2,C,CITY OF CHARLOTTE CITY COUNCIL AT-LARGE,Victoria Watlington,DEM,4,286,181,0,0,467,Y
250,9611,MECKLENBURG,11/7/23,147,2,C,CITY OF CHARLOTTE CITY COUNCIL AT-LARGE,Dimple Ajmera,DEM,4,206,157,0,0,363,Y
251,9613,MECKLENBURG,11/7/23,147,2,C,CITY OF CHARLOTTE CITY COUNCIL AT-LARGE,"James (Smuggie) Mitchell, Jr.",DEM,4,207,153,0,0,360,Y
252,9619,MECKLENBURG,11/7/23,147,2,C,CITY OF CHARLOTTE CITY COUNCIL AT-LARGE,LaWana Slack-Mayfield,DEM,4,198,151,0,0,349,Y
253,9625,MECKLENBURG,11/7/23,147,2,C,CITY OF CHARLOTTE CITY COUNCIL AT-LARGE,Steven J. DiFiore II,LIB,4,51,22,0,0,73,Y
254,9627,MECKLENBURG,11/7/23,147,2,C,CITY OF CHARLOTTE CITY COUNCIL AT-LARGE,Victoria Watlington,DEM,4,208,158,0,0,366,Y
255,9661,MECKLENBURG,11/7/23,148,2,C,CITY OF CHARLOTTE CITY COUNCIL AT-LARGE,Dimple Ajmera,DEM,4,542,387,0,0,929,Y
256,9663,MECKLENBURG,11/7/23,148,2,C,CITY OF CHARLOTTE CITY COUNCIL AT-LARGE,"James (Smuggie) Mitchell, Jr.",DEM,4,548,375,0,0,923,Y
257,9669,MECKLENBURG,11/7/23,148,2,C,CITY OF CHARLOTTE CITY COUNCIL AT-LARGE,LaWana Slack-Mayfield,DEM,4,506,360,0,0,866,Y
258,9675,MECKLENBURG,11/7/23,148,2,C,CITY OF CHARLOTTE CITY COUNCIL AT-LARGE,Steven J. DiFiore II,LIB,4,293,133,0,0,426,Y
259,9677,MECKLENBURG,11/7/23,148,2,C,CITY OF CHARLOTTE CITY COUNCIL AT-LARGE,Victoria Watlington,DEM,4,554,396,0,0,950,Y
260,9711,MECKLENBURG,11/7/23,149,2,C,CITY OF CHARLOTTE CITY COUNCIL AT-LARGE,Dimple Ajmera,DEM,4,385,277,0,0,662,Y
261,9713,MECKLENBURG,11/7/23,149,2,C,CITY OF CHARLOTTE CITY COUNCIL AT-LARGE,"James (Smuggie) Mitchell, Jr.",DEM,4,382,263,0,0,645,Y
262,9719,MECKLENBURG,11/7/23,149,2,C,CITY OF CHARLOTTE CITY COUNCIL AT-LARGE,LaWana Slack-Mayfield,DEM,4,382,270,0,0,652,Y
263,9725,MECKLENBURG,11/7/23,149,2,C,CITY OF CHARLOTTE CITY COUNCIL AT-LARGE,Steven J. DiFiore II,LIB,4,51,22,0,0,73,Y
264,9727,MECKLENBURG,11/7/23,149,2,C,CITY OF CHARLOTTE CITY COUNCIL AT-LARGE,Victoria Watlington,DEM,4,386,270,0,0,656,Y
265,9760,MECKLENBURG,11/7/23,150,2,C,CITY OF CHARLOTTE CITY COUNCIL AT-LARGE,Dimple Ajmera,DEM,4,269,86,0,0,355,Y
266,9762,MECKLENBURG,11/7/23,150,2,C,CITY OF CHARLOTTE CITY COUNCIL AT-LARGE,"James (Smuggie) Mitchell, Jr.",DEM,4,276,82,0,0,358,Y
267,9768,MECKLENBURG,11/7/23,150,2,C,CITY OF CHARLOTTE CITY COUNCIL AT-LARGE,LaWana Slack-Mayfield,DEM,4,272,74,0,0,346,Y
268,9774,MECKLENBURG,11/7/23,150,2,C,CITY OF CHARLOTTE CITY COUNCIL AT-LARGE,Steven J. DiFiore II,LIB,4,100,22,0,0,122,Y
269,9776,MECKLENBURG,11/7/23,150,2,C,CITY OF CHARLOTTE CITY COUNCIL AT-LARGE,Victoria Watlington,DEM,4,276,84,0,0,360,Y
270,9809,MECKLENBURG,11/7/23,151,2,C,CITY OF CHARLOTTE CITY COUNCIL AT-LARGE,Dimple Ajmera,DEM,4,359,217,0,0,576,Y
271,9811,MECKLENBURG,11/7/23,151,2,C,CITY OF CHARLOTTE CITY COUNCIL AT-LARGE,"James (Smuggie) Mitchell, Jr.",DEM,4,352,209,0,0,561,Y
272,9817,MECKLENBURG,11/7/23,151,2,C,CITY OF CHARLOTTE CITY COUNCIL AT-LARGE,LaWana Slack-Mayfield,DEM,4,353,215,0,0,568,Y
273,9823,MECKLENBURG,11/7/23,151,2,C,CITY OF CHARLOTTE CITY COUNCIL AT-LARGE,Steven J. DiFiore II,LIB,4,98,31,0,0,129,Y
274,9825,MECKLENBURG,11/7/23,151,2,C,CITY OF CHARLOTTE CITY COUNCIL AT-LARGE,Victoria Watlington,DEM,4,366,212,0,0,578,Y
275,9858,MECKLENBURG,11/7/23,200,2,C,CITY OF CHARLOTTE CITY COUNCIL AT-LARGE,Dimple Ajmera,DEM,4,0,1,0,0,1,Y
276,9860,MECKLENBURG,11/7/23,200,2,C,CITY OF CHARLOTTE CITY COUNCIL AT-LARGE,"James (Smuggie) Mitchell, Jr.",DEM,4,0,2,0,0,2,Y
277,9866,MECKLENBURG,11/7/23,200,2,C,CITY OF CHARLOTTE CITY COUNCIL AT-LARGE,LaWana Slack-Mayfield,DEM,4,0,2,0,0,2,Y
278,9872,MECKLENBURG,11/7/23,200,2,C,CITY OF CHARLOTTE CITY COUNCIL AT-LARGE,Steven J. DiFiore II,LIB,4,0,2,0,0,2,Y
279,9874,MECKLENBURG,11/7/23,200,2,C,CITY OF CHARLOTTE CITY COUNCIL AT-LARGE,Victoria Watlington,DEM,4,0,1,0,0,1,Y
280,9908,MECKLENBURG,11/7/23,201,2,C,CITY OF CHARLOTTE CITY COUNCIL AT-LARGE,Dimple Ajmera,DEM,4,363,222,0,0,585,Y
281,9910,MECKLENBURG,11/7/23,201,2,C,CITY OF CHARLOTTE CITY COUNCIL AT-LARGE,"James (Smuggie) Mitchell, Jr.",DEM,4,359,225,0,0,584,Y
282,9916,MECKLENBURG,11/7/23,201,2,C,CITY OF CHARLOTTE CITY COUNCIL AT-LARGE,LaWana Slack-Mayfield,DEM,4,352,221,0,0,573,Y
283,9922,MECKLENBURG,11/7/23,201,2,C,CITY OF CHARLOTTE CITY COUNCIL AT-LARGE,Steven J. DiFiore II,LIB,4,96,42,0,0,138,Y
284,9924,MECKLENBURG,11/7/23,201,2,C,CITY OF CHARLOTTE CITY COUNCIL AT-LARGE,Victoria Watlington,DEM,4,372,233,0,0,605,Y
285,14887,MECKLENBURG,11/7/23,011,2,C,CITY OF CHARLOTTE CITY COUNCIL AT-LARGE,Dimple Ajmera,DEM,4,517,333,0,0,850,Y
286,14889,MECKLENBURG,11/7/23,011,2,C,CITY OF CHARLOTTE CITY COUNCIL AT-LARGE,"James (Smuggie) Mitchell, Jr.",DEM,4,493,303,0,0,796,Y
287,14895,MECKLENBURG,11/7/23,011,2,C,CITY OF CHARLOTTE CITY COUNCIL AT-LARGE,LaWana Slack-Mayfield,DEM,4,485,292,0,0,777,Y
288,14901,MECKLENBURG,11/7/23,011,2,C,CITY OF CHARLOTTE CITY COUNCIL AT-LARGE,Steven J. DiFiore II,LIB,4,160,88,0,0,248,Y
289,14903,MECKLENBURG,11/7/23,011,2,C,CITY OF CHARLOTTE CITY COUNCIL AT-LARGE,Victoria Watlington,DEM,4,522,338,0,0,860,Y
290,14936,MECKLENBURG,11/7/23,012,2,C,CITY OF CHARLOTTE CITY COUNCIL AT-LARGE,Dimple Ajmera,DEM,4,209,104,0,0,313,Y
291,14938,MECKLENBURG,11/7/23,012,2,C,CITY OF CHARLOTTE CITY COUNCIL AT-LARGE,"James (Smuggie) Mitchell, Jr.",DEM,4,196,103,0,0,299,Y
292,14944,MECKLENBURG,11/7/23,012,2,C,CITY OF CHARLOTTE CITY COUNCIL AT-LARGE,LaWana Slack-Mayfield,DEM,4,199,96,0,0,295,Y
293,14950,MECKLENBURG,11/7/23,012,2,C,CITY OF CHARLOTTE CITY COUNCIL AT-LARGE,Steven J. DiFiore II,LIB,4,42,24,0,0,66,Y
294,14952,MECKLENBURG,11/7/23,012,2,C,CITY OF CHARLOTTE CITY COUNCIL AT-LARGE,Victoria Watlington,DEM,4,205,109,0,0,314,Y
295,14985,MECKLENBURG,11/7/23,013,2,C,CITY OF CHARLOTTE CITY COUNCIL AT-LARGE,Dimple Ajmera,DEM,4,243,125,0,0,368,Y
296,14987,MECKLENBURG,11/7/23,013,2,C,CITY OF CHARLOTTE CITY COUNCIL AT-LARGE,"James (Smuggie) Mitchell, Jr.",DEM,4,232,121,0,0,353,Y
297,14993,MECKLENBURG,11/7/23,013,2,C,CITY OF CHARLOTTE CITY COUNCIL AT-LARGE,LaWana Slack-Mayfield,DEM,4,234,124,0,0,358,Y
298,14999,MECKLENBURG,11/7/23,013,2,C,CITY OF CHARLOTTE CITY COUNCIL AT-LARGE,Steven J. DiFiore II,LIB,4,64,22,0,0,86,Y
299,15001,MECKLENBURG,11/7/23,013,2,C,CITY OF CHARLOTTE CITY COUNCIL AT-LARGE,Victoria Watlington,DEM,4,242,127,0,0,369,Y
300,15036,MECKLENBURG,11/7/23,014,2,C,CITY OF CHARLOTTE CITY COUNCIL AT-LARGE,Dimple Ajmera,DEM,4,405,148,0,0,553,Y
301,15038,MECKLENBURG,11/7/23,014,2,C,CITY OF CHARLOTTE CITY COUNCIL AT-LARGE,"James (Smuggie) Mitchell, Jr.",DEM,4,379,132,0,0,511,Y
302,15044,MECKLENBURG,11/7/23,014,2,C,CITY OF CHARLOTTE CITY COUNCIL AT-LARGE,LaWana Slack-Mayfield,DEM,4,385,137,0,0,522,Y
303,15050,MECKLENBURG,11/7/23,014,2,C,CITY OF CHARLOTTE CITY COUNCIL AT-LARGE,Steven J. DiFiore II,LIB,4,90,38,0,0,128,Y
304,15052,MECKLENBURG,11/7/23,014,2,C,CITY OF CHARLOTTE CITY COUNCIL AT-LARGE,Victoria Watlington,DEM,4,417,139,0,0,556,Y
305,15087,MECKLENBURG,11/7/23,015,2,C,CITY OF CHARLOTTE CITY COUNCIL AT-LARGE,Dimple Ajmera,DEM,4,641,186,0,0,827,Y
306,15089,MECKLENBURG,11/7/23,015,2,C,CITY OF CHARLOTTE CITY COUNCIL AT-LARGE,"James (Smuggie) Mitchell, Jr.",DEM,4,574,151,0,0,725,Y
307,15095,MECKLENBURG,11/7/23,015,2,C,CITY OF CHARLOTTE CITY COUNCIL AT-LARGE,LaWana Slack-Mayfield,DEM,4,536,168,0,0,704,Y
308,15101,MECKLENBURG,11/7/23,015,2,C,CITY OF CHARLOTTE CITY COUNCIL AT-LARGE,Steven J. DiFiore II,LIB,4,147,29,0,0,176,Y
309,15103,MECKLENBURG,11/7/23,015,2,C,CITY OF CHARLOTTE CITY COUNCIL AT-LARGE,Victoria Watlington,DEM,4,605,183,0,0,788,Y
310,15138,MECKLENBURG,11/7/23,016,2,C,CITY OF CHARLOTTE CITY COUNCIL AT-LARGE,Dimple Ajmera,DEM,4,288,225,0,0,513,Y
311,15140,MECKLENBURG,11/7/23,016,2,C,CITY OF CHARLOTTE CITY COUNCIL AT-LARGE,"James (Smuggie) Mitchell, Jr.",DEM,4,295,223,0,0,518,Y
312,15146,MECKLENBURG,11/7/23,016,2,C,CITY OF CHARLOTTE CITY COUNCIL AT-LARGE,LaWana Slack-Mayfield,DEM,4,290,227,0,0,517,Y
313,15152,MECKLENBURG,11/7/23,016,2,C,CITY OF CHARLOTTE CITY COUNCIL AT-LARGE,Steven J. DiFiore II,LIB,4,23,24,0,0,47,Y
314,15154,MECKLENBURG,11/7/23,016,2,C,CITY OF CHARLOTTE CITY COUNCIL AT-LARGE,Victoria Watlington,DEM,4,287,219,0,0,506,Y
315,15187,MECKLENBURG,11/7/23,017,2,C,CITY OF CHARLOTTE CITY COUNCIL AT-LARGE,Dimple Ajmera,DEM,4,139,58,0,0,197,Y
316,15189,MECKLENBURG,11/7/23,017,2,C,CITY OF CHARLOTTE CITY COUNCIL AT-LARGE,"James (Smuggie) Mitchell, Jr.",DEM,4,138,54,0,0,192,Y
317,15195,MECKLENBURG,11/7/23,017,2,C,CITY OF CHARLOTTE CITY COUNCIL AT-LARGE,LaWana Slack-Mayfield,DEM,4,139,58,0,0,197,Y
318,15201,MECKLENBURG,11/7/23,017,2,C,CITY OF CHARLOTTE CITY COUNCIL AT-LARGE,Steven J. DiFiore II,LIB,4,33,3,0,0,36,Y
319,15203,MECKLENBURG,11/7/23,017,2,C,CITY OF CHARLOTTE CITY COUNCIL AT-LARGE,Victoria Watlington,DEM,4,130,56,0,0,186,Y
320,15238,MECKLENBURG,11/7/23,018,2,C,CITY OF CHARLOTTE CITY COUNCIL AT-LARGE,Dimple Ajmera,DEM,4,254,49,0,0,303,Y
321,15240,MECKLENBURG,11/7/23,018,2,C,CITY OF CHARLOTTE CITY COUNCIL AT-LARGE,"James (Smuggie) Mitchell, Jr.",DEM,4,252,44,0,0,296,Y
322,15246,MECKLENBURG,11/7/23,018,2,C,CITY OF CHARLOTTE CITY COUNCIL AT-LARGE,LaWana Slack-Mayfield,DEM,4,212,42,0,0,254,Y
323,15252,MECKLENBURG,11/7/23,018,2,C,CITY OF CHARLOTTE CITY COUNCIL AT-LARGE,Steven J. DiFiore II,LIB,4,175,24,0,0,199,Y
324,15254,MECKLENBURG,11/7/23,018,2,C,CITY OF CHARLOTTE CITY COUNCIL AT-LARGE,Victoria Watlington,DEM,4,246,48,0,0,294,Y
325,15288,MECKLENBURG,11/7/23,019,2,C,CITY OF CHARLOTTE CITY COUNCIL AT-LARGE,Dimple Ajmera,DEM,4,223,133,0,0,356,Y
326,15290,MECKLENBURG,11/7/23,019,2,C,CITY OF CHARLOTTE CITY COUNCIL AT-LARGE,"James (Smuggie) Mitchell, Jr.",DEM,4,208,123,0,0,331,Y
327,15296,MECKLENBURG,11/7/23,019,2,C,CITY OF CHARLOTTE CITY COUNCIL AT-LARGE,LaWana Slack-Mayfield,DEM,4,195,98,0,0,293,Y
328,15302,MECKLENBURG,11/7/23,019,2,C,CITY OF CHARLOTTE CITY COUNCIL AT-LARGE,Steven J. DiFiore II,LIB,4,142,73,0,0,215,Y
329,15304,MECKLENBURG,11/7/23,019,2,C,CITY OF CHARLOTTE CITY COUNCIL AT-LARGE,Victoria Watlington,DEM,4,223,127,0,0,350,Y
330,15328,MECKLENBURG,11/7/23,082,2,C,CITY OF CHARLOTTE CITY COUNCIL AT-LARGE,Dimple Ajmera,DEM,4,185,101,0,0,286,Y
331,15330,MECKLENBURG,11/7/23,082,2,C,CITY OF CHARLOTTE CITY COUNCIL AT-LARGE,"James (Smuggie) Mitchell, Jr.",DEM,4,178,102,0,0,280,Y
332,15336,MECKLENBURG,11/7/23,082,2,C,CITY OF CHARLOTTE CITY COUNCIL AT-LARGE,LaWana Slack-Mayfield,DEM,4,183,102,0,0,285,Y
333,15342,MECKLENBURG,11/7/23,082,2,C,CITY OF CHARLOTTE CITY COUNCIL AT-LARGE,Steven J. DiFiore II,LIB,4,12,17,0,0,29,Y
334,15344,MECKLENBURG,11/7/23,082,2,C,CITY OF CHARLOTTE CITY COUNCIL AT-LARGE,Victoria Watlington,DEM,4,178,102,0,0,280,Y
335,15379,MECKLENBURG,11/7/23,083,2,C,CITY OF CHARLOTTE CITY COUNCIL AT-LARGE,Dimple Ajmera,DEM,4,189,78,0,0,267,Y
336,15381,MECKLENBURG,11/7/23,083,2,C,CITY OF CHARLOTTE CITY COUNCIL AT-LARGE,"James (Smuggie) Mitchell, Jr.",DEM,4,188,77,0,0,265,Y
337,15387,MECKLENBURG,11/7/23,083,2,C,CITY OF CHARLOTTE CITY COUNCIL AT-LARGE,LaWana Slack-Mayfield,DEM,4,173,70,0,0,243,Y
338,15393,MECKLENBURG,11/7/23,083,2,C,CITY OF CHARLOTTE CITY COUNCIL AT-LARGE,Steven J. DiFiore II,LIB,4,86,22,0,0,108,Y
339,15395,MECKLENBURG,11/7/23,083,2,C,CITY OF CHARLOTTE CITY COUNCIL AT-LARGE,Victoria Watlington,DEM,4,191,74,0,0,265,Y
340,15428,MECKLENBURG,11/7/23,084,2,C,CITY OF CHARLOTTE CITY COUNCIL AT-LARGE,Dimple Ajmera,DEM,4,156,74,0,0,230,Y
341,15430,MECKLENBURG,11/7/23,084,2,C,CITY OF CHARLOTTE CITY COUNCIL AT-LARGE,"James (Smuggie) Mitchell, Jr.",DEM,4,150,67,0,0,217,Y
342,15436,MECKLENBURG,11/7/23,084,2,C,CITY OF CHARLOTTE CITY COUNCIL AT-LARGE,LaWana Slack-Mayfield,DEM,4,148,72,0,0,220,Y
343,15442,MECKLENBURG,11/7/23,084,2,C,CITY OF CHARLOTTE CITY COUNCIL AT-LARGE,Steven J. DiFiore II,LIB,4,38,12,0,0,50,Y
344,15444,MECKLENBURG,11/7/23,084,2,C,CITY OF CHARLOTTE CITY COUNCIL AT-LARGE,Victoria Watlington,DEM,4,160,70,0,0,230,Y
345,15477,MECKLENBURG,11/7/23,085,2,C,CITY OF CHARLOTTE CITY COUNCIL AT-LARGE,Dimple Ajmera,DEM,4,233,221,0,0,454,Y
346,15479,MECKLENBURG,11/7/23,085,2,C,CITY OF CHARLOTTE CITY COUNCIL AT-LARGE,"James (Smuggie) Mitchell, Jr.",DEM,4,230,203,0,0,433,Y
347,15485,MECKLENBURG,11/7/23,085,2,C,CITY OF CHARLOTTE CITY COUNCIL AT-LARGE,LaWana Slack-Mayfield,DEM,4,216,193,0,0,409,Y
348,15491,MECKLENBURG,11/7/23,085,2,C,CITY OF CHARLOTTE CITY COUNCIL AT-LARGE,Steven J. DiFiore II,LIB,4,131,68,0,0,199,Y
349,15493,MECKLENBURG,11/7/23,085,2,C,CITY OF CHARLOTTE CITY COUNCIL AT-LARGE,Victoria Watlington,DEM,4,232,221,0,0,453,Y
350,15527,MECKLENBURG,11/7/23,086,2,C,CITY OF CHARLOTTE CITY COUNCIL AT-LARGE,Dimple Ajmera,DEM,4,272,150,0,0,422,Y
351,15529,MECKLENBURG,11/7/23,086,2,C,CITY OF CHARLOTTE CITY COUNCIL AT-LARGE,"James (Smuggie) Mitchell, Jr.",DEM,4,263,140,0,0,403,Y
352,15535,MECKLENBURG,11/7/23,086,2,C,CITY OF CHARLOTTE CITY COUNCIL AT-LARGE,LaWana Slack-Mayfield,DEM,4,232,125,0,0,357,Y
353,15541,MECKLENBURG,11/7/23,086,2,C,CITY OF CHARLOTTE CITY COUNCIL AT-LARGE,Steven J. DiFiore II,LIB,4,234,74,0,0,308,Y
354,15543,MECKLENBURG,11/7/23,086,2,C,CITY OF CHARLOTTE CITY COUNCIL AT-LARGE,Victoria Watlington,DEM,4,271,145,0,0,416,Y
355,15577,MECKLENBURG,11/7/23,087,2,C,CITY OF CHARLOTTE CITY COUNCIL AT-LARGE,Dimple Ajmera,DEM,4,170,94,0,0,264,Y
356,15579,MECKLENBURG,11/7/23,087,2,C,CITY OF CHARLOTTE CITY COUNCIL AT-LARGE,"James (Smuggie) Mitchell, Jr.",DEM,4,163,74,0,0,237,Y
357,15585,MECKLENBURG,11/7/23,087,2,C,CITY OF CHARLOTTE CITY COUNCIL AT-LARGE,LaWana Slack-Mayfield,DEM,4,155,82,0,0,237,Y
358,15591,MECKLENBURG,11/7/23,087,2,C,CITY OF CHARLOTTE CITY COUNCIL AT-LARGE,Steven J. DiFiore II,LIB,4,86,35,0,0,121,Y
359,15593,MECKLENBURG,11/7/23,087,2,C,CITY OF CHARLOTTE CITY COUNCIL AT-LARGE,Victoria Watlington,DEM,4,176,94,0,0,270,Y
360,15627,MECKLENBURG,11/7/23,088,2,C,CITY OF CHARLOTTE CITY COUNCIL AT-LARGE,Dimple Ajmera,DEM,4,179,79,0,0,258,Y
361,15629,MECKLENBURG,11/7/23,088,2,C,CITY OF CHARLOTTE CITY COUNCIL AT-LARGE,"James (Smuggie) Mitchell, Jr.",DEM,4,179,75,0,0,254,Y
362,15635,MECKLENBURG,11/7/23,088,2,C,CITY OF CHARLOTTE CITY COUNCIL AT-LARGE,LaWana Slack-Mayfield,DEM,4,167,77,0,0,244,Y
363,15641,MECKLENBURG,11/7/23,088,2,C,CITY OF CHARLOTTE CITY COUNCIL AT-LARGE,Steven J. DiFiore II,LIB,4,140,31,0,0,171,Y
364,15643,MECKLENBURG,11/7/23,088,2,C,CITY OF CHARLOTTE CITY COUNCIL AT-LARGE,Victoria Watlington,DEM,4,192,85,0,0,277,Y
365,15677,MECKLENBURG,11/7/23,089,2,C,CITY OF CHARLOTTE CITY COUNCIL AT-LARGE,Dimple Ajmera,DEM,4,431,137,0,0,568,Y
366,15679,MECKLENBURG,11/7/23,089,2,C,CITY OF CHARLOTTE CITY COUNCIL AT-LARGE,"James (Smuggie) Mitchell, Jr.",DEM,4,440,134,0,0,574,Y
367,15685,MECKLENBURG,11/7/23,089,2,C,CITY OF CHARLOTTE CITY COUNCIL AT-LARGE,LaWana Slack-Mayfield,DEM,4,399,135,0,0,534,Y
368,15691,MECKLENBURG,11/7/23,089,2,C,CITY OF CHARLOTTE CITY COUNCIL AT-LARGE,Steven J. DiFiore II,LIB,4,172,21,0,0,193,Y
369,15693,MECKLENBURG,11/7/23,089,2,C,CITY OF CHARLOTTE CITY COUNCIL AT-LARGE,Victoria Watlington,DEM,4,448,139,0,0,587,Y
370,15726,MECKLENBURG,11/7/23,090,2,C,CITY OF CHARLOTTE CITY COUNCIL AT-LARGE,Dimple Ajmera,DEM,4,149,70,0,0,219,Y
371,15728,MECKLENBURG,11/7/23,090,2,C,CITY OF CHARLOTTE CITY COUNCIL AT-LARGE,"James (Smuggie) Mitchell, Jr.",DEM,4,148,67,0,0,215,Y
372,15734,MECKLENBURG,11/7/23,090,2,C,CITY OF CHARLOTTE CITY COUNCIL AT-LARGE,LaWana Slack-Mayfield,DEM,4,137,71,0,0,208,Y
373,15740,MECKLENBURG,11/7/23,090,2,C,CITY OF CHARLOTTE CITY COUNCIL AT-LARGE,Steven J. DiFiore II,LIB,4,86,20,0,0,106,Y
374,15742,MECKLENBURG,11/7/23,090,2,C,CITY OF CHARLOTTE CITY COUNCIL AT-LARGE,Victoria Watlington,DEM,4,152,70,0,0,222,Y
375,15773,MECKLENBURG,11/7/23,203,2,C,CITY OF CHARLOTTE CITY COUNCIL AT-LARGE,Dimple Ajmera,DEM,4,464,202,0,0,666,Y
376,15775,MECKLENBURG,11/7/23,203,2,C,CITY OF CHARLOTTE CITY COUNCIL AT-LARGE,"James (Smuggie) Mitchell, Jr.",DEM,4,461,206,0,0,667,Y
377,15781,MECKLENBURG,11/7/23,203,2,C,CITY OF CHARLOTTE CITY COUNCIL AT-LARGE,LaWana Slack-Mayfield,DEM,4,454,204,0,0,658,Y
378,15787,MECKLENBURG,11/7/23,203,2,C,CITY OF CHARLOTTE CITY COUNCIL AT-LARGE,Steven J. DiFiore II,LIB,4,93,31,0,0,124,Y
379,15789,MECKLENBURG,11/7/23,203,2,C,CITY OF CHARLOTTE CITY COUNCIL AT-LARGE,Victoria Watlington,DEM,4,467,202,0,0,669,Y
380,15822,MECKLENBURG,11/7/23,204.1,2,C,CITY OF CHARLOTTE CITY COUNCIL AT-LARGE,Dimple Ajmera,DEM,4,438,212,0,0,650,Y
381,15824,MECKLENBURG,11/7/23,204.1,2,C,CITY OF CHARLOTTE CITY COUNCIL AT-LARGE,"James (Smuggie) Mitchell, Jr.",DEM,4,426,213,0,0,639,Y
382,15830,MECKLENBURG,11/7/23,204.1,2,C,CITY OF CHARLOTTE CITY COUNCIL AT-LARGE,LaWana Slack-Mayfield,DEM,4,420,214,0,0,634,Y
383,15836,MECKLENBURG,11/7/23,204.1,2,C,CITY OF CHARLOTTE CITY COUNCIL AT-LARGE,Steven J. DiFiore II,LIB,4,73,29,0,0,102,Y
384,15838,MECKLENBURG,11/7/23,204.1,2,C,CITY OF CHARLOTTE CITY COUNCIL AT-LARGE,Victoria Watlington,DEM,4,432,210,0,0,642,Y
385,15871,MECKLENBURG,11/7/23,205,2,C,CITY OF CHARLOTTE CITY COUNCIL AT-LARGE,Dimple Ajmera,DEM,4,248,146,0,0,394,Y
386,15873,MECKLENBURG,11/7/23,205,2,C,CITY OF CHARLOTTE CITY COUNCIL AT-LARGE,"James (Smuggie) Mitchell, Jr.",DEM,4,249,139,0,0,388,Y
387,15879,MECKLENBURG,11/7/23,205,2,C,CITY OF CHARLOTTE CITY COUNCIL AT-LARGE,LaWana Slack-Mayfield,DEM,4,244,144,0,0,388,Y
388,15885,MECKLENBURG,11/7/23,205,2,C,CITY OF CHARLOTTE CITY COUNCIL AT-LARGE,Steven J. DiFiore II,LIB,4,96,23,0,0,119,Y
389,15887,MECKLENBURG,11/7/23,205,2,C,CITY OF CHARLOTTE CITY COUNCIL AT-LARGE,Victoria Watlington,DEM,4,249,145,0,0,394,Y
390,16030,MECKLENBURG,11/7/23,209,2,C,CITY OF CHARLOTTE CITY COUNCIL AT-LARGE,Dimple Ajmera,DEM,4,1,2,0,0,3,Y
391,16032,MECKLENBURG,11/7/23,209,2,C,CITY OF CHARLOTTE CITY COUNCIL AT-LARGE,"James (Smuggie) Mitchell, Jr.",DEM,4,1,2,0,0,3,Y
392,16038,MECKLENBURG,11/7/23,209,2,C,CITY OF CHARLOTTE CITY COUNCIL AT-LARGE,LaWana Slack-Mayfield,DEM,4,1,2,0,0,3,Y
393,16044,MECKLENBURG,11/7/23,209,2,C,CITY OF CHARLOTTE CITY COUNCIL AT-LARGE,Steven J. DiFiore II,LIB,4,3,0,0,0,3,Y
394,16046,MECKLENBURG,11/7/23,209,2,C,CITY OF CHARLOTTE CITY COUNCIL AT-LARGE,Victoria Watlington,DEM,4,1,2,0,0,3,Y
395,16105,MECKLENBURG,11/7/23,210,2,C,CITY OF CHARLOTTE CITY COUNCIL AT-LARGE,Dimple Ajmera,DEM,4,382,437,0,0,819,Y
396,16107,MECKLENBURG,11/7/23,210,2,C,CITY OF CHARLOTTE CITY COUNCIL AT-LARGE,"James (Smuggie) Mitchell, Jr.",DEM,4,392,433,0,0,825,Y
397,16113,MECKLENBURG,11/7/23,210,2,C,CITY OF CHARLOTTE CITY COUNCIL AT-LARGE,LaWana Slack-Mayfield,DEM,4,397,431,0,0,828,Y
398,16119,MECKLENBURG,11/7/23,210,2,C,CITY OF CHARLOTTE CITY COUNCIL AT-LARGE,Steven J. DiFiore II,LIB,4,63,42,0,0,105,Y
399,16121,MECKLENBURG,11/7/23,210,2,C,CITY OF CHARLOTTE CITY COUNCIL AT-LARGE,Victoria Watlington,DEM,4,384,429,0,0,813,Y
400,16154,MECKLENBURG,11/7/23,211,2,C,CITY OF CHARLOTTE CITY COUNCIL AT-LARGE,Dimple Ajmera,DEM,4,495,334,0,0,829,Y
401,16156,MECKLENBURG,11/7/23,211,2,C,CITY OF CHARLOTTE CITY COUNCIL AT-LARGE,"James (Smuggie) Mitchell, Jr.",DEM,4,472,327,0,0,799,Y
402,16162,MECKLENBURG,11/7/23,211,2,C,CITY OF CHARLOTTE CITY COUNCIL AT-LARGE,LaWana Slack-Mayfield,DEM,4,479,320,0,0,799,Y
403,16168,MECKLENBURG,11/7/23,211,2,C,CITY OF CHARLOTTE CITY COUNCIL AT-LARGE,Steven J. DiFiore II,LIB,4,105,47,0,0,152,Y
404,16170,MECKLENBURG,11/7/23,211,2,C,CITY OF CHARLOTTE CITY COUNCIL AT-LARGE,Victoria Watlington,DEM,4,492,324,0,0,816,Y
405,16203,MECKLENBURG,11/7/23,212,2,C,CITY OF CHARLOTTE CITY COUNCIL AT-LARGE,Dimple Ajmera,DEM,4,610,430,0,0,1040,Y
406,16205,MECKLENBURG,11/7/23,212,2,C,CITY OF CHARLOTTE CITY COUNCIL AT-LARGE,"James (Smuggie) Mitchell, Jr.",DEM,4,614,420,0,0,1034,Y
407,16223,MECKLENBURG,11/7/23,091,2,C,CITY OF CHARLOTTE CITY COUNCIL AT-LARGE,Dimple Ajmera,DEM,4,376,189,0,0,565,Y
408,16225,MECKLENBURG,11/7/23,091,2,C,CITY OF CHARLOTTE CITY COUNCIL AT-LARGE,"James (Smuggie) Mitchell, Jr.",DEM,4,340,184,0,0,524,Y
409,16231,MECKLENBURG,11/7/23,091,2,C,CITY OF CHARLOTTE CITY COUNCIL AT-LARGE,LaWana Slack-Mayfield,DEM,4,334,162,0,0,496,Y
410,16237,MECKLENBURG,11/7/23,091,2,C,CITY OF CHARLOTTE CITY COUNCIL AT-LARGE,Steven J. DiFiore II,LIB,4,263,89,0,0,352,Y
411,16239,MECKLENBURG,11/7/23,091,2,C,CITY OF CHARLOTTE CITY COUNCIL AT-LARGE,Victoria Watlington,DEM,4,371,190,0,0,561,Y
412,16273,MECKLENBURG,11/7/23,092,2,C,CITY OF CHARLOTTE CITY COUNCIL AT-LARGE,Dimple Ajmera,DEM,4,356,159,0,0,515,Y
413,16275,MECKLENBURG,11/7/23,092,2,C,CITY OF CHARLOTTE CITY COUNCIL AT-LARGE,"James (Smuggie) Mitchell, Jr.",DEM,4,353,159,0,0,512,Y
414,16281,MECKLENBURG,11/7/23,092,2,C,CITY OF CHARLOTTE CITY COUNCIL AT-LARGE,LaWana Slack-Mayfield,DEM,4,330,147,0,0,477,Y
415,16287,MECKLENBURG,11/7/23,092,2,C,CITY OF CHARLOTTE CITY COUNCIL AT-LARGE,Steven J. DiFiore II,LIB,4,245,82,0,0,327,Y
416,16289,MECKLENBURG,11/7/23,092,2,C,CITY OF CHARLOTTE CITY COUNCIL AT-LARGE,Victoria Watlington,DEM,4,345,161,0,0,506,Y
417,16323,MECKLENBURG,11/7/23,093,2,C,CITY OF CHARLOTTE CITY COUNCIL AT-LARGE,Dimple Ajmera,DEM,4,193,87,0,0,280,Y
418,16325,MECKLENBURG,11/7/23,093,2,C,CITY OF CHARLOTTE CITY COUNCIL AT-LARGE,"James (Smuggie) Mitchell, Jr.",DEM,4,193,72,0,0,265,Y
419,16331,MECKLENBURG,11/7/23,093,2,C,CITY OF CHARLOTTE CITY COUNCIL AT-LARGE,LaWana Slack-Mayfield,DEM,4,167,77,0,0,244,Y
420,16337,MECKLENBURG,11/7/23,093,2,C,CITY OF CHARLOTTE CITY COUNCIL AT-LARGE,Steven J. DiFiore II,LIB,4,219,61,0,0,280,Y
421,16339,MECKLENBURG,11/7/23,093,2,C,CITY OF CHARLOTTE CITY COUNCIL AT-LARGE,Victoria Watlington,DEM,4,206,83,0,0,289,Y
422,16373,MECKLENBURG,11/7/23,094,2,C,CITY OF CHARLOTTE CITY COUNCIL AT-LARGE,Dimple Ajmera,DEM,4,125,52,0,0,177,Y
423,16375,MECKLENBURG,11/7/23,094,2,C,CITY OF CHARLOTTE CITY COUNCIL AT-LARGE,"James (Smuggie) Mitchell, Jr.",DEM,4,136,53,0,0,189,Y
424,16381,MECKLENBURG,11/7/23,094,2,C,CITY OF CHARLOTTE CITY COUNCIL AT-LARGE,LaWana Slack-Mayfield,DEM,4,133,53,0,0,186,Y
425,16387,MECKLENBURG,11/7/23,094,2,C,CITY OF CHARLOTTE CITY COUNCIL AT-LARGE,Steven J. DiFiore II,LIB,4,42,9,0,0,51,Y
426,16389,MECKLENBURG,11/7/23,094,2,C,CITY OF CHARLOTTE CITY COUNCIL AT-LARGE,Victoria Watlington,DEM,4,139,55,0,0,194,Y
427,16422,MECKLENBURG,11/7/23,095,2,C,CITY OF CHARLOTTE CITY COUNCIL AT-LARGE,Dimple Ajmera,DEM,4,142,61,0,0,203,Y
428,16424,MECKLENBURG,11/7/23,095,2,C,CITY OF CHARLOTTE CITY COUNCIL AT-LARGE,"James (Smuggie) Mitchell, Jr.",DEM,4,137,57,0,0,194,Y
429,16430,MECKLENBURG,11/7/23,095,2,C,CITY OF CHARLOTTE CITY COUNCIL AT-LARGE,LaWana Slack-Mayfield,DEM,4,136,55,0,0,191,Y
430,16436,MECKLENBURG,11/7/23,095,2,C,CITY OF CHARLOTTE CITY COUNCIL AT-LARGE,Steven J. DiFiore II,LIB,4,33,12,0,0,45,Y
431,16438,MECKLENBURG,11/7/23,095,2,C,CITY OF CHARLOTTE CITY COUNCIL AT-LARGE,Victoria Watlington,DEM,4,138,55,0,0,193,Y
432,16471,MECKLENBURG,11/7/23,096,2,C,CITY OF CHARLOTTE CITY COUNCIL AT-LARGE,Dimple Ajmera,DEM,4,217,165,0,0,382,Y
433,16473,MECKLENBURG,11/7/23,096,2,C,CITY OF CHARLOTTE CITY COUNCIL AT-LARGE,"James (Smuggie) Mitchell, Jr.",DEM,4,211,164,0,0,375,Y
434,16479,MECKLENBURG,11/7/23,096,2,C,CITY OF CHARLOTTE CITY COUNCIL AT-LARGE,LaWana Slack-Mayfield,DEM,4,202,159,0,0,361,Y
435,16485,MECKLENBURG,11/7/23,096,2,C,CITY OF CHARLOTTE CITY COUNCIL AT-LARGE,Steven J. DiFiore II,LIB,4,115,68,0,0,183,Y
436,16487,MECKLENBURG,11/7/23,096,2,C,CITY OF CHARLOTTE CITY COUNCIL AT-LARGE,Victoria Watlington,DEM,4,214,167,0,0,381,Y
437,16521,MECKLENBURG,11/7/23,097,2,C,CITY OF CHARLOTTE CITY COUNCIL AT-LARGE,Dimple Ajmera,DEM,4,137,39,0,0,176,Y
438,16523,MECKLENBURG,11/7/23,097,2,C,CITY OF CHARLOTTE CITY COUNCIL AT-LARGE,"James (Smuggie) Mitchell, Jr.",DEM,4,142,36,0,0,178,Y
439,16529,MECKLENBURG,11/7/23,097,2,C,CITY OF CHARLOTTE CITY COUNCIL AT-LARGE,LaWana Slack-Mayfield,DEM,4,140,41,0,0,181,Y
440,16535,MECKLENBURG,11/7/23,097,2,C,CITY OF CHARLOTTE CITY COUNCIL AT-LARGE,Steven J. DiFiore II,LIB,4,38,7,0,0,45,Y
441,16537,MECKLENBURG,11/7/23,097,2,C,CITY OF CHARLOTTE CITY COUNCIL AT-LARGE,Victoria Watlington,DEM,4,132,39,0,0,171,Y
442,16571,MECKLENBURG,11/7/23,098,2,C,CITY OF CHARLOTTE CITY COUNCIL AT-LARGE,Dimple Ajmera,DEM,4,185,68,0,0,253,Y
443,16573,MECKLENBURG,11/7/23,098,2,C,CITY OF CHARLOTTE CITY COUNCIL AT-LARGE,"James (Smuggie) Mitchell, Jr.",DEM,4,177,69,0,0,246,Y
444,16579,MECKLENBURG,11/7/23,098,2,C,CITY OF CHARLOTTE CITY COUNCIL AT-LARGE,LaWana Slack-Mayfield,DEM,4,179,62,0,0,241,Y
445,16585,MECKLENBURG,11/7/23,098,2,C,CITY OF CHARLOTTE CITY COUNCIL AT-LARGE,Steven J. DiFiore II,LIB,4,34,6,0,0,40,Y
446,16587,MECKLENBURG,11/7/23,098,2,C,CITY OF CHARLOTTE CITY COUNCIL AT-LARGE,Victoria Watlington,DEM,4,187,71,0,0,258,Y
447,16621,MECKLENBURG,11/7/23,099,2,C,CITY OF CHARLOTTE CITY COUNCIL AT-LARGE,Dimple Ajmera,DEM,4,61,50,0,0,111,Y
448,16623,MECKLENBURG,11/7/23,099,2,C,CITY OF CHARLOTTE CITY COUNCIL AT-LARGE,"James (Smuggie) Mitchell, Jr.",DEM,4,62,50,0,0,112,Y
449,16629,MECKLENBURG,11/7/23,099,2,C,CITY OF CHARLOTTE CITY COUNCIL AT-LARGE,LaWana Slack-Mayfield,DEM,4,58,51,0,0,109,Y
450,16635,MECKLENBURG,11/7/23,099,2,C,CITY OF CHARLOTTE CITY COUNCIL AT-LARGE,Steven J. DiFiore II,LIB,4,14,6,0,0,20,Y
451,16637,MECKLENBURG,11/7/23,099,2,C,CITY OF CHARLOTTE CITY COUNCIL AT-LARGE,Victoria Watlington,DEM,4,60,46,0,0,106,Y
452,16656,MECKLENBURG,11/7/23,212,2,C,CITY OF CHARLOTTE CITY COUNCIL AT-LARGE,LaWana Slack-Mayfield,DEM,4,608,426,0,0,1034,Y
453,16662,MECKLENBURG,11/7/23,212,2,C,CITY OF CHARLOTTE CITY COUNCIL AT-LARGE,Steven J. DiFiore II,LIB,4,117,58,0,0,175,Y
454,16664,MECKLENBURG,11/7/23,212,2,C,CITY OF CHARLOTTE CITY COUNCIL AT-LARGE,Victoria Watlington,DEM,4,624,434,0,0,1058,Y
455,16697,MECKLENBURG,11/7/23,213,2,C,CITY OF CHARLOTTE CITY COUNCIL AT-LARGE,Dimple Ajmera,DEM,4,318,180,0,0,498,Y
456,16699,MECKLENBURG,11/7/23,213,2,C,CITY OF CHARLOTTE CITY COUNCIL AT-LARGE,"James (Smuggie) Mitchell, Jr.",DEM,4,306,191,0,0,497,Y
457,16705,MECKLENBURG,11/7/23,213,2,C,CITY OF CHARLOTTE CITY COUNCIL AT-LARGE,LaWana Slack-Mayfield,DEM,4,307,188,0,0,495,Y
458,16711,MECKLENBURG,11/7/23,213,2,C,CITY OF CHARLOTTE CITY COUNCIL AT-LARGE,Steven J. DiFiore II,LIB,4,61,16,0,0,77,Y
459,16713,MECKLENBURG,11/7/23,213,2,C,CITY OF CHARLOTTE CITY COUNCIL AT-LARGE,Victoria Watlington,DEM,4,311,186,0,0,497,Y
460,16746,MECKLENBURG,11/7/23,214,2,C,CITY OF CHARLOTTE CITY COUNCIL AT-LARGE,Dimple Ajmera,DEM,4,385,159,0,0,544,Y
461,16748,MECKLENBURG,11/7/23,214,2,C,CITY OF CHARLOTTE CITY COUNCIL AT-LARGE,"James (Smuggie) Mitchell, Jr.",DEM,4,367,155,0,0,522,Y
462,16754,MECKLENBURG,11/7/23,214,2,C,CITY OF CHARLOTTE CITY COUNCIL AT-LARGE,LaWana Slack-Mayfield,DEM,4,353,155,0,0,508,Y
463,16760,MECKLENBURG,11/7/23,214,2,C,CITY OF CHARLOTTE CITY COUNCIL AT-LARGE,Steven J. DiFiore II,LIB,4,116,24,0,0,140,Y
464,16762,MECKLENBURG,11/7/23,214,2,C,CITY OF CHARLOTTE CITY COUNCIL AT-LARGE,Victoria Watlington,DEM,4,375,160,0,0,535,Y
465,17026,MECKLENBURG,11/7/23,222,2,C,CITY OF CHARLOTTE CITY COUNCIL AT-LARGE,Dimple Ajmera,DEM,4,313,131,0,0,444,Y
466,17028,MECKLENBURG,11/7/23,222,2,C,CITY OF CHARLOTTE CITY COUNCIL AT-LARGE,"James (Smuggie) Mitchell, Jr.",DEM,4,315,124,0,0,439,Y
467,17034,MECKLENBURG,11/7/23,222,2,C,CITY OF CHARLOTTE CITY COUNCIL AT-LARGE,LaWana Slack-Mayfield,DEM,4,308,120,0,0,428,Y
468,17040,MECKLENBURG,11/7/23,222,2,C,CITY OF CHARLOTTE CITY COUNCIL AT-LARGE,Steven J. DiFiore II,LIB,4,81,15,0,0,96,Y
469,17042,MECKLENBURG,11/7/23,222,2,C,CITY OF CHARLOTTE CITY COUNCIL AT-LARGE,Victoria Watlington,DEM,4,318,123,0,0,441,Y
470,17075,MECKLENBURG,11/7/23,223.1,2,C,CITY OF CHARLOTTE CITY COUNCIL AT-LARGE,Dimple Ajmera,DEM,4,408,146,0,0,554,Y
471,17077,MECKLENBURG,11/7/23,223.1,2,C,CITY OF CHARLOTTE CITY COUNCIL AT-LARGE,"James (Smuggie) Mitchell, Jr.",DEM,4,387,145,0,0,532,Y
472,17083,MECKLENBURG,11/7/23,223.1,2,C,CITY OF CHARLOTTE CITY COUNCIL AT-LARGE,LaWana Slack-Mayfield,DEM,4,371,141,0,0,512,Y
473,17089,MECKLENBURG,11/7/23,223.1,2,C,CITY OF CHARLOTTE CITY COUNCIL AT-LARGE,Steven J. DiFiore II,LIB,4,191,32,0,0,223,Y
474,17091,MECKLENBURG,11/7/23,223.1,2,C,CITY OF CHARLOTTE CITY COUNCIL AT-LARGE,Victoria Watlington,DEM,4,417,146,0,0,563,Y
475,19560,MECKLENBURG,11/7/23,020,2,C,CITY OF CHARLOTTE CITY COUNCIL AT-LARGE,Dimple Ajmera,DEM,4,366,103,0,0,469,Y
476,19562,MECKLENBURG,11/7/23,020,2,C,CITY OF CHARLOTTE CITY COUNCIL AT-LARGE,"James (Smuggie) Mitchell, Jr.",DEM,4,312,86,0,0,398,Y
477,19568,MECKLENBURG,11/7/23,020,2,C,CITY OF CHARLOTTE CITY COUNCIL AT-LARGE,LaWana Slack-Mayfield,DEM,4,296,87,0,0,383,Y
478,19574,MECKLENBURG,11/7/23,020,2,C,CITY OF CHARLOTTE CITY COUNCIL AT-LARGE,Steven J. DiFiore II,LIB,4,169,36,0,0,205,Y
479,19576,MECKLENBURG,11/7/23,020,2,C,CITY OF CHARLOTTE CITY COUNCIL AT-LARGE,Victoria Watlington,DEM,4,353,99,0,0,452,Y
480,19611,MECKLENBURG,11/7/23,021,2,C,CITY OF CHARLOTTE CITY COUNCIL AT-LARGE,Dimple Ajmera,DEM,4,303,71,0,0,374,Y
481,19613,MECKLENBURG,11/7/23,021,2,C,CITY OF CHARLOTTE CITY COUNCIL AT-LARGE,"James (Smuggie) Mitchell, Jr.",DEM,4,279,59,0,0,338,Y
482,19619,MECKLENBURG,11/7/23,021,2,C,CITY OF CHARLOTTE CITY COUNCIL AT-LARGE,LaWana Slack-Mayfield,DEM,4,274,65,0,0,339,Y
483,19625,MECKLENBURG,11/7/23,021,2,C,CITY OF CHARLOTTE CITY COUNCIL AT-LARGE,Steven J. DiFiore II,LIB,4,121,10,0,0,131,Y
484,19627,MECKLENBURG,11/7/23,021,2,C,CITY OF CHARLOTTE CITY COUNCIL AT-LARGE,Victoria Watlington,DEM,4,310,69,0,0,379,Y
485,19662,MECKLENBURG,11/7/23,022,2,C,CITY OF CHARLOTTE CITY COUNCIL AT-LARGE,Dimple Ajmera,DEM,4,387,122,0,0,509,Y
486,19664,MECKLENBURG,11/7/23,022,2,C,CITY OF CHARLOTTE CITY COUNCIL AT-LARGE,"James (Smuggie) Mitchell, Jr.",DEM,4,366,120,0,0,486,Y
487,19670,MECKLENBURG,11/7/23,022,2,C,CITY OF CHARLOTTE CITY COUNCIL AT-LARGE,LaWana Slack-Mayfield,DEM,4,346,112,0,0,458,Y
488,19676,MECKLENBURG,11/7/23,022,2,C,CITY OF CHARLOTTE CITY COUNCIL AT-LARGE,Steven J. DiFiore II,LIB,4,145,40,0,0,185,Y
489,19678,MECKLENBURG,11/7/23,022,2,C,CITY OF CHARLOTTE CITY COUNCIL AT-LARGE,Victoria Watlington,DEM,4,392,120,0,0,512,Y
490,19712,MECKLENBURG,11/7/23,023,2,C,CITY OF CHARLOTTE CITY COUNCIL AT-LARGE,Dimple Ajmera,DEM,4,144,61,0,0,205,Y
491,19714,MECKLENBURG,11/7/23,023,2,C,CITY OF CHARLOTTE CITY COUNCIL AT-LARGE,"James (Smuggie) Mitchell, Jr.",DEM,4,148,59,0,0,207,Y
492,19720,MECKLENBURG,11/7/23,023,2,C,CITY OF CHARLOTTE CITY COUNCIL AT-LARGE,LaWana Slack-Mayfield,DEM,4,148,59,0,0,207,Y
493,19726,MECKLENBURG,11/7/23,023,2,C,CITY OF CHARLOTTE CITY COUNCIL AT-LARGE,Steven J. DiFiore II,LIB,4,40,8,0,0,48,Y
494,19728,MECKLENBURG,11/7/23,023,2,C,CITY OF CHARLOTTE CITY COUNCIL AT-LARGE,Victoria Watlington,DEM,4,145,63,0,0,208,Y
495,19761,MECKLENBURG,11/7/23,024,2,C,CITY OF CHARLOTTE CITY COUNCIL AT-LARGE,Dimple Ajmera,DEM,4,220,48,0,0,268,Y
496,19763,MECKLENBURG,11/7/23,024,2,C,CITY OF CHARLOTTE CITY COUNCIL AT-LARGE,"James (Smuggie) Mitchell, Jr.",DEM,4,215,46,0,0,261,Y
497,19769,MECKLENBURG,11/7/23,024,2,C,CITY OF CHARLOTTE CITY COUNCIL AT-LARGE,LaWana Slack-Mayfield,DEM,4,216,50,0,0,266,Y
498,19775,MECKLENBURG,11/7/23,024,2,C,CITY OF CHARLOTTE CITY COUNCIL AT-LARGE,Steven J. DiFiore II,LIB,4,45,13,0,0,58,Y
499,19777,MECKLENBURG,11/7/23,024,2,C,CITY OF CHARLOTTE CITY COUNCIL AT-LARGE,Victoria Watlington,DEM,4,220,54,0,0,274,Y
500,19810,MECKLENBURG,11/7/23,025,2,C,CITY OF CHARLOTTE CITY COUNCIL AT-LARGE,Dimple Ajmera,DEM,4,125,114,0,0,239,Y
501,19812,MECKLENBURG,11/7/23,025,2,C,CITY OF CHARLOTTE CITY COUNCIL AT-LARGE,"James (Smuggie) Mitchell, Jr.",DEM,4,127,117,0,0,244,Y
502,19818,MECKLENBURG,11/7/23,025,2,C,CITY OF CHARLOTTE CITY COUNCIL AT-LARGE,LaWana Slack-Mayfield,DEM,4,127,117,0,0,244,Y
503,19824,MECKLENBURG,11/7/23,025,2,C,CITY OF CHARLOTTE CITY COUNCIL AT-LARGE,Steven J. DiFiore II,LIB,4,11,6,0,0,17,Y
504,19826,MECKLENBURG,11/7/23,025,2,C,CITY OF CHARLOTTE CITY COUNCIL AT-LARGE,Victoria Watlington,DEM,4,121,113,0,0,234,Y
505,19859,MECKLENBURG,11/7/23,026,2,C,CITY OF CHARLOTTE CITY COUNCIL AT-LARGE,Dimple Ajmera,DEM,4,287,201,0,0,488,Y
506,19861,MECKLENBURG,11/7/23,026,2,C,CITY OF CHARLOTTE CITY COUNCIL AT-LARGE,"James (Smuggie) Mitchell, Jr.",DEM,4,281,199,0,0,480,Y
507,19867,MECKLENBURG,11/7/23,026,2,C,CITY OF CHARLOTTE CITY COUNCIL AT-LARGE,LaWana Slack-Mayfield,DEM,4,274,197,0,0,471,Y
508,19873,MECKLENBURG,11/7/23,026,2,C,CITY OF CHARLOTTE CITY COUNCIL AT-LARGE,Steven J. DiFiore II,LIB,4,48,25,0,0,73,Y
509,19875,MECKLENBURG,11/7/23,026,2,C,CITY OF CHARLOTTE CITY COUNCIL AT-LARGE,Victoria Watlington,DEM,4,279,199,0,0,478,Y
510,19910,MECKLENBURG,11/7/23,027,2,C,CITY OF CHARLOTTE CITY COUNCIL AT-LARGE,Dimple Ajmera,DEM,4,125,58,0,0,183,Y
511,19912,MECKLENBURG,11/7/23,027,2,C,CITY OF CHARLOTTE CITY COUNCIL AT-LARGE,"James (Smuggie) Mitchell, Jr.",DEM,4,128,60,0,0,188,Y
512,19918,MECKLENBURG,11/7/23,027,2,C,CITY OF CHARLOTTE CITY COUNCIL AT-LARGE,LaWana Slack-Mayfield,DEM,4,128,59,0,0,187,Y
513,19924,MECKLENBURG,11/7/23,027,2,C,CITY OF CHARLOTTE CITY COUNCIL AT-LARGE,Steven J. DiFiore II,LIB,4,25,8,0,0,33,Y
514,19926,MECKLENBURG,11/7/23,027,2,C,CITY OF CHARLOTTE CITY COUNCIL AT-LARGE,Victoria Watlington,DEM,4,120,55,0,0,175,Y
515,19961,MECKLENBURG,11/7/23,028,2,C,CITY OF CHARLOTTE CITY COUNCIL AT-LARGE,Dimple Ajmera,DEM,4,197,75,0,0,272,Y
516,19963,MECKLENBURG,11/7/23,028,2,C,CITY OF CHARLOTTE CITY COUNCIL AT-LARGE,"James (Smuggie) Mitchell, Jr.",DEM,4,183,73,0,0,256,Y
517,19969,MECKLENBURG,11/7/23,028,2,C,CITY OF CHARLOTTE CITY COUNCIL AT-LARGE,LaWana Slack-Mayfield,DEM,4,182,81,0,0,263,Y
518,19975,MECKLENBURG,11/7/23,028,2,C,CITY OF CHARLOTTE CITY COUNCIL AT-LARGE,Steven J. DiFiore II,LIB,4,47,11,0,0,58,Y
519,19977,MECKLENBURG,11/7/23,028,2,C,CITY OF CHARLOTTE CITY COUNCIL AT-LARGE,Victoria Watlington,DEM,4,195,79,0,0,274,Y
520,20498,MECKLENBURG,11/7/23,029,2,C,CITY OF CHARLOTTE CITY COUNCIL AT-LARGE,Dimple Ajmera,DEM,4,261,83,0,0,344,Y
521,20500,MECKLENBURG,11/7/23,029,2,C,CITY OF CHARLOTTE CITY COUNCIL AT-LARGE,"James (Smuggie) Mitchell, Jr.",DEM,4,240,69,0,0,309,Y
522,20506,MECKLENBURG,11/7/23,029,2,C,CITY OF CHARLOTTE CITY COUNCIL AT-LARGE,LaWana Slack-Mayfield,DEM,4,241,76,0,0,317,Y
523,20512,MECKLENBURG,11/7/23,029,2,C,CITY OF CHARLOTTE CITY COUNCIL AT-LARGE,Steven J. DiFiore II,LIB,4,66,13,0,0,79,Y
524,20514,MECKLENBURG,11/7/23,029,2,C,CITY OF CHARLOTTE CITY COUNCIL AT-LARGE,Victoria Watlington,DEM,4,261,82,0,0,343,Y
525,20549,MECKLENBURG,11/7/23,030,2,C,CITY OF CHARLOTTE CITY COUNCIL AT-LARGE,Dimple Ajmera,DEM,4,506,156,0,0,662,Y
526,20551,MECKLENBURG,11/7/23,030,2,C,CITY OF CHARLOTTE CITY COUNCIL AT-LARGE,"James (Smuggie) Mitchell, Jr.",DEM,4,469,138,0,0,607,Y
527,20557,MECKLENBURG,11/7/23,030,2,C,CITY OF CHARLOTTE CITY COUNCIL AT-LARGE,LaWana Slack-Mayfield,DEM,4,478,145,0,0,623,Y
528,20563,MECKLENBURG,11/7/23,030,2,C,CITY OF CHARLOTTE CITY COUNCIL AT-LARGE,Steven J. DiFiore II,LIB,4,94,23,0,0,117,Y
529,20565,MECKLENBURG,11/7/23,030,2,C,CITY OF CHARLOTTE CITY COUNCIL AT-LARGE,Victoria Watlington,DEM,4,502,157,0,0,659,Y
530,20600,MECKLENBURG,11/7/23,031,2,C,CITY OF CHARLOTTE CITY COUNCIL AT-LARGE,Dimple Ajmera,DEM,4,113,120,0,0,233,Y
531,20602,MECKLENBURG,11/7/23,031,2,C,CITY OF CHARLOTTE CITY COUNCIL AT-LARGE,"James (Smuggie) Mitchell, Jr.",DEM,4,127,128,0,0,255,Y
532,20608,MECKLENBURG,11/7/23,031,2,C,CITY OF CHARLOTTE CITY COUNCIL AT-LARGE,LaWana Slack-Mayfield,DEM,4,114,127,0,0,241,Y
533,20614,MECKLENBURG,11/7/23,031,2,C,CITY OF CHARLOTTE CITY COUNCIL AT-LARGE,Steven J. DiFiore II,LIB,4,29,14,0,0,43,Y
534,20616,MECKLENBURG,11/7/23,031,2,C,CITY OF CHARLOTTE CITY COUNCIL AT-LARGE,Victoria Watlington,DEM,4,115,124,0,0,239,Y
535,20650,MECKLENBURG,11/7/23,032,2,C,CITY OF CHARLOTTE CITY COUNCIL AT-LARGE,Dimple Ajmera,DEM,4,195,92,0,0,287,Y
536,20652,MECKLENBURG,11/7/23,032,2,C,CITY OF CHARLOTTE CITY COUNCIL AT-LARGE,"James (Smuggie) Mitchell, Jr.",DEM,4,214,78,0,0,292,Y
537,20658,MECKLENBURG,11/7/23,032,2,C,CITY OF CHARLOTTE CITY COUNCIL AT-LARGE,LaWana Slack-Mayfield,DEM,4,163,74,0,0,237,Y
538,20664,MECKLENBURG,11/7/23,032,2,C,CITY OF CHARLOTTE CITY COUNCIL AT-LARGE,Steven J. DiFiore II,LIB,4,175,51,0,0,226,Y
539,20666,MECKLENBURG,11/7/23,032,2,C,CITY OF CHARLOTTE CITY COUNCIL AT-LARGE,Victoria Watlington,DEM,4,204,82,0,0,286,Y
540,20700,MECKLENBURG,11/7/23,033,2,C,CITY OF CHARLOTTE CITY COUNCIL AT-LARGE,Dimple Ajmera,DEM,4,218,48,0,0,266,Y
541,20702,MECKLENBURG,11/7/23,033,2,C,CITY OF CHARLOTTE CITY COUNCIL AT-LARGE,"James (Smuggie) Mitchell, Jr.",DEM,4,216,46,0,0,262,Y
542,20708,MECKLENBURG,11/7/23,033,2,C,CITY OF CHARLOTTE CITY COUNCIL AT-LARGE,LaWana Slack-Mayfield,DEM,4,206,47,0,0,253,Y
543,20714,MECKLENBURG,11/7/23,033,2,C,CITY OF CHARLOTTE CITY COUNCIL AT-LARGE,Steven J. DiFiore II,LIB,4,70,11,0,0,81,Y
544,20716,MECKLENBURG,11/7/23,033,2,C,CITY OF CHARLOTTE CITY COUNCIL AT-LARGE,Victoria Watlington,DEM,4,227,54,0,0,281,Y
545,20749,MECKLENBURG,11/7/23,034,2,C,CITY OF CHARLOTTE CITY COUNCIL AT-LARGE,Dimple Ajmera,DEM,4,248,95,0,0,343,Y
546,20751,MECKLENBURG,11/7/23,034,2,C,CITY OF CHARLOTTE CITY COUNCIL AT-LARGE,"James (Smuggie) Mitchell, Jr.",DEM,4,233,74,0,0,307,Y
547,20757,MECKLENBURG,11/7/23,034,2,C,CITY OF CHARLOTTE CITY COUNCIL AT-LARGE,LaWana Slack-Mayfield,DEM,4,230,86,0,0,316,Y
548,20763,MECKLENBURG,11/7/23,034,2,C,CITY OF CHARLOTTE CITY COUNCIL AT-LARGE,Steven J. DiFiore II,LIB,4,68,24,0,0,92,Y
549,20765,MECKLENBURG,11/7/23,034,2,C,CITY OF CHARLOTTE CITY COUNCIL AT-LARGE,Victoria Watlington,DEM,4,244,90,0,0,334,Y
550,20798,MECKLENBURG,11/7/23,035,2,C,CITY OF CHARLOTTE CITY COUNCIL AT-LARGE,Dimple Ajmera,DEM,4,272,113,0,0,385,Y
551,20800,MECKLENBURG,11/7/23,035,2,C,CITY OF CHARLOTTE CITY COUNCIL AT-LARGE,"James (Smuggie) Mitchell, Jr.",DEM,4,251,94,0,0,345,Y
552,20806,MECKLENBURG,11/7/23,035,2,C,CITY OF CHARLOTTE CITY COUNCIL AT-LARGE,LaWana Slack-Mayfield,DEM,4,219,103,0,0,322,Y
553,20812,MECKLENBURG,11/7/23,035,2,C,CITY OF CHARLOTTE CITY COUNCIL AT-LARGE,Steven J. DiFiore II,LIB,4,141,38,0,0,179,Y
554,20814,MECKLENBURG,11/7/23,035,2,C,CITY OF CHARLOTTE CITY COUNCIL AT-LARGE,Victoria Watlington,DEM,4,263,118,0,0,381,Y
555,20848,MECKLENBURG,11/7/23,036,2,C,CITY OF CHARLOTTE CITY COUNCIL AT-LARGE,Dimple Ajmera,DEM,4,342,150,0,0,492,Y
556,20850,MECKLENBURG,11/7/23,036,2,C,CITY OF CHARLOTTE CITY COUNCIL AT-LARGE,"James (Smuggie) Mitchell, Jr.",DEM,4,342,138,0,0,480,Y
557,20856,MECKLENBURG,11/7/23,036,2,C,CITY OF CHARLOTTE CITY COUNCIL AT-LARGE,LaWana Slack-Mayfield,DEM,4,304,133,0,0,437,Y
558,20862,MECKLENBURG,11/7/23,036,2,C,CITY OF CHARLOTTE CITY COUNCIL AT-LARGE,Steven J. DiFiore II,LIB,4,212,46,0,0,258,Y
559,20864,MECKLENBURG,11/7/23,036,2,C,CITY OF CHARLOTTE CITY COUNCIL AT-LARGE,Victoria Watlington,DEM,4,350,151,0,0,501,Y
560,20898,MECKLENBURG,11/7/23,037,2,C,CITY OF CHARLOTTE CITY COUNCIL AT-LARGE,Dimple Ajmera,DEM,4,211,85,0,0,296,Y
561,20900,MECKLENBURG,11/7/23,037,2,C,CITY OF CHARLOTTE CITY COUNCIL AT-LARGE,"James (Smuggie) Mitchell, Jr.",DEM,4,192,67,0,0,259,Y
562,20906,MECKLENBURG,11/7/23,037,2,C,CITY OF CHARLOTTE CITY COUNCIL AT-LARGE,LaWana Slack-Mayfield,DEM,4,174,67,0,0,241,Y
563,20931,MECKLENBURG,11/7/23,100,2,C,CITY OF CHARLOTTE CITY COUNCIL AT-LARGE,Dimple Ajmera,DEM,4,256,143,0,0,399,Y
564,20933,MECKLENBURG,11/7/23,100,2,C,CITY OF CHARLOTTE CITY COUNCIL AT-LARGE,"James (Smuggie) Mitchell, Jr.",DEM,4,245,120,0,0,365,Y
565,20939,MECKLENBURG,11/7/23,100,2,C,CITY OF CHARLOTTE CITY COUNCIL AT-LARGE,LaWana Slack-Mayfield,DEM,4,235,124,0,0,359,Y
566,20945,MECKLENBURG,11/7/23,100,2,C,CITY OF CHARLOTTE CITY COUNCIL AT-LARGE,Steven J. DiFiore II,LIB,4,167,37,0,0,204,Y
567,20947,MECKLENBURG,11/7/23,100,2,C,CITY OF CHARLOTTE CITY COUNCIL AT-LARGE,Victoria Watlington,DEM,4,268,138,0,0,406,Y
568,20981,MECKLENBURG,11/7/23,101,2,C,CITY OF CHARLOTTE CITY COUNCIL AT-LARGE,Dimple Ajmera,DEM,4,241,86,0,0,327,Y
569,20983,MECKLENBURG,11/7/23,101,2,C,CITY OF CHARLOTTE CITY COUNCIL AT-LARGE,"James (Smuggie) Mitchell, Jr.",DEM,4,229,80,0,0,309,Y
570,20989,MECKLENBURG,11/7/23,101,2,C,CITY OF CHARLOTTE CITY COUNCIL AT-LARGE,LaWana Slack-Mayfield,DEM,4,204,72,0,0,276,Y
571,20995,MECKLENBURG,11/7/23,101,2,C,CITY OF CHARLOTTE CITY COUNCIL AT-LARGE,Steven J. DiFiore II,LIB,4,206,49,0,0,255,Y
572,20997,MECKLENBURG,11/7/23,101,2,C,CITY OF CHARLOTTE CITY COUNCIL AT-LARGE,Victoria Watlington,DEM,4,250,85,0,0,335,Y
573,21031,MECKLENBURG,11/7/23,102,2,C,CITY OF CHARLOTTE CITY COUNCIL AT-LARGE,Dimple Ajmera,DEM,4,288,112,0,0,400,Y
574,21033,MECKLENBURG,11/7/23,102,2,C,CITY OF CHARLOTTE CITY COUNCIL AT-LARGE,"James (Smuggie) Mitchell, Jr.",DEM,4,291,106,0,0,397,Y
575,21039,MECKLENBURG,11/7/23,102,2,C,CITY OF CHARLOTTE CITY COUNCIL AT-LARGE,LaWana Slack-Mayfield,DEM,4,281,102,0,0,383,Y
576,21045,MECKLENBURG,11/7/23,102,2,C,CITY OF CHARLOTTE CITY COUNCIL AT-LARGE,Steven J. DiFiore II,LIB,4,103,26,0,0,129,Y
577,21047,MECKLENBURG,11/7/23,102,2,C,CITY OF CHARLOTTE CITY COUNCIL AT-LARGE,Victoria Watlington,DEM,4,292,114,0,0,406,Y
578,21080,MECKLENBURG,11/7/23,103,2,C,CITY OF CHARLOTTE CITY COUNCIL AT-LARGE,Dimple Ajmera,DEM,4,381,145,0,0,526,Y
579,21082,MECKLENBURG,11/7/23,103,2,C,CITY OF CHARLOTTE CITY COUNCIL AT-LARGE,"James (Smuggie) Mitchell, Jr.",DEM,4,346,126,0,0,472,Y
580,21088,MECKLENBURG,11/7/23,103,2,C,CITY OF CHARLOTTE CITY COUNCIL AT-LARGE,LaWana Slack-Mayfield,DEM,4,329,130,0,0,459,Y
581,21094,MECKLENBURG,11/7/23,103,2,C,CITY OF CHARLOTTE CITY COUNCIL AT-LARGE,Steven J. DiFiore II,LIB,4,233,74,0,0,307,Y
582,21096,MECKLENBURG,11/7/23,103,2,C,CITY OF CHARLOTTE CITY COUNCIL AT-LARGE,Victoria Watlington,DEM,4,379,155,0,0,534,Y
583,21130,MECKLENBURG,11/7/23,104,2,C,CITY OF CHARLOTTE CITY COUNCIL AT-LARGE,Dimple Ajmera,DEM,4,247,160,0,0,407,Y
584,21132,MECKLENBURG,11/7/23,104,2,C,CITY OF CHARLOTTE CITY COUNCIL AT-LARGE,"James (Smuggie) Mitchell, Jr.",DEM,4,245,157,0,0,402,Y
585,21138,MECKLENBURG,11/7/23,104,2,C,CITY OF CHARLOTTE CITY COUNCIL AT-LARGE,LaWana Slack-Mayfield,DEM,4,242,158,0,0,400,Y
586,21144,MECKLENBURG,11/7/23,104,2,C,CITY OF CHARLOTTE CITY COUNCIL AT-LARGE,Steven J. DiFiore II,LIB,4,29,17,0,0,46,Y
587,21146,MECKLENBURG,11/7/23,104,2,C,CITY OF CHARLOTTE CITY COUNCIL AT-LARGE,Victoria Watlington,DEM,4,242,157,0,0,399,Y
588,21179,MECKLENBURG,11/7/23,105,2,C,CITY OF CHARLOTTE CITY COUNCIL AT-LARGE,Dimple Ajmera,DEM,4,183,88,0,0,271,Y
589,21181,MECKLENBURG,11/7/23,105,2,C,CITY OF CHARLOTTE CITY COUNCIL AT-LARGE,"James (Smuggie) Mitchell, Jr.",DEM,4,189,88,0,0,277,Y
590,21187,MECKLENBURG,11/7/23,105,2,C,CITY OF CHARLOTTE CITY COUNCIL AT-LARGE,LaWana Slack-Mayfield,DEM,4,181,95,0,0,276,Y
591,21193,MECKLENBURG,11/7/23,105,2,C,CITY OF CHARLOTTE CITY COUNCIL AT-LARGE,Steven J. DiFiore II,LIB,4,43,16,0,0,59,Y
592,21195,MECKLENBURG,11/7/23,105,2,C,CITY OF CHARLOTTE CITY COUNCIL AT-LARGE,Victoria Watlington,DEM,4,188,93,0,0,281,Y
593,21228,MECKLENBURG,11/7/23,106,2,C,CITY OF CHARLOTTE CITY COUNCIL AT-LARGE,Dimple Ajmera,DEM,4,256,148,0,0,404,Y
594,21230,MECKLENBURG,11/7/23,106,2,C,CITY OF CHARLOTTE CITY COUNCIL AT-LARGE,"James (Smuggie) Mitchell, Jr.",DEM,4,242,134,0,0,376,Y
595,21236,MECKLENBURG,11/7/23,106,2,C,CITY OF CHARLOTTE CITY COUNCIL AT-LARGE,LaWana Slack-Mayfield,DEM,4,237,120,0,0,357,Y
596,21242,MECKLENBURG,11/7/23,106,2,C,CITY OF CHARLOTTE CITY COUNCIL AT-LARGE,Steven J. DiFiore II,LIB,4,138,52,0,0,190,Y
597,21244,MECKLENBURG,11/7/23,106,2,C,CITY OF CHARLOTTE CITY COUNCIL AT-LARGE,Victoria Watlington,DEM,4,262,149,0,0,411,Y
598,21278,MECKLENBURG,11/7/23,107.1,2,C,CITY OF CHARLOTTE CITY COUNCIL AT-LARGE,Dimple Ajmera,DEM,4,318,162,0,0,480,Y
599,21280,MECKLENBURG,11/7/23,107.1,2,C,CITY OF CHARLOTTE CITY COUNCIL AT-LARGE,"James (Smuggie) Mitchell, Jr.",DEM,4,316,168,0,0,484,Y
600,21286,MECKLENBURG,11/7/23,107.1,2,C,CITY OF CHARLOTTE CITY COUNCIL AT-LARGE,LaWana Slack-Mayfield,DEM,4,309,162,0,0,471,Y
601,21292,MECKLENBURG,11/7/23,107.1,2,C,CITY OF CHARLOTTE CITY COUNCIL AT-LARGE,Steven J. DiFiore II,LIB,4,60,19,0,0,79,Y
602,21294,MECKLENBURG,11/7/23,107.1,2,C,CITY OF CHARLOTTE CITY COUNCIL AT-LARGE,Victoria Watlington,DEM,4,317,164,0,0,481,Y
603,21327,MECKLENBURG,11/7/23,108,2,C,CITY OF CHARLOTTE CITY COUNCIL AT-LARGE,Dimple Ajmera,DEM,4,120,64,0,0,184,Y
604,21329,MECKLENBURG,11/7/23,108,2,C,CITY OF CHARLOTTE CITY COUNCIL AT-LARGE,"James (Smuggie) Mitchell, Jr.",DEM,4,120,61,0,0,181,Y
605,21335,MECKLENBURG,11/7/23,108,2,C,CITY OF CHARLOTTE CITY COUNCIL AT-LARGE,LaWana Slack-Mayfield,DEM,4,120,62,0,0,182,Y
606,21341,MECKLENBURG,11/7/23,108,2,C,CITY OF CHARLOTTE CITY COUNCIL AT-LARGE,Steven J. DiFiore II,LIB,4,19,9,0,0,28,Y
607,21343,MECKLENBURG,11/7/23,108,2,C,CITY OF CHARLOTTE CITY COUNCIL AT-LARGE,Victoria Watlington,DEM,4,119,61,0,0,180,Y
608,21385,MECKLENBURG,11/7/23,224,2,C,CITY OF CHARLOTTE CITY COUNCIL AT-LARGE,Dimple Ajmera,DEM,4,98,35,0,0,133,Y
609,21387,MECKLENBURG,11/7/23,224,2,C,CITY OF CHARLOTTE CITY COUNCIL AT-LARGE,"James (Smuggie) Mitchell, Jr.",DEM,4,87,37,0,0,124,Y
610,21393,MECKLENBURG,11/7/23,224,2,C,CITY OF CHARLOTTE CITY COUNCIL AT-LARGE,LaWana Slack-Mayfield,DEM,4,90,38,0,0,128,Y
611,21399,MECKLENBURG,11/7/23,224,2,C,CITY OF CHARLOTTE CITY COUNCIL AT-LARGE,Steven J. DiFiore II,LIB,4,29,9,0,0,38,Y
612,21401,MECKLENBURG,11/7/23,224,2,C,CITY OF CHARLOTTE CITY COUNCIL AT-LARGE,Victoria Watlington,DEM,4,94,37,0,0,131,Y
613,21435,MECKLENBURG,11/7/23,225,2,C,CITY OF CHARLOTTE CITY COUNCIL AT-LARGE,Dimple Ajmera,DEM,4,0,0,0,0,0,Y
614,21437,MECKLENBURG,11/7/23,225,2,C,CITY OF CHARLOTTE CITY COUNCIL AT-LARGE,"James (Smuggie) Mitchell, Jr.",DEM,4,0,0,0,0,0,Y
615,21443,MECKLENBURG,11/7/23,225,2,C,CITY OF CHARLOTTE CITY COUNCIL AT-LARGE,LaWana Slack-Mayfield,DEM,4,0,0,0,0,0,Y
616,21449,MECKLENBURG,11/7/23,225,2,C,CITY OF CHARLOTTE CITY COUNCIL AT-LARGE,Steven J. DiFiore II,LIB,4,0,0,0,0,0,Y
617,21451,MECKLENBURG,11/7/23,225,2,C,CITY OF CHARLOTTE CITY COUNCIL AT-LARGE,Victoria Watlington,DEM,4,0,0,0,0,0,Y
618,21493,MECKLENBURG,11/7/23,226,2,C,CITY OF CHARLOTTE CITY COUNCIL AT-LARGE,Dimple Ajmera,DEM,4,225,181,0,0,406,Y
619,21495,MECKLENBURG,11/7/23,226,2,C,CITY OF CHARLOTTE CITY COUNCIL AT-LARGE,"James (Smuggie) Mitchell, Jr.",DEM,4,227,165,0,0,392,Y
620,21501,MECKLENBURG,11/7/23,226,2,C,CITY OF CHARLOTTE CITY COUNCIL AT-LARGE,LaWana Slack-Mayfield,DEM,4,209,163,0,0,372,Y
621,21507,MECKLENBURG,11/7/23,226,2,C,CITY OF CHARLOTTE CITY COUNCIL AT-LARGE,Steven J. DiFiore II,LIB,4,171,65,0,0,236,Y
622,21509,MECKLENBURG,11/7/23,226,2,C,CITY OF CHARLOTTE CITY COUNCIL AT-LARGE,Victoria Watlington,DEM,4,237,182,0,0,419,Y
623,21543,MECKLENBURG,11/7/23,227,2,C,CITY OF CHARLOTTE CITY COUNCIL AT-LARGE,Dimple Ajmera,DEM,4,466,214,0,0,680,Y
624,21545,MECKLENBURG,11/7/23,227,2,C,CITY OF CHARLOTTE CITY COUNCIL AT-LARGE,"James (Smuggie) Mitchell, Jr.",DEM,4,445,195,0,0,640,Y
625,21551,MECKLENBURG,11/7/23,227,2,C,CITY OF CHARLOTTE CITY COUNCIL AT-LARGE,LaWana Slack-Mayfield,DEM,4,440,190,0,0,630,Y
626,21557,MECKLENBURG,11/7/23,227,2,C,CITY OF CHARLOTTE CITY COUNCIL AT-LARGE,Steven J. DiFiore II,LIB,4,239,67,0,0,306,Y
627,21559,MECKLENBURG,11/7/23,227,2,C,CITY OF CHARLOTTE CITY COUNCIL AT-LARGE,Victoria Watlington,DEM,4,469,206,0,0,675,Y
628,21593,MECKLENBURG,11/7/23,228,2,C,CITY OF CHARLOTTE CITY COUNCIL AT-LARGE,Dimple Ajmera,DEM,4,225,128,0,0,353,Y
629,21595,MECKLENBURG,11/7/23,228,2,C,CITY OF CHARLOTTE CITY COUNCIL AT-LARGE,"James (Smuggie) Mitchell, Jr.",DEM,4,230,128,0,0,358,Y
630,21601,MECKLENBURG,11/7/23,228,2,C,CITY OF CHARLOTTE CITY COUNCIL AT-LARGE,LaWana Slack-Mayfield,DEM,4,207,126,0,0,333,Y
631,21607,MECKLENBURG,11/7/23,228,2,C,CITY OF CHARLOTTE CITY COUNCIL AT-LARGE,Steven J. DiFiore II,LIB,4,83,30,0,0,113,Y
632,21609,MECKLENBURG,11/7/23,228,2,C,CITY OF CHARLOTTE CITY COUNCIL AT-LARGE,Victoria Watlington,DEM,4,238,135,0,0,373,Y
633,21643,MECKLENBURG,11/7/23,229,2,C,CITY OF CHARLOTTE CITY COUNCIL AT-LARGE,Dimple Ajmera,DEM,4,364,207,0,0,571,Y
634,21645,MECKLENBURG,11/7/23,229,2,C,CITY OF CHARLOTTE CITY COUNCIL AT-LARGE,"James (Smuggie) Mitchell, Jr.",DEM,4,366,202,0,0,568,Y
635,21651,MECKLENBURG,11/7/23,229,2,C,CITY OF CHARLOTTE CITY COUNCIL AT-LARGE,LaWana Slack-Mayfield,DEM,4,364,192,0,0,556,Y
636,21657,MECKLENBURG,11/7/23,229,2,C,CITY OF CHARLOTTE CITY COUNCIL AT-LARGE,Steven J. DiFiore II,LIB,4,114,35,0,0,149,Y
637,21659,MECKLENBURG,11/7/23,229,2,C,CITY OF CHARLOTTE CITY COUNCIL AT-LARGE,Victoria Watlington,DEM,4,376,201,0,0,577,Y
638,21693,MECKLENBURG,11/7/23,230,2,C,CITY OF CHARLOTTE CITY COUNCIL AT-LARGE,Dimple Ajmera,DEM,4,575,251,0,0,826,Y
639,21695,MECKLENBURG,11/7/23,230,2,C,CITY OF CHARLOTTE CITY COUNCIL AT-LARGE,"James (Smuggie) Mitchell, Jr.",DEM,4,579,238,0,0,817,Y
640,21701,MECKLENBURG,11/7/23,230,2,C,CITY OF CHARLOTTE CITY COUNCIL AT-LARGE,LaWana Slack-Mayfield,DEM,4,559,244,0,0,803,Y
641,21707,MECKLENBURG,11/7/23,230,2,C,CITY OF CHARLOTTE CITY COUNCIL AT-LARGE,Steven J. DiFiore II,LIB,4,159,46,0,0,205,Y
642,21709,MECKLENBURG,11/7/23,230,2,C,CITY OF CHARLOTTE CITY COUNCIL AT-LARGE,Victoria Watlington,DEM,4,598,263,0,0,861,Y
643,21770,MECKLENBURG,11/7/23,232,2,C,CITY OF CHARLOTTE CITY COUNCIL AT-LARGE,Dimple Ajmera,DEM,4,329,230,0,0,559,Y
644,21772,MECKLENBURG,11/7/23,232,2,C,CITY OF CHARLOTTE CITY COUNCIL AT-LARGE,"James (Smuggie) Mitchell, Jr.",DEM,4,335,207,0,0,542,Y
645,21778,MECKLENBURG,11/7/23,232,2,C,CITY OF CHARLOTTE CITY COUNCIL AT-LARGE,LaWana Slack-Mayfield,DEM,4,308,217,0,0,525,Y
646,21784,MECKLENBURG,11/7/23,232,2,C,CITY OF CHARLOTTE CITY COUNCIL AT-LARGE,Steven J. DiFiore II,LIB,4,304,98,0,0,402,Y
647,21786,MECKLENBURG,11/7/23,232,2,C,CITY OF CHARLOTTE CITY COUNCIL AT-LARGE,Victoria Watlington,DEM,4,364,230,0,0,594,Y
648,25780,MECKLENBURG,11/7/23,037,2,C,CITY OF CHARLOTTE CITY COUNCIL AT-LARGE,Steven J. DiFiore II,LIB,4,110,36,0,0,146,Y
649,25782,MECKLENBURG,11/7/23,037,2,C,CITY OF CHARLOTTE CITY COUNCIL AT-LARGE,Victoria Watlington,DEM,4,217,78,0,0,295,Y
650,25817,MECKLENBURG,11/7/23,038,2,C,CITY OF CHARLOTTE CITY COUNCIL AT-LARGE,Dimple Ajmera,DEM,4,185,58,0,0,243,Y
651,25819,MECKLENBURG,11/7/23,038,2,C,CITY OF CHARLOTTE CITY COUNCIL AT-LARGE,"James (Smuggie) Mitchell, Jr.",DEM,4,169,52,0,0,221,Y
652,25825,MECKLENBURG,11/7/23,038,2,C,CITY OF CHARLOTTE CITY COUNCIL AT-LARGE,LaWana Slack-Mayfield,DEM,4,162,56,0,0,218,Y
653,25831,MECKLENBURG,11/7/23,038,2,C,CITY OF CHARLOTTE CITY COUNCIL AT-LARGE,Steven J. DiFiore II,LIB,4,75,7,0,0,82,Y
654,25833,MECKLENBURG,11/7/23,038,2,C,CITY OF CHARLOTTE CITY COUNCIL AT-LARGE,Victoria Watlington,DEM,4,181,59,0,0,240,Y
655,25868,MECKLENBURG,11/7/23,039,2,C,CITY OF CHARLOTTE CITY COUNCIL AT-LARGE,Dimple Ajmera,DEM,4,98,98,0,0,196,Y
656,25870,MECKLENBURG,11/7/23,039,2,C,CITY OF CHARLOTTE CITY COUNCIL AT-LARGE,"James (Smuggie) Mitchell, Jr.",DEM,4,103,99,0,0,202,Y
657,25876,MECKLENBURG,11/7/23,039,2,C,CITY OF CHARLOTTE CITY COUNCIL AT-LARGE,LaWana Slack-Mayfield,DEM,4,101,103,0,0,204,Y
658,25882,MECKLENBURG,11/7/23,039,2,C,CITY OF CHARLOTTE CITY COUNCIL AT-LARGE,Steven J. DiFiore II,LIB,4,12,10,0,0,22,Y
659,25884,MECKLENBURG,11/7/23,039,2,C,CITY OF CHARLOTTE CITY COUNCIL AT-LARGE,Victoria Watlington,DEM,4,100,100,0,0,200,Y
660,25918,MECKLENBURG,11/7/23,040,2,C,CITY OF CHARLOTTE CITY COUNCIL AT-LARGE,Dimple Ajmera,DEM,4,123,63,0,0,186,Y
661,25920,MECKLENBURG,11/7/23,040,2,C,CITY OF CHARLOTTE CITY COUNCIL AT-LARGE,"James (Smuggie) Mitchell, Jr.",DEM,4,124,67,0,0,191,Y
662,25926,MECKLENBURG,11/7/23,040,2,C,CITY OF CHARLOTTE CITY COUNCIL AT-LARGE,LaWana Slack-Mayfield,DEM,4,129,61,0,0,190,Y
663,25932,MECKLENBURG,11/7/23,040,2,C,CITY OF CHARLOTTE CITY COUNCIL AT-LARGE,Steven J. DiFiore II,LIB,4,23,6,0,0,29,Y
664,25934,MECKLENBURG,11/7/23,040,2,C,CITY OF CHARLOTTE CITY COUNCIL AT-LARGE,Victoria Watlington,DEM,4,118,64,0,0,182,Y
665,25967,MECKLENBURG,11/7/23,041,2,C,CITY OF CHARLOTTE CITY COUNCIL AT-LARGE,Dimple Ajmera,DEM,4,134,64,0,0,198,Y
666,25969,MECKLENBURG,11/7/23,041,2,C,CITY OF CHARLOTTE CITY COUNCIL AT-LARGE,"James (Smuggie) Mitchell, Jr.",DEM,4,132,53,0,0,185,Y
667,25975,MECKLENBURG,11/7/23,041,2,C,CITY OF CHARLOTTE CITY COUNCIL AT-LARGE,LaWana Slack-Mayfield,DEM,4,134,65,0,0,199,Y
668,25981,MECKLENBURG,11/7/23,041,2,C,CITY OF CHARLOTTE CITY COUNCIL AT-LARGE,Steven J. DiFiore II,LIB,4,23,11,0,0,34,Y
669,25983,MECKLENBURG,11/7/23,041,2,C,CITY OF CHARLOTTE CITY COUNCIL AT-LARGE,Victoria Watlington,DEM,4,128,62,0,0,190,Y
670,26016,MECKLENBURG,11/7/23,042,2,C,CITY OF CHARLOTTE CITY COUNCIL AT-LARGE,Dimple Ajmera,DEM,4,198,144,0,0,342,Y
671,26018,MECKLENBURG,11/7/23,042,2,C,CITY OF CHARLOTTE CITY COUNCIL AT-LARGE,"James (Smuggie) Mitchell, Jr.",DEM,4,203,143,0,0,346,Y
672,26024,MECKLENBURG,11/7/23,042,2,C,CITY OF CHARLOTTE CITY COUNCIL AT-LARGE,LaWana Slack-Mayfield,DEM,4,197,144,0,0,341,Y
673,26030,MECKLENBURG,11/7/23,042,2,C,CITY OF CHARLOTTE CITY COUNCIL AT-LARGE,Steven J. DiFiore II,LIB,4,22,22,0,0,44,Y
674,26032,MECKLENBURG,11/7/23,042,2,C,CITY OF CHARLOTTE CITY COUNCIL AT-LARGE,Victoria Watlington,DEM,4,203,143,0,0,346,Y
675,26067,MECKLENBURG,11/7/23,043,2,C,CITY OF CHARLOTTE CITY COUNCIL AT-LARGE,Dimple Ajmera,DEM,4,188,115,0,0,303,Y
676,26069,MECKLENBURG,11/7/23,043,2,C,CITY OF CHARLOTTE CITY COUNCIL AT-LARGE,"James (Smuggie) Mitchell, Jr.",DEM,4,180,109,0,0,289,Y
677,26075,MECKLENBURG,11/7/23,043,2,C,CITY OF CHARLOTTE CITY COUNCIL AT-LARGE,LaWana Slack-Mayfield,DEM,4,184,109,0,0,293,Y
678,26081,MECKLENBURG,11/7/23,043,2,C,CITY OF CHARLOTTE CITY COUNCIL AT-LARGE,Steven J. DiFiore II,LIB,4,33,17,0,0,50,Y
679,26083,MECKLENBURG,11/7/23,043,2,C,CITY OF CHARLOTTE CITY COUNCIL AT-LARGE,Victoria Watlington,DEM,4,194,114,0,0,308,Y
680,26118,MECKLENBURG,11/7/23,044,2,C,CITY OF CHARLOTTE CITY COUNCIL AT-LARGE,Dimple Ajmera,DEM,4,292,100,0,0,392,Y
681,26120,MECKLENBURG,11/7/23,044,2,C,CITY OF CHARLOTTE CITY COUNCIL AT-LARGE,"James (Smuggie) Mitchell, Jr.",DEM,4,271,92,0,0,363,Y
682,26126,MECKLENBURG,11/7/23,044,2,C,CITY OF CHARLOTTE CITY COUNCIL AT-LARGE,LaWana Slack-Mayfield,DEM,4,270,90,0,0,360,Y
683,26132,MECKLENBURG,11/7/23,044,2,C,CITY OF CHARLOTTE CITY COUNCIL AT-LARGE,Steven J. DiFiore II,LIB,4,81,24,0,0,105,Y
684,26134,MECKLENBURG,11/7/23,044,2,C,CITY OF CHARLOTTE CITY COUNCIL AT-LARGE,Victoria Watlington,DEM,4,286,97,0,0,383,Y
685,26169,MECKLENBURG,11/7/23,045,2,C,CITY OF CHARLOTTE CITY COUNCIL AT-LARGE,Dimple Ajmera,DEM,4,186,48,0,0,234,Y
686,26171,MECKLENBURG,11/7/23,045,2,C,CITY OF CHARLOTTE CITY COUNCIL AT-LARGE,"James (Smuggie) Mitchell, Jr.",DEM,4,169,52,0,0,221,Y
687,26177,MECKLENBURG,11/7/23,045,2,C,CITY OF CHARLOTTE CITY COUNCIL AT-LARGE,LaWana Slack-Mayfield,DEM,4,167,49,0,0,216,Y
688,26183,MECKLENBURG,11/7/23,045,2,C,CITY OF CHARLOTTE CITY COUNCIL AT-LARGE,Steven J. DiFiore II,LIB,4,70,9,0,0,79,Y
689,26185,MECKLENBURG,11/7/23,045,2,C,CITY OF CHARLOTTE CITY COUNCIL AT-LARGE,Victoria Watlington,DEM,4,191,49,0,0,240,Y
690,26218,MECKLENBURG,11/7/23,046,2,C,CITY OF CHARLOTTE CITY COUNCIL AT-LARGE,Dimple Ajmera,DEM,4,250,79,0,0,329,Y
691,26220,MECKLENBURG,11/7/23,046,2,C,CITY OF CHARLOTTE CITY COUNCIL AT-LARGE,"James (Smuggie) Mitchell, Jr.",DEM,4,230,73,0,0,303,Y
692,26243,MECKLENBURG,11/7/23,109,2,C,CITY OF CHARLOTTE CITY COUNCIL AT-LARGE,Dimple Ajmera,DEM,4,401,86,0,0,487,Y
693,26245,MECKLENBURG,11/7/23,109,2,C,CITY OF CHARLOTTE CITY COUNCIL AT-LARGE,"James (Smuggie) Mitchell, Jr.",DEM,4,351,80,0,0,431,Y
694,26251,MECKLENBURG,11/7/23,109,2,C,CITY OF CHARLOTTE CITY COUNCIL AT-LARGE,LaWana Slack-Mayfield,DEM,4,360,83,0,0,443,Y
695,26257,MECKLENBURG,11/7/23,109,2,C,CITY OF CHARLOTTE CITY COUNCIL AT-LARGE,Steven J. DiFiore II,LIB,4,124,11,0,0,135,Y
696,26259,MECKLENBURG,11/7/23,109,2,C,CITY OF CHARLOTTE CITY COUNCIL AT-LARGE,Victoria Watlington,DEM,4,397,82,0,0,479,Y
697,26294,MECKLENBURG,11/7/23,110,2,C,CITY OF CHARLOTTE CITY COUNCIL AT-LARGE,Dimple Ajmera,DEM,4,209,78,0,0,287,Y
698,26296,MECKLENBURG,11/7/23,110,2,C,CITY OF CHARLOTTE CITY COUNCIL AT-LARGE,"James (Smuggie) Mitchell, Jr.",DEM,4,190,73,0,0,263,Y
699,26302,MECKLENBURG,11/7/23,110,2,C,CITY OF CHARLOTTE CITY COUNCIL AT-LARGE,LaWana Slack-Mayfield,DEM,4,169,69,0,0,238,Y
700,26308,MECKLENBURG,11/7/23,110,2,C,CITY OF CHARLOTTE CITY COUNCIL AT-LARGE,Steven J. DiFiore II,LIB,4,150,35,0,0,185,Y
701,26310,MECKLENBURG,11/7/23,110,2,C,CITY OF CHARLOTTE CITY COUNCIL AT-LARGE,Victoria Watlington,DEM,4,206,77,0,0,283,Y
702,26344,MECKLENBURG,11/7/23,111,2,C,CITY OF CHARLOTTE CITY COUNCIL AT-LARGE,Dimple Ajmera,DEM,4,298,210,0,0,508,Y
703,26346,MECKLENBURG,11/7/23,111,2,C,CITY OF CHARLOTTE CITY COUNCIL AT-LARGE,"James (Smuggie) Mitchell, Jr.",DEM,4,271,196,0,0,467,Y
704,26352,MECKLENBURG,11/7/23,111,2,C,CITY OF CHARLOTTE CITY COUNCIL AT-LARGE,LaWana Slack-Mayfield,DEM,4,243,183,0,0,426,Y
705,26358,MECKLENBURG,11/7/23,111,2,C,CITY OF CHARLOTTE CITY COUNCIL AT-LARGE,Steven J. DiFiore II,LIB,4,185,100,0,0,285,Y
706,26360,MECKLENBURG,11/7/23,111,2,C,CITY OF CHARLOTTE CITY COUNCIL AT-LARGE,Victoria Watlington,DEM,4,299,206,0,0,505,Y
707,26394,MECKLENBURG,11/7/23,112,2,C,CITY OF CHARLOTTE CITY COUNCIL AT-LARGE,Dimple Ajmera,DEM,4,189,70,0,0,259,Y
708,26396,MECKLENBURG,11/7/23,112,2,C,CITY OF CHARLOTTE CITY COUNCIL AT-LARGE,"James (Smuggie) Mitchell, Jr.",DEM,4,188,67,0,0,255,Y
709,26402,MECKLENBURG,11/7/23,112,2,C,CITY OF CHARLOTTE CITY COUNCIL AT-LARGE,LaWana Slack-Mayfield,DEM,4,165,62,0,0,227,Y
710,26408,MECKLENBURG,11/7/23,112,2,C,CITY OF CHARLOTTE CITY COUNCIL AT-LARGE,Steven J. DiFiore II,LIB,4,139,40,0,0,179,Y
711,26410,MECKLENBURG,11/7/23,112,2,C,CITY OF CHARLOTTE CITY COUNCIL AT-LARGE,Victoria Watlington,DEM,4,191,71,0,0,262,Y
712,26444,MECKLENBURG,11/7/23,113,2,C,CITY OF CHARLOTTE CITY COUNCIL AT-LARGE,Dimple Ajmera,DEM,4,287,119,0,0,406,Y
713,26446,MECKLENBURG,11/7/23,113,2,C,CITY OF CHARLOTTE CITY COUNCIL AT-LARGE,"James (Smuggie) Mitchell, Jr.",DEM,4,294,117,0,0,411,Y
714,26452,MECKLENBURG,11/7/23,113,2,C,CITY OF CHARLOTTE CITY COUNCIL AT-LARGE,LaWana Slack-Mayfield,DEM,4,269,116,0,0,385,Y
715,26458,MECKLENBURG,11/7/23,113,2,C,CITY OF CHARLOTTE CITY COUNCIL AT-LARGE,Steven J. DiFiore II,LIB,4,241,39,0,0,280,Y
716,26460,MECKLENBURG,11/7/23,113,2,C,CITY OF CHARLOTTE CITY COUNCIL AT-LARGE,Victoria Watlington,DEM,4,315,120,0,0,435,Y
717,26494,MECKLENBURG,11/7/23,114,2,C,CITY OF CHARLOTTE CITY COUNCIL AT-LARGE,Dimple Ajmera,DEM,4,327,178,0,0,505,Y
718,26496,MECKLENBURG,11/7/23,114,2,C,CITY OF CHARLOTTE CITY COUNCIL AT-LARGE,"James (Smuggie) Mitchell, Jr.",DEM,4,314,162,0,0,476,Y
719,26502,MECKLENBURG,11/7/23,114,2,C,CITY OF CHARLOTTE CITY COUNCIL AT-LARGE,LaWana Slack-Mayfield,DEM,4,292,153,0,0,445,Y
720,26508,MECKLENBURG,11/7/23,114,2,C,CITY OF CHARLOTTE CITY COUNCIL AT-LARGE,Steven J. DiFiore II,LIB,4,243,89,0,0,332,Y
721,26510,MECKLENBURG,11/7/23,114,2,C,CITY OF CHARLOTTE CITY COUNCIL AT-LARGE,Victoria Watlington,DEM,4,327,177,0,0,504,Y
722,26544,MECKLENBURG,11/7/23,115,2,C,CITY OF CHARLOTTE CITY COUNCIL AT-LARGE,Dimple Ajmera,DEM,4,111,32,0,0,143,Y
723,26546,MECKLENBURG,11/7/23,115,2,C,CITY OF CHARLOTTE CITY COUNCIL AT-LARGE,"James (Smuggie) Mitchell, Jr.",DEM,4,108,35,0,0,143,Y
724,26552,MECKLENBURG,11/7/23,115,2,C,CITY OF CHARLOTTE CITY COUNCIL AT-LARGE,LaWana Slack-Mayfield,DEM,4,112,31,0,0,143,Y
725,26558,MECKLENBURG,11/7/23,115,2,C,CITY OF CHARLOTTE CITY COUNCIL AT-LARGE,Steven J. DiFiore II,LIB,4,40,10,0,0,50,Y
726,26560,MECKLENBURG,11/7/23,115,2,C,CITY OF CHARLOTTE CITY COUNCIL AT-LARGE,Victoria Watlington,DEM,4,110,34,0,0,144,Y
727,26593,MECKLENBURG,11/7/23,116,2,C,CITY OF CHARLOTTE CITY COUNCIL AT-LARGE,Dimple Ajmera,DEM,4,126,55,0,0,181,Y
728,26595,MECKLENBURG,11/7/23,116,2,C,CITY OF CHARLOTTE CITY COUNCIL AT-LARGE,"James (Smuggie) Mitchell, Jr.",DEM,4,129,53,0,0,182,Y
729,26601,MECKLENBURG,11/7/23,116,2,C,CITY OF CHARLOTTE CITY COUNCIL AT-LARGE,LaWana Slack-Mayfield,DEM,4,124,54,0,0,178,Y
730,26607,MECKLENBURG,11/7/23,116,2,C,CITY OF CHARLOTTE CITY COUNCIL AT-LARGE,Steven J. DiFiore II,LIB,4,38,3,0,0,41,Y
731,26609,MECKLENBURG,11/7/23,116,2,C,CITY OF CHARLOTTE CITY COUNCIL AT-LARGE,Victoria Watlington,DEM,4,125,55,0,0,180,Y
732,26642,MECKLENBURG,11/7/23,117,2,C,CITY OF CHARLOTTE CITY COUNCIL AT-LARGE,Dimple Ajmera,DEM,4,128,73,0,0,201,Y
733,26644,MECKLENBURG,11/7/23,117,2,C,CITY OF CHARLOTTE CITY COUNCIL AT-LARGE,"James (Smuggie) Mitchell, Jr.",DEM,4,122,73,0,0,195,Y
734,26650,MECKLENBURG,11/7/23,117,2,C,CITY OF CHARLOTTE CITY COUNCIL AT-LARGE,LaWana Slack-Mayfield,DEM,4,115,73,0,0,188,Y
735,26656,MECKLENBURG,11/7/23,117,2,C,CITY OF CHARLOTTE CITY COUNCIL AT-LARGE,Steven J. DiFiore II,LIB,4,50,15,0,0,65,Y
736,26658,MECKLENBURG,11/7/23,117,2,C,CITY OF CHARLOTTE CITY COUNCIL AT-LARGE,Victoria Watlington,DEM,4,133,76,0,0,209,Y
737,26810,MECKLENBURG,11/7/23,237,2,C,CITY OF CHARLOTTE CITY COUNCIL AT-LARGE,Dimple Ajmera,DEM,4,212,129,0,0,341,Y
738,26812,MECKLENBURG,11/7/23,237,2,C,CITY OF CHARLOTTE CITY COUNCIL AT-LARGE,"James (Smuggie) Mitchell, Jr.",DEM,4,220,127,0,0,347,Y
739,26818,MECKLENBURG,11/7/23,237,2,C,CITY OF CHARLOTTE CITY COUNCIL AT-LARGE,LaWana Slack-Mayfield,DEM,4,211,125,0,0,336,Y
740,26824,MECKLENBURG,11/7/23,237,2,C,CITY OF CHARLOTTE CITY COUNCIL AT-LARGE,Steven J. DiFiore II,LIB,4,68,17,0,0,85,Y
741,26826,MECKLENBURG,11/7/23,237,2,C,CITY OF CHARLOTTE CITY COUNCIL AT-LARGE,Victoria Watlington,DEM,4,220,124,0,0,344,Y
742,26859,MECKLENBURG,11/7/23,238.1,2,C,CITY OF CHARLOTTE CITY COUNCIL AT-LARGE,Dimple Ajmera,DEM,4,333,117,0,0,450,Y
743,26861,MECKLENBURG,11/7/23,238.1,2,C,CITY OF CHARLOTTE CITY COUNCIL AT-LARGE,"James (Smuggie) Mitchell, Jr.",DEM,4,322,115,0,0,437,Y
744,26867,MECKLENBURG,11/7/23,238.1,2,C,CITY OF CHARLOTTE CITY COUNCIL AT-LARGE,LaWana Slack-Mayfield,DEM,4,327,109,0,0,436,Y
745,26873,MECKLENBURG,11/7/23,238.1,2,C,CITY OF CHARLOTTE CITY COUNCIL AT-LARGE,Steven J. DiFiore II,LIB,4,78,23,0,0,101,Y
746,26875,MECKLENBURG,11/7/23,238.1,2,C,CITY OF CHARLOTTE CITY COUNCIL AT-LARGE,Victoria Watlington,DEM,4,338,118,0,0,456,Y
747,26908,MECKLENBURG,11/7/23,239,2,C,CITY OF CHARLOTTE CITY COUNCIL AT-LARGE,Dimple Ajmera,DEM,4,327,150,0,0,477,Y
748,26910,MECKLENBURG,11/7/23,239,2,C,CITY OF CHARLOTTE CITY COUNCIL AT-LARGE,"James (Smuggie) Mitchell, Jr.",DEM,4,310,145,0,0,455,Y
749,26916,MECKLENBURG,11/7/23,239,2,C,CITY OF CHARLOTTE CITY COUNCIL AT-LARGE,LaWana Slack-Mayfield,DEM,4,313,152,0,0,465,Y
750,26922,MECKLENBURG,11/7/23,239,2,C,CITY OF CHARLOTTE CITY COUNCIL AT-LARGE,Steven J. DiFiore II,LIB,4,71,12,0,0,83,Y
751,26924,MECKLENBURG,11/7/23,239,2,C,CITY OF CHARLOTTE CITY COUNCIL AT-LARGE,Victoria Watlington,DEM,4,322,153,0,0,475,Y
752,27072,MECKLENBURG,11/7/23,243,2,C,CITY OF CHARLOTTE CITY COUNCIL AT-LARGE,Dimple Ajmera,DEM,4,328,214,0,0,542,Y
753,27074,MECKLENBURG,11/7/23,243,2,C,CITY OF CHARLOTTE CITY COUNCIL AT-LARGE,"James (Smuggie) Mitchell, Jr.",DEM,4,338,205,0,0,543,Y
754,27080,MECKLENBURG,11/7/23,243,2,C,CITY OF CHARLOTTE CITY COUNCIL AT-LARGE,LaWana Slack-Mayfield,DEM,4,328,199,0,0,527,Y
755,27086,MECKLENBURG,11/7/23,243,2,C,CITY OF CHARLOTTE CITY COUNCIL AT-LARGE,Steven J. DiFiore II,LIB,4,146,40,0,0,186,Y
756,27088,MECKLENBURG,11/7/23,243,2,C,CITY OF CHARLOTTE CITY COUNCIL AT-LARGE,Victoria Watlington,DEM,4,344,217,0,0,561,Y
757,30167,MECKLENBURG,11/7/23,046,2,C,CITY OF CHARLOTTE CITY COUNCIL AT-LARGE,LaWana Slack-Mayfield,DEM,4,227,81,0,0,308,Y
758,30173,MECKLENBURG,11/7/23,046,2,C,CITY OF CHARLOTTE CITY COUNCIL AT-LARGE,Steven J. DiFiore II,LIB,4,80,12,0,0,92,Y
759,30175,MECKLENBURG,11/7/23,046,2,C,CITY OF CHARLOTTE CITY COUNCIL AT-LARGE,Victoria Watlington,DEM,4,249,83,0,0,332,Y
760,30210,MECKLENBURG,11/7/23,047,2,C,CITY OF CHARLOTTE CITY COUNCIL AT-LARGE,Dimple Ajmera,DEM,4,323,182,0,0,505,Y
761,30212,MECKLENBURG,11/7/23,047,2,C,CITY OF CHARLOTTE CITY COUNCIL AT-LARGE,"James (Smuggie) Mitchell, Jr.",DEM,4,305,164,0,0,469,Y
762,30218,MECKLENBURG,11/7/23,047,2,C,CITY OF CHARLOTTE CITY COUNCIL AT-LARGE,LaWana Slack-Mayfield,DEM,4,276,160,0,0,436,Y
763,30224,MECKLENBURG,11/7/23,047,2,C,CITY OF CHARLOTTE CITY COUNCIL AT-LARGE,Steven J. DiFiore II,LIB,4,185,79,0,0,264,Y
764,30226,MECKLENBURG,11/7/23,047,2,C,CITY OF CHARLOTTE CITY COUNCIL AT-LARGE,Victoria Watlington,DEM,4,319,180,0,0,499,Y
765,30260,MECKLENBURG,11/7/23,048,2,C,CITY OF CHARLOTTE CITY COUNCIL AT-LARGE,Dimple Ajmera,DEM,4,215,119,0,0,334,Y
766,30262,MECKLENBURG,11/7/23,048,2,C,CITY OF CHARLOTTE CITY COUNCIL AT-LARGE,"James (Smuggie) Mitchell, Jr.",DEM,4,214,104,0,0,318,Y
767,30268,MECKLENBURG,11/7/23,048,2,C,CITY OF CHARLOTTE CITY COUNCIL AT-LARGE,LaWana Slack-Mayfield,DEM,4,181,97,0,0,278,Y
768,30274,MECKLENBURG,11/7/23,048,2,C,CITY OF CHARLOTTE CITY COUNCIL AT-LARGE,Steven J. DiFiore II,LIB,4,188,77,0,0,265,Y
769,30276,MECKLENBURG,11/7/23,048,2,C,CITY OF CHARLOTTE CITY COUNCIL AT-LARGE,Victoria Watlington,DEM,4,219,115,0,0,334,Y
770,30310,MECKLENBURG,11/7/23,049,2,C,CITY OF CHARLOTTE CITY COUNCIL AT-LARGE,Dimple Ajmera,DEM,4,298,173,0,0,471,Y
771,30312,MECKLENBURG,11/7/23,049,2,C,CITY OF CHARLOTTE CITY COUNCIL AT-LARGE,"James (Smuggie) Mitchell, Jr.",DEM,4,277,160,0,0,437,Y
772,30318,MECKLENBURG,11/7/23,049,2,C,CITY OF CHARLOTTE CITY COUNCIL AT-LARGE,LaWana Slack-Mayfield,DEM,4,248,154,0,0,402,Y
773,30324,MECKLENBURG,11/7/23,049,2,C,CITY OF CHARLOTTE CITY COUNCIL AT-LARGE,Steven J. DiFiore II,LIB,4,156,55,0,0,211,Y
774,30326,MECKLENBURG,11/7/23,049,2,C,CITY OF CHARLOTTE CITY COUNCIL AT-LARGE,Victoria Watlington,DEM,4,288,172,0,0,460,Y
775,30360,MECKLENBURG,11/7/23,050,2,C,CITY OF CHARLOTTE CITY COUNCIL AT-LARGE,Dimple Ajmera,DEM,4,207,125,0,0,332,Y
776,30362,MECKLENBURG,11/7/23,050,2,C,CITY OF CHARLOTTE CITY COUNCIL AT-LARGE,"James (Smuggie) Mitchell, Jr.",DEM,4,186,110,0,0,296,Y
777,30368,MECKLENBURG,11/7/23,050,2,C,CITY OF CHARLOTTE CITY COUNCIL AT-LARGE,LaWana Slack-Mayfield,DEM,4,190,115,0,0,305,Y
778,30374,MECKLENBURG,11/7/23,050,2,C,CITY OF CHARLOTTE CITY COUNCIL AT-LARGE,Steven J. DiFiore II,LIB,4,102,51,0,0,153,Y
779,30376,MECKLENBURG,11/7/23,050,2,C,CITY OF CHARLOTTE CITY COUNCIL AT-LARGE,Victoria Watlington,DEM,4,211,128,0,0,339,Y
780,30410,MECKLENBURG,11/7/23,051,2,C,CITY OF CHARLOTTE CITY COUNCIL AT-LARGE,Dimple Ajmera,DEM,4,311,112,0,0,423,Y
781,30412,MECKLENBURG,11/7/23,051,2,C,CITY OF CHARLOTTE CITY COUNCIL AT-LARGE,"James (Smuggie) Mitchell, Jr.",DEM,4,294,105,0,0,399,Y
782,30418,MECKLENBURG,11/7/23,051,2,C,CITY OF CHARLOTTE CITY COUNCIL AT-LARGE,LaWana Slack-Mayfield,DEM,4,295,97,0,0,392,Y
783,30424,MECKLENBURG,11/7/23,051,2,C,CITY OF CHARLOTTE CITY COUNCIL AT-LARGE,Steven J. DiFiore II,LIB,4,139,25,0,0,164,Y
784,30426,MECKLENBURG,11/7/23,051,2,C,CITY OF CHARLOTTE CITY COUNCIL AT-LARGE,Victoria Watlington,DEM,4,321,112,0,0,433,Y
785,30461,MECKLENBURG,11/7/23,052,2,C,CITY OF CHARLOTTE CITY COUNCIL AT-LARGE,Dimple Ajmera,DEM,4,199,142,0,0,341,Y
786,30463,MECKLENBURG,11/7/23,052,2,C,CITY OF CHARLOTTE CITY COUNCIL AT-LARGE,"James (Smuggie) Mitchell, Jr.",DEM,4,203,149,0,0,352,Y
787,30469,MECKLENBURG,11/7/23,052,2,C,CITY OF CHARLOTTE CITY COUNCIL AT-LARGE,LaWana Slack-Mayfield,DEM,4,198,138,0,0,336,Y
788,30475,MECKLENBURG,11/7/23,052,2,C,CITY OF CHARLOTTE CITY COUNCIL AT-LARGE,Steven J. DiFiore II,LIB,4,34,17,0,0,51,Y
789,30477,MECKLENBURG,11/7/23,052,2,C,CITY OF CHARLOTTE CITY COUNCIL AT-LARGE,Victoria Watlington,DEM,4,208,143,0,0,351,Y
790,30511,MECKLENBURG,11/7/23,053,2,C,CITY OF CHARLOTTE CITY COUNCIL AT-LARGE,Dimple Ajmera,DEM,4,195,76,0,0,271,Y
791,30513,MECKLENBURG,11/7/23,053,2,C,CITY OF CHARLOTTE CITY COUNCIL AT-LARGE,"James (Smuggie) Mitchell, Jr.",DEM,4,196,77,0,0,273,Y
792,30519,MECKLENBURG,11/7/23,053,2,C,CITY OF CHARLOTTE CITY COUNCIL AT-LARGE,LaWana Slack-Mayfield,DEM,4,200,80,0,0,280,Y
793,30525,MECKLENBURG,11/7/23,053,2,C,CITY OF CHARLOTTE CITY COUNCIL AT-LARGE,Steven J. DiFiore II,LIB,4,29,7,0,0,36,Y
794,30527,MECKLENBURG,11/7/23,053,2,C,CITY OF CHARLOTTE CITY COUNCIL AT-LARGE,Victoria Watlington,DEM,4,191,75,0,0,266,Y
795,30561,MECKLENBURG,11/7/23,054,2,C,CITY OF CHARLOTTE CITY COUNCIL AT-LARGE,Dimple Ajmera,DEM,4,298,131,0,0,429,Y
796,30563,MECKLENBURG,11/7/23,054,2,C,CITY OF CHARLOTTE CITY COUNCIL AT-LARGE,"James (Smuggie) Mitchell, Jr.",DEM,4,285,132,0,0,417,Y
797,30569,MECKLENBURG,11/7/23,054,2,C,CITY OF CHARLOTTE CITY COUNCIL AT-LARGE,LaWana Slack-Mayfield,DEM,4,287,135,0,0,422,Y
798,30575,MECKLENBURG,11/7/23,054,2,C,CITY OF CHARLOTTE CITY COUNCIL AT-LARGE,Steven J. DiFiore II,LIB,4,44,13,0,0,57,Y
799,30577,MECKLENBURG,11/7/23,054,2,C,CITY OF CHARLOTTE CITY COUNCIL AT-LARGE,Victoria Watlington,DEM,4,302,136,0,0,438,Y
800,30632,MECKLENBURG,11/7/23,118,2,C,CITY OF CHARLOTTE CITY COUNCIL AT-LARGE,Dimple Ajmera,DEM,4,232,106,0,0,338,Y
801,30634,MECKLENBURG,11/7/23,118,2,C,CITY OF CHARLOTTE CITY COUNCIL AT-LARGE,"James (Smuggie) Mitchell, Jr.",DEM,4,219,110,0,0,329,Y
802,30640,MECKLENBURG,11/7/23,118,2,C,CITY OF CHARLOTTE CITY COUNCIL AT-LARGE,LaWana Slack-Mayfield,DEM,4,213,106,0,0,319,Y
803,30646,MECKLENBURG,11/7/23,118,2,C,CITY OF CHARLOTTE CITY COUNCIL AT-LARGE,Steven J. DiFiore II,LIB,4,152,24,0,0,176,Y
804,30648,MECKLENBURG,11/7/23,118,2,C,CITY OF CHARLOTTE CITY COUNCIL AT-LARGE,Victoria Watlington,DEM,4,231,109,0,0,340,Y
805,30682,MECKLENBURG,11/7/23,119,2,C,CITY OF CHARLOTTE CITY COUNCIL AT-LARGE,Dimple Ajmera,DEM,4,191,103,0,0,294,Y
806,30684,MECKLENBURG,11/7/23,119,2,C,CITY OF CHARLOTTE CITY COUNCIL AT-LARGE,"James (Smuggie) Mitchell, Jr.",DEM,4,172,88,0,0,260,Y
807,30690,MECKLENBURG,11/7/23,119,2,C,CITY OF CHARLOTTE CITY COUNCIL AT-LARGE,LaWana Slack-Mayfield,DEM,4,155,95,0,0,250,Y
808,30696,MECKLENBURG,11/7/23,119,2,C,CITY OF CHARLOTTE CITY COUNCIL AT-LARGE,Steven J. DiFiore II,LIB,4,106,41,0,0,147,Y
809,30698,MECKLENBURG,11/7/23,119,2,C,CITY OF CHARLOTTE CITY COUNCIL AT-LARGE,Victoria Watlington,DEM,4,182,97,0,0,279,Y
810,30732,MECKLENBURG,11/7/23,120,2,C,CITY OF CHARLOTTE CITY COUNCIL AT-LARGE,Dimple Ajmera,DEM,4,100,32,0,0,132,Y
811,30734,MECKLENBURG,11/7/23,120,2,C,CITY OF CHARLOTTE CITY COUNCIL AT-LARGE,"James (Smuggie) Mitchell, Jr.",DEM,4,104,27,0,0,131,Y
812,30740,MECKLENBURG,11/7/23,120,2,C,CITY OF CHARLOTTE CITY COUNCIL AT-LARGE,LaWana Slack-Mayfield,DEM,4,106,28,0,0,134,Y
813,30746,MECKLENBURG,11/7/23,120,2,C,CITY OF CHARLOTTE CITY COUNCIL AT-LARGE,Steven J. DiFiore II,LIB,4,34,13,0,0,47,Y
814,30748,MECKLENBURG,11/7/23,120,2,C,CITY OF CHARLOTTE CITY COUNCIL AT-LARGE,Victoria Watlington,DEM,4,109,30,0,0,139,Y
815,30782,MECKLENBURG,11/7/23,121,2,C,CITY OF CHARLOTTE CITY COUNCIL AT-LARGE,Dimple Ajmera,DEM,4,282,192,0,0,474,Y
816,30784,MECKLENBURG,11/7/23,121,2,C,CITY OF CHARLOTTE CITY COUNCIL AT-LARGE,"James (Smuggie) Mitchell, Jr.",DEM,4,285,163,0,0,448,Y
817,30790,MECKLENBURG,11/7/23,121,2,C,CITY OF CHARLOTTE CITY COUNCIL AT-LARGE,LaWana Slack-Mayfield,DEM,4,266,167,0,0,433,Y
818,30796,MECKLENBURG,11/7/23,121,2,C,CITY OF CHARLOTTE CITY COUNCIL AT-LARGE,Steven J. DiFiore II,LIB,4,224,112,0,0,336,Y
819,30798,MECKLENBURG,11/7/23,121,2,C,CITY OF CHARLOTTE CITY COUNCIL AT-LARGE,Victoria Watlington,DEM,4,309,196,0,0,505,Y
820,30832,MECKLENBURG,11/7/23,122,2,C,CITY OF CHARLOTTE CITY COUNCIL AT-LARGE,Dimple Ajmera,DEM,4,411,174,0,0,585,Y
821,30834,MECKLENBURG,11/7/23,122,2,C,CITY OF CHARLOTTE CITY COUNCIL AT-LARGE,"James (Smuggie) Mitchell, Jr.",DEM,4,387,169,0,0,556,Y
822,30840,MECKLENBURG,11/7/23,122,2,C,CITY OF CHARLOTTE CITY COUNCIL AT-LARGE,LaWana Slack-Mayfield,DEM,4,393,164,0,0,557,Y
823,30846,MECKLENBURG,11/7/23,122,2,C,CITY OF CHARLOTTE CITY COUNCIL AT-LARGE,Steven J. DiFiore II,LIB,4,185,49,0,0,234,Y
824,30848,MECKLENBURG,11/7/23,122,2,C,CITY OF CHARLOTTE CITY COUNCIL AT-LARGE,Victoria Watlington,DEM,4,405,174,0,0,579,Y
825,30882,MECKLENBURG,11/7/23,123,2,C,CITY OF CHARLOTTE CITY COUNCIL AT-LARGE,Dimple Ajmera,DEM,4,211,100,0,0,311,Y
826,30884,MECKLENBURG,11/7/23,123,2,C,CITY OF CHARLOTTE CITY COUNCIL AT-LARGE,"James (Smuggie) Mitchell, Jr.",DEM,4,207,98,0,0,305,Y
827,30890,MECKLENBURG,11/7/23,123,2,C,CITY OF CHARLOTTE CITY COUNCIL AT-LARGE,LaWana Slack-Mayfield,DEM,4,204,96,0,0,300,Y
828,30896,MECKLENBURG,11/7/23,123,2,C,CITY OF CHARLOTTE CITY COUNCIL AT-LARGE,Steven J. DiFiore II,LIB,4,55,12,0,0,67,Y
829,30898,MECKLENBURG,11/7/23,123,2,C,CITY OF CHARLOTTE CITY COUNCIL AT-LARGE,Victoria Watlington,DEM,4,213,98,0,0,311,Y
830,30931,MECKLENBURG,11/7/23,124,2,C,CITY OF CHARLOTTE CITY COUNCIL AT-LARGE,Dimple Ajmera,DEM,4,189,71,0,0,260,Y
831,30933,MECKLENBURG,11/7/23,124,2,C,CITY OF CHARLOTTE CITY COUNCIL AT-LARGE,"James (Smuggie) Mitchell, Jr.",DEM,4,186,60,0,0,246,Y
832,30939,MECKLENBURG,11/7/23,124,2,C,CITY OF CHARLOTTE CITY COUNCIL AT-LARGE,LaWana Slack-Mayfield,DEM,4,192,66,0,0,258,Y
833,30945,MECKLENBURG,11/7/23,124,2,C,CITY OF CHARLOTTE CITY COUNCIL AT-LARGE,Steven J. DiFiore II,LIB,4,42,10,0,0,52,Y
834,30947,MECKLENBURG,11/7/23,124,2,C,CITY OF CHARLOTTE CITY COUNCIL AT-LARGE,Victoria Watlington,DEM,4,195,67,0,0,262,Y
835,30980,MECKLENBURG,11/7/23,125,2,C,CITY OF CHARLOTTE CITY COUNCIL AT-LARGE,Dimple Ajmera,DEM,4,115,51,0,0,166,Y
836,30982,MECKLENBURG,11/7/23,125,2,C,CITY OF CHARLOTTE CITY COUNCIL AT-LARGE,"James (Smuggie) Mitchell, Jr.",DEM,4,109,46,0,0,155,Y
837,30988,MECKLENBURG,11/7/23,125,2,C,CITY OF CHARLOTTE CITY COUNCIL AT-LARGE,LaWana Slack-Mayfield,DEM,4,110,50,0,0,160,Y
838,30994,MECKLENBURG,11/7/23,125,2,C,CITY OF CHARLOTTE CITY COUNCIL AT-LARGE,Steven J. DiFiore II,LIB,4,40,8,0,0,48,Y
839,30996,MECKLENBURG,11/7/23,125,2,C,CITY OF CHARLOTTE CITY COUNCIL AT-LARGE,Victoria Watlington,DEM,4,115,49,0,0,164,Y
840,31029,MECKLENBURG,11/7/23,126,2,C,CITY OF CHARLOTTE CITY COUNCIL AT-LARGE,Dimple Ajmera,DEM,4,296,130,0,0,426,Y
841,31031,MECKLENBURG,11/7/23,126,2,C,CITY OF CHARLOTTE CITY COUNCIL AT-LARGE,"James (Smuggie) Mitchell, Jr.",DEM,4,293,132,0,0,425,Y
842,31037,MECKLENBURG,11/7/23,126,2,C,CITY OF CHARLOTTE CITY COUNCIL AT-LARGE,LaWana Slack-Mayfield,DEM,4,298,133,0,0,431,Y
843,31043,MECKLENBURG,11/7/23,126,2,C,CITY OF CHARLOTTE CITY COUNCIL AT-LARGE,Steven J. DiFiore II,LIB,4,61,19,0,0,80,Y
844,31045,MECKLENBURG,11/7/23,126,2,C,CITY OF CHARLOTTE CITY COUNCIL AT-LARGE,Victoria Watlington,DEM,4,298,137,0,0,435,Y
