,County,Election Date,Precinct,Contest Group ID,Contest Type,Contest Name,Choice,Choice Party,Vote For,Election Day,One Stop,Absentee by Mail,Provisional,Total Votes,Real Precinct
2934,MECKLENBURG,11/7/23,1,10,C,CHARLOTTE-MECKLENBURG SCHOOLS BOARD OF EDUCATION AT-LARGE,Annette Albright, ,3,69,16,0,0,85,Y
2935,MECKLENBURG,11/7/23,1,10,C,CHARLOTTE-MECKLENBURG SCHOOLS BOARD OF EDUCATION AT-LARGE,Bill Fountain, ,3,85,29,0,0,114,Y
2936,MECKLENBURG,11/7/23,1,10,C,CHARLOTTE-MECKLENBURG SCHOOLS BOARD OF EDUCATION AT-LARGE,Brian Kasher, ,3,40,14,0,0,54,Y
2937,MECKLENBURG,11/7/23,1,10,C,CHARLOTTE-MECKLENBURG SCHOOLS BOARD OF EDUCATION AT-LARGE,Claire Covington, ,3,103,22,0,0,125,Y
2938,MECKLENBURG,11/7/23,1,10,C,CHARLOTTE-MECKLENBURG SCHOOLS BOARD OF EDUCATION AT-LARGE,Clara Kennedy Witherspoon, ,3,63,12,0,0,75,Y
2939,MECKLENBURG,11/7/23,1,10,C,CHARLOTTE-MECKLENBURG SCHOOLS BOARD OF EDUCATION AT-LARGE,Juanrique Pallamente Hall, ,3,9,6,0,0,15,Y
2940,MECKLENBURG,11/7/23,1,10,C,CHARLOTTE-MECKLENBURG SCHOOLS BOARD OF EDUCATION AT-LARGE,Lenora Shipp, ,3,111,59,0,0,170,Y
2941,MECKLENBURG,11/7/23,1,10,C,CHARLOTTE-MECKLENBURG SCHOOLS BOARD OF EDUCATION AT-LARGE,Liz Monterrey, ,3,142,64,0,0,206,Y
2942,MECKLENBURG,11/7/23,1,10,C,CHARLOTTE-MECKLENBURG SCHOOLS BOARD OF EDUCATION AT-LARGE,Michael Johnson, ,3,68,13,0,0,81,Y
2943,MECKLENBURG,11/7/23,1,10,C,CHARLOTTE-MECKLENBURG SCHOOLS BOARD OF EDUCATION AT-LARGE,Monty Witherspoon, ,3,108,54,0,0,162,Y
2944,MECKLENBURG,11/7/23,1,10,C,CHARLOTTE-MECKLENBURG SCHOOLS BOARD OF EDUCATION AT-LARGE,Omar Harris, ,3,24,2,0,0,26,Y
2945,MECKLENBURG,11/7/23,1,10,C,CHARLOTTE-MECKLENBURG SCHOOLS BOARD OF EDUCATION AT-LARGE,Peggy A. Capehart, ,3,17,6,0,0,23,Y
2947,MECKLENBURG,11/7/23,1,10,C,CHARLOTTE-MECKLENBURG SCHOOLS BOARD OF EDUCATION AT-LARGE,Shamaiye Haynes, ,3,58,19,0,0,77,Y
2975,MECKLENBURG,11/7/23,64,10,C,CHARLOTTE-MECKLENBURG SCHOOLS BOARD OF EDUCATION AT-LARGE,Annette Albright, ,3,38,6,0,0,44,Y
2976,MECKLENBURG,11/7/23,64,10,C,CHARLOTTE-MECKLENBURG SCHOOLS BOARD OF EDUCATION AT-LARGE,Bill Fountain, ,3,31,8,0,0,39,Y
2977,MECKLENBURG,11/7/23,64,10,C,CHARLOTTE-MECKLENBURG SCHOOLS BOARD OF EDUCATION AT-LARGE,Brian Kasher, ,3,19,4,0,0,23,Y
2978,MECKLENBURG,11/7/23,64,10,C,CHARLOTTE-MECKLENBURG SCHOOLS BOARD OF EDUCATION AT-LARGE,Claire Covington, ,3,28,11,0,0,39,Y
2979,MECKLENBURG,11/7/23,64,10,C,CHARLOTTE-MECKLENBURG SCHOOLS BOARD OF EDUCATION AT-LARGE,Clara Kennedy Witherspoon, ,3,42,11,0,0,53,Y
2980,MECKLENBURG,11/7/23,64,10,C,CHARLOTTE-MECKLENBURG SCHOOLS BOARD OF EDUCATION AT-LARGE,Juanrique Pallamente Hall, ,3,13,3,0,0,16,Y
2981,MECKLENBURG,11/7/23,64,10,C,CHARLOTTE-MECKLENBURG SCHOOLS BOARD OF EDUCATION AT-LARGE,Lenora Shipp, ,3,55,29,0,0,84,Y
2982,MECKLENBURG,11/7/23,64,10,C,CHARLOTTE-MECKLENBURG SCHOOLS BOARD OF EDUCATION AT-LARGE,Liz Monterrey, ,3,62,31,0,0,93,Y
2983,MECKLENBURG,11/7/23,64,10,C,CHARLOTTE-MECKLENBURG SCHOOLS BOARD OF EDUCATION AT-LARGE,Michael Johnson, ,3,34,10,0,0,44,Y
2984,MECKLENBURG,11/7/23,64,10,C,CHARLOTTE-MECKLENBURG SCHOOLS BOARD OF EDUCATION AT-LARGE,Monty Witherspoon, ,3,42,24,0,0,66,Y
2985,MECKLENBURG,11/7/23,64,10,C,CHARLOTTE-MECKLENBURG SCHOOLS BOARD OF EDUCATION AT-LARGE,Omar Harris, ,3,16,11,0,0,27,Y
2986,MECKLENBURG,11/7/23,64,10,C,CHARLOTTE-MECKLENBURG SCHOOLS BOARD OF EDUCATION AT-LARGE,Peggy A. Capehart, ,3,11,2,0,0,13,Y
2988,MECKLENBURG,11/7/23,64,10,C,CHARLOTTE-MECKLENBURG SCHOOLS BOARD OF EDUCATION AT-LARGE,Shamaiye Haynes, ,3,38,17,0,0,55,Y
2990,MECKLENBURG,11/7/23,64,10,C,CHARLOTTE-MECKLENBURG SCHOOLS BOARD OF EDUCATION AT-LARGE,Tigress Sydney Acute McDaniel, ,3,18,4,0,0,22,Y
3025,MECKLENBURG,11/7/23,65,10,C,CHARLOTTE-MECKLENBURG SCHOOLS BOARD OF EDUCATION AT-LARGE,Annette Albright, ,3,48,14,0,0,62,Y
3026,MECKLENBURG,11/7/23,65,10,C,CHARLOTTE-MECKLENBURG SCHOOLS BOARD OF EDUCATION AT-LARGE,Bill Fountain, ,3,71,25,0,0,96,Y
3027,MECKLENBURG,11/7/23,65,10,C,CHARLOTTE-MECKLENBURG SCHOOLS BOARD OF EDUCATION AT-LARGE,Brian Kasher, ,3,31,15,0,0,46,Y
3028,MECKLENBURG,11/7/23,65,10,C,CHARLOTTE-MECKLENBURG SCHOOLS BOARD OF EDUCATION AT-LARGE,Claire Covington, ,3,61,19,0,0,80,Y
3029,MECKLENBURG,11/7/23,65,10,C,CHARLOTTE-MECKLENBURG SCHOOLS BOARD OF EDUCATION AT-LARGE,Clara Kennedy Witherspoon, ,3,46,14,0,0,60,Y
3030,MECKLENBURG,11/7/23,65,10,C,CHARLOTTE-MECKLENBURG SCHOOLS BOARD OF EDUCATION AT-LARGE,Juanrique Pallamente Hall, ,3,18,6,0,0,24,Y
3031,MECKLENBURG,11/7/23,65,10,C,CHARLOTTE-MECKLENBURG SCHOOLS BOARD OF EDUCATION AT-LARGE,Lenora Shipp, ,3,129,67,0,0,196,Y
3032,MECKLENBURG,11/7/23,65,10,C,CHARLOTTE-MECKLENBURG SCHOOLS BOARD OF EDUCATION AT-LARGE,Liz Monterrey, ,3,125,54,0,0,179,Y
3033,MECKLENBURG,11/7/23,65,10,C,CHARLOTTE-MECKLENBURG SCHOOLS BOARD OF EDUCATION AT-LARGE,Michael Johnson, ,3,53,7,0,0,60,Y
3034,MECKLENBURG,11/7/23,65,10,C,CHARLOTTE-MECKLENBURG SCHOOLS BOARD OF EDUCATION AT-LARGE,Monty Witherspoon, ,3,109,46,0,0,155,Y
3035,MECKLENBURG,11/7/23,65,10,C,CHARLOTTE-MECKLENBURG SCHOOLS BOARD OF EDUCATION AT-LARGE,Omar Harris, ,3,30,5,0,0,35,Y
3036,MECKLENBURG,11/7/23,65,10,C,CHARLOTTE-MECKLENBURG SCHOOLS BOARD OF EDUCATION AT-LARGE,Peggy A. Capehart, ,3,23,10,0,0,33,Y
3038,MECKLENBURG,11/7/23,65,10,C,CHARLOTTE-MECKLENBURG SCHOOLS BOARD OF EDUCATION AT-LARGE,Shamaiye Haynes, ,3,89,20,0,0,109,Y
3040,MECKLENBURG,11/7/23,65,10,C,CHARLOTTE-MECKLENBURG SCHOOLS BOARD OF EDUCATION AT-LARGE,Tigress Sydney Acute McDaniel, ,3,18,10,0,0,28,Y
3074,MECKLENBURG,11/7/23,66,10,C,CHARLOTTE-MECKLENBURG SCHOOLS BOARD OF EDUCATION AT-LARGE,Annette Albright, ,3,45,12,0,0,57,Y
3075,MECKLENBURG,11/7/23,66,10,C,CHARLOTTE-MECKLENBURG SCHOOLS BOARD OF EDUCATION AT-LARGE,Bill Fountain, ,3,57,13,0,0,70,Y
3076,MECKLENBURG,11/7/23,66,10,C,CHARLOTTE-MECKLENBURG SCHOOLS BOARD OF EDUCATION AT-LARGE,Brian Kasher, ,3,42,8,0,0,50,Y
3077,MECKLENBURG,11/7/23,66,10,C,CHARLOTTE-MECKLENBURG SCHOOLS BOARD OF EDUCATION AT-LARGE,Claire Covington, ,3,68,20,0,0,88,Y
3078,MECKLENBURG,11/7/23,66,10,C,CHARLOTTE-MECKLENBURG SCHOOLS BOARD OF EDUCATION AT-LARGE,Clara Kennedy Witherspoon, ,3,43,9,0,0,52,Y
3079,MECKLENBURG,11/7/23,66,10,C,CHARLOTTE-MECKLENBURG SCHOOLS BOARD OF EDUCATION AT-LARGE,Juanrique Pallamente Hall, ,3,13,6,0,0,19,Y
3080,MECKLENBURG,11/7/23,66,10,C,CHARLOTTE-MECKLENBURG SCHOOLS BOARD OF EDUCATION AT-LARGE,Lenora Shipp, ,3,112,41,0,0,153,Y
3081,MECKLENBURG,11/7/23,66,10,C,CHARLOTTE-MECKLENBURG SCHOOLS BOARD OF EDUCATION AT-LARGE,Liz Monterrey, ,3,138,48,0,0,186,Y
3082,MECKLENBURG,11/7/23,66,10,C,CHARLOTTE-MECKLENBURG SCHOOLS BOARD OF EDUCATION AT-LARGE,Michael Johnson, ,3,43,6,0,0,49,Y
3083,MECKLENBURG,11/7/23,66,10,C,CHARLOTTE-MECKLENBURG SCHOOLS BOARD OF EDUCATION AT-LARGE,Monty Witherspoon, ,3,115,46,0,0,161,Y
3084,MECKLENBURG,11/7/23,66,10,C,CHARLOTTE-MECKLENBURG SCHOOLS BOARD OF EDUCATION AT-LARGE,Omar Harris, ,3,22,1,0,0,23,Y
3085,MECKLENBURG,11/7/23,66,10,C,CHARLOTTE-MECKLENBURG SCHOOLS BOARD OF EDUCATION AT-LARGE,Peggy A. Capehart, ,3,18,1,0,0,19,Y
3087,MECKLENBURG,11/7/23,66,10,C,CHARLOTTE-MECKLENBURG SCHOOLS BOARD OF EDUCATION AT-LARGE,Shamaiye Haynes, ,3,85,22,0,0,107,Y
3089,MECKLENBURG,11/7/23,66,10,C,CHARLOTTE-MECKLENBURG SCHOOLS BOARD OF EDUCATION AT-LARGE,Tigress Sydney Acute McDaniel, ,3,20,1,0,0,21,Y
3124,MECKLENBURG,11/7/23,67,10,C,CHARLOTTE-MECKLENBURG SCHOOLS BOARD OF EDUCATION AT-LARGE,Annette Albright, ,3,75,23,0,0,98,Y
3125,MECKLENBURG,11/7/23,67,10,C,CHARLOTTE-MECKLENBURG SCHOOLS BOARD OF EDUCATION AT-LARGE,Bill Fountain, ,3,93,47,0,0,140,Y
3126,MECKLENBURG,11/7/23,67,10,C,CHARLOTTE-MECKLENBURG SCHOOLS BOARD OF EDUCATION AT-LARGE,Brian Kasher, ,3,41,18,0,0,59,Y
3127,MECKLENBURG,11/7/23,67,10,C,CHARLOTTE-MECKLENBURG SCHOOLS BOARD OF EDUCATION AT-LARGE,Claire Covington, ,3,92,38,0,0,130,Y
3128,MECKLENBURG,11/7/23,67,10,C,CHARLOTTE-MECKLENBURG SCHOOLS BOARD OF EDUCATION AT-LARGE,Clara Kennedy Witherspoon, ,3,22,23,0,0,45,Y
3129,MECKLENBURG,11/7/23,67,10,C,CHARLOTTE-MECKLENBURG SCHOOLS BOARD OF EDUCATION AT-LARGE,Juanrique Pallamente Hall, ,3,11,6,0,0,17,Y
3130,MECKLENBURG,11/7/23,67,10,C,CHARLOTTE-MECKLENBURG SCHOOLS BOARD OF EDUCATION AT-LARGE,Lenora Shipp, ,3,84,70,0,0,154,Y
3131,MECKLENBURG,11/7/23,67,10,C,CHARLOTTE-MECKLENBURG SCHOOLS BOARD OF EDUCATION AT-LARGE,Liz Monterrey, ,3,130,75,0,0,205,Y
3132,MECKLENBURG,11/7/23,67,10,C,CHARLOTTE-MECKLENBURG SCHOOLS BOARD OF EDUCATION AT-LARGE,Michael Johnson, ,3,67,28,0,0,95,Y
3133,MECKLENBURG,11/7/23,67,10,C,CHARLOTTE-MECKLENBURG SCHOOLS BOARD OF EDUCATION AT-LARGE,Monty Witherspoon, ,3,79,53,0,0,132,Y
3134,MECKLENBURG,11/7/23,67,10,C,CHARLOTTE-MECKLENBURG SCHOOLS BOARD OF EDUCATION AT-LARGE,Omar Harris, ,3,14,12,0,0,26,Y
3135,MECKLENBURG,11/7/23,67,10,C,CHARLOTTE-MECKLENBURG SCHOOLS BOARD OF EDUCATION AT-LARGE,Peggy A. Capehart, ,3,17,13,0,0,30,Y
3137,MECKLENBURG,11/7/23,67,10,C,CHARLOTTE-MECKLENBURG SCHOOLS BOARD OF EDUCATION AT-LARGE,Shamaiye Haynes, ,3,52,43,0,0,95,Y
3139,MECKLENBURG,11/7/23,67,10,C,CHARLOTTE-MECKLENBURG SCHOOLS BOARD OF EDUCATION AT-LARGE,Tigress Sydney Acute McDaniel, ,3,19,2,0,0,21,Y
3174,MECKLENBURG,11/7/23,68,10,C,CHARLOTTE-MECKLENBURG SCHOOLS BOARD OF EDUCATION AT-LARGE,Annette Albright, ,3,57,13,0,0,70,Y
3175,MECKLENBURG,11/7/23,68,10,C,CHARLOTTE-MECKLENBURG SCHOOLS BOARD OF EDUCATION AT-LARGE,Bill Fountain, ,3,57,11,0,0,68,Y
3176,MECKLENBURG,11/7/23,68,10,C,CHARLOTTE-MECKLENBURG SCHOOLS BOARD OF EDUCATION AT-LARGE,Brian Kasher, ,3,24,7,0,0,31,Y
3177,MECKLENBURG,11/7/23,68,10,C,CHARLOTTE-MECKLENBURG SCHOOLS BOARD OF EDUCATION AT-LARGE,Claire Covington, ,3,49,11,0,0,60,Y
3178,MECKLENBURG,11/7/23,68,10,C,CHARLOTTE-MECKLENBURG SCHOOLS BOARD OF EDUCATION AT-LARGE,Clara Kennedy Witherspoon, ,3,19,9,0,0,28,Y
3179,MECKLENBURG,11/7/23,68,10,C,CHARLOTTE-MECKLENBURG SCHOOLS BOARD OF EDUCATION AT-LARGE,Juanrique Pallamente Hall, ,3,8,1,0,0,9,Y
3180,MECKLENBURG,11/7/23,68,10,C,CHARLOTTE-MECKLENBURG SCHOOLS BOARD OF EDUCATION AT-LARGE,Lenora Shipp, ,3,41,42,0,0,83,Y
3181,MECKLENBURG,11/7/23,68,10,C,CHARLOTTE-MECKLENBURG SCHOOLS BOARD OF EDUCATION AT-LARGE,Liz Monterrey, ,3,59,47,0,0,106,Y
3182,MECKLENBURG,11/7/23,68,10,C,CHARLOTTE-MECKLENBURG SCHOOLS BOARD OF EDUCATION AT-LARGE,Michael Johnson, ,3,48,7,0,0,55,Y
3183,MECKLENBURG,11/7/23,68,10,C,CHARLOTTE-MECKLENBURG SCHOOLS BOARD OF EDUCATION AT-LARGE,Monty Witherspoon, ,3,41,45,0,0,86,Y
3184,MECKLENBURG,11/7/23,68,10,C,CHARLOTTE-MECKLENBURG SCHOOLS BOARD OF EDUCATION AT-LARGE,Omar Harris, ,3,17,7,0,0,24,Y
3185,MECKLENBURG,11/7/23,68,10,C,CHARLOTTE-MECKLENBURG SCHOOLS BOARD OF EDUCATION AT-LARGE,Peggy A. Capehart, ,3,18,3,0,0,21,Y
3187,MECKLENBURG,11/7/23,68,10,C,CHARLOTTE-MECKLENBURG SCHOOLS BOARD OF EDUCATION AT-LARGE,Shamaiye Haynes, ,3,49,28,0,0,77,Y
3189,MECKLENBURG,11/7/23,68,10,C,CHARLOTTE-MECKLENBURG SCHOOLS BOARD OF EDUCATION AT-LARGE,Tigress Sydney Acute McDaniel, ,3,8,4,0,0,12,Y
3224,MECKLENBURG,11/7/23,69,10,C,CHARLOTTE-MECKLENBURG SCHOOLS BOARD OF EDUCATION AT-LARGE,Annette Albright, ,3,139,50,0,0,189,Y
3225,MECKLENBURG,11/7/23,69,10,C,CHARLOTTE-MECKLENBURG SCHOOLS BOARD OF EDUCATION AT-LARGE,Bill Fountain, ,3,205,85,0,0,290,Y
3226,MECKLENBURG,11/7/23,69,10,C,CHARLOTTE-MECKLENBURG SCHOOLS BOARD OF EDUCATION AT-LARGE,Brian Kasher, ,3,97,41,0,0,138,Y
3227,MECKLENBURG,11/7/23,69,10,C,CHARLOTTE-MECKLENBURG SCHOOLS BOARD OF EDUCATION AT-LARGE,Claire Covington, ,3,275,66,0,0,341,Y
3228,MECKLENBURG,11/7/23,69,10,C,CHARLOTTE-MECKLENBURG SCHOOLS BOARD OF EDUCATION AT-LARGE,Clara Kennedy Witherspoon, ,3,87,31,0,0,118,Y
3229,MECKLENBURG,11/7/23,69,10,C,CHARLOTTE-MECKLENBURG SCHOOLS BOARD OF EDUCATION AT-LARGE,Juanrique Pallamente Hall, ,3,27,10,0,0,37,Y
3230,MECKLENBURG,11/7/23,69,10,C,CHARLOTTE-MECKLENBURG SCHOOLS BOARD OF EDUCATION AT-LARGE,Lenora Shipp, ,3,231,112,0,0,343,Y
3231,MECKLENBURG,11/7/23,69,10,C,CHARLOTTE-MECKLENBURG SCHOOLS BOARD OF EDUCATION AT-LARGE,Liz Monterrey, ,3,274,127,0,0,401,Y
3232,MECKLENBURG,11/7/23,69,10,C,CHARLOTTE-MECKLENBURG SCHOOLS BOARD OF EDUCATION AT-LARGE,Michael Johnson, ,3,142,52,0,0,194,Y
3233,MECKLENBURG,11/7/23,69,10,C,CHARLOTTE-MECKLENBURG SCHOOLS BOARD OF EDUCATION AT-LARGE,Monty Witherspoon, ,3,219,93,0,0,312,Y
3234,MECKLENBURG,11/7/23,69,10,C,CHARLOTTE-MECKLENBURG SCHOOLS BOARD OF EDUCATION AT-LARGE,Omar Harris, ,3,26,17,0,0,43,Y
3235,MECKLENBURG,11/7/23,69,10,C,CHARLOTTE-MECKLENBURG SCHOOLS BOARD OF EDUCATION AT-LARGE,Peggy A. Capehart, ,3,29,14,0,0,43,Y
3237,MECKLENBURG,11/7/23,69,10,C,CHARLOTTE-MECKLENBURG SCHOOLS BOARD OF EDUCATION AT-LARGE,Shamaiye Haynes, ,3,117,46,0,0,163,Y
3239,MECKLENBURG,11/7/23,69,10,C,CHARLOTTE-MECKLENBURG SCHOOLS BOARD OF EDUCATION AT-LARGE,Tigress Sydney Acute McDaniel, ,3,20,11,0,0,31,Y
3274,MECKLENBURG,11/7/23,70,10,C,CHARLOTTE-MECKLENBURG SCHOOLS BOARD OF EDUCATION AT-LARGE,Annette Albright, ,3,105,46,0,0,151,Y
3275,MECKLENBURG,11/7/23,70,10,C,CHARLOTTE-MECKLENBURG SCHOOLS BOARD OF EDUCATION AT-LARGE,Bill Fountain, ,3,147,81,0,0,228,Y
3276,MECKLENBURG,11/7/23,70,10,C,CHARLOTTE-MECKLENBURG SCHOOLS BOARD OF EDUCATION AT-LARGE,Brian Kasher, ,3,71,22,0,0,93,Y
3277,MECKLENBURG,11/7/23,70,10,C,CHARLOTTE-MECKLENBURG SCHOOLS BOARD OF EDUCATION AT-LARGE,Claire Covington, ,3,139,59,0,0,198,Y
3278,MECKLENBURG,11/7/23,70,10,C,CHARLOTTE-MECKLENBURG SCHOOLS BOARD OF EDUCATION AT-LARGE,Clara Kennedy Witherspoon, ,3,65,21,0,0,86,Y
3279,MECKLENBURG,11/7/23,70,10,C,CHARLOTTE-MECKLENBURG SCHOOLS BOARD OF EDUCATION AT-LARGE,Juanrique Pallamente Hall, ,3,17,6,0,0,23,Y
3280,MECKLENBURG,11/7/23,70,10,C,CHARLOTTE-MECKLENBURG SCHOOLS BOARD OF EDUCATION AT-LARGE,Lenora Shipp, ,3,146,111,0,0,257,Y
3281,MECKLENBURG,11/7/23,70,10,C,CHARLOTTE-MECKLENBURG SCHOOLS BOARD OF EDUCATION AT-LARGE,Liz Monterrey, ,3,174,116,0,0,290,Y
3282,MECKLENBURG,11/7/23,70,10,C,CHARLOTTE-MECKLENBURG SCHOOLS BOARD OF EDUCATION AT-LARGE,Michael Johnson, ,3,107,29,0,0,136,Y
3283,MECKLENBURG,11/7/23,70,10,C,CHARLOTTE-MECKLENBURG SCHOOLS BOARD OF EDUCATION AT-LARGE,Monty Witherspoon, ,3,141,96,0,0,237,Y
3284,MECKLENBURG,11/7/23,70,10,C,CHARLOTTE-MECKLENBURG SCHOOLS BOARD OF EDUCATION AT-LARGE,Omar Harris, ,3,23,10,0,0,33,Y
3285,MECKLENBURG,11/7/23,70,10,C,CHARLOTTE-MECKLENBURG SCHOOLS BOARD OF EDUCATION AT-LARGE,Peggy A. Capehart, ,3,51,17,0,0,68,Y
3287,MECKLENBURG,11/7/23,70,10,C,CHARLOTTE-MECKLENBURG SCHOOLS BOARD OF EDUCATION AT-LARGE,Shamaiye Haynes, ,3,84,55,0,0,139,Y
3289,MECKLENBURG,11/7/23,70,10,C,CHARLOTTE-MECKLENBURG SCHOOLS BOARD OF EDUCATION AT-LARGE,Tigress Sydney Acute McDaniel, ,3,22,6,0,0,28,Y
3324,MECKLENBURG,11/7/23,71,10,C,CHARLOTTE-MECKLENBURG SCHOOLS BOARD OF EDUCATION AT-LARGE,Annette Albright, ,3,75,29,0,0,104,Y
3325,MECKLENBURG,11/7/23,71,10,C,CHARLOTTE-MECKLENBURG SCHOOLS BOARD OF EDUCATION AT-LARGE,Bill Fountain, ,3,115,50,0,0,165,Y
3326,MECKLENBURG,11/7/23,71,10,C,CHARLOTTE-MECKLENBURG SCHOOLS BOARD OF EDUCATION AT-LARGE,Brian Kasher, ,3,42,17,0,0,59,Y
3327,MECKLENBURG,11/7/23,71,10,C,CHARLOTTE-MECKLENBURG SCHOOLS BOARD OF EDUCATION AT-LARGE,Claire Covington, ,3,101,43,0,0,144,Y
3328,MECKLENBURG,11/7/23,71,10,C,CHARLOTTE-MECKLENBURG SCHOOLS BOARD OF EDUCATION AT-LARGE,Clara Kennedy Witherspoon, ,3,33,20,0,0,53,Y
3329,MECKLENBURG,11/7/23,71,10,C,CHARLOTTE-MECKLENBURG SCHOOLS BOARD OF EDUCATION AT-LARGE,Juanrique Pallamente Hall, ,3,14,4,0,0,18,Y
3330,MECKLENBURG,11/7/23,71,10,C,CHARLOTTE-MECKLENBURG SCHOOLS BOARD OF EDUCATION AT-LARGE,Lenora Shipp, ,3,117,58,0,0,175,Y
3331,MECKLENBURG,11/7/23,71,10,C,CHARLOTTE-MECKLENBURG SCHOOLS BOARD OF EDUCATION AT-LARGE,Liz Monterrey, ,3,152,56,0,0,208,Y
3332,MECKLENBURG,11/7/23,71,10,C,CHARLOTTE-MECKLENBURG SCHOOLS BOARD OF EDUCATION AT-LARGE,Michael Johnson, ,3,84,30,0,0,114,Y
3333,MECKLENBURG,11/7/23,71,10,C,CHARLOTTE-MECKLENBURG SCHOOLS BOARD OF EDUCATION AT-LARGE,Monty Witherspoon, ,3,99,41,0,0,140,Y
3334,MECKLENBURG,11/7/23,71,10,C,CHARLOTTE-MECKLENBURG SCHOOLS BOARD OF EDUCATION AT-LARGE,Omar Harris, ,3,17,3,0,0,20,Y
3335,MECKLENBURG,11/7/23,71,10,C,CHARLOTTE-MECKLENBURG SCHOOLS BOARD OF EDUCATION AT-LARGE,Peggy A. Capehart, ,3,13,18,0,0,31,Y
3337,MECKLENBURG,11/7/23,71,10,C,CHARLOTTE-MECKLENBURG SCHOOLS BOARD OF EDUCATION AT-LARGE,Shamaiye Haynes, ,3,73,28,0,0,101,Y
3339,MECKLENBURG,11/7/23,71,10,C,CHARLOTTE-MECKLENBURG SCHOOLS BOARD OF EDUCATION AT-LARGE,Tigress Sydney Acute McDaniel, ,3,13,3,0,0,16,Y
3374,MECKLENBURG,11/7/23,72,10,C,CHARLOTTE-MECKLENBURG SCHOOLS BOARD OF EDUCATION AT-LARGE,Annette Albright, ,3,78,12,0,0,90,Y
3375,MECKLENBURG,11/7/23,72,10,C,CHARLOTTE-MECKLENBURG SCHOOLS BOARD OF EDUCATION AT-LARGE,Bill Fountain, ,3,107,35,0,0,142,Y
3376,MECKLENBURG,11/7/23,72,10,C,CHARLOTTE-MECKLENBURG SCHOOLS BOARD OF EDUCATION AT-LARGE,Brian Kasher, ,3,56,10,0,0,66,Y
3377,MECKLENBURG,11/7/23,72,10,C,CHARLOTTE-MECKLENBURG SCHOOLS BOARD OF EDUCATION AT-LARGE,Claire Covington, ,3,118,34,0,0,152,Y
3378,MECKLENBURG,11/7/23,72,10,C,CHARLOTTE-MECKLENBURG SCHOOLS BOARD OF EDUCATION AT-LARGE,Clara Kennedy Witherspoon, ,3,31,20,0,0,51,Y
3379,MECKLENBURG,11/7/23,72,10,C,CHARLOTTE-MECKLENBURG SCHOOLS BOARD OF EDUCATION AT-LARGE,Juanrique Pallamente Hall, ,3,9,7,0,0,16,Y
3380,MECKLENBURG,11/7/23,72,10,C,CHARLOTTE-MECKLENBURG SCHOOLS BOARD OF EDUCATION AT-LARGE,Lenora Shipp, ,3,90,72,0,0,162,Y
3381,MECKLENBURG,11/7/23,72,10,C,CHARLOTTE-MECKLENBURG SCHOOLS BOARD OF EDUCATION AT-LARGE,Liz Monterrey, ,3,120,80,0,0,200,Y
3382,MECKLENBURG,11/7/23,72,10,C,CHARLOTTE-MECKLENBURG SCHOOLS BOARD OF EDUCATION AT-LARGE,Michael Johnson, ,3,69,10,0,0,79,Y
3383,MECKLENBURG,11/7/23,72,10,C,CHARLOTTE-MECKLENBURG SCHOOLS BOARD OF EDUCATION AT-LARGE,Monty Witherspoon, ,3,74,63,0,0,137,Y
3384,MECKLENBURG,11/7/23,72,10,C,CHARLOTTE-MECKLENBURG SCHOOLS BOARD OF EDUCATION AT-LARGE,Omar Harris, ,3,11,1,0,0,12,Y
3385,MECKLENBURG,11/7/23,72,10,C,CHARLOTTE-MECKLENBURG SCHOOLS BOARD OF EDUCATION AT-LARGE,Peggy A. Capehart, ,3,28,4,0,0,32,Y
3387,MECKLENBURG,11/7/23,72,10,C,CHARLOTTE-MECKLENBURG SCHOOLS BOARD OF EDUCATION AT-LARGE,Shamaiye Haynes, ,3,72,30,0,0,102,Y
3389,MECKLENBURG,11/7/23,72,10,C,CHARLOTTE-MECKLENBURG SCHOOLS BOARD OF EDUCATION AT-LARGE,Tigress Sydney Acute McDaniel, ,3,11,7,0,0,18,Y
3425,MECKLENBURG,11/7/23,137,10,C,CHARLOTTE-MECKLENBURG SCHOOLS BOARD OF EDUCATION AT-LARGE,Annette Albright, ,3,277,43,0,0,320,Y
3426,MECKLENBURG,11/7/23,137,10,C,CHARLOTTE-MECKLENBURG SCHOOLS BOARD OF EDUCATION AT-LARGE,Bill Fountain, ,3,191,41,0,0,232,Y
3427,MECKLENBURG,11/7/23,137,10,C,CHARLOTTE-MECKLENBURG SCHOOLS BOARD OF EDUCATION AT-LARGE,Brian Kasher, ,3,81,27,0,0,108,Y
3428,MECKLENBURG,11/7/23,137,10,C,CHARLOTTE-MECKLENBURG SCHOOLS BOARD OF EDUCATION AT-LARGE,Claire Covington, ,3,275,32,0,0,307,Y
3429,MECKLENBURG,11/7/23,137,10,C,CHARLOTTE-MECKLENBURG SCHOOLS BOARD OF EDUCATION AT-LARGE,Clara Kennedy Witherspoon, ,3,47,28,0,0,75,Y
3430,MECKLENBURG,11/7/23,137,10,C,CHARLOTTE-MECKLENBURG SCHOOLS BOARD OF EDUCATION AT-LARGE,Juanrique Pallamente Hall, ,3,35,13,0,0,48,Y
3431,MECKLENBURG,11/7/23,137,10,C,CHARLOTTE-MECKLENBURG SCHOOLS BOARD OF EDUCATION AT-LARGE,Lenora Shipp, ,3,152,86,0,0,238,Y
3432,MECKLENBURG,11/7/23,137,10,C,CHARLOTTE-MECKLENBURG SCHOOLS BOARD OF EDUCATION AT-LARGE,Liz Monterrey, ,3,172,84,0,0,256,Y
3433,MECKLENBURG,11/7/23,137,10,C,CHARLOTTE-MECKLENBURG SCHOOLS BOARD OF EDUCATION AT-LARGE,Michael Johnson, ,3,253,36,0,0,289,Y
3434,MECKLENBURG,11/7/23,137,10,C,CHARLOTTE-MECKLENBURG SCHOOLS BOARD OF EDUCATION AT-LARGE,Monty Witherspoon, ,3,132,77,0,0,209,Y
3435,MECKLENBURG,11/7/23,137,10,C,CHARLOTTE-MECKLENBURG SCHOOLS BOARD OF EDUCATION AT-LARGE,Omar Harris, ,3,47,19,0,0,66,Y
3436,MECKLENBURG,11/7/23,137,10,C,CHARLOTTE-MECKLENBURG SCHOOLS BOARD OF EDUCATION AT-LARGE,Peggy A. Capehart, ,3,38,13,0,0,51,Y
3438,MECKLENBURG,11/7/23,137,10,C,CHARLOTTE-MECKLENBURG SCHOOLS BOARD OF EDUCATION AT-LARGE,Shamaiye Haynes, ,3,100,66,0,0,166,Y
3440,MECKLENBURG,11/7/23,137,10,C,CHARLOTTE-MECKLENBURG SCHOOLS BOARD OF EDUCATION AT-LARGE,Tigress Sydney Acute McDaniel, ,3,30,8,0,0,38,Y
3475,MECKLENBURG,11/7/23,138,10,C,CHARLOTTE-MECKLENBURG SCHOOLS BOARD OF EDUCATION AT-LARGE,Annette Albright, ,3,33,19,0,0,52,Y
3476,MECKLENBURG,11/7/23,138,10,C,CHARLOTTE-MECKLENBURG SCHOOLS BOARD OF EDUCATION AT-LARGE,Bill Fountain, ,3,15,12,0,0,27,Y
3477,MECKLENBURG,11/7/23,138,10,C,CHARLOTTE-MECKLENBURG SCHOOLS BOARD OF EDUCATION AT-LARGE,Brian Kasher, ,3,13,13,0,0,26,Y
3478,MECKLENBURG,11/7/23,138,10,C,CHARLOTTE-MECKLENBURG SCHOOLS BOARD OF EDUCATION AT-LARGE,Claire Covington, ,3,21,18,0,0,39,Y
3479,MECKLENBURG,11/7/23,138,10,C,CHARLOTTE-MECKLENBURG SCHOOLS BOARD OF EDUCATION AT-LARGE,Clara Kennedy Witherspoon, ,3,23,12,0,0,35,Y
3480,MECKLENBURG,11/7/23,138,10,C,CHARLOTTE-MECKLENBURG SCHOOLS BOARD OF EDUCATION AT-LARGE,Juanrique Pallamente Hall, ,3,21,2,0,0,23,Y
3481,MECKLENBURG,11/7/23,138,10,C,CHARLOTTE-MECKLENBURG SCHOOLS BOARD OF EDUCATION AT-LARGE,Lenora Shipp, ,3,76,55,0,0,131,Y
3482,MECKLENBURG,11/7/23,138,10,C,CHARLOTTE-MECKLENBURG SCHOOLS BOARD OF EDUCATION AT-LARGE,Liz Monterrey, ,3,25,36,0,0,61,Y
3483,MECKLENBURG,11/7/23,138,10,C,CHARLOTTE-MECKLENBURG SCHOOLS BOARD OF EDUCATION AT-LARGE,Michael Johnson, ,3,30,21,0,0,51,Y
3484,MECKLENBURG,11/7/23,138,10,C,CHARLOTTE-MECKLENBURG SCHOOLS BOARD OF EDUCATION AT-LARGE,Monty Witherspoon, ,3,79,54,0,0,133,Y
3485,MECKLENBURG,11/7/23,138,10,C,CHARLOTTE-MECKLENBURG SCHOOLS BOARD OF EDUCATION AT-LARGE,Omar Harris, ,3,32,19,0,0,51,Y
3486,MECKLENBURG,11/7/23,138,10,C,CHARLOTTE-MECKLENBURG SCHOOLS BOARD OF EDUCATION AT-LARGE,Peggy A. Capehart, ,3,19,5,0,0,24,Y
3488,MECKLENBURG,11/7/23,138,10,C,CHARLOTTE-MECKLENBURG SCHOOLS BOARD OF EDUCATION AT-LARGE,Shamaiye Haynes, ,3,77,46,0,0,123,Y
3490,MECKLENBURG,11/7/23,138,10,C,CHARLOTTE-MECKLENBURG SCHOOLS BOARD OF EDUCATION AT-LARGE,Tigress Sydney Acute McDaniel, ,3,24,9,0,0,33,Y
3525,MECKLENBURG,11/7/23,139.1,10,C,CHARLOTTE-MECKLENBURG SCHOOLS BOARD OF EDUCATION AT-LARGE,Annette Albright, ,3,61,23,0,0,84,Y
3526,MECKLENBURG,11/7/23,139.1,10,C,CHARLOTTE-MECKLENBURG SCHOOLS BOARD OF EDUCATION AT-LARGE,Bill Fountain, ,3,94,39,0,0,133,Y
3527,MECKLENBURG,11/7/23,139.1,10,C,CHARLOTTE-MECKLENBURG SCHOOLS BOARD OF EDUCATION AT-LARGE,Brian Kasher, ,3,45,25,0,0,70,Y
3528,MECKLENBURG,11/7/23,139.1,10,C,CHARLOTTE-MECKLENBURG SCHOOLS BOARD OF EDUCATION AT-LARGE,Claire Covington, ,3,79,22,0,0,101,Y
3529,MECKLENBURG,11/7/23,139.1,10,C,CHARLOTTE-MECKLENBURG SCHOOLS BOARD OF EDUCATION AT-LARGE,Clara Kennedy Witherspoon, ,3,48,12,0,0,60,Y
3530,MECKLENBURG,11/7/23,139.1,10,C,CHARLOTTE-MECKLENBURG SCHOOLS BOARD OF EDUCATION AT-LARGE,Juanrique Pallamente Hall, ,3,20,11,0,0,31,Y
3531,MECKLENBURG,11/7/23,139.1,10,C,CHARLOTTE-MECKLENBURG SCHOOLS BOARD OF EDUCATION AT-LARGE,Lenora Shipp, ,3,117,72,0,0,189,Y
3532,MECKLENBURG,11/7/23,139.1,10,C,CHARLOTTE-MECKLENBURG SCHOOLS BOARD OF EDUCATION AT-LARGE,Liz Monterrey, ,3,134,71,0,0,205,Y
3533,MECKLENBURG,11/7/23,139.1,10,C,CHARLOTTE-MECKLENBURG SCHOOLS BOARD OF EDUCATION AT-LARGE,Michael Johnson, ,3,73,18,0,0,91,Y
3534,MECKLENBURG,11/7/23,139.1,10,C,CHARLOTTE-MECKLENBURG SCHOOLS BOARD OF EDUCATION AT-LARGE,Monty Witherspoon, ,3,117,57,0,0,174,Y
3535,MECKLENBURG,11/7/23,139.1,10,C,CHARLOTTE-MECKLENBURG SCHOOLS BOARD OF EDUCATION AT-LARGE,Omar Harris, ,3,21,15,0,0,36,Y
3536,MECKLENBURG,11/7/23,139.1,10,C,CHARLOTTE-MECKLENBURG SCHOOLS BOARD OF EDUCATION AT-LARGE,Peggy A. Capehart, ,3,23,10,0,0,33,Y
3538,MECKLENBURG,11/7/23,139.1,10,C,CHARLOTTE-MECKLENBURG SCHOOLS BOARD OF EDUCATION AT-LARGE,Shamaiye Haynes, ,3,54,50,0,0,104,Y
3540,MECKLENBURG,11/7/23,139.1,10,C,CHARLOTTE-MECKLENBURG SCHOOLS BOARD OF EDUCATION AT-LARGE,Tigress Sydney Acute McDaniel, ,3,18,11,0,0,29,Y
3575,MECKLENBURG,11/7/23,140,10,C,CHARLOTTE-MECKLENBURG SCHOOLS BOARD OF EDUCATION AT-LARGE,Annette Albright, ,3,102,65,0,0,167,Y
3576,MECKLENBURG,11/7/23,140,10,C,CHARLOTTE-MECKLENBURG SCHOOLS BOARD OF EDUCATION AT-LARGE,Bill Fountain, ,3,112,96,0,0,208,Y
3577,MECKLENBURG,11/7/23,140,10,C,CHARLOTTE-MECKLENBURG SCHOOLS BOARD OF EDUCATION AT-LARGE,Brian Kasher, ,3,58,49,0,0,107,Y
3578,MECKLENBURG,11/7/23,140,10,C,CHARLOTTE-MECKLENBURG SCHOOLS BOARD OF EDUCATION AT-LARGE,Claire Covington, ,3,114,64,0,0,178,Y
3579,MECKLENBURG,11/7/23,140,10,C,CHARLOTTE-MECKLENBURG SCHOOLS BOARD OF EDUCATION AT-LARGE,Clara Kennedy Witherspoon, ,3,44,38,0,0,82,Y
3580,MECKLENBURG,11/7/23,140,10,C,CHARLOTTE-MECKLENBURG SCHOOLS BOARD OF EDUCATION AT-LARGE,Juanrique Pallamente Hall, ,3,26,14,0,0,40,Y
3581,MECKLENBURG,11/7/23,140,10,C,CHARLOTTE-MECKLENBURG SCHOOLS BOARD OF EDUCATION AT-LARGE,Lenora Shipp, ,3,117,127,0,0,244,Y
3582,MECKLENBURG,11/7/23,140,10,C,CHARLOTTE-MECKLENBURG SCHOOLS BOARD OF EDUCATION AT-LARGE,Liz Monterrey, ,3,146,136,0,0,282,Y
3583,MECKLENBURG,11/7/23,140,10,C,CHARLOTTE-MECKLENBURG SCHOOLS BOARD OF EDUCATION AT-LARGE,Michael Johnson, ,3,78,55,0,0,133,Y
3584,MECKLENBURG,11/7/23,140,10,C,CHARLOTTE-MECKLENBURG SCHOOLS BOARD OF EDUCATION AT-LARGE,Monty Witherspoon, ,3,96,113,0,0,209,Y
3585,MECKLENBURG,11/7/23,140,10,C,CHARLOTTE-MECKLENBURG SCHOOLS BOARD OF EDUCATION AT-LARGE,Omar Harris, ,3,29,27,0,0,56,Y
3586,MECKLENBURG,11/7/23,140,10,C,CHARLOTTE-MECKLENBURG SCHOOLS BOARD OF EDUCATION AT-LARGE,Peggy A. Capehart, ,3,31,24,0,0,55,Y
3588,MECKLENBURG,11/7/23,140,10,C,CHARLOTTE-MECKLENBURG SCHOOLS BOARD OF EDUCATION AT-LARGE,Shamaiye Haynes, ,3,98,79,0,0,177,Y
3590,MECKLENBURG,11/7/23,140,10,C,CHARLOTTE-MECKLENBURG SCHOOLS BOARD OF EDUCATION AT-LARGE,Tigress Sydney Acute McDaniel, ,3,23,18,0,0,41,Y
3624,MECKLENBURG,11/7/23,141,10,C,CHARLOTTE-MECKLENBURG SCHOOLS BOARD OF EDUCATION AT-LARGE,Annette Albright, ,3,13,2,0,0,15,Y
3625,MECKLENBURG,11/7/23,141,10,C,CHARLOTTE-MECKLENBURG SCHOOLS BOARD OF EDUCATION AT-LARGE,Bill Fountain, ,3,8,0,0,0,8,Y
3626,MECKLENBURG,11/7/23,141,10,C,CHARLOTTE-MECKLENBURG SCHOOLS BOARD OF EDUCATION AT-LARGE,Brian Kasher, ,3,4,0,0,0,4,Y
3627,MECKLENBURG,11/7/23,141,10,C,CHARLOTTE-MECKLENBURG SCHOOLS BOARD OF EDUCATION AT-LARGE,Claire Covington, ,3,5,0,0,0,5,Y
3628,MECKLENBURG,11/7/23,141,10,C,CHARLOTTE-MECKLENBURG SCHOOLS BOARD OF EDUCATION AT-LARGE,Clara Kennedy Witherspoon, ,3,7,3,0,0,10,Y
3629,MECKLENBURG,11/7/23,141,10,C,CHARLOTTE-MECKLENBURG SCHOOLS BOARD OF EDUCATION AT-LARGE,Juanrique Pallamente Hall, ,3,7,1,0,0,8,Y
3630,MECKLENBURG,11/7/23,141,10,C,CHARLOTTE-MECKLENBURG SCHOOLS BOARD OF EDUCATION AT-LARGE,Lenora Shipp, ,3,19,13,0,0,32,Y
3631,MECKLENBURG,11/7/23,141,10,C,CHARLOTTE-MECKLENBURG SCHOOLS BOARD OF EDUCATION AT-LARGE,Liz Monterrey, ,3,18,9,0,0,27,Y
3632,MECKLENBURG,11/7/23,141,10,C,CHARLOTTE-MECKLENBURG SCHOOLS BOARD OF EDUCATION AT-LARGE,Michael Johnson, ,3,7,2,0,0,9,Y
3633,MECKLENBURG,11/7/23,141,10,C,CHARLOTTE-MECKLENBURG SCHOOLS BOARD OF EDUCATION AT-LARGE,Monty Witherspoon, ,3,12,10,0,0,22,Y
3634,MECKLENBURG,11/7/23,141,10,C,CHARLOTTE-MECKLENBURG SCHOOLS BOARD OF EDUCATION AT-LARGE,Omar Harris, ,3,11,1,0,0,12,Y
3635,MECKLENBURG,11/7/23,141,10,C,CHARLOTTE-MECKLENBURG SCHOOLS BOARD OF EDUCATION AT-LARGE,Peggy A. Capehart, ,3,6,2,0,0,8,Y
3637,MECKLENBURG,11/7/23,141,10,C,CHARLOTTE-MECKLENBURG SCHOOLS BOARD OF EDUCATION AT-LARGE,Shamaiye Haynes, ,3,23,2,0,0,25,Y
3639,MECKLENBURG,11/7/23,141,10,C,CHARLOTTE-MECKLENBURG SCHOOLS BOARD OF EDUCATION AT-LARGE,Tigress Sydney Acute McDaniel, ,3,7,0,0,0,7,Y
3643,MECKLENBURG,11/7/23,142,10,C,CHARLOTTE-MECKLENBURG SCHOOLS BOARD OF EDUCATION AT-LARGE,Annette Albright, ,3,204,127,0,0,331,Y
3644,MECKLENBURG,11/7/23,142,10,C,CHARLOTTE-MECKLENBURG SCHOOLS BOARD OF EDUCATION AT-LARGE,Bill Fountain, ,3,326,157,0,0,483,Y
3645,MECKLENBURG,11/7/23,142,10,C,CHARLOTTE-MECKLENBURG SCHOOLS BOARD OF EDUCATION AT-LARGE,Brian Kasher, ,3,121,54,0,0,175,Y
3646,MECKLENBURG,11/7/23,142,10,C,CHARLOTTE-MECKLENBURG SCHOOLS BOARD OF EDUCATION AT-LARGE,Claire Covington, ,3,216,82,0,0,298,Y
3647,MECKLENBURG,11/7/23,142,10,C,CHARLOTTE-MECKLENBURG SCHOOLS BOARD OF EDUCATION AT-LARGE,Clara Kennedy Witherspoon, ,3,82,56,0,0,138,Y
3648,MECKLENBURG,11/7/23,142,10,C,CHARLOTTE-MECKLENBURG SCHOOLS BOARD OF EDUCATION AT-LARGE,Juanrique Pallamente Hall, ,3,34,24,0,0,58,Y
3649,MECKLENBURG,11/7/23,142,10,C,CHARLOTTE-MECKLENBURG SCHOOLS BOARD OF EDUCATION AT-LARGE,Lenora Shipp, ,3,223,278,0,0,501,Y
3650,MECKLENBURG,11/7/23,142,10,C,CHARLOTTE-MECKLENBURG SCHOOLS BOARD OF EDUCATION AT-LARGE,Liz Monterrey, ,3,229,267,0,0,496,Y
3651,MECKLENBURG,11/7/23,142,10,C,CHARLOTTE-MECKLENBURG SCHOOLS BOARD OF EDUCATION AT-LARGE,Michael Johnson, ,3,186,82,0,0,268,Y
3652,MECKLENBURG,11/7/23,142,10,C,CHARLOTTE-MECKLENBURG SCHOOLS BOARD OF EDUCATION AT-LARGE,Monty Witherspoon, ,3,175,225,0,0,400,Y
3653,MECKLENBURG,11/7/23,142,10,C,CHARLOTTE-MECKLENBURG SCHOOLS BOARD OF EDUCATION AT-LARGE,Omar Harris, ,3,79,48,0,0,127,Y
3654,MECKLENBURG,11/7/23,142,10,C,CHARLOTTE-MECKLENBURG SCHOOLS BOARD OF EDUCATION AT-LARGE,Peggy A. Capehart, ,3,67,39,0,0,106,Y
3656,MECKLENBURG,11/7/23,142,10,C,CHARLOTTE-MECKLENBURG SCHOOLS BOARD OF EDUCATION AT-LARGE,Shamaiye Haynes, ,3,118,80,0,0,198,Y
3658,MECKLENBURG,11/7/23,142,10,C,CHARLOTTE-MECKLENBURG SCHOOLS BOARD OF EDUCATION AT-LARGE,Tigress Sydney Acute McDaniel, ,3,38,35,0,0,73,Y
3688,MECKLENBURG,11/7/23,143,10,C,CHARLOTTE-MECKLENBURG SCHOOLS BOARD OF EDUCATION AT-LARGE,Annette Albright, ,3,222,101,0,0,323,Y
3689,MECKLENBURG,11/7/23,143,10,C,CHARLOTTE-MECKLENBURG SCHOOLS BOARD OF EDUCATION AT-LARGE,Bill Fountain, ,3,356,166,0,0,522,Y
3690,MECKLENBURG,11/7/23,143,10,C,CHARLOTTE-MECKLENBURG SCHOOLS BOARD OF EDUCATION AT-LARGE,Brian Kasher, ,3,124,50,0,0,174,Y
3691,MECKLENBURG,11/7/23,143,10,C,CHARLOTTE-MECKLENBURG SCHOOLS BOARD OF EDUCATION AT-LARGE,Claire Covington, ,3,218,93,0,0,311,Y
3692,MECKLENBURG,11/7/23,143,10,C,CHARLOTTE-MECKLENBURG SCHOOLS BOARD OF EDUCATION AT-LARGE,Clara Kennedy Witherspoon, ,3,105,69,0,0,174,Y
3693,MECKLENBURG,11/7/23,143,10,C,CHARLOTTE-MECKLENBURG SCHOOLS BOARD OF EDUCATION AT-LARGE,Juanrique Pallamente Hall, ,3,37,22,0,0,59,Y
3694,MECKLENBURG,11/7/23,143,10,C,CHARLOTTE-MECKLENBURG SCHOOLS BOARD OF EDUCATION AT-LARGE,Lenora Shipp, ,3,275,226,0,0,501,Y
3695,MECKLENBURG,11/7/23,143,10,C,CHARLOTTE-MECKLENBURG SCHOOLS BOARD OF EDUCATION AT-LARGE,Liz Monterrey, ,3,286,230,0,0,516,Y
3696,MECKLENBURG,11/7/23,143,10,C,CHARLOTTE-MECKLENBURG SCHOOLS BOARD OF EDUCATION AT-LARGE,Michael Johnson, ,3,182,73,0,0,255,Y
3697,MECKLENBURG,11/7/23,143,10,C,CHARLOTTE-MECKLENBURG SCHOOLS BOARD OF EDUCATION AT-LARGE,Monty Witherspoon, ,3,186,190,0,0,376,Y
3698,MECKLENBURG,11/7/23,143,10,C,CHARLOTTE-MECKLENBURG SCHOOLS BOARD OF EDUCATION AT-LARGE,Omar Harris, ,3,60,36,0,0,96,Y
3699,MECKLENBURG,11/7/23,143,10,C,CHARLOTTE-MECKLENBURG SCHOOLS BOARD OF EDUCATION AT-LARGE,Peggy A. Capehart, ,3,54,37,0,0,91,Y
3701,MECKLENBURG,11/7/23,143,10,C,CHARLOTTE-MECKLENBURG SCHOOLS BOARD OF EDUCATION AT-LARGE,Shamaiye Haynes, ,3,94,78,0,0,172,Y
3703,MECKLENBURG,11/7/23,143,10,C,CHARLOTTE-MECKLENBURG SCHOOLS BOARD OF EDUCATION AT-LARGE,Tigress Sydney Acute McDaniel, ,3,34,19,0,0,53,Y
3764,MECKLENBURG,11/7/23,144,10,C,CHARLOTTE-MECKLENBURG SCHOOLS BOARD OF EDUCATION AT-LARGE,Annette Albright, ,3,91,45,0,0,136,Y
3765,MECKLENBURG,11/7/23,144,10,C,CHARLOTTE-MECKLENBURG SCHOOLS BOARD OF EDUCATION AT-LARGE,Bill Fountain, ,3,104,55,0,0,159,Y
3766,MECKLENBURG,11/7/23,144,10,C,CHARLOTTE-MECKLENBURG SCHOOLS BOARD OF EDUCATION AT-LARGE,Brian Kasher, ,3,45,28,0,0,73,Y
3767,MECKLENBURG,11/7/23,144,10,C,CHARLOTTE-MECKLENBURG SCHOOLS BOARD OF EDUCATION AT-LARGE,Claire Covington, ,3,107,28,0,0,135,Y
3768,MECKLENBURG,11/7/23,144,10,C,CHARLOTTE-MECKLENBURG SCHOOLS BOARD OF EDUCATION AT-LARGE,Clara Kennedy Witherspoon, ,3,62,25,0,0,87,Y
3769,MECKLENBURG,11/7/23,144,10,C,CHARLOTTE-MECKLENBURG SCHOOLS BOARD OF EDUCATION AT-LARGE,Juanrique Pallamente Hall, ,3,16,12,0,0,28,Y
3770,MECKLENBURG,11/7/23,144,10,C,CHARLOTTE-MECKLENBURG SCHOOLS BOARD OF EDUCATION AT-LARGE,Lenora Shipp, ,3,114,136,0,0,250,Y
3771,MECKLENBURG,11/7/23,144,10,C,CHARLOTTE-MECKLENBURG SCHOOLS BOARD OF EDUCATION AT-LARGE,Liz Monterrey, ,3,198,174,0,0,372,Y
3772,MECKLENBURG,11/7/23,144,10,C,CHARLOTTE-MECKLENBURG SCHOOLS BOARD OF EDUCATION AT-LARGE,Michael Johnson, ,3,92,43,0,0,135,Y
3773,MECKLENBURG,11/7/23,144,10,C,CHARLOTTE-MECKLENBURG SCHOOLS BOARD OF EDUCATION AT-LARGE,Monty Witherspoon, ,3,136,151,0,0,287,Y
3774,MECKLENBURG,11/7/23,144,10,C,CHARLOTTE-MECKLENBURG SCHOOLS BOARD OF EDUCATION AT-LARGE,Omar Harris, ,3,25,19,0,0,44,Y
3775,MECKLENBURG,11/7/23,144,10,C,CHARLOTTE-MECKLENBURG SCHOOLS BOARD OF EDUCATION AT-LARGE,Peggy A. Capehart, ,3,29,13,0,0,42,Y
3777,MECKLENBURG,11/7/23,144,10,C,CHARLOTTE-MECKLENBURG SCHOOLS BOARD OF EDUCATION AT-LARGE,Shamaiye Haynes, ,3,52,58,0,0,110,Y
3779,MECKLENBURG,11/7/23,144,10,C,CHARLOTTE-MECKLENBURG SCHOOLS BOARD OF EDUCATION AT-LARGE,Tigress Sydney Acute McDaniel, ,3,12,8,0,0,20,Y
3813,MECKLENBURG,11/7/23,145,10,C,CHARLOTTE-MECKLENBURG SCHOOLS BOARD OF EDUCATION AT-LARGE,Annette Albright, ,3,238,80,0,0,318,Y
3814,MECKLENBURG,11/7/23,145,10,C,CHARLOTTE-MECKLENBURG SCHOOLS BOARD OF EDUCATION AT-LARGE,Bill Fountain, ,3,191,45,0,0,236,Y
3815,MECKLENBURG,11/7/23,145,10,C,CHARLOTTE-MECKLENBURG SCHOOLS BOARD OF EDUCATION AT-LARGE,Brian Kasher, ,3,113,32,0,0,145,Y
3816,MECKLENBURG,11/7/23,145,10,C,CHARLOTTE-MECKLENBURG SCHOOLS BOARD OF EDUCATION AT-LARGE,Claire Covington, ,3,182,50,0,0,232,Y
3817,MECKLENBURG,11/7/23,145,10,C,CHARLOTTE-MECKLENBURG SCHOOLS BOARD OF EDUCATION AT-LARGE,Clara Kennedy Witherspoon, ,3,167,63,0,0,230,Y
3818,MECKLENBURG,11/7/23,145,10,C,CHARLOTTE-MECKLENBURG SCHOOLS BOARD OF EDUCATION AT-LARGE,Juanrique Pallamente Hall, ,3,119,37,0,0,156,Y
3819,MECKLENBURG,11/7/23,145,10,C,CHARLOTTE-MECKLENBURG SCHOOLS BOARD OF EDUCATION AT-LARGE,Lenora Shipp, ,3,401,284,0,0,685,Y
3820,MECKLENBURG,11/7/23,145,10,C,CHARLOTTE-MECKLENBURG SCHOOLS BOARD OF EDUCATION AT-LARGE,Liz Monterrey, ,3,238,168,0,0,406,Y
3821,MECKLENBURG,11/7/23,145,10,C,CHARLOTTE-MECKLENBURG SCHOOLS BOARD OF EDUCATION AT-LARGE,Michael Johnson, ,3,206,67,0,0,273,Y
3822,MECKLENBURG,11/7/23,145,10,C,CHARLOTTE-MECKLENBURG SCHOOLS BOARD OF EDUCATION AT-LARGE,Monty Witherspoon, ,3,320,256,0,0,576,Y
3823,MECKLENBURG,11/7/23,145,10,C,CHARLOTTE-MECKLENBURG SCHOOLS BOARD OF EDUCATION AT-LARGE,Omar Harris, ,3,172,52,0,0,224,Y
3824,MECKLENBURG,11/7/23,145,10,C,CHARLOTTE-MECKLENBURG SCHOOLS BOARD OF EDUCATION AT-LARGE,Peggy A. Capehart, ,3,71,30,0,0,101,Y
3826,MECKLENBURG,11/7/23,145,10,C,CHARLOTTE-MECKLENBURG SCHOOLS BOARD OF EDUCATION AT-LARGE,Shamaiye Haynes, ,3,342,214,0,0,556,Y
3828,MECKLENBURG,11/7/23,145,10,C,CHARLOTTE-MECKLENBURG SCHOOLS BOARD OF EDUCATION AT-LARGE,Tigress Sydney Acute McDaniel, ,3,107,29,0,0,136,Y
7301,MECKLENBURG,11/7/23,55,10,C,CHARLOTTE-MECKLENBURG SCHOOLS BOARD OF EDUCATION AT-LARGE,Annette Albright, ,3,34,26,0,0,60,Y
7302,MECKLENBURG,11/7/23,55,10,C,CHARLOTTE-MECKLENBURG SCHOOLS BOARD OF EDUCATION AT-LARGE,Bill Fountain, ,3,3,2,0,0,5,Y
7303,MECKLENBURG,11/7/23,55,10,C,CHARLOTTE-MECKLENBURG SCHOOLS BOARD OF EDUCATION AT-LARGE,Brian Kasher, ,3,3,3,0,0,6,Y
7304,MECKLENBURG,11/7/23,55,10,C,CHARLOTTE-MECKLENBURG SCHOOLS BOARD OF EDUCATION AT-LARGE,Claire Covington, ,3,21,14,0,0,35,Y
7305,MECKLENBURG,11/7/23,55,10,C,CHARLOTTE-MECKLENBURG SCHOOLS BOARD OF EDUCATION AT-LARGE,Clara Kennedy Witherspoon, ,3,24,16,0,0,40,Y
7306,MECKLENBURG,11/7/23,55,10,C,CHARLOTTE-MECKLENBURG SCHOOLS BOARD OF EDUCATION AT-LARGE,Juanrique Pallamente Hall, ,3,14,12,0,0,26,Y
7307,MECKLENBURG,11/7/23,55,10,C,CHARLOTTE-MECKLENBURG SCHOOLS BOARD OF EDUCATION AT-LARGE,Lenora Shipp, ,3,92,59,0,0,151,Y
7308,MECKLENBURG,11/7/23,55,10,C,CHARLOTTE-MECKLENBURG SCHOOLS BOARD OF EDUCATION AT-LARGE,Liz Monterrey, ,3,31,10,0,0,41,Y
7309,MECKLENBURG,11/7/23,55,10,C,CHARLOTTE-MECKLENBURG SCHOOLS BOARD OF EDUCATION AT-LARGE,Michael Johnson, ,3,29,25,0,0,54,Y
7310,MECKLENBURG,11/7/23,55,10,C,CHARLOTTE-MECKLENBURG SCHOOLS BOARD OF EDUCATION AT-LARGE,Monty Witherspoon, ,3,67,34,0,0,101,Y
7311,MECKLENBURG,11/7/23,55,10,C,CHARLOTTE-MECKLENBURG SCHOOLS BOARD OF EDUCATION AT-LARGE,Omar Harris, ,3,23,25,0,0,48,Y
7312,MECKLENBURG,11/7/23,55,10,C,CHARLOTTE-MECKLENBURG SCHOOLS BOARD OF EDUCATION AT-LARGE,Peggy A. Capehart, ,3,7,6,0,0,13,Y
7314,MECKLENBURG,11/7/23,55,10,C,CHARLOTTE-MECKLENBURG SCHOOLS BOARD OF EDUCATION AT-LARGE,Shamaiye Haynes, ,3,87,44,0,0,131,Y
7316,MECKLENBURG,11/7/23,55,10,C,CHARLOTTE-MECKLENBURG SCHOOLS BOARD OF EDUCATION AT-LARGE,Tigress Sydney Acute McDaniel, ,3,6,5,0,0,11,Y
7352,MECKLENBURG,11/7/23,56,10,C,CHARLOTTE-MECKLENBURG SCHOOLS BOARD OF EDUCATION AT-LARGE,Annette Albright, ,3,45,12,0,0,57,Y
7353,MECKLENBURG,11/7/23,56,10,C,CHARLOTTE-MECKLENBURG SCHOOLS BOARD OF EDUCATION AT-LARGE,Bill Fountain, ,3,7,2,0,0,9,Y
7354,MECKLENBURG,11/7/23,56,10,C,CHARLOTTE-MECKLENBURG SCHOOLS BOARD OF EDUCATION AT-LARGE,Brian Kasher, ,3,5,2,0,0,7,Y
7355,MECKLENBURG,11/7/23,56,10,C,CHARLOTTE-MECKLENBURG SCHOOLS BOARD OF EDUCATION AT-LARGE,Claire Covington, ,3,24,10,0,0,34,Y
7356,MECKLENBURG,11/7/23,56,10,C,CHARLOTTE-MECKLENBURG SCHOOLS BOARD OF EDUCATION AT-LARGE,Clara Kennedy Witherspoon, ,3,16,4,0,0,20,Y
7357,MECKLENBURG,11/7/23,56,10,C,CHARLOTTE-MECKLENBURG SCHOOLS BOARD OF EDUCATION AT-LARGE,Juanrique Pallamente Hall, ,3,13,3,0,0,16,Y
7358,MECKLENBURG,11/7/23,56,10,C,CHARLOTTE-MECKLENBURG SCHOOLS BOARD OF EDUCATION AT-LARGE,Lenora Shipp, ,3,37,26,0,0,63,Y
7359,MECKLENBURG,11/7/23,56,10,C,CHARLOTTE-MECKLENBURG SCHOOLS BOARD OF EDUCATION AT-LARGE,Liz Monterrey, ,3,11,9,0,0,20,Y
7360,MECKLENBURG,11/7/23,56,10,C,CHARLOTTE-MECKLENBURG SCHOOLS BOARD OF EDUCATION AT-LARGE,Michael Johnson, ,3,35,7,0,0,42,Y
7361,MECKLENBURG,11/7/23,56,10,C,CHARLOTTE-MECKLENBURG SCHOOLS BOARD OF EDUCATION AT-LARGE,Monty Witherspoon, ,3,24,20,0,0,44,Y
7362,MECKLENBURG,11/7/23,56,10,C,CHARLOTTE-MECKLENBURG SCHOOLS BOARD OF EDUCATION AT-LARGE,Omar Harris, ,3,32,11,0,0,43,Y
7363,MECKLENBURG,11/7/23,56,10,C,CHARLOTTE-MECKLENBURG SCHOOLS BOARD OF EDUCATION AT-LARGE,Peggy A. Capehart, ,3,11,5,0,0,16,Y
7365,MECKLENBURG,11/7/23,56,10,C,CHARLOTTE-MECKLENBURG SCHOOLS BOARD OF EDUCATION AT-LARGE,Shamaiye Haynes, ,3,40,25,0,0,65,Y
7367,MECKLENBURG,11/7/23,56,10,C,CHARLOTTE-MECKLENBURG SCHOOLS BOARD OF EDUCATION AT-LARGE,Tigress Sydney Acute McDaniel, ,3,10,2,0,0,12,Y
7402,MECKLENBURG,11/7/23,57,10,C,CHARLOTTE-MECKLENBURG SCHOOLS BOARD OF EDUCATION AT-LARGE,Annette Albright, ,3,80,43,0,0,123,Y
7403,MECKLENBURG,11/7/23,57,10,C,CHARLOTTE-MECKLENBURG SCHOOLS BOARD OF EDUCATION AT-LARGE,Bill Fountain, ,3,119,66,0,0,185,Y
7404,MECKLENBURG,11/7/23,57,10,C,CHARLOTTE-MECKLENBURG SCHOOLS BOARD OF EDUCATION AT-LARGE,Brian Kasher, ,3,49,29,0,0,78,Y
7405,MECKLENBURG,11/7/23,57,10,C,CHARLOTTE-MECKLENBURG SCHOOLS BOARD OF EDUCATION AT-LARGE,Claire Covington, ,3,92,47,0,0,139,Y
7406,MECKLENBURG,11/7/23,57,10,C,CHARLOTTE-MECKLENBURG SCHOOLS BOARD OF EDUCATION AT-LARGE,Clara Kennedy Witherspoon, ,3,45,29,0,0,74,Y
7407,MECKLENBURG,11/7/23,57,10,C,CHARLOTTE-MECKLENBURG SCHOOLS BOARD OF EDUCATION AT-LARGE,Juanrique Pallamente Hall, ,3,23,13,0,0,36,Y
7408,MECKLENBURG,11/7/23,57,10,C,CHARLOTTE-MECKLENBURG SCHOOLS BOARD OF EDUCATION AT-LARGE,Lenora Shipp, ,3,99,136,0,0,235,Y
7409,MECKLENBURG,11/7/23,57,10,C,CHARLOTTE-MECKLENBURG SCHOOLS BOARD OF EDUCATION AT-LARGE,Liz Monterrey, ,3,155,141,0,0,296,Y
7410,MECKLENBURG,11/7/23,57,10,C,CHARLOTTE-MECKLENBURG SCHOOLS BOARD OF EDUCATION AT-LARGE,Michael Johnson, ,3,89,34,0,0,123,Y
7411,MECKLENBURG,11/7/23,57,10,C,CHARLOTTE-MECKLENBURG SCHOOLS BOARD OF EDUCATION AT-LARGE,Monty Witherspoon, ,3,97,108,0,0,205,Y
7412,MECKLENBURG,11/7/23,57,10,C,CHARLOTTE-MECKLENBURG SCHOOLS BOARD OF EDUCATION AT-LARGE,Omar Harris, ,3,29,19,0,0,48,Y
7413,MECKLENBURG,11/7/23,57,10,C,CHARLOTTE-MECKLENBURG SCHOOLS BOARD OF EDUCATION AT-LARGE,Peggy A. Capehart, ,3,40,21,0,0,61,Y
7415,MECKLENBURG,11/7/23,57,10,C,CHARLOTTE-MECKLENBURG SCHOOLS BOARD OF EDUCATION AT-LARGE,Shamaiye Haynes, ,3,89,70,0,0,159,Y
7417,MECKLENBURG,11/7/23,57,10,C,CHARLOTTE-MECKLENBURG SCHOOLS BOARD OF EDUCATION AT-LARGE,Tigress Sydney Acute McDaniel, ,3,28,11,0,0,39,Y
7452,MECKLENBURG,11/7/23,58,10,C,CHARLOTTE-MECKLENBURG SCHOOLS BOARD OF EDUCATION AT-LARGE,Annette Albright, ,3,57,19,0,0,76,Y
7453,MECKLENBURG,11/7/23,58,10,C,CHARLOTTE-MECKLENBURG SCHOOLS BOARD OF EDUCATION AT-LARGE,Bill Fountain, ,3,60,26,0,0,86,Y
7454,MECKLENBURG,11/7/23,58,10,C,CHARLOTTE-MECKLENBURG SCHOOLS BOARD OF EDUCATION AT-LARGE,Brian Kasher, ,3,41,15,0,0,56,Y
7455,MECKLENBURG,11/7/23,58,10,C,CHARLOTTE-MECKLENBURG SCHOOLS BOARD OF EDUCATION AT-LARGE,Claire Covington, ,3,65,24,0,0,89,Y
7456,MECKLENBURG,11/7/23,58,10,C,CHARLOTTE-MECKLENBURG SCHOOLS BOARD OF EDUCATION AT-LARGE,Clara Kennedy Witherspoon, ,3,44,15,0,0,59,Y
7457,MECKLENBURG,11/7/23,58,10,C,CHARLOTTE-MECKLENBURG SCHOOLS BOARD OF EDUCATION AT-LARGE,Juanrique Pallamente Hall, ,3,12,9,0,0,21,Y
7458,MECKLENBURG,11/7/23,58,10,C,CHARLOTTE-MECKLENBURG SCHOOLS BOARD OF EDUCATION AT-LARGE,Lenora Shipp, ,3,106,65,0,0,171,Y
7459,MECKLENBURG,11/7/23,58,10,C,CHARLOTTE-MECKLENBURG SCHOOLS BOARD OF EDUCATION AT-LARGE,Liz Monterrey, ,3,117,64,0,0,181,Y
7460,MECKLENBURG,11/7/23,58,10,C,CHARLOTTE-MECKLENBURG SCHOOLS BOARD OF EDUCATION AT-LARGE,Michael Johnson, ,3,45,25,0,0,70,Y
7461,MECKLENBURG,11/7/23,58,10,C,CHARLOTTE-MECKLENBURG SCHOOLS BOARD OF EDUCATION AT-LARGE,Monty Witherspoon, ,3,79,51,0,0,130,Y
7462,MECKLENBURG,11/7/23,58,10,C,CHARLOTTE-MECKLENBURG SCHOOLS BOARD OF EDUCATION AT-LARGE,Omar Harris, ,3,45,17,0,0,62,Y
7463,MECKLENBURG,11/7/23,58,10,C,CHARLOTTE-MECKLENBURG SCHOOLS BOARD OF EDUCATION AT-LARGE,Peggy A. Capehart, ,3,18,10,0,0,28,Y
7465,MECKLENBURG,11/7/23,58,10,C,CHARLOTTE-MECKLENBURG SCHOOLS BOARD OF EDUCATION AT-LARGE,Shamaiye Haynes, ,3,76,35,0,0,111,Y
7467,MECKLENBURG,11/7/23,58,10,C,CHARLOTTE-MECKLENBURG SCHOOLS BOARD OF EDUCATION AT-LARGE,Tigress Sydney Acute McDaniel, ,3,21,8,0,0,29,Y
7502,MECKLENBURG,11/7/23,59,10,C,CHARLOTTE-MECKLENBURG SCHOOLS BOARD OF EDUCATION AT-LARGE,Annette Albright, ,3,44,16,0,0,60,Y
7503,MECKLENBURG,11/7/23,59,10,C,CHARLOTTE-MECKLENBURG SCHOOLS BOARD OF EDUCATION AT-LARGE,Bill Fountain, ,3,57,19,0,0,76,Y
7504,MECKLENBURG,11/7/23,59,10,C,CHARLOTTE-MECKLENBURG SCHOOLS BOARD OF EDUCATION AT-LARGE,Brian Kasher, ,3,42,18,0,0,60,Y
7505,MECKLENBURG,11/7/23,59,10,C,CHARLOTTE-MECKLENBURG SCHOOLS BOARD OF EDUCATION AT-LARGE,Claire Covington, ,3,48,15,0,0,63,Y
7506,MECKLENBURG,11/7/23,59,10,C,CHARLOTTE-MECKLENBURG SCHOOLS BOARD OF EDUCATION AT-LARGE,Clara Kennedy Witherspoon, ,3,33,7,0,0,40,Y
7507,MECKLENBURG,11/7/23,59,10,C,CHARLOTTE-MECKLENBURG SCHOOLS BOARD OF EDUCATION AT-LARGE,Juanrique Pallamente Hall, ,3,12,4,0,0,16,Y
7508,MECKLENBURG,11/7/23,59,10,C,CHARLOTTE-MECKLENBURG SCHOOLS BOARD OF EDUCATION AT-LARGE,Lenora Shipp, ,3,94,43,0,0,137,Y
7509,MECKLENBURG,11/7/23,59,10,C,CHARLOTTE-MECKLENBURG SCHOOLS BOARD OF EDUCATION AT-LARGE,Liz Monterrey, ,3,121,59,0,0,180,Y
7510,MECKLENBURG,11/7/23,59,10,C,CHARLOTTE-MECKLENBURG SCHOOLS BOARD OF EDUCATION AT-LARGE,Michael Johnson, ,3,38,12,0,0,50,Y
7511,MECKLENBURG,11/7/23,59,10,C,CHARLOTTE-MECKLENBURG SCHOOLS BOARD OF EDUCATION AT-LARGE,Monty Witherspoon, ,3,89,32,0,0,121,Y
7512,MECKLENBURG,11/7/23,59,10,C,CHARLOTTE-MECKLENBURG SCHOOLS BOARD OF EDUCATION AT-LARGE,Omar Harris, ,3,19,6,0,0,25,Y
7513,MECKLENBURG,11/7/23,59,10,C,CHARLOTTE-MECKLENBURG SCHOOLS BOARD OF EDUCATION AT-LARGE,Peggy A. Capehart, ,3,18,11,0,0,29,Y
7515,MECKLENBURG,11/7/23,59,10,C,CHARLOTTE-MECKLENBURG SCHOOLS BOARD OF EDUCATION AT-LARGE,Shamaiye Haynes, ,3,29,17,0,0,46,Y
7517,MECKLENBURG,11/7/23,59,10,C,CHARLOTTE-MECKLENBURG SCHOOLS BOARD OF EDUCATION AT-LARGE,Tigress Sydney Acute McDaniel, ,3,14,6,0,0,20,Y
7553,MECKLENBURG,11/7/23,60,10,C,CHARLOTTE-MECKLENBURG SCHOOLS BOARD OF EDUCATION AT-LARGE,Annette Albright, ,3,49,39,0,0,88,Y
7554,MECKLENBURG,11/7/23,60,10,C,CHARLOTTE-MECKLENBURG SCHOOLS BOARD OF EDUCATION AT-LARGE,Bill Fountain, ,3,15,8,0,0,23,Y
7555,MECKLENBURG,11/7/23,60,10,C,CHARLOTTE-MECKLENBURG SCHOOLS BOARD OF EDUCATION AT-LARGE,Brian Kasher, ,3,4,5,0,0,9,Y
7556,MECKLENBURG,11/7/23,60,10,C,CHARLOTTE-MECKLENBURG SCHOOLS BOARD OF EDUCATION AT-LARGE,Claire Covington, ,3,29,21,0,0,50,Y
7557,MECKLENBURG,11/7/23,60,10,C,CHARLOTTE-MECKLENBURG SCHOOLS BOARD OF EDUCATION AT-LARGE,Clara Kennedy Witherspoon, ,3,41,39,0,0,80,Y
7558,MECKLENBURG,11/7/23,60,10,C,CHARLOTTE-MECKLENBURG SCHOOLS BOARD OF EDUCATION AT-LARGE,Juanrique Pallamente Hall, ,3,11,4,0,0,15,Y
7559,MECKLENBURG,11/7/23,60,10,C,CHARLOTTE-MECKLENBURG SCHOOLS BOARD OF EDUCATION AT-LARGE,Lenora Shipp, ,3,89,124,0,0,213,Y
7560,MECKLENBURG,11/7/23,60,10,C,CHARLOTTE-MECKLENBURG SCHOOLS BOARD OF EDUCATION AT-LARGE,Liz Monterrey, ,3,19,38,0,0,57,Y
7561,MECKLENBURG,11/7/23,60,10,C,CHARLOTTE-MECKLENBURG SCHOOLS BOARD OF EDUCATION AT-LARGE,Michael Johnson, ,3,30,19,0,0,49,Y
7562,MECKLENBURG,11/7/23,60,10,C,CHARLOTTE-MECKLENBURG SCHOOLS BOARD OF EDUCATION AT-LARGE,Monty Witherspoon, ,3,70,88,0,0,158,Y
7563,MECKLENBURG,11/7/23,60,10,C,CHARLOTTE-MECKLENBURG SCHOOLS BOARD OF EDUCATION AT-LARGE,Omar Harris, ,3,42,30,0,0,72,Y
7564,MECKLENBURG,11/7/23,60,10,C,CHARLOTTE-MECKLENBURG SCHOOLS BOARD OF EDUCATION AT-LARGE,Peggy A. Capehart, ,3,11,6,0,0,17,Y
7566,MECKLENBURG,11/7/23,60,10,C,CHARLOTTE-MECKLENBURG SCHOOLS BOARD OF EDUCATION AT-LARGE,Shamaiye Haynes, ,3,99,76,0,0,175,Y
7568,MECKLENBURG,11/7/23,60,10,C,CHARLOTTE-MECKLENBURG SCHOOLS BOARD OF EDUCATION AT-LARGE,Tigress Sydney Acute McDaniel, ,3,17,14,0,0,31,Y
7604,MECKLENBURG,11/7/23,61,10,C,CHARLOTTE-MECKLENBURG SCHOOLS BOARD OF EDUCATION AT-LARGE,Annette Albright, ,3,53,11,0,0,64,Y
7605,MECKLENBURG,11/7/23,61,10,C,CHARLOTTE-MECKLENBURG SCHOOLS BOARD OF EDUCATION AT-LARGE,Bill Fountain, ,3,31,7,0,0,38,Y
7606,MECKLENBURG,11/7/23,61,10,C,CHARLOTTE-MECKLENBURG SCHOOLS BOARD OF EDUCATION AT-LARGE,Brian Kasher, ,3,19,4,0,0,23,Y
7607,MECKLENBURG,11/7/23,61,10,C,CHARLOTTE-MECKLENBURG SCHOOLS BOARD OF EDUCATION AT-LARGE,Claire Covington, ,3,37,9,0,0,46,Y
7608,MECKLENBURG,11/7/23,61,10,C,CHARLOTTE-MECKLENBURG SCHOOLS BOARD OF EDUCATION AT-LARGE,Clara Kennedy Witherspoon, ,3,27,10,0,0,37,Y
7609,MECKLENBURG,11/7/23,61,10,C,CHARLOTTE-MECKLENBURG SCHOOLS BOARD OF EDUCATION AT-LARGE,Juanrique Pallamente Hall, ,3,20,4,0,0,24,Y
7610,MECKLENBURG,11/7/23,61,10,C,CHARLOTTE-MECKLENBURG SCHOOLS BOARD OF EDUCATION AT-LARGE,Lenora Shipp, ,3,129,88,0,0,217,Y
7611,MECKLENBURG,11/7/23,61,10,C,CHARLOTTE-MECKLENBURG SCHOOLS BOARD OF EDUCATION AT-LARGE,Liz Monterrey, ,3,102,55,0,0,157,Y
7612,MECKLENBURG,11/7/23,61,10,C,CHARLOTTE-MECKLENBURG SCHOOLS BOARD OF EDUCATION AT-LARGE,Michael Johnson, ,3,41,11,0,0,52,Y
7613,MECKLENBURG,11/7/23,61,10,C,CHARLOTTE-MECKLENBURG SCHOOLS BOARD OF EDUCATION AT-LARGE,Monty Witherspoon, ,3,95,71,0,0,166,Y
7614,MECKLENBURG,11/7/23,61,10,C,CHARLOTTE-MECKLENBURG SCHOOLS BOARD OF EDUCATION AT-LARGE,Omar Harris, ,3,33,9,0,0,42,Y
7615,MECKLENBURG,11/7/23,61,10,C,CHARLOTTE-MECKLENBURG SCHOOLS BOARD OF EDUCATION AT-LARGE,Peggy A. Capehart, ,3,15,6,0,0,21,Y
7617,MECKLENBURG,11/7/23,61,10,C,CHARLOTTE-MECKLENBURG SCHOOLS BOARD OF EDUCATION AT-LARGE,Shamaiye Haynes, ,3,71,40,0,0,111,Y
7619,MECKLENBURG,11/7/23,61,10,C,CHARLOTTE-MECKLENBURG SCHOOLS BOARD OF EDUCATION AT-LARGE,Tigress Sydney Acute McDaniel, ,3,20,10,0,0,30,Y
7653,MECKLENBURG,11/7/23,62,10,C,CHARLOTTE-MECKLENBURG SCHOOLS BOARD OF EDUCATION AT-LARGE,Annette Albright, ,3,37,15,0,0,52,Y
7654,MECKLENBURG,11/7/23,62,10,C,CHARLOTTE-MECKLENBURG SCHOOLS BOARD OF EDUCATION AT-LARGE,Bill Fountain, ,3,19,2,0,0,21,Y
7655,MECKLENBURG,11/7/23,62,10,C,CHARLOTTE-MECKLENBURG SCHOOLS BOARD OF EDUCATION AT-LARGE,Brian Kasher, ,3,13,9,0,0,22,Y
7656,MECKLENBURG,11/7/23,62,10,C,CHARLOTTE-MECKLENBURG SCHOOLS BOARD OF EDUCATION AT-LARGE,Claire Covington, ,3,28,10,0,0,38,Y
7657,MECKLENBURG,11/7/23,62,10,C,CHARLOTTE-MECKLENBURG SCHOOLS BOARD OF EDUCATION AT-LARGE,Clara Kennedy Witherspoon, ,3,22,7,0,0,29,Y
7658,MECKLENBURG,11/7/23,62,10,C,CHARLOTTE-MECKLENBURG SCHOOLS BOARD OF EDUCATION AT-LARGE,Juanrique Pallamente Hall, ,3,23,10,0,0,33,Y
7659,MECKLENBURG,11/7/23,62,10,C,CHARLOTTE-MECKLENBURG SCHOOLS BOARD OF EDUCATION AT-LARGE,Lenora Shipp, ,3,47,39,0,0,86,Y
7660,MECKLENBURG,11/7/23,62,10,C,CHARLOTTE-MECKLENBURG SCHOOLS BOARD OF EDUCATION AT-LARGE,Liz Monterrey, ,3,24,20,0,0,44,Y
7661,MECKLENBURG,11/7/23,62,10,C,CHARLOTTE-MECKLENBURG SCHOOLS BOARD OF EDUCATION AT-LARGE,Michael Johnson, ,3,30,9,0,0,39,Y
7662,MECKLENBURG,11/7/23,62,10,C,CHARLOTTE-MECKLENBURG SCHOOLS BOARD OF EDUCATION AT-LARGE,Monty Witherspoon, ,3,52,34,0,0,86,Y
7663,MECKLENBURG,11/7/23,62,10,C,CHARLOTTE-MECKLENBURG SCHOOLS BOARD OF EDUCATION AT-LARGE,Omar Harris, ,3,32,12,0,0,44,Y
7664,MECKLENBURG,11/7/23,62,10,C,CHARLOTTE-MECKLENBURG SCHOOLS BOARD OF EDUCATION AT-LARGE,Peggy A. Capehart, ,3,7,7,0,0,14,Y
7666,MECKLENBURG,11/7/23,62,10,C,CHARLOTTE-MECKLENBURG SCHOOLS BOARD OF EDUCATION AT-LARGE,Shamaiye Haynes, ,3,57,37,0,0,94,Y
7668,MECKLENBURG,11/7/23,62,10,C,CHARLOTTE-MECKLENBURG SCHOOLS BOARD OF EDUCATION AT-LARGE,Tigress Sydney Acute McDaniel, ,3,17,5,0,0,22,Y
7702,MECKLENBURG,11/7/23,63,10,C,CHARLOTTE-MECKLENBURG SCHOOLS BOARD OF EDUCATION AT-LARGE,Annette Albright, ,3,47,17,0,0,64,Y
7703,MECKLENBURG,11/7/23,63,10,C,CHARLOTTE-MECKLENBURG SCHOOLS BOARD OF EDUCATION AT-LARGE,Bill Fountain, ,3,21,14,0,0,35,Y
7704,MECKLENBURG,11/7/23,63,10,C,CHARLOTTE-MECKLENBURG SCHOOLS BOARD OF EDUCATION AT-LARGE,Brian Kasher, ,3,14,5,0,0,19,Y
7705,MECKLENBURG,11/7/23,63,10,C,CHARLOTTE-MECKLENBURG SCHOOLS BOARD OF EDUCATION AT-LARGE,Claire Covington, ,3,25,11,0,0,36,Y
7706,MECKLENBURG,11/7/23,63,10,C,CHARLOTTE-MECKLENBURG SCHOOLS BOARD OF EDUCATION AT-LARGE,Clara Kennedy Witherspoon, ,3,19,10,0,0,29,Y
7707,MECKLENBURG,11/7/23,63,10,C,CHARLOTTE-MECKLENBURG SCHOOLS BOARD OF EDUCATION AT-LARGE,Juanrique Pallamente Hall, ,3,13,7,0,0,20,Y
7708,MECKLENBURG,11/7/23,63,10,C,CHARLOTTE-MECKLENBURG SCHOOLS BOARD OF EDUCATION AT-LARGE,Lenora Shipp, ,3,50,42,0,0,92,Y
7709,MECKLENBURG,11/7/23,63,10,C,CHARLOTTE-MECKLENBURG SCHOOLS BOARD OF EDUCATION AT-LARGE,Liz Monterrey, ,3,33,30,0,0,63,Y
7710,MECKLENBURG,11/7/23,63,10,C,CHARLOTTE-MECKLENBURG SCHOOLS BOARD OF EDUCATION AT-LARGE,Michael Johnson, ,3,31,18,0,0,49,Y
7711,MECKLENBURG,11/7/23,63,10,C,CHARLOTTE-MECKLENBURG SCHOOLS BOARD OF EDUCATION AT-LARGE,Monty Witherspoon, ,3,39,35,0,0,74,Y
7712,MECKLENBURG,11/7/23,63,10,C,CHARLOTTE-MECKLENBURG SCHOOLS BOARD OF EDUCATION AT-LARGE,Omar Harris, ,3,26,11,0,0,37,Y
7713,MECKLENBURG,11/7/23,63,10,C,CHARLOTTE-MECKLENBURG SCHOOLS BOARD OF EDUCATION AT-LARGE,Peggy A. Capehart, ,3,10,5,0,0,15,Y
7715,MECKLENBURG,11/7/23,63,10,C,CHARLOTTE-MECKLENBURG SCHOOLS BOARD OF EDUCATION AT-LARGE,Shamaiye Haynes, ,3,63,32,0,0,95,Y
7717,MECKLENBURG,11/7/23,63,10,C,CHARLOTTE-MECKLENBURG SCHOOLS BOARD OF EDUCATION AT-LARGE,Tigress Sydney Acute McDaniel, ,3,8,3,0,0,11,Y
7724,MECKLENBURG,11/7/23,126,10,C,CHARLOTTE-MECKLENBURG SCHOOLS BOARD OF EDUCATION AT-LARGE,Lenora Shipp, ,3,156,89,0,0,245,Y
7725,MECKLENBURG,11/7/23,126,10,C,CHARLOTTE-MECKLENBURG SCHOOLS BOARD OF EDUCATION AT-LARGE,Liz Monterrey, ,3,42,26,0,0,68,Y
7726,MECKLENBURG,11/7/23,126,10,C,CHARLOTTE-MECKLENBURG SCHOOLS BOARD OF EDUCATION AT-LARGE,Michael Johnson, ,3,63,22,0,0,85,Y
7727,MECKLENBURG,11/7/23,126,10,C,CHARLOTTE-MECKLENBURG SCHOOLS BOARD OF EDUCATION AT-LARGE,Monty Witherspoon, ,3,119,79,0,0,198,Y
7728,MECKLENBURG,11/7/23,126,10,C,CHARLOTTE-MECKLENBURG SCHOOLS BOARD OF EDUCATION AT-LARGE,Omar Harris, ,3,89,23,0,0,112,Y
7729,MECKLENBURG,11/7/23,126,10,C,CHARLOTTE-MECKLENBURG SCHOOLS BOARD OF EDUCATION AT-LARGE,Peggy A. Capehart, ,3,28,5,0,0,33,Y
7731,MECKLENBURG,11/7/23,126,10,C,CHARLOTTE-MECKLENBURG SCHOOLS BOARD OF EDUCATION AT-LARGE,Shamaiye Haynes, ,3,161,74,0,0,235,Y
7733,MECKLENBURG,11/7/23,126,10,C,CHARLOTTE-MECKLENBURG SCHOOLS BOARD OF EDUCATION AT-LARGE,Tigress Sydney Acute McDaniel, ,3,41,13,0,0,54,Y
7737,MECKLENBURG,11/7/23,127,10,C,CHARLOTTE-MECKLENBURG SCHOOLS BOARD OF EDUCATION AT-LARGE,Annette Albright, ,3,157,45,0,0,202,Y
7738,MECKLENBURG,11/7/23,127,10,C,CHARLOTTE-MECKLENBURG SCHOOLS BOARD OF EDUCATION AT-LARGE,Bill Fountain, ,3,207,84,0,0,291,Y
7739,MECKLENBURG,11/7/23,127,10,C,CHARLOTTE-MECKLENBURG SCHOOLS BOARD OF EDUCATION AT-LARGE,Brian Kasher, ,3,91,47,0,0,138,Y
7740,MECKLENBURG,11/7/23,127,10,C,CHARLOTTE-MECKLENBURG SCHOOLS BOARD OF EDUCATION AT-LARGE,Claire Covington, ,3,172,55,0,0,227,Y
7741,MECKLENBURG,11/7/23,127,10,C,CHARLOTTE-MECKLENBURG SCHOOLS BOARD OF EDUCATION AT-LARGE,Clara Kennedy Witherspoon, ,3,70,35,0,0,105,Y
7742,MECKLENBURG,11/7/23,127,10,C,CHARLOTTE-MECKLENBURG SCHOOLS BOARD OF EDUCATION AT-LARGE,Juanrique Pallamente Hall, ,3,33,10,0,0,43,Y
7743,MECKLENBURG,11/7/23,127,10,C,CHARLOTTE-MECKLENBURG SCHOOLS BOARD OF EDUCATION AT-LARGE,Lenora Shipp, ,3,234,211,0,0,445,Y
7744,MECKLENBURG,11/7/23,127,10,C,CHARLOTTE-MECKLENBURG SCHOOLS BOARD OF EDUCATION AT-LARGE,Liz Monterrey, ,3,247,219,0,0,466,Y
7745,MECKLENBURG,11/7/23,127,10,C,CHARLOTTE-MECKLENBURG SCHOOLS BOARD OF EDUCATION AT-LARGE,Michael Johnson, ,3,118,42,0,0,160,Y
7746,MECKLENBURG,11/7/23,127,10,C,CHARLOTTE-MECKLENBURG SCHOOLS BOARD OF EDUCATION AT-LARGE,Monty Witherspoon, ,3,206,179,0,0,385,Y
7747,MECKLENBURG,11/7/23,127,10,C,CHARLOTTE-MECKLENBURG SCHOOLS BOARD OF EDUCATION AT-LARGE,Omar Harris, ,3,44,17,0,0,61,Y
7748,MECKLENBURG,11/7/23,127,10,C,CHARLOTTE-MECKLENBURG SCHOOLS BOARD OF EDUCATION AT-LARGE,Peggy A. Capehart, ,3,35,18,0,0,53,Y
7750,MECKLENBURG,11/7/23,127,10,C,CHARLOTTE-MECKLENBURG SCHOOLS BOARD OF EDUCATION AT-LARGE,Shamaiye Haynes, ,3,128,74,0,0,202,Y
7752,MECKLENBURG,11/7/23,127,10,C,CHARLOTTE-MECKLENBURG SCHOOLS BOARD OF EDUCATION AT-LARGE,Tigress Sydney Acute McDaniel, ,3,32,8,0,0,40,Y
7797,MECKLENBURG,11/7/23,128,10,C,CHARLOTTE-MECKLENBURG SCHOOLS BOARD OF EDUCATION AT-LARGE,Annette Albright, ,3,100,26,0,0,126,Y
7798,MECKLENBURG,11/7/23,128,10,C,CHARLOTTE-MECKLENBURG SCHOOLS BOARD OF EDUCATION AT-LARGE,Bill Fountain, ,3,77,24,0,0,101,Y
7799,MECKLENBURG,11/7/23,128,10,C,CHARLOTTE-MECKLENBURG SCHOOLS BOARD OF EDUCATION AT-LARGE,Brian Kasher, ,3,46,28,0,0,74,Y
7800,MECKLENBURG,11/7/23,128,10,C,CHARLOTTE-MECKLENBURG SCHOOLS BOARD OF EDUCATION AT-LARGE,Claire Covington, ,3,75,24,0,0,99,Y
7801,MECKLENBURG,11/7/23,128,10,C,CHARLOTTE-MECKLENBURG SCHOOLS BOARD OF EDUCATION AT-LARGE,Clara Kennedy Witherspoon, ,3,56,35,0,0,91,Y
7802,MECKLENBURG,11/7/23,128,10,C,CHARLOTTE-MECKLENBURG SCHOOLS BOARD OF EDUCATION AT-LARGE,Juanrique Pallamente Hall, ,3,31,7,0,0,38,Y
7803,MECKLENBURG,11/7/23,128,10,C,CHARLOTTE-MECKLENBURG SCHOOLS BOARD OF EDUCATION AT-LARGE,Lenora Shipp, ,3,148,107,0,0,255,Y
7804,MECKLENBURG,11/7/23,128,10,C,CHARLOTTE-MECKLENBURG SCHOOLS BOARD OF EDUCATION AT-LARGE,Liz Monterrey, ,3,114,52,0,0,166,Y
7805,MECKLENBURG,11/7/23,128,10,C,CHARLOTTE-MECKLENBURG SCHOOLS BOARD OF EDUCATION AT-LARGE,Michael Johnson, ,3,91,22,0,0,113,Y
7806,MECKLENBURG,11/7/23,128,10,C,CHARLOTTE-MECKLENBURG SCHOOLS BOARD OF EDUCATION AT-LARGE,Monty Witherspoon, ,3,119,92,0,0,211,Y
7807,MECKLENBURG,11/7/23,128,10,C,CHARLOTTE-MECKLENBURG SCHOOLS BOARD OF EDUCATION AT-LARGE,Omar Harris, ,3,59,13,0,0,72,Y
7808,MECKLENBURG,11/7/23,128,10,C,CHARLOTTE-MECKLENBURG SCHOOLS BOARD OF EDUCATION AT-LARGE,Peggy A. Capehart, ,3,24,12,0,0,36,Y
7810,MECKLENBURG,11/7/23,128,10,C,CHARLOTTE-MECKLENBURG SCHOOLS BOARD OF EDUCATION AT-LARGE,Shamaiye Haynes, ,3,114,76,0,0,190,Y
7812,MECKLENBURG,11/7/23,128,10,C,CHARLOTTE-MECKLENBURG SCHOOLS BOARD OF EDUCATION AT-LARGE,Tigress Sydney Acute McDaniel, ,3,27,14,0,0,41,Y
7816,MECKLENBURG,11/7/23,129,10,C,CHARLOTTE-MECKLENBURG SCHOOLS BOARD OF EDUCATION AT-LARGE,Annette Albright, ,3,20,15,0,0,35,Y
7817,MECKLENBURG,11/7/23,129,10,C,CHARLOTTE-MECKLENBURG SCHOOLS BOARD OF EDUCATION AT-LARGE,Bill Fountain, ,3,12,14,0,0,26,Y
7818,MECKLENBURG,11/7/23,129,10,C,CHARLOTTE-MECKLENBURG SCHOOLS BOARD OF EDUCATION AT-LARGE,Brian Kasher, ,3,6,4,0,0,10,Y
7819,MECKLENBURG,11/7/23,129,10,C,CHARLOTTE-MECKLENBURG SCHOOLS BOARD OF EDUCATION AT-LARGE,Claire Covington, ,3,15,10,0,0,25,Y
7820,MECKLENBURG,11/7/23,129,10,C,CHARLOTTE-MECKLENBURG SCHOOLS BOARD OF EDUCATION AT-LARGE,Clara Kennedy Witherspoon, ,3,7,5,0,0,12,Y
7821,MECKLENBURG,11/7/23,129,10,C,CHARLOTTE-MECKLENBURG SCHOOLS BOARD OF EDUCATION AT-LARGE,Juanrique Pallamente Hall, ,3,5,2,0,0,7,Y
7822,MECKLENBURG,11/7/23,129,10,C,CHARLOTTE-MECKLENBURG SCHOOLS BOARD OF EDUCATION AT-LARGE,Lenora Shipp, ,3,17,12,0,0,29,Y
7823,MECKLENBURG,11/7/23,129,10,C,CHARLOTTE-MECKLENBURG SCHOOLS BOARD OF EDUCATION AT-LARGE,Liz Monterrey, ,3,21,15,0,0,36,Y
7824,MECKLENBURG,11/7/23,129,10,C,CHARLOTTE-MECKLENBURG SCHOOLS BOARD OF EDUCATION AT-LARGE,Michael Johnson, ,3,23,11,0,0,34,Y
7825,MECKLENBURG,11/7/23,129,10,C,CHARLOTTE-MECKLENBURG SCHOOLS BOARD OF EDUCATION AT-LARGE,Monty Witherspoon, ,3,9,7,0,0,16,Y
7826,MECKLENBURG,11/7/23,129,10,C,CHARLOTTE-MECKLENBURG SCHOOLS BOARD OF EDUCATION AT-LARGE,Omar Harris, ,3,8,6,0,0,14,Y
7827,MECKLENBURG,11/7/23,129,10,C,CHARLOTTE-MECKLENBURG SCHOOLS BOARD OF EDUCATION AT-LARGE,Peggy A. Capehart, ,3,2,2,0,0,4,Y
7829,MECKLENBURG,11/7/23,129,10,C,CHARLOTTE-MECKLENBURG SCHOOLS BOARD OF EDUCATION AT-LARGE,Shamaiye Haynes, ,3,19,5,0,0,24,Y
7831,MECKLENBURG,11/7/23,129,10,C,CHARLOTTE-MECKLENBURG SCHOOLS BOARD OF EDUCATION AT-LARGE,Tigress Sydney Acute McDaniel, ,3,3,1,0,0,4,Y
7873,MECKLENBURG,11/7/23,130,10,C,CHARLOTTE-MECKLENBURG SCHOOLS BOARD OF EDUCATION AT-LARGE,Annette Albright, ,3,34,14,0,0,48,Y
7874,MECKLENBURG,11/7/23,130,10,C,CHARLOTTE-MECKLENBURG SCHOOLS BOARD OF EDUCATION AT-LARGE,Bill Fountain, ,3,31,9,0,0,40,Y
7875,MECKLENBURG,11/7/23,130,10,C,CHARLOTTE-MECKLENBURG SCHOOLS BOARD OF EDUCATION AT-LARGE,Brian Kasher, ,3,18,5,0,0,23,Y
7876,MECKLENBURG,11/7/23,130,10,C,CHARLOTTE-MECKLENBURG SCHOOLS BOARD OF EDUCATION AT-LARGE,Claire Covington, ,3,35,7,0,0,42,Y
7877,MECKLENBURG,11/7/23,130,10,C,CHARLOTTE-MECKLENBURG SCHOOLS BOARD OF EDUCATION AT-LARGE,Clara Kennedy Witherspoon, ,3,20,15,0,0,35,Y
7878,MECKLENBURG,11/7/23,130,10,C,CHARLOTTE-MECKLENBURG SCHOOLS BOARD OF EDUCATION AT-LARGE,Juanrique Pallamente Hall, ,3,20,0,0,0,20,Y
7879,MECKLENBURG,11/7/23,130,10,C,CHARLOTTE-MECKLENBURG SCHOOLS BOARD OF EDUCATION AT-LARGE,Lenora Shipp, ,3,50,36,0,0,86,Y
7880,MECKLENBURG,11/7/23,130,10,C,CHARLOTTE-MECKLENBURG SCHOOLS BOARD OF EDUCATION AT-LARGE,Liz Monterrey, ,3,51,34,0,0,85,Y
7881,MECKLENBURG,11/7/23,130,10,C,CHARLOTTE-MECKLENBURG SCHOOLS BOARD OF EDUCATION AT-LARGE,Michael Johnson, ,3,47,10,0,0,57,Y
7882,MECKLENBURG,11/7/23,130,10,C,CHARLOTTE-MECKLENBURG SCHOOLS BOARD OF EDUCATION AT-LARGE,Monty Witherspoon, ,3,46,27,0,0,73,Y
7883,MECKLENBURG,11/7/23,130,10,C,CHARLOTTE-MECKLENBURG SCHOOLS BOARD OF EDUCATION AT-LARGE,Omar Harris, ,3,30,5,0,0,35,Y
7884,MECKLENBURG,11/7/23,130,10,C,CHARLOTTE-MECKLENBURG SCHOOLS BOARD OF EDUCATION AT-LARGE,Peggy A. Capehart, ,3,16,4,0,0,20,Y
7886,MECKLENBURG,11/7/23,130,10,C,CHARLOTTE-MECKLENBURG SCHOOLS BOARD OF EDUCATION AT-LARGE,Shamaiye Haynes, ,3,70,18,0,0,88,Y
7888,MECKLENBURG,11/7/23,130,10,C,CHARLOTTE-MECKLENBURG SCHOOLS BOARD OF EDUCATION AT-LARGE,Tigress Sydney Acute McDaniel, ,3,16,6,0,0,22,Y
7923,MECKLENBURG,11/7/23,131,10,C,CHARLOTTE-MECKLENBURG SCHOOLS BOARD OF EDUCATION AT-LARGE,Annette Albright, ,3,82,39,0,0,121,Y
7924,MECKLENBURG,11/7/23,131,10,C,CHARLOTTE-MECKLENBURG SCHOOLS BOARD OF EDUCATION AT-LARGE,Bill Fountain, ,3,84,46,0,0,130,Y
7925,MECKLENBURG,11/7/23,131,10,C,CHARLOTTE-MECKLENBURG SCHOOLS BOARD OF EDUCATION AT-LARGE,Brian Kasher, ,3,42,17,0,0,59,Y
7926,MECKLENBURG,11/7/23,131,10,C,CHARLOTTE-MECKLENBURG SCHOOLS BOARD OF EDUCATION AT-LARGE,Claire Covington, ,3,91,24,0,0,115,Y
7927,MECKLENBURG,11/7/23,131,10,C,CHARLOTTE-MECKLENBURG SCHOOLS BOARD OF EDUCATION AT-LARGE,Clara Kennedy Witherspoon, ,3,32,10,0,0,42,Y
7928,MECKLENBURG,11/7/23,131,10,C,CHARLOTTE-MECKLENBURG SCHOOLS BOARD OF EDUCATION AT-LARGE,Juanrique Pallamente Hall, ,3,12,10,0,0,22,Y
7929,MECKLENBURG,11/7/23,131,10,C,CHARLOTTE-MECKLENBURG SCHOOLS BOARD OF EDUCATION AT-LARGE,Lenora Shipp, ,3,80,63,0,0,143,Y
7930,MECKLENBURG,11/7/23,131,10,C,CHARLOTTE-MECKLENBURG SCHOOLS BOARD OF EDUCATION AT-LARGE,Liz Monterrey, ,3,114,78,0,0,192,Y
7931,MECKLENBURG,11/7/23,131,10,C,CHARLOTTE-MECKLENBURG SCHOOLS BOARD OF EDUCATION AT-LARGE,Michael Johnson, ,3,65,18,0,0,83,Y
7932,MECKLENBURG,11/7/23,131,10,C,CHARLOTTE-MECKLENBURG SCHOOLS BOARD OF EDUCATION AT-LARGE,Monty Witherspoon, ,3,74,64,0,0,138,Y
7933,MECKLENBURG,11/7/23,131,10,C,CHARLOTTE-MECKLENBURG SCHOOLS BOARD OF EDUCATION AT-LARGE,Omar Harris, ,3,18,9,0,0,27,Y
7934,MECKLENBURG,11/7/23,131,10,C,CHARLOTTE-MECKLENBURG SCHOOLS BOARD OF EDUCATION AT-LARGE,Peggy A. Capehart, ,3,27,11,0,0,38,Y
7936,MECKLENBURG,11/7/23,131,10,C,CHARLOTTE-MECKLENBURG SCHOOLS BOARD OF EDUCATION AT-LARGE,Shamaiye Haynes, ,3,54,25,0,0,79,Y
7938,MECKLENBURG,11/7/23,131,10,C,CHARLOTTE-MECKLENBURG SCHOOLS BOARD OF EDUCATION AT-LARGE,Tigress Sydney Acute McDaniel, ,3,16,4,0,0,20,Y
7972,MECKLENBURG,11/7/23,132,10,C,CHARLOTTE-MECKLENBURG SCHOOLS BOARD OF EDUCATION AT-LARGE,Annette Albright, ,3,58,16,0,0,74,Y
7973,MECKLENBURG,11/7/23,132,10,C,CHARLOTTE-MECKLENBURG SCHOOLS BOARD OF EDUCATION AT-LARGE,Bill Fountain, ,3,28,7,0,0,35,Y
7974,MECKLENBURG,11/7/23,132,10,C,CHARLOTTE-MECKLENBURG SCHOOLS BOARD OF EDUCATION AT-LARGE,Brian Kasher, ,3,21,4,0,0,25,Y
7975,MECKLENBURG,11/7/23,132,10,C,CHARLOTTE-MECKLENBURG SCHOOLS BOARD OF EDUCATION AT-LARGE,Claire Covington, ,3,41,15,0,0,56,Y
7976,MECKLENBURG,11/7/23,132,10,C,CHARLOTTE-MECKLENBURG SCHOOLS BOARD OF EDUCATION AT-LARGE,Clara Kennedy Witherspoon, ,3,26,17,0,0,43,Y
7977,MECKLENBURG,11/7/23,132,10,C,CHARLOTTE-MECKLENBURG SCHOOLS BOARD OF EDUCATION AT-LARGE,Juanrique Pallamente Hall, ,3,23,5,0,0,28,Y
7978,MECKLENBURG,11/7/23,132,10,C,CHARLOTTE-MECKLENBURG SCHOOLS BOARD OF EDUCATION AT-LARGE,Lenora Shipp, ,3,75,74,0,0,149,Y
7979,MECKLENBURG,11/7/23,132,10,C,CHARLOTTE-MECKLENBURG SCHOOLS BOARD OF EDUCATION AT-LARGE,Liz Monterrey, ,3,55,25,0,0,80,Y
7980,MECKLENBURG,11/7/23,132,10,C,CHARLOTTE-MECKLENBURG SCHOOLS BOARD OF EDUCATION AT-LARGE,Michael Johnson, ,3,51,13,0,0,64,Y
7981,MECKLENBURG,11/7/23,132,10,C,CHARLOTTE-MECKLENBURG SCHOOLS BOARD OF EDUCATION AT-LARGE,Monty Witherspoon, ,3,67,53,0,0,120,Y
7982,MECKLENBURG,11/7/23,132,10,C,CHARLOTTE-MECKLENBURG SCHOOLS BOARD OF EDUCATION AT-LARGE,Omar Harris, ,3,39,17,0,0,56,Y
7983,MECKLENBURG,11/7/23,132,10,C,CHARLOTTE-MECKLENBURG SCHOOLS BOARD OF EDUCATION AT-LARGE,Peggy A. Capehart, ,3,21,6,0,0,27,Y
7985,MECKLENBURG,11/7/23,132,10,C,CHARLOTTE-MECKLENBURG SCHOOLS BOARD OF EDUCATION AT-LARGE,Shamaiye Haynes, ,3,77,54,0,0,131,Y
7987,MECKLENBURG,11/7/23,132,10,C,CHARLOTTE-MECKLENBURG SCHOOLS BOARD OF EDUCATION AT-LARGE,Tigress Sydney Acute McDaniel, ,3,29,15,0,0,44,Y
7991,MECKLENBURG,11/7/23,133,10,C,CHARLOTTE-MECKLENBURG SCHOOLS BOARD OF EDUCATION AT-LARGE,Annette Albright, ,3,142,92,0,0,234,Y
7992,MECKLENBURG,11/7/23,133,10,C,CHARLOTTE-MECKLENBURG SCHOOLS BOARD OF EDUCATION AT-LARGE,Bill Fountain, ,3,223,138,0,0,361,Y
7993,MECKLENBURG,11/7/23,133,10,C,CHARLOTTE-MECKLENBURG SCHOOLS BOARD OF EDUCATION AT-LARGE,Brian Kasher, ,3,90,63,0,0,153,Y
7994,MECKLENBURG,11/7/23,133,10,C,CHARLOTTE-MECKLENBURG SCHOOLS BOARD OF EDUCATION AT-LARGE,Claire Covington, ,3,141,72,0,0,213,Y
7995,MECKLENBURG,11/7/23,133,10,C,CHARLOTTE-MECKLENBURG SCHOOLS BOARD OF EDUCATION AT-LARGE,Clara Kennedy Witherspoon, ,3,57,42,0,0,99,Y
7996,MECKLENBURG,11/7/23,133,10,C,CHARLOTTE-MECKLENBURG SCHOOLS BOARD OF EDUCATION AT-LARGE,Juanrique Pallamente Hall, ,3,38,20,0,0,58,Y
7997,MECKLENBURG,11/7/23,133,10,C,CHARLOTTE-MECKLENBURG SCHOOLS BOARD OF EDUCATION AT-LARGE,Lenora Shipp, ,3,190,191,0,0,381,Y
7998,MECKLENBURG,11/7/23,133,10,C,CHARLOTTE-MECKLENBURG SCHOOLS BOARD OF EDUCATION AT-LARGE,Liz Monterrey, ,3,183,204,0,0,387,Y
7999,MECKLENBURG,11/7/23,133,10,C,CHARLOTTE-MECKLENBURG SCHOOLS BOARD OF EDUCATION AT-LARGE,Michael Johnson, ,3,112,66,0,0,178,Y
8000,MECKLENBURG,11/7/23,133,10,C,CHARLOTTE-MECKLENBURG SCHOOLS BOARD OF EDUCATION AT-LARGE,Monty Witherspoon, ,3,107,177,0,0,284,Y
8001,MECKLENBURG,11/7/23,133,10,C,CHARLOTTE-MECKLENBURG SCHOOLS BOARD OF EDUCATION AT-LARGE,Omar Harris, ,3,47,37,0,0,84,Y
8002,MECKLENBURG,11/7/23,133,10,C,CHARLOTTE-MECKLENBURG SCHOOLS BOARD OF EDUCATION AT-LARGE,Peggy A. Capehart, ,3,43,24,0,0,67,Y
8004,MECKLENBURG,11/7/23,133,10,C,CHARLOTTE-MECKLENBURG SCHOOLS BOARD OF EDUCATION AT-LARGE,Shamaiye Haynes, ,3,73,69,0,0,142,Y
8006,MECKLENBURG,11/7/23,133,10,C,CHARLOTTE-MECKLENBURG SCHOOLS BOARD OF EDUCATION AT-LARGE,Tigress Sydney Acute McDaniel, ,3,35,25,0,0,60,Y
8036,MECKLENBURG,11/7/23,134,10,C,CHARLOTTE-MECKLENBURG SCHOOLS BOARD OF EDUCATION AT-LARGE,Annette Albright, ,3,183,99,0,0,282,Y
8037,MECKLENBURG,11/7/23,134,10,C,CHARLOTTE-MECKLENBURG SCHOOLS BOARD OF EDUCATION AT-LARGE,Bill Fountain, ,3,281,149,0,0,430,Y
8038,MECKLENBURG,11/7/23,134,10,C,CHARLOTTE-MECKLENBURG SCHOOLS BOARD OF EDUCATION AT-LARGE,Brian Kasher, ,3,119,54,0,0,173,Y
8039,MECKLENBURG,11/7/23,134,10,C,CHARLOTTE-MECKLENBURG SCHOOLS BOARD OF EDUCATION AT-LARGE,Claire Covington, ,3,125,84,0,0,209,Y
8040,MECKLENBURG,11/7/23,134,10,C,CHARLOTTE-MECKLENBURG SCHOOLS BOARD OF EDUCATION AT-LARGE,Clara Kennedy Witherspoon, ,3,90,62,0,0,152,Y
8041,MECKLENBURG,11/7/23,134,10,C,CHARLOTTE-MECKLENBURG SCHOOLS BOARD OF EDUCATION AT-LARGE,Juanrique Pallamente Hall, ,3,57,41,0,0,98,Y
8042,MECKLENBURG,11/7/23,134,10,C,CHARLOTTE-MECKLENBURG SCHOOLS BOARD OF EDUCATION AT-LARGE,Lenora Shipp, ,3,319,263,0,0,582,Y
8043,MECKLENBURG,11/7/23,134,10,C,CHARLOTTE-MECKLENBURG SCHOOLS BOARD OF EDUCATION AT-LARGE,Liz Monterrey, ,3,305,253,0,0,558,Y
8044,MECKLENBURG,11/7/23,134,10,C,CHARLOTTE-MECKLENBURG SCHOOLS BOARD OF EDUCATION AT-LARGE,Michael Johnson, ,3,143,76,0,0,219,Y
8045,MECKLENBURG,11/7/23,134,10,C,CHARLOTTE-MECKLENBURG SCHOOLS BOARD OF EDUCATION AT-LARGE,Monty Witherspoon, ,3,270,218,0,0,488,Y
8046,MECKLENBURG,11/7/23,134,10,C,CHARLOTTE-MECKLENBURG SCHOOLS BOARD OF EDUCATION AT-LARGE,Omar Harris, ,3,76,48,0,0,124,Y
8047,MECKLENBURG,11/7/23,134,10,C,CHARLOTTE-MECKLENBURG SCHOOLS BOARD OF EDUCATION AT-LARGE,Peggy A. Capehart, ,3,44,32,0,0,76,Y
8049,MECKLENBURG,11/7/23,134,10,C,CHARLOTTE-MECKLENBURG SCHOOLS BOARD OF EDUCATION AT-LARGE,Shamaiye Haynes, ,3,123,110,0,0,233,Y
8051,MECKLENBURG,11/7/23,134,10,C,CHARLOTTE-MECKLENBURG SCHOOLS BOARD OF EDUCATION AT-LARGE,Tigress Sydney Acute McDaniel, ,3,39,27,0,0,66,Y
8111,MECKLENBURG,11/7/23,135,10,C,CHARLOTTE-MECKLENBURG SCHOOLS BOARD OF EDUCATION AT-LARGE,Annette Albright, ,3,135,46,0,0,181,Y
8112,MECKLENBURG,11/7/23,135,10,C,CHARLOTTE-MECKLENBURG SCHOOLS BOARD OF EDUCATION AT-LARGE,Bill Fountain, ,3,38,11,0,0,49,Y
8113,MECKLENBURG,11/7/23,135,10,C,CHARLOTTE-MECKLENBURG SCHOOLS BOARD OF EDUCATION AT-LARGE,Brian Kasher, ,3,34,6,0,0,40,Y
8114,MECKLENBURG,11/7/23,135,10,C,CHARLOTTE-MECKLENBURG SCHOOLS BOARD OF EDUCATION AT-LARGE,Claire Covington, ,3,59,27,0,0,86,Y
8115,MECKLENBURG,11/7/23,135,10,C,CHARLOTTE-MECKLENBURG SCHOOLS BOARD OF EDUCATION AT-LARGE,Clara Kennedy Witherspoon, ,3,59,32,0,0,91,Y
8116,MECKLENBURG,11/7/23,135,10,C,CHARLOTTE-MECKLENBURG SCHOOLS BOARD OF EDUCATION AT-LARGE,Juanrique Pallamente Hall, ,3,65,22,0,0,87,Y
8117,MECKLENBURG,11/7/23,135,10,C,CHARLOTTE-MECKLENBURG SCHOOLS BOARD OF EDUCATION AT-LARGE,Lenora Shipp, ,3,242,159,0,0,401,Y
8118,MECKLENBURG,11/7/23,135,10,C,CHARLOTTE-MECKLENBURG SCHOOLS BOARD OF EDUCATION AT-LARGE,Liz Monterrey, ,3,148,45,0,0,193,Y
8119,MECKLENBURG,11/7/23,135,10,C,CHARLOTTE-MECKLENBURG SCHOOLS BOARD OF EDUCATION AT-LARGE,Michael Johnson, ,3,71,42,0,0,113,Y
8120,MECKLENBURG,11/7/23,135,10,C,CHARLOTTE-MECKLENBURG SCHOOLS BOARD OF EDUCATION AT-LARGE,Monty Witherspoon, ,3,178,128,0,0,306,Y
8121,MECKLENBURG,11/7/23,135,10,C,CHARLOTTE-MECKLENBURG SCHOOLS BOARD OF EDUCATION AT-LARGE,Omar Harris, ,3,105,42,0,0,147,Y
8122,MECKLENBURG,11/7/23,135,10,C,CHARLOTTE-MECKLENBURG SCHOOLS BOARD OF EDUCATION AT-LARGE,Peggy A. Capehart, ,3,27,8,0,0,35,Y
8124,MECKLENBURG,11/7/23,135,10,C,CHARLOTTE-MECKLENBURG SCHOOLS BOARD OF EDUCATION AT-LARGE,Shamaiye Haynes, ,3,221,139,0,0,360,Y
8126,MECKLENBURG,11/7/23,135,10,C,CHARLOTTE-MECKLENBURG SCHOOLS BOARD OF EDUCATION AT-LARGE,Tigress Sydney Acute McDaniel, ,3,59,35,0,0,94,Y
8130,MECKLENBURG,11/7/23,136,10,C,CHARLOTTE-MECKLENBURG SCHOOLS BOARD OF EDUCATION AT-LARGE,Annette Albright, ,3,81,52,0,0,133,Y
8131,MECKLENBURG,11/7/23,136,10,C,CHARLOTTE-MECKLENBURG SCHOOLS BOARD OF EDUCATION AT-LARGE,Bill Fountain, ,3,74,69,0,0,143,Y
8132,MECKLENBURG,11/7/23,136,10,C,CHARLOTTE-MECKLENBURG SCHOOLS BOARD OF EDUCATION AT-LARGE,Brian Kasher, ,3,33,39,0,0,72,Y
8133,MECKLENBURG,11/7/23,136,10,C,CHARLOTTE-MECKLENBURG SCHOOLS BOARD OF EDUCATION AT-LARGE,Claire Covington, ,3,82,53,0,0,135,Y
8134,MECKLENBURG,11/7/23,136,10,C,CHARLOTTE-MECKLENBURG SCHOOLS BOARD OF EDUCATION AT-LARGE,Clara Kennedy Witherspoon, ,3,36,22,0,0,58,Y
8135,MECKLENBURG,11/7/23,136,10,C,CHARLOTTE-MECKLENBURG SCHOOLS BOARD OF EDUCATION AT-LARGE,Juanrique Pallamente Hall, ,3,12,5,0,0,17,Y
8136,MECKLENBURG,11/7/23,136,10,C,CHARLOTTE-MECKLENBURG SCHOOLS BOARD OF EDUCATION AT-LARGE,Lenora Shipp, ,3,80,72,0,0,152,Y
8137,MECKLENBURG,11/7/23,136,10,C,CHARLOTTE-MECKLENBURG SCHOOLS BOARD OF EDUCATION AT-LARGE,Liz Monterrey, ,3,82,79,0,0,161,Y
8138,MECKLENBURG,11/7/23,136,10,C,CHARLOTTE-MECKLENBURG SCHOOLS BOARD OF EDUCATION AT-LARGE,Michael Johnson, ,3,66,39,0,0,105,Y
8139,MECKLENBURG,11/7/23,136,10,C,CHARLOTTE-MECKLENBURG SCHOOLS BOARD OF EDUCATION AT-LARGE,Monty Witherspoon, ,3,64,59,0,0,123,Y
8140,MECKLENBURG,11/7/23,136,10,C,CHARLOTTE-MECKLENBURG SCHOOLS BOARD OF EDUCATION AT-LARGE,Omar Harris, ,3,20,7,0,0,27,Y
8141,MECKLENBURG,11/7/23,136,10,C,CHARLOTTE-MECKLENBURG SCHOOLS BOARD OF EDUCATION AT-LARGE,Peggy A. Capehart, ,3,20,18,0,0,38,Y
8143,MECKLENBURG,11/7/23,136,10,C,CHARLOTTE-MECKLENBURG SCHOOLS BOARD OF EDUCATION AT-LARGE,Shamaiye Haynes, ,3,53,41,0,0,94,Y
8145,MECKLENBURG,11/7/23,136,10,C,CHARLOTTE-MECKLENBURG SCHOOLS BOARD OF EDUCATION AT-LARGE,Tigress Sydney Acute McDaniel, ,3,11,6,0,0,17,Y
8670,MECKLENBURG,11/7/23,1,10,C,CHARLOTTE-MECKLENBURG SCHOOLS BOARD OF EDUCATION AT-LARGE,Tigress Sydney Acute McDaniel, ,3,7,6,0,0,13,Y
8706,MECKLENBURG,11/7/23,2,10,C,CHARLOTTE-MECKLENBURG SCHOOLS BOARD OF EDUCATION AT-LARGE,Annette Albright, ,3,77,12,0,0,89,Y
8707,MECKLENBURG,11/7/23,2,10,C,CHARLOTTE-MECKLENBURG SCHOOLS BOARD OF EDUCATION AT-LARGE,Bill Fountain, ,3,65,12,0,0,77,Y
8708,MECKLENBURG,11/7/23,2,10,C,CHARLOTTE-MECKLENBURG SCHOOLS BOARD OF EDUCATION AT-LARGE,Brian Kasher, ,3,46,10,0,0,56,Y
8709,MECKLENBURG,11/7/23,2,10,C,CHARLOTTE-MECKLENBURG SCHOOLS BOARD OF EDUCATION AT-LARGE,Claire Covington, ,3,94,11,0,0,105,Y
8710,MECKLENBURG,11/7/23,2,10,C,CHARLOTTE-MECKLENBURG SCHOOLS BOARD OF EDUCATION AT-LARGE,Clara Kennedy Witherspoon, ,3,72,17,0,0,89,Y
8711,MECKLENBURG,11/7/23,2,10,C,CHARLOTTE-MECKLENBURG SCHOOLS BOARD OF EDUCATION AT-LARGE,Juanrique Pallamente Hall, ,3,26,8,0,0,34,Y
8712,MECKLENBURG,11/7/23,2,10,C,CHARLOTTE-MECKLENBURG SCHOOLS BOARD OF EDUCATION AT-LARGE,Lenora Shipp, ,3,178,62,0,0,240,Y
8713,MECKLENBURG,11/7/23,2,10,C,CHARLOTTE-MECKLENBURG SCHOOLS BOARD OF EDUCATION AT-LARGE,Liz Monterrey, ,3,184,60,0,0,244,Y
8714,MECKLENBURG,11/7/23,2,10,C,CHARLOTTE-MECKLENBURG SCHOOLS BOARD OF EDUCATION AT-LARGE,Michael Johnson, ,3,61,11,0,0,72,Y
8715,MECKLENBURG,11/7/23,2,10,C,CHARLOTTE-MECKLENBURG SCHOOLS BOARD OF EDUCATION AT-LARGE,Monty Witherspoon, ,3,159,45,0,0,204,Y
8716,MECKLENBURG,11/7/23,2,10,C,CHARLOTTE-MECKLENBURG SCHOOLS BOARD OF EDUCATION AT-LARGE,Omar Harris, ,3,29,10,0,0,39,Y
8717,MECKLENBURG,11/7/23,2,10,C,CHARLOTTE-MECKLENBURG SCHOOLS BOARD OF EDUCATION AT-LARGE,Peggy A. Capehart, ,3,28,5,0,0,33,Y
8719,MECKLENBURG,11/7/23,2,10,C,CHARLOTTE-MECKLENBURG SCHOOLS BOARD OF EDUCATION AT-LARGE,Shamaiye Haynes, ,3,152,50,0,0,202,Y
8721,MECKLENBURG,11/7/23,2,10,C,CHARLOTTE-MECKLENBURG SCHOOLS BOARD OF EDUCATION AT-LARGE,Tigress Sydney Acute McDaniel, ,3,31,6,0,0,37,Y
8757,MECKLENBURG,11/7/23,3,10,C,CHARLOTTE-MECKLENBURG SCHOOLS BOARD OF EDUCATION AT-LARGE,Annette Albright, ,3,44,26,0,0,70,Y
8758,MECKLENBURG,11/7/23,3,10,C,CHARLOTTE-MECKLENBURG SCHOOLS BOARD OF EDUCATION AT-LARGE,Bill Fountain, ,3,17,5,0,0,22,Y
8759,MECKLENBURG,11/7/23,3,10,C,CHARLOTTE-MECKLENBURG SCHOOLS BOARD OF EDUCATION AT-LARGE,Brian Kasher, ,3,13,1,0,0,14,Y
8760,MECKLENBURG,11/7/23,3,10,C,CHARLOTTE-MECKLENBURG SCHOOLS BOARD OF EDUCATION AT-LARGE,Claire Covington, ,3,30,10,0,0,40,Y
8761,MECKLENBURG,11/7/23,3,10,C,CHARLOTTE-MECKLENBURG SCHOOLS BOARD OF EDUCATION AT-LARGE,Clara Kennedy Witherspoon, ,3,31,20,0,0,51,Y
8762,MECKLENBURG,11/7/23,3,10,C,CHARLOTTE-MECKLENBURG SCHOOLS BOARD OF EDUCATION AT-LARGE,Juanrique Pallamente Hall, ,3,15,7,0,0,22,Y
8763,MECKLENBURG,11/7/23,3,10,C,CHARLOTTE-MECKLENBURG SCHOOLS BOARD OF EDUCATION AT-LARGE,Lenora Shipp, ,3,60,47,0,0,107,Y
8764,MECKLENBURG,11/7/23,3,10,C,CHARLOTTE-MECKLENBURG SCHOOLS BOARD OF EDUCATION AT-LARGE,Liz Monterrey, ,3,29,17,0,0,46,Y
8765,MECKLENBURG,11/7/23,3,10,C,CHARLOTTE-MECKLENBURG SCHOOLS BOARD OF EDUCATION AT-LARGE,Michael Johnson, ,3,34,11,0,0,45,Y
8766,MECKLENBURG,11/7/23,3,10,C,CHARLOTTE-MECKLENBURG SCHOOLS BOARD OF EDUCATION AT-LARGE,Monty Witherspoon, ,3,47,40,0,0,87,Y
8767,MECKLENBURG,11/7/23,3,10,C,CHARLOTTE-MECKLENBURG SCHOOLS BOARD OF EDUCATION AT-LARGE,Omar Harris, ,3,50,8,0,0,58,Y
8768,MECKLENBURG,11/7/23,3,10,C,CHARLOTTE-MECKLENBURG SCHOOLS BOARD OF EDUCATION AT-LARGE,Peggy A. Capehart, ,3,14,3,0,0,17,Y
8770,MECKLENBURG,11/7/23,3,10,C,CHARLOTTE-MECKLENBURG SCHOOLS BOARD OF EDUCATION AT-LARGE,Shamaiye Haynes, ,3,76,38,0,0,114,Y
8772,MECKLENBURG,11/7/23,3,10,C,CHARLOTTE-MECKLENBURG SCHOOLS BOARD OF EDUCATION AT-LARGE,Tigress Sydney Acute McDaniel, ,3,21,8,0,0,29,Y
8806,MECKLENBURG,11/7/23,4,10,C,CHARLOTTE-MECKLENBURG SCHOOLS BOARD OF EDUCATION AT-LARGE,Annette Albright, ,3,69,7,0,0,76,Y
8807,MECKLENBURG,11/7/23,4,10,C,CHARLOTTE-MECKLENBURG SCHOOLS BOARD OF EDUCATION AT-LARGE,Bill Fountain, ,3,32,3,0,0,35,Y
8808,MECKLENBURG,11/7/23,4,10,C,CHARLOTTE-MECKLENBURG SCHOOLS BOARD OF EDUCATION AT-LARGE,Brian Kasher, ,3,21,5,0,0,26,Y
8809,MECKLENBURG,11/7/23,4,10,C,CHARLOTTE-MECKLENBURG SCHOOLS BOARD OF EDUCATION AT-LARGE,Claire Covington, ,3,49,6,0,0,55,Y
8810,MECKLENBURG,11/7/23,4,10,C,CHARLOTTE-MECKLENBURG SCHOOLS BOARD OF EDUCATION AT-LARGE,Clara Kennedy Witherspoon, ,3,34,9,0,0,43,Y
8811,MECKLENBURG,11/7/23,4,10,C,CHARLOTTE-MECKLENBURG SCHOOLS BOARD OF EDUCATION AT-LARGE,Juanrique Pallamente Hall, ,3,17,4,0,0,21,Y
8812,MECKLENBURG,11/7/23,4,10,C,CHARLOTTE-MECKLENBURG SCHOOLS BOARD OF EDUCATION AT-LARGE,Lenora Shipp, ,3,96,38,0,0,134,Y
8813,MECKLENBURG,11/7/23,4,10,C,CHARLOTTE-MECKLENBURG SCHOOLS BOARD OF EDUCATION AT-LARGE,Liz Monterrey, ,3,59,20,0,0,79,Y
8814,MECKLENBURG,11/7/23,4,10,C,CHARLOTTE-MECKLENBURG SCHOOLS BOARD OF EDUCATION AT-LARGE,Michael Johnson, ,3,48,6,0,0,54,Y
8815,MECKLENBURG,11/7/23,4,10,C,CHARLOTTE-MECKLENBURG SCHOOLS BOARD OF EDUCATION AT-LARGE,Monty Witherspoon, ,3,64,35,0,0,99,Y
8816,MECKLENBURG,11/7/23,4,10,C,CHARLOTTE-MECKLENBURG SCHOOLS BOARD OF EDUCATION AT-LARGE,Omar Harris, ,3,54,3,0,0,57,Y
8817,MECKLENBURG,11/7/23,4,10,C,CHARLOTTE-MECKLENBURG SCHOOLS BOARD OF EDUCATION AT-LARGE,Peggy A. Capehart, ,3,20,3,0,0,23,Y
8819,MECKLENBURG,11/7/23,4,10,C,CHARLOTTE-MECKLENBURG SCHOOLS BOARD OF EDUCATION AT-LARGE,Shamaiye Haynes, ,3,102,24,0,0,126,Y
8821,MECKLENBURG,11/7/23,4,10,C,CHARLOTTE-MECKLENBURG SCHOOLS BOARD OF EDUCATION AT-LARGE,Tigress Sydney Acute McDaniel, ,3,19,3,0,0,22,Y
8855,MECKLENBURG,11/7/23,5,10,C,CHARLOTTE-MECKLENBURG SCHOOLS BOARD OF EDUCATION AT-LARGE,Annette Albright, ,3,36,9,0,0,45,Y
8856,MECKLENBURG,11/7/23,5,10,C,CHARLOTTE-MECKLENBURG SCHOOLS BOARD OF EDUCATION AT-LARGE,Bill Fountain, ,3,31,2,0,0,33,Y
8857,MECKLENBURG,11/7/23,5,10,C,CHARLOTTE-MECKLENBURG SCHOOLS BOARD OF EDUCATION AT-LARGE,Brian Kasher, ,3,20,2,0,0,22,Y
8858,MECKLENBURG,11/7/23,5,10,C,CHARLOTTE-MECKLENBURG SCHOOLS BOARD OF EDUCATION AT-LARGE,Claire Covington, ,3,20,7,0,0,27,Y
8859,MECKLENBURG,11/7/23,5,10,C,CHARLOTTE-MECKLENBURG SCHOOLS BOARD OF EDUCATION AT-LARGE,Clara Kennedy Witherspoon, ,3,29,5,0,0,34,Y
8860,MECKLENBURG,11/7/23,5,10,C,CHARLOTTE-MECKLENBURG SCHOOLS BOARD OF EDUCATION AT-LARGE,Juanrique Pallamente Hall, ,3,11,3,0,0,14,Y
8861,MECKLENBURG,11/7/23,5,10,C,CHARLOTTE-MECKLENBURG SCHOOLS BOARD OF EDUCATION AT-LARGE,Lenora Shipp, ,3,68,23,0,0,91,Y
8862,MECKLENBURG,11/7/23,5,10,C,CHARLOTTE-MECKLENBURG SCHOOLS BOARD OF EDUCATION AT-LARGE,Liz Monterrey, ,3,70,15,0,0,85,Y
8863,MECKLENBURG,11/7/23,5,10,C,CHARLOTTE-MECKLENBURG SCHOOLS BOARD OF EDUCATION AT-LARGE,Michael Johnson, ,3,30,7,0,0,37,Y
8864,MECKLENBURG,11/7/23,5,10,C,CHARLOTTE-MECKLENBURG SCHOOLS BOARD OF EDUCATION AT-LARGE,Monty Witherspoon, ,3,54,20,0,0,74,Y
8865,MECKLENBURG,11/7/23,5,10,C,CHARLOTTE-MECKLENBURG SCHOOLS BOARD OF EDUCATION AT-LARGE,Omar Harris, ,3,20,5,0,0,25,Y
8866,MECKLENBURG,11/7/23,5,10,C,CHARLOTTE-MECKLENBURG SCHOOLS BOARD OF EDUCATION AT-LARGE,Peggy A. Capehart, ,3,14,2,0,0,16,Y
8868,MECKLENBURG,11/7/23,5,10,C,CHARLOTTE-MECKLENBURG SCHOOLS BOARD OF EDUCATION AT-LARGE,Shamaiye Haynes, ,3,50,13,0,0,63,Y
8870,MECKLENBURG,11/7/23,5,10,C,CHARLOTTE-MECKLENBURG SCHOOLS BOARD OF EDUCATION AT-LARGE,Tigress Sydney Acute McDaniel, ,3,13,4,0,0,17,Y
8904,MECKLENBURG,11/7/23,6,10,C,CHARLOTTE-MECKLENBURG SCHOOLS BOARD OF EDUCATION AT-LARGE,Annette Albright, ,3,40,7,0,0,47,Y
8905,MECKLENBURG,11/7/23,6,10,C,CHARLOTTE-MECKLENBURG SCHOOLS BOARD OF EDUCATION AT-LARGE,Bill Fountain, ,3,33,7,0,0,40,Y
8906,MECKLENBURG,11/7/23,6,10,C,CHARLOTTE-MECKLENBURG SCHOOLS BOARD OF EDUCATION AT-LARGE,Brian Kasher, ,3,15,2,0,0,17,Y
8907,MECKLENBURG,11/7/23,6,10,C,CHARLOTTE-MECKLENBURG SCHOOLS BOARD OF EDUCATION AT-LARGE,Claire Covington, ,3,34,10,0,0,44,Y
8908,MECKLENBURG,11/7/23,6,10,C,CHARLOTTE-MECKLENBURG SCHOOLS BOARD OF EDUCATION AT-LARGE,Clara Kennedy Witherspoon, ,3,19,11,0,0,30,Y
8909,MECKLENBURG,11/7/23,6,10,C,CHARLOTTE-MECKLENBURG SCHOOLS BOARD OF EDUCATION AT-LARGE,Juanrique Pallamente Hall, ,3,22,7,0,0,29,Y
8910,MECKLENBURG,11/7/23,6,10,C,CHARLOTTE-MECKLENBURG SCHOOLS BOARD OF EDUCATION AT-LARGE,Lenora Shipp, ,3,69,29,0,0,98,Y
8911,MECKLENBURG,11/7/23,6,10,C,CHARLOTTE-MECKLENBURG SCHOOLS BOARD OF EDUCATION AT-LARGE,Liz Monterrey, ,3,41,25,0,0,66,Y
8912,MECKLENBURG,11/7/23,6,10,C,CHARLOTTE-MECKLENBURG SCHOOLS BOARD OF EDUCATION AT-LARGE,Michael Johnson, ,3,28,10,0,0,38,Y
8913,MECKLENBURG,11/7/23,6,10,C,CHARLOTTE-MECKLENBURG SCHOOLS BOARD OF EDUCATION AT-LARGE,Monty Witherspoon, ,3,40,33,0,0,73,Y
8914,MECKLENBURG,11/7/23,6,10,C,CHARLOTTE-MECKLENBURG SCHOOLS BOARD OF EDUCATION AT-LARGE,Omar Harris, ,3,42,4,0,0,46,Y
8915,MECKLENBURG,11/7/23,6,10,C,CHARLOTTE-MECKLENBURG SCHOOLS BOARD OF EDUCATION AT-LARGE,Peggy A. Capehart, ,3,22,2,0,0,24,Y
8917,MECKLENBURG,11/7/23,6,10,C,CHARLOTTE-MECKLENBURG SCHOOLS BOARD OF EDUCATION AT-LARGE,Shamaiye Haynes, ,3,62,24,0,0,86,Y
8919,MECKLENBURG,11/7/23,6,10,C,CHARLOTTE-MECKLENBURG SCHOOLS BOARD OF EDUCATION AT-LARGE,Tigress Sydney Acute McDaniel, ,3,17,2,0,0,19,Y
8953,MECKLENBURG,11/7/23,7,10,C,CHARLOTTE-MECKLENBURG SCHOOLS BOARD OF EDUCATION AT-LARGE,Annette Albright, ,3,36,18,0,0,54,Y
8954,MECKLENBURG,11/7/23,7,10,C,CHARLOTTE-MECKLENBURG SCHOOLS BOARD OF EDUCATION AT-LARGE,Bill Fountain, ,3,32,16,0,0,48,Y
8955,MECKLENBURG,11/7/23,7,10,C,CHARLOTTE-MECKLENBURG SCHOOLS BOARD OF EDUCATION AT-LARGE,Brian Kasher, ,3,22,6,0,0,28,Y
8956,MECKLENBURG,11/7/23,7,10,C,CHARLOTTE-MECKLENBURG SCHOOLS BOARD OF EDUCATION AT-LARGE,Claire Covington, ,3,34,15,0,0,49,Y
8957,MECKLENBURG,11/7/23,7,10,C,CHARLOTTE-MECKLENBURG SCHOOLS BOARD OF EDUCATION AT-LARGE,Clara Kennedy Witherspoon, ,3,17,14,0,0,31,Y
8958,MECKLENBURG,11/7/23,7,10,C,CHARLOTTE-MECKLENBURG SCHOOLS BOARD OF EDUCATION AT-LARGE,Juanrique Pallamente Hall, ,3,13,4,0,0,17,Y
8959,MECKLENBURG,11/7/23,7,10,C,CHARLOTTE-MECKLENBURG SCHOOLS BOARD OF EDUCATION AT-LARGE,Lenora Shipp, ,3,138,36,0,0,174,Y
8960,MECKLENBURG,11/7/23,7,10,C,CHARLOTTE-MECKLENBURG SCHOOLS BOARD OF EDUCATION AT-LARGE,Liz Monterrey, ,3,156,39,0,0,195,Y
8961,MECKLENBURG,11/7/23,7,10,C,CHARLOTTE-MECKLENBURG SCHOOLS BOARD OF EDUCATION AT-LARGE,Michael Johnson, ,3,35,19,0,0,54,Y
8962,MECKLENBURG,11/7/23,7,10,C,CHARLOTTE-MECKLENBURG SCHOOLS BOARD OF EDUCATION AT-LARGE,Monty Witherspoon, ,3,118,37,0,0,155,Y
8963,MECKLENBURG,11/7/23,7,10,C,CHARLOTTE-MECKLENBURG SCHOOLS BOARD OF EDUCATION AT-LARGE,Omar Harris, ,3,11,9,0,0,20,Y
8964,MECKLENBURG,11/7/23,7,10,C,CHARLOTTE-MECKLENBURG SCHOOLS BOARD OF EDUCATION AT-LARGE,Peggy A. Capehart, ,3,9,6,0,0,15,Y
8966,MECKLENBURG,11/7/23,7,10,C,CHARLOTTE-MECKLENBURG SCHOOLS BOARD OF EDUCATION AT-LARGE,Shamaiye Haynes, ,3,45,29,0,0,74,Y
8968,MECKLENBURG,11/7/23,7,10,C,CHARLOTTE-MECKLENBURG SCHOOLS BOARD OF EDUCATION AT-LARGE,Tigress Sydney Acute McDaniel, ,3,8,4,0,0,12,Y
9003,MECKLENBURG,11/7/23,8,10,C,CHARLOTTE-MECKLENBURG SCHOOLS BOARD OF EDUCATION AT-LARGE,Annette Albright, ,3,111,22,0,0,133,Y
9004,MECKLENBURG,11/7/23,8,10,C,CHARLOTTE-MECKLENBURG SCHOOLS BOARD OF EDUCATION AT-LARGE,Bill Fountain, ,3,199,69,0,0,268,Y
9005,MECKLENBURG,11/7/23,8,10,C,CHARLOTTE-MECKLENBURG SCHOOLS BOARD OF EDUCATION AT-LARGE,Brian Kasher, ,3,49,16,0,0,65,Y
9006,MECKLENBURG,11/7/23,8,10,C,CHARLOTTE-MECKLENBURG SCHOOLS BOARD OF EDUCATION AT-LARGE,Claire Covington, ,3,158,41,0,0,199,Y
9007,MECKLENBURG,11/7/23,8,10,C,CHARLOTTE-MECKLENBURG SCHOOLS BOARD OF EDUCATION AT-LARGE,Clara Kennedy Witherspoon, ,3,50,17,0,0,67,Y
9008,MECKLENBURG,11/7/23,8,10,C,CHARLOTTE-MECKLENBURG SCHOOLS BOARD OF EDUCATION AT-LARGE,Juanrique Pallamente Hall, ,3,8,9,0,0,17,Y
9009,MECKLENBURG,11/7/23,8,10,C,CHARLOTTE-MECKLENBURG SCHOOLS BOARD OF EDUCATION AT-LARGE,Lenora Shipp, ,3,125,56,0,0,181,Y
9010,MECKLENBURG,11/7/23,8,10,C,CHARLOTTE-MECKLENBURG SCHOOLS BOARD OF EDUCATION AT-LARGE,Liz Monterrey, ,3,214,75,0,0,289,Y
9011,MECKLENBURG,11/7/23,8,10,C,CHARLOTTE-MECKLENBURG SCHOOLS BOARD OF EDUCATION AT-LARGE,Michael Johnson, ,3,99,15,0,0,114,Y
9012,MECKLENBURG,11/7/23,8,10,C,CHARLOTTE-MECKLENBURG SCHOOLS BOARD OF EDUCATION AT-LARGE,Monty Witherspoon, ,3,158,51,0,0,209,Y
9013,MECKLENBURG,11/7/23,8,10,C,CHARLOTTE-MECKLENBURG SCHOOLS BOARD OF EDUCATION AT-LARGE,Omar Harris, ,3,14,6,0,0,20,Y
9014,MECKLENBURG,11/7/23,8,10,C,CHARLOTTE-MECKLENBURG SCHOOLS BOARD OF EDUCATION AT-LARGE,Peggy A. Capehart, ,3,22,13,0,0,35,Y
9016,MECKLENBURG,11/7/23,8,10,C,CHARLOTTE-MECKLENBURG SCHOOLS BOARD OF EDUCATION AT-LARGE,Shamaiye Haynes, ,3,107,35,0,0,142,Y
9018,MECKLENBURG,11/7/23,8,10,C,CHARLOTTE-MECKLENBURG SCHOOLS BOARD OF EDUCATION AT-LARGE,Tigress Sydney Acute McDaniel, ,3,5,2,0,0,7,Y
9054,MECKLENBURG,11/7/23,9,10,C,CHARLOTTE-MECKLENBURG SCHOOLS BOARD OF EDUCATION AT-LARGE,Annette Albright, ,3,92,18,0,0,110,Y
9055,MECKLENBURG,11/7/23,9,10,C,CHARLOTTE-MECKLENBURG SCHOOLS BOARD OF EDUCATION AT-LARGE,Bill Fountain, ,3,83,19,0,0,102,Y
9056,MECKLENBURG,11/7/23,9,10,C,CHARLOTTE-MECKLENBURG SCHOOLS BOARD OF EDUCATION AT-LARGE,Brian Kasher, ,3,50,17,0,0,67,Y
9057,MECKLENBURG,11/7/23,9,10,C,CHARLOTTE-MECKLENBURG SCHOOLS BOARD OF EDUCATION AT-LARGE,Claire Covington, ,3,92,15,0,0,107,Y
9058,MECKLENBURG,11/7/23,9,10,C,CHARLOTTE-MECKLENBURG SCHOOLS BOARD OF EDUCATION AT-LARGE,Clara Kennedy Witherspoon, ,3,74,14,0,0,88,Y
9059,MECKLENBURG,11/7/23,9,10,C,CHARLOTTE-MECKLENBURG SCHOOLS BOARD OF EDUCATION AT-LARGE,Juanrique Pallamente Hall, ,3,26,9,0,0,35,Y
9060,MECKLENBURG,11/7/23,9,10,C,CHARLOTTE-MECKLENBURG SCHOOLS BOARD OF EDUCATION AT-LARGE,Lenora Shipp, ,3,222,98,0,0,320,Y
9061,MECKLENBURG,11/7/23,9,10,C,CHARLOTTE-MECKLENBURG SCHOOLS BOARD OF EDUCATION AT-LARGE,Liz Monterrey, ,3,283,112,0,0,395,Y
9062,MECKLENBURG,11/7/23,9,10,C,CHARLOTTE-MECKLENBURG SCHOOLS BOARD OF EDUCATION AT-LARGE,Michael Johnson, ,3,63,17,0,0,80,Y
9063,MECKLENBURG,11/7/23,9,10,C,CHARLOTTE-MECKLENBURG SCHOOLS BOARD OF EDUCATION AT-LARGE,Monty Witherspoon, ,3,216,96,0,0,312,Y
9064,MECKLENBURG,11/7/23,9,10,C,CHARLOTTE-MECKLENBURG SCHOOLS BOARD OF EDUCATION AT-LARGE,Omar Harris, ,3,29,9,0,0,38,Y
9065,MECKLENBURG,11/7/23,9,10,C,CHARLOTTE-MECKLENBURG SCHOOLS BOARD OF EDUCATION AT-LARGE,Peggy A. Capehart, ,3,27,10,0,0,37,Y
9067,MECKLENBURG,11/7/23,9,10,C,CHARLOTTE-MECKLENBURG SCHOOLS BOARD OF EDUCATION AT-LARGE,Shamaiye Haynes, ,3,171,60,0,0,231,Y
9069,MECKLENBURG,11/7/23,9,10,C,CHARLOTTE-MECKLENBURG SCHOOLS BOARD OF EDUCATION AT-LARGE,Tigress Sydney Acute McDaniel, ,3,34,8,0,0,42,Y
9105,MECKLENBURG,11/7/23,10,10,C,CHARLOTTE-MECKLENBURG SCHOOLS BOARD OF EDUCATION AT-LARGE,Annette Albright, ,3,66,18,0,0,84,Y
9106,MECKLENBURG,11/7/23,10,10,C,CHARLOTTE-MECKLENBURG SCHOOLS BOARD OF EDUCATION AT-LARGE,Bill Fountain, ,3,101,16,0,0,117,Y
9107,MECKLENBURG,11/7/23,10,10,C,CHARLOTTE-MECKLENBURG SCHOOLS BOARD OF EDUCATION AT-LARGE,Brian Kasher, ,3,67,6,0,0,73,Y
9108,MECKLENBURG,11/7/23,10,10,C,CHARLOTTE-MECKLENBURG SCHOOLS BOARD OF EDUCATION AT-LARGE,Claire Covington, ,3,108,21,0,0,129,Y
9109,MECKLENBURG,11/7/23,10,10,C,CHARLOTTE-MECKLENBURG SCHOOLS BOARD OF EDUCATION AT-LARGE,Clara Kennedy Witherspoon, ,3,58,14,0,0,72,Y
9110,MECKLENBURG,11/7/23,10,10,C,CHARLOTTE-MECKLENBURG SCHOOLS BOARD OF EDUCATION AT-LARGE,Juanrique Pallamente Hall, ,3,21,5,0,0,26,Y
9111,MECKLENBURG,11/7/23,10,10,C,CHARLOTTE-MECKLENBURG SCHOOLS BOARD OF EDUCATION AT-LARGE,Lenora Shipp, ,3,192,71,0,0,263,Y
9112,MECKLENBURG,11/7/23,10,10,C,CHARLOTTE-MECKLENBURG SCHOOLS BOARD OF EDUCATION AT-LARGE,Liz Monterrey, ,3,217,75,0,0,292,Y
9113,MECKLENBURG,11/7/23,10,10,C,CHARLOTTE-MECKLENBURG SCHOOLS BOARD OF EDUCATION AT-LARGE,Michael Johnson, ,3,65,9,0,0,74,Y
9146,MECKLENBURG,11/7/23,73,10,C,CHARLOTTE-MECKLENBURG SCHOOLS BOARD OF EDUCATION AT-LARGE,Annette Albright, ,3,93,16,0,0,109,Y
9147,MECKLENBURG,11/7/23,73,10,C,CHARLOTTE-MECKLENBURG SCHOOLS BOARD OF EDUCATION AT-LARGE,Bill Fountain, ,3,91,33,0,0,124,Y
9148,MECKLENBURG,11/7/23,73,10,C,CHARLOTTE-MECKLENBURG SCHOOLS BOARD OF EDUCATION AT-LARGE,Brian Kasher, ,3,47,16,0,0,63,Y
9149,MECKLENBURG,11/7/23,73,10,C,CHARLOTTE-MECKLENBURG SCHOOLS BOARD OF EDUCATION AT-LARGE,Claire Covington, ,3,79,28,0,0,107,Y
9150,MECKLENBURG,11/7/23,73,10,C,CHARLOTTE-MECKLENBURG SCHOOLS BOARD OF EDUCATION AT-LARGE,Clara Kennedy Witherspoon, ,3,49,14,0,0,63,Y
9151,MECKLENBURG,11/7/23,73,10,C,CHARLOTTE-MECKLENBURG SCHOOLS BOARD OF EDUCATION AT-LARGE,Juanrique Pallamente Hall, ,3,14,4,0,0,18,Y
9152,MECKLENBURG,11/7/23,73,10,C,CHARLOTTE-MECKLENBURG SCHOOLS BOARD OF EDUCATION AT-LARGE,Lenora Shipp, ,3,100,54,0,0,154,Y
9153,MECKLENBURG,11/7/23,73,10,C,CHARLOTTE-MECKLENBURG SCHOOLS BOARD OF EDUCATION AT-LARGE,Liz Monterrey, ,3,106,44,0,0,150,Y
9154,MECKLENBURG,11/7/23,73,10,C,CHARLOTTE-MECKLENBURG SCHOOLS BOARD OF EDUCATION AT-LARGE,Michael Johnson, ,3,82,19,0,0,101,Y
9155,MECKLENBURG,11/7/23,73,10,C,CHARLOTTE-MECKLENBURG SCHOOLS BOARD OF EDUCATION AT-LARGE,Monty Witherspoon, ,3,75,38,0,0,113,Y
9156,MECKLENBURG,11/7/23,73,10,C,CHARLOTTE-MECKLENBURG SCHOOLS BOARD OF EDUCATION AT-LARGE,Omar Harris, ,3,32,8,0,0,40,Y
9157,MECKLENBURG,11/7/23,73,10,C,CHARLOTTE-MECKLENBURG SCHOOLS BOARD OF EDUCATION AT-LARGE,Peggy A. Capehart, ,3,19,8,0,0,27,Y
9159,MECKLENBURG,11/7/23,73,10,C,CHARLOTTE-MECKLENBURG SCHOOLS BOARD OF EDUCATION AT-LARGE,Shamaiye Haynes, ,3,55,23,0,0,78,Y
9161,MECKLENBURG,11/7/23,73,10,C,CHARLOTTE-MECKLENBURG SCHOOLS BOARD OF EDUCATION AT-LARGE,Tigress Sydney Acute McDaniel, ,3,19,3,0,0,22,Y
9196,MECKLENBURG,11/7/23,74,10,C,CHARLOTTE-MECKLENBURG SCHOOLS BOARD OF EDUCATION AT-LARGE,Annette Albright, ,3,98,55,0,0,153,Y
9197,MECKLENBURG,11/7/23,74,10,C,CHARLOTTE-MECKLENBURG SCHOOLS BOARD OF EDUCATION AT-LARGE,Bill Fountain, ,3,129,89,0,0,218,Y
9198,MECKLENBURG,11/7/23,74,10,C,CHARLOTTE-MECKLENBURG SCHOOLS BOARD OF EDUCATION AT-LARGE,Brian Kasher, ,3,45,35,0,0,80,Y
9199,MECKLENBURG,11/7/23,74,10,C,CHARLOTTE-MECKLENBURG SCHOOLS BOARD OF EDUCATION AT-LARGE,Claire Covington, ,3,158,83,0,0,241,Y
9200,MECKLENBURG,11/7/23,74,10,C,CHARLOTTE-MECKLENBURG SCHOOLS BOARD OF EDUCATION AT-LARGE,Clara Kennedy Witherspoon, ,3,52,28,0,0,80,Y
9201,MECKLENBURG,11/7/23,74,10,C,CHARLOTTE-MECKLENBURG SCHOOLS BOARD OF EDUCATION AT-LARGE,Juanrique Pallamente Hall, ,3,22,9,0,0,31,Y
9202,MECKLENBURG,11/7/23,74,10,C,CHARLOTTE-MECKLENBURG SCHOOLS BOARD OF EDUCATION AT-LARGE,Lenora Shipp, ,3,100,110,0,0,210,Y
9203,MECKLENBURG,11/7/23,74,10,C,CHARLOTTE-MECKLENBURG SCHOOLS BOARD OF EDUCATION AT-LARGE,Liz Monterrey, ,3,145,124,0,0,269,Y
9204,MECKLENBURG,11/7/23,74,10,C,CHARLOTTE-MECKLENBURG SCHOOLS BOARD OF EDUCATION AT-LARGE,Michael Johnson, ,3,91,36,0,0,127,Y
9205,MECKLENBURG,11/7/23,74,10,C,CHARLOTTE-MECKLENBURG SCHOOLS BOARD OF EDUCATION AT-LARGE,Monty Witherspoon, ,3,99,101,0,0,200,Y
9206,MECKLENBURG,11/7/23,74,10,C,CHARLOTTE-MECKLENBURG SCHOOLS BOARD OF EDUCATION AT-LARGE,Omar Harris, ,3,17,8,0,0,25,Y
9207,MECKLENBURG,11/7/23,74,10,C,CHARLOTTE-MECKLENBURG SCHOOLS BOARD OF EDUCATION AT-LARGE,Peggy A. Capehart, ,3,23,10,0,0,33,Y
9209,MECKLENBURG,11/7/23,74,10,C,CHARLOTTE-MECKLENBURG SCHOOLS BOARD OF EDUCATION AT-LARGE,Shamaiye Haynes, ,3,87,60,0,0,147,Y
9211,MECKLENBURG,11/7/23,74,10,C,CHARLOTTE-MECKLENBURG SCHOOLS BOARD OF EDUCATION AT-LARGE,Tigress Sydney Acute McDaniel, ,3,15,9,0,0,24,Y
9246,MECKLENBURG,11/7/23,75,10,C,CHARLOTTE-MECKLENBURG SCHOOLS BOARD OF EDUCATION AT-LARGE,Annette Albright, ,3,141,54,0,0,195,Y
9247,MECKLENBURG,11/7/23,75,10,C,CHARLOTTE-MECKLENBURG SCHOOLS BOARD OF EDUCATION AT-LARGE,Bill Fountain, ,3,186,94,0,0,280,Y
9248,MECKLENBURG,11/7/23,75,10,C,CHARLOTTE-MECKLENBURG SCHOOLS BOARD OF EDUCATION AT-LARGE,Brian Kasher, ,3,73,42,0,0,115,Y
9249,MECKLENBURG,11/7/23,75,10,C,CHARLOTTE-MECKLENBURG SCHOOLS BOARD OF EDUCATION AT-LARGE,Claire Covington, ,3,216,76,0,0,292,Y
9250,MECKLENBURG,11/7/23,75,10,C,CHARLOTTE-MECKLENBURG SCHOOLS BOARD OF EDUCATION AT-LARGE,Clara Kennedy Witherspoon, ,3,69,43,0,0,112,Y
9251,MECKLENBURG,11/7/23,75,10,C,CHARLOTTE-MECKLENBURG SCHOOLS BOARD OF EDUCATION AT-LARGE,Juanrique Pallamente Hall, ,3,18,16,0,0,34,Y
9252,MECKLENBURG,11/7/23,75,10,C,CHARLOTTE-MECKLENBURG SCHOOLS BOARD OF EDUCATION AT-LARGE,Lenora Shipp, ,3,156,137,0,0,293,Y
9253,MECKLENBURG,11/7/23,75,10,C,CHARLOTTE-MECKLENBURG SCHOOLS BOARD OF EDUCATION AT-LARGE,Liz Monterrey, ,3,217,164,0,0,381,Y
9254,MECKLENBURG,11/7/23,75,10,C,CHARLOTTE-MECKLENBURG SCHOOLS BOARD OF EDUCATION AT-LARGE,Michael Johnson, ,3,122,45,0,0,167,Y
9255,MECKLENBURG,11/7/23,75,10,C,CHARLOTTE-MECKLENBURG SCHOOLS BOARD OF EDUCATION AT-LARGE,Monty Witherspoon, ,3,151,133,0,0,284,Y
9256,MECKLENBURG,11/7/23,75,10,C,CHARLOTTE-MECKLENBURG SCHOOLS BOARD OF EDUCATION AT-LARGE,Omar Harris, ,3,25,17,0,0,42,Y
9257,MECKLENBURG,11/7/23,75,10,C,CHARLOTTE-MECKLENBURG SCHOOLS BOARD OF EDUCATION AT-LARGE,Peggy A. Capehart, ,3,65,22,0,0,87,Y
9259,MECKLENBURG,11/7/23,75,10,C,CHARLOTTE-MECKLENBURG SCHOOLS BOARD OF EDUCATION AT-LARGE,Shamaiye Haynes, ,3,102,94,0,0,196,Y
9261,MECKLENBURG,11/7/23,75,10,C,CHARLOTTE-MECKLENBURG SCHOOLS BOARD OF EDUCATION AT-LARGE,Tigress Sydney Acute McDaniel, ,3,20,15,0,0,35,Y
9296,MECKLENBURG,11/7/23,76,10,C,CHARLOTTE-MECKLENBURG SCHOOLS BOARD OF EDUCATION AT-LARGE,Annette Albright, ,3,116,52,0,0,168,Y
9297,MECKLENBURG,11/7/23,76,10,C,CHARLOTTE-MECKLENBURG SCHOOLS BOARD OF EDUCATION AT-LARGE,Bill Fountain, ,3,171,99,0,0,270,Y
9298,MECKLENBURG,11/7/23,76,10,C,CHARLOTTE-MECKLENBURG SCHOOLS BOARD OF EDUCATION AT-LARGE,Brian Kasher, ,3,71,31,0,0,102,Y
9299,MECKLENBURG,11/7/23,76,10,C,CHARLOTTE-MECKLENBURG SCHOOLS BOARD OF EDUCATION AT-LARGE,Claire Covington, ,3,138,69,0,0,207,Y
9300,MECKLENBURG,11/7/23,76,10,C,CHARLOTTE-MECKLENBURG SCHOOLS BOARD OF EDUCATION AT-LARGE,Clara Kennedy Witherspoon, ,3,63,45,0,0,108,Y
9301,MECKLENBURG,11/7/23,76,10,C,CHARLOTTE-MECKLENBURG SCHOOLS BOARD OF EDUCATION AT-LARGE,Juanrique Pallamente Hall, ,3,35,8,0,0,43,Y
9302,MECKLENBURG,11/7/23,76,10,C,CHARLOTTE-MECKLENBURG SCHOOLS BOARD OF EDUCATION AT-LARGE,Lenora Shipp, ,3,158,111,0,0,269,Y
9303,MECKLENBURG,11/7/23,76,10,C,CHARLOTTE-MECKLENBURG SCHOOLS BOARD OF EDUCATION AT-LARGE,Liz Monterrey, ,3,209,132,0,0,341,Y
9304,MECKLENBURG,11/7/23,76,10,C,CHARLOTTE-MECKLENBURG SCHOOLS BOARD OF EDUCATION AT-LARGE,Michael Johnson, ,3,94,47,0,0,141,Y
9305,MECKLENBURG,11/7/23,76,10,C,CHARLOTTE-MECKLENBURG SCHOOLS BOARD OF EDUCATION AT-LARGE,Monty Witherspoon, ,3,131,103,0,0,234,Y
9306,MECKLENBURG,11/7/23,76,10,C,CHARLOTTE-MECKLENBURG SCHOOLS BOARD OF EDUCATION AT-LARGE,Omar Harris, ,3,46,22,0,0,68,Y
9307,MECKLENBURG,11/7/23,76,10,C,CHARLOTTE-MECKLENBURG SCHOOLS BOARD OF EDUCATION AT-LARGE,Peggy A. Capehart, ,3,47,18,0,0,65,Y
9309,MECKLENBURG,11/7/23,76,10,C,CHARLOTTE-MECKLENBURG SCHOOLS BOARD OF EDUCATION AT-LARGE,Shamaiye Haynes, ,3,104,43,0,0,147,Y
9311,MECKLENBURG,11/7/23,76,10,C,CHARLOTTE-MECKLENBURG SCHOOLS BOARD OF EDUCATION AT-LARGE,Tigress Sydney Acute McDaniel, ,3,23,14,0,0,37,Y
9346,MECKLENBURG,11/7/23,77,10,C,CHARLOTTE-MECKLENBURG SCHOOLS BOARD OF EDUCATION AT-LARGE,Annette Albright, ,3,58,31,0,0,89,Y
9347,MECKLENBURG,11/7/23,77,10,C,CHARLOTTE-MECKLENBURG SCHOOLS BOARD OF EDUCATION AT-LARGE,Bill Fountain, ,3,38,5,0,0,43,Y
9348,MECKLENBURG,11/7/23,77,10,C,CHARLOTTE-MECKLENBURG SCHOOLS BOARD OF EDUCATION AT-LARGE,Brian Kasher, ,3,7,8,0,0,15,Y
9349,MECKLENBURG,11/7/23,77,10,C,CHARLOTTE-MECKLENBURG SCHOOLS BOARD OF EDUCATION AT-LARGE,Claire Covington, ,3,24,19,0,0,43,Y
9350,MECKLENBURG,11/7/23,77,10,C,CHARLOTTE-MECKLENBURG SCHOOLS BOARD OF EDUCATION AT-LARGE,Clara Kennedy Witherspoon, ,3,27,11,0,0,38,Y
9351,MECKLENBURG,11/7/23,77,10,C,CHARLOTTE-MECKLENBURG SCHOOLS BOARD OF EDUCATION AT-LARGE,Juanrique Pallamente Hall, ,3,18,10,0,0,28,Y
9352,MECKLENBURG,11/7/23,77,10,C,CHARLOTTE-MECKLENBURG SCHOOLS BOARD OF EDUCATION AT-LARGE,Lenora Shipp, ,3,76,90,0,0,166,Y
9353,MECKLENBURG,11/7/23,77,10,C,CHARLOTTE-MECKLENBURG SCHOOLS BOARD OF EDUCATION AT-LARGE,Liz Monterrey, ,3,19,27,0,0,46,Y
9354,MECKLENBURG,11/7/23,77,10,C,CHARLOTTE-MECKLENBURG SCHOOLS BOARD OF EDUCATION AT-LARGE,Michael Johnson, ,3,33,17,0,0,50,Y
9355,MECKLENBURG,11/7/23,77,10,C,CHARLOTTE-MECKLENBURG SCHOOLS BOARD OF EDUCATION AT-LARGE,Monty Witherspoon, ,3,63,70,0,0,133,Y
9356,MECKLENBURG,11/7/23,77,10,C,CHARLOTTE-MECKLENBURG SCHOOLS BOARD OF EDUCATION AT-LARGE,Omar Harris, ,3,45,19,0,0,64,Y
9357,MECKLENBURG,11/7/23,77,10,C,CHARLOTTE-MECKLENBURG SCHOOLS BOARD OF EDUCATION AT-LARGE,Peggy A. Capehart, ,3,10,7,0,0,17,Y
9359,MECKLENBURG,11/7/23,77,10,C,CHARLOTTE-MECKLENBURG SCHOOLS BOARD OF EDUCATION AT-LARGE,Shamaiye Haynes, ,3,76,62,0,0,138,Y
9361,MECKLENBURG,11/7/23,77,10,C,CHARLOTTE-MECKLENBURG SCHOOLS BOARD OF EDUCATION AT-LARGE,Tigress Sydney Acute McDaniel, ,3,18,18,0,0,36,Y
9396,MECKLENBURG,11/7/23,78.1,10,C,CHARLOTTE-MECKLENBURG SCHOOLS BOARD OF EDUCATION AT-LARGE,Annette Albright, ,3,55,23,0,0,78,Y
9397,MECKLENBURG,11/7/23,78.1,10,C,CHARLOTTE-MECKLENBURG SCHOOLS BOARD OF EDUCATION AT-LARGE,Bill Fountain, ,3,28,11,0,0,39,Y
9398,MECKLENBURG,11/7/23,78.1,10,C,CHARLOTTE-MECKLENBURG SCHOOLS BOARD OF EDUCATION AT-LARGE,Brian Kasher, ,3,13,8,0,0,21,Y
9399,MECKLENBURG,11/7/23,78.1,10,C,CHARLOTTE-MECKLENBURG SCHOOLS BOARD OF EDUCATION AT-LARGE,Claire Covington, ,3,45,12,0,0,57,Y
9400,MECKLENBURG,11/7/23,78.1,10,C,CHARLOTTE-MECKLENBURG SCHOOLS BOARD OF EDUCATION AT-LARGE,Clara Kennedy Witherspoon, ,3,27,11,0,0,38,Y
9401,MECKLENBURG,11/7/23,78.1,10,C,CHARLOTTE-MECKLENBURG SCHOOLS BOARD OF EDUCATION AT-LARGE,Juanrique Pallamente Hall, ,3,25,3,0,0,28,Y
9402,MECKLENBURG,11/7/23,78.1,10,C,CHARLOTTE-MECKLENBURG SCHOOLS BOARD OF EDUCATION AT-LARGE,Lenora Shipp, ,3,85,53,0,0,138,Y
9403,MECKLENBURG,11/7/23,78.1,10,C,CHARLOTTE-MECKLENBURG SCHOOLS BOARD OF EDUCATION AT-LARGE,Liz Monterrey, ,3,44,22,0,0,66,Y
9404,MECKLENBURG,11/7/23,78.1,10,C,CHARLOTTE-MECKLENBURG SCHOOLS BOARD OF EDUCATION AT-LARGE,Michael Johnson, ,3,53,16,0,0,69,Y
9405,MECKLENBURG,11/7/23,78.1,10,C,CHARLOTTE-MECKLENBURG SCHOOLS BOARD OF EDUCATION AT-LARGE,Monty Witherspoon, ,3,60,44,0,0,104,Y
9406,MECKLENBURG,11/7/23,78.1,10,C,CHARLOTTE-MECKLENBURG SCHOOLS BOARD OF EDUCATION AT-LARGE,Omar Harris, ,3,37,20,0,0,57,Y
9407,MECKLENBURG,11/7/23,78.1,10,C,CHARLOTTE-MECKLENBURG SCHOOLS BOARD OF EDUCATION AT-LARGE,Peggy A. Capehart, ,3,17,2,0,0,19,Y
9409,MECKLENBURG,11/7/23,78.1,10,C,CHARLOTTE-MECKLENBURG SCHOOLS BOARD OF EDUCATION AT-LARGE,Shamaiye Haynes, ,3,75,25,0,0,100,Y
9411,MECKLENBURG,11/7/23,78.1,10,C,CHARLOTTE-MECKLENBURG SCHOOLS BOARD OF EDUCATION AT-LARGE,Tigress Sydney Acute McDaniel, ,3,32,9,0,0,41,Y
9446,MECKLENBURG,11/7/23,79,10,C,CHARLOTTE-MECKLENBURG SCHOOLS BOARD OF EDUCATION AT-LARGE,Annette Albright, ,3,85,7,0,0,92,Y
9447,MECKLENBURG,11/7/23,79,10,C,CHARLOTTE-MECKLENBURG SCHOOLS BOARD OF EDUCATION AT-LARGE,Bill Fountain, ,3,40,13,0,0,53,Y
9448,MECKLENBURG,11/7/23,79,10,C,CHARLOTTE-MECKLENBURG SCHOOLS BOARD OF EDUCATION AT-LARGE,Brian Kasher, ,3,28,1,0,0,29,Y
9449,MECKLENBURG,11/7/23,79,10,C,CHARLOTTE-MECKLENBURG SCHOOLS BOARD OF EDUCATION AT-LARGE,Claire Covington, ,3,58,8,0,0,66,Y
9450,MECKLENBURG,11/7/23,79,10,C,CHARLOTTE-MECKLENBURG SCHOOLS BOARD OF EDUCATION AT-LARGE,Clara Kennedy Witherspoon, ,3,32,19,0,0,51,Y
9451,MECKLENBURG,11/7/23,79,10,C,CHARLOTTE-MECKLENBURG SCHOOLS BOARD OF EDUCATION AT-LARGE,Juanrique Pallamente Hall, ,3,24,5,0,0,29,Y
9452,MECKLENBURG,11/7/23,79,10,C,CHARLOTTE-MECKLENBURG SCHOOLS BOARD OF EDUCATION AT-LARGE,Lenora Shipp, ,3,73,44,0,0,117,Y
9453,MECKLENBURG,11/7/23,79,10,C,CHARLOTTE-MECKLENBURG SCHOOLS BOARD OF EDUCATION AT-LARGE,Liz Monterrey, ,3,40,13,0,0,53,Y
9454,MECKLENBURG,11/7/23,79,10,C,CHARLOTTE-MECKLENBURG SCHOOLS BOARD OF EDUCATION AT-LARGE,Michael Johnson, ,3,62,12,0,0,74,Y
9455,MECKLENBURG,11/7/23,79,10,C,CHARLOTTE-MECKLENBURG SCHOOLS BOARD OF EDUCATION AT-LARGE,Monty Witherspoon, ,3,49,33,0,0,82,Y
9456,MECKLENBURG,11/7/23,79,10,C,CHARLOTTE-MECKLENBURG SCHOOLS BOARD OF EDUCATION AT-LARGE,Omar Harris, ,3,46,20,0,0,66,Y
9457,MECKLENBURG,11/7/23,79,10,C,CHARLOTTE-MECKLENBURG SCHOOLS BOARD OF EDUCATION AT-LARGE,Peggy A. Capehart, ,3,30,1,0,0,31,Y
9459,MECKLENBURG,11/7/23,79,10,C,CHARLOTTE-MECKLENBURG SCHOOLS BOARD OF EDUCATION AT-LARGE,Shamaiye Haynes, ,3,94,24,0,0,118,Y
9461,MECKLENBURG,11/7/23,79,10,C,CHARLOTTE-MECKLENBURG SCHOOLS BOARD OF EDUCATION AT-LARGE,Tigress Sydney Acute McDaniel, ,3,22,5,0,0,27,Y
9496,MECKLENBURG,11/7/23,80,10,C,CHARLOTTE-MECKLENBURG SCHOOLS BOARD OF EDUCATION AT-LARGE,Annette Albright, ,3,73,20,0,0,93,Y
9497,MECKLENBURG,11/7/23,80,10,C,CHARLOTTE-MECKLENBURG SCHOOLS BOARD OF EDUCATION AT-LARGE,Bill Fountain, ,3,48,4,0,0,52,Y
9498,MECKLENBURG,11/7/23,80,10,C,CHARLOTTE-MECKLENBURG SCHOOLS BOARD OF EDUCATION AT-LARGE,Brian Kasher, ,3,35,3,0,0,38,Y
9499,MECKLENBURG,11/7/23,80,10,C,CHARLOTTE-MECKLENBURG SCHOOLS BOARD OF EDUCATION AT-LARGE,Claire Covington, ,3,46,10,0,0,56,Y
9500,MECKLENBURG,11/7/23,80,10,C,CHARLOTTE-MECKLENBURG SCHOOLS BOARD OF EDUCATION AT-LARGE,Clara Kennedy Witherspoon, ,3,37,17,0,0,54,Y
9501,MECKLENBURG,11/7/23,80,10,C,CHARLOTTE-MECKLENBURG SCHOOLS BOARD OF EDUCATION AT-LARGE,Juanrique Pallamente Hall, ,3,21,7,0,0,28,Y
9502,MECKLENBURG,11/7/23,80,10,C,CHARLOTTE-MECKLENBURG SCHOOLS BOARD OF EDUCATION AT-LARGE,Lenora Shipp, ,3,131,60,0,0,191,Y
9503,MECKLENBURG,11/7/23,80,10,C,CHARLOTTE-MECKLENBURG SCHOOLS BOARD OF EDUCATION AT-LARGE,Liz Monterrey, ,3,60,13,0,0,73,Y
9504,MECKLENBURG,11/7/23,80,10,C,CHARLOTTE-MECKLENBURG SCHOOLS BOARD OF EDUCATION AT-LARGE,Michael Johnson, ,3,81,12,0,0,93,Y
9505,MECKLENBURG,11/7/23,80,10,C,CHARLOTTE-MECKLENBURG SCHOOLS BOARD OF EDUCATION AT-LARGE,Monty Witherspoon, ,3,98,45,0,0,143,Y
9506,MECKLENBURG,11/7/23,80,10,C,CHARLOTTE-MECKLENBURG SCHOOLS BOARD OF EDUCATION AT-LARGE,Omar Harris, ,3,79,20,0,0,99,Y
9507,MECKLENBURG,11/7/23,80,10,C,CHARLOTTE-MECKLENBURG SCHOOLS BOARD OF EDUCATION AT-LARGE,Peggy A. Capehart, ,3,29,2,0,0,31,Y
9509,MECKLENBURG,11/7/23,80,10,C,CHARLOTTE-MECKLENBURG SCHOOLS BOARD OF EDUCATION AT-LARGE,Shamaiye Haynes, ,3,107,50,0,0,157,Y
9511,MECKLENBURG,11/7/23,80,10,C,CHARLOTTE-MECKLENBURG SCHOOLS BOARD OF EDUCATION AT-LARGE,Tigress Sydney Acute McDaniel, ,3,33,6,0,0,39,Y
9545,MECKLENBURG,11/7/23,81,10,C,CHARLOTTE-MECKLENBURG SCHOOLS BOARD OF EDUCATION AT-LARGE,Annette Albright, ,3,93,41,0,0,134,Y
9546,MECKLENBURG,11/7/23,81,10,C,CHARLOTTE-MECKLENBURG SCHOOLS BOARD OF EDUCATION AT-LARGE,Bill Fountain, ,3,30,12,0,0,42,Y
9547,MECKLENBURG,11/7/23,81,10,C,CHARLOTTE-MECKLENBURG SCHOOLS BOARD OF EDUCATION AT-LARGE,Brian Kasher, ,3,16,13,0,0,29,Y
9548,MECKLENBURG,11/7/23,81,10,C,CHARLOTTE-MECKLENBURG SCHOOLS BOARD OF EDUCATION AT-LARGE,Claire Covington, ,3,54,12,0,0,66,Y
9549,MECKLENBURG,11/7/23,81,10,C,CHARLOTTE-MECKLENBURG SCHOOLS BOARD OF EDUCATION AT-LARGE,Clara Kennedy Witherspoon, ,3,50,29,0,0,79,Y
9550,MECKLENBURG,11/7/23,81,10,C,CHARLOTTE-MECKLENBURG SCHOOLS BOARD OF EDUCATION AT-LARGE,Juanrique Pallamente Hall, ,3,27,15,0,0,42,Y
9551,MECKLENBURG,11/7/23,81,10,C,CHARLOTTE-MECKLENBURG SCHOOLS BOARD OF EDUCATION AT-LARGE,Lenora Shipp, ,3,179,115,0,0,294,Y
9552,MECKLENBURG,11/7/23,81,10,C,CHARLOTTE-MECKLENBURG SCHOOLS BOARD OF EDUCATION AT-LARGE,Liz Monterrey, ,3,36,33,0,0,69,Y
9553,MECKLENBURG,11/7/23,81,10,C,CHARLOTTE-MECKLENBURG SCHOOLS BOARD OF EDUCATION AT-LARGE,Michael Johnson, ,3,70,29,0,0,99,Y
9554,MECKLENBURG,11/7/23,81,10,C,CHARLOTTE-MECKLENBURG SCHOOLS BOARD OF EDUCATION AT-LARGE,Monty Witherspoon, ,3,114,84,0,0,198,Y
9555,MECKLENBURG,11/7/23,81,10,C,CHARLOTTE-MECKLENBURG SCHOOLS BOARD OF EDUCATION AT-LARGE,Omar Harris, ,3,73,28,0,0,101,Y
9556,MECKLENBURG,11/7/23,81,10,C,CHARLOTTE-MECKLENBURG SCHOOLS BOARD OF EDUCATION AT-LARGE,Peggy A. Capehart, ,3,27,13,0,0,40,Y
9558,MECKLENBURG,11/7/23,81,10,C,CHARLOTTE-MECKLENBURG SCHOOLS BOARD OF EDUCATION AT-LARGE,Shamaiye Haynes, ,3,167,100,0,0,267,Y
9582,MECKLENBURG,11/7/23,146,10,C,CHARLOTTE-MECKLENBURG SCHOOLS BOARD OF EDUCATION AT-LARGE,Annette Albright, ,3,102,38,0,0,140,Y
9583,MECKLENBURG,11/7/23,146,10,C,CHARLOTTE-MECKLENBURG SCHOOLS BOARD OF EDUCATION AT-LARGE,Bill Fountain, ,3,31,19,0,0,50,Y
9584,MECKLENBURG,11/7/23,146,10,C,CHARLOTTE-MECKLENBURG SCHOOLS BOARD OF EDUCATION AT-LARGE,Brian Kasher, ,3,23,6,0,0,29,Y
9585,MECKLENBURG,11/7/23,146,10,C,CHARLOTTE-MECKLENBURG SCHOOLS BOARD OF EDUCATION AT-LARGE,Claire Covington, ,3,49,23,0,0,72,Y
9586,MECKLENBURG,11/7/23,146,10,C,CHARLOTTE-MECKLENBURG SCHOOLS BOARD OF EDUCATION AT-LARGE,Clara Kennedy Witherspoon, ,3,45,43,0,0,88,Y
9587,MECKLENBURG,11/7/23,146,10,C,CHARLOTTE-MECKLENBURG SCHOOLS BOARD OF EDUCATION AT-LARGE,Juanrique Pallamente Hall, ,3,49,16,0,0,65,Y
9588,MECKLENBURG,11/7/23,146,10,C,CHARLOTTE-MECKLENBURG SCHOOLS BOARD OF EDUCATION AT-LARGE,Lenora Shipp, ,3,109,124,0,0,233,Y
9589,MECKLENBURG,11/7/23,146,10,C,CHARLOTTE-MECKLENBURG SCHOOLS BOARD OF EDUCATION AT-LARGE,Liz Monterrey, ,3,27,32,0,0,59,Y
9590,MECKLENBURG,11/7/23,146,10,C,CHARLOTTE-MECKLENBURG SCHOOLS BOARD OF EDUCATION AT-LARGE,Michael Johnson, ,3,81,24,0,0,105,Y
9591,MECKLENBURG,11/7/23,146,10,C,CHARLOTTE-MECKLENBURG SCHOOLS BOARD OF EDUCATION AT-LARGE,Monty Witherspoon, ,3,82,90,0,0,172,Y
9592,MECKLENBURG,11/7/23,146,10,C,CHARLOTTE-MECKLENBURG SCHOOLS BOARD OF EDUCATION AT-LARGE,Omar Harris, ,3,89,36,0,0,125,Y
9593,MECKLENBURG,11/7/23,146,10,C,CHARLOTTE-MECKLENBURG SCHOOLS BOARD OF EDUCATION AT-LARGE,Peggy A. Capehart, ,3,20,12,0,0,32,Y
9595,MECKLENBURG,11/7/23,146,10,C,CHARLOTTE-MECKLENBURG SCHOOLS BOARD OF EDUCATION AT-LARGE,Shamaiye Haynes, ,3,160,98,0,0,258,Y
9597,MECKLENBURG,11/7/23,146,10,C,CHARLOTTE-MECKLENBURG SCHOOLS BOARD OF EDUCATION AT-LARGE,Tigress Sydney Acute McDaniel, ,3,40,14,0,0,54,Y
9632,MECKLENBURG,11/7/23,147,10,C,CHARLOTTE-MECKLENBURG SCHOOLS BOARD OF EDUCATION AT-LARGE,Annette Albright, ,3,65,30,0,0,95,Y
9633,MECKLENBURG,11/7/23,147,10,C,CHARLOTTE-MECKLENBURG SCHOOLS BOARD OF EDUCATION AT-LARGE,Bill Fountain, ,3,42,16,0,0,58,Y
9634,MECKLENBURG,11/7/23,147,10,C,CHARLOTTE-MECKLENBURG SCHOOLS BOARD OF EDUCATION AT-LARGE,Brian Kasher, ,3,18,7,0,0,25,Y
9635,MECKLENBURG,11/7/23,147,10,C,CHARLOTTE-MECKLENBURG SCHOOLS BOARD OF EDUCATION AT-LARGE,Claire Covington, ,3,31,23,0,0,54,Y
9636,MECKLENBURG,11/7/23,147,10,C,CHARLOTTE-MECKLENBURG SCHOOLS BOARD OF EDUCATION AT-LARGE,Clara Kennedy Witherspoon, ,3,39,19,0,0,58,Y
9637,MECKLENBURG,11/7/23,147,10,C,CHARLOTTE-MECKLENBURG SCHOOLS BOARD OF EDUCATION AT-LARGE,Juanrique Pallamente Hall, ,3,18,12,0,0,30,Y
9638,MECKLENBURG,11/7/23,147,10,C,CHARLOTTE-MECKLENBURG SCHOOLS BOARD OF EDUCATION AT-LARGE,Lenora Shipp, ,3,99,98,0,0,197,Y
9639,MECKLENBURG,11/7/23,147,10,C,CHARLOTTE-MECKLENBURG SCHOOLS BOARD OF EDUCATION AT-LARGE,Liz Monterrey, ,3,38,46,0,0,84,Y
9640,MECKLENBURG,11/7/23,147,10,C,CHARLOTTE-MECKLENBURG SCHOOLS BOARD OF EDUCATION AT-LARGE,Michael Johnson, ,3,60,36,0,0,96,Y
9641,MECKLENBURG,11/7/23,147,10,C,CHARLOTTE-MECKLENBURG SCHOOLS BOARD OF EDUCATION AT-LARGE,Monty Witherspoon, ,3,96,93,0,0,189,Y
9642,MECKLENBURG,11/7/23,147,10,C,CHARLOTTE-MECKLENBURG SCHOOLS BOARD OF EDUCATION AT-LARGE,Omar Harris, ,3,46,25,0,0,71,Y
9643,MECKLENBURG,11/7/23,147,10,C,CHARLOTTE-MECKLENBURG SCHOOLS BOARD OF EDUCATION AT-LARGE,Peggy A. Capehart, ,3,14,15,0,0,29,Y
9645,MECKLENBURG,11/7/23,147,10,C,CHARLOTTE-MECKLENBURG SCHOOLS BOARD OF EDUCATION AT-LARGE,Shamaiye Haynes, ,3,87,65,0,0,152,Y
9647,MECKLENBURG,11/7/23,147,10,C,CHARLOTTE-MECKLENBURG SCHOOLS BOARD OF EDUCATION AT-LARGE,Tigress Sydney Acute McDaniel, ,3,25,8,0,0,33,Y
9682,MECKLENBURG,11/7/23,148,10,C,CHARLOTTE-MECKLENBURG SCHOOLS BOARD OF EDUCATION AT-LARGE,Annette Albright, ,3,217,72,0,0,289,Y
9683,MECKLENBURG,11/7/23,148,10,C,CHARLOTTE-MECKLENBURG SCHOOLS BOARD OF EDUCATION AT-LARGE,Bill Fountain, ,3,190,95,0,0,285,Y
9684,MECKLENBURG,11/7/23,148,10,C,CHARLOTTE-MECKLENBURG SCHOOLS BOARD OF EDUCATION AT-LARGE,Brian Kasher, ,3,98,60,0,0,158,Y
9685,MECKLENBURG,11/7/23,148,10,C,CHARLOTTE-MECKLENBURG SCHOOLS BOARD OF EDUCATION AT-LARGE,Claire Covington, ,3,187,84,0,0,271,Y
9686,MECKLENBURG,11/7/23,148,10,C,CHARLOTTE-MECKLENBURG SCHOOLS BOARD OF EDUCATION AT-LARGE,Clara Kennedy Witherspoon, ,3,89,65,0,0,154,Y
9687,MECKLENBURG,11/7/23,148,10,C,CHARLOTTE-MECKLENBURG SCHOOLS BOARD OF EDUCATION AT-LARGE,Juanrique Pallamente Hall, ,3,44,38,0,0,82,Y
9688,MECKLENBURG,11/7/23,148,10,C,CHARLOTTE-MECKLENBURG SCHOOLS BOARD OF EDUCATION AT-LARGE,Lenora Shipp, ,3,266,222,0,0,488,Y
9689,MECKLENBURG,11/7/23,148,10,C,CHARLOTTE-MECKLENBURG SCHOOLS BOARD OF EDUCATION AT-LARGE,Liz Monterrey, ,3,270,194,0,0,464,Y
9690,MECKLENBURG,11/7/23,148,10,C,CHARLOTTE-MECKLENBURG SCHOOLS BOARD OF EDUCATION AT-LARGE,Michael Johnson, ,3,187,70,0,0,257,Y
9691,MECKLENBURG,11/7/23,148,10,C,CHARLOTTE-MECKLENBURG SCHOOLS BOARD OF EDUCATION AT-LARGE,Monty Witherspoon, ,3,264,182,0,0,446,Y
9692,MECKLENBURG,11/7/23,148,10,C,CHARLOTTE-MECKLENBURG SCHOOLS BOARD OF EDUCATION AT-LARGE,Omar Harris, ,3,62,53,0,0,115,Y
9693,MECKLENBURG,11/7/23,148,10,C,CHARLOTTE-MECKLENBURG SCHOOLS BOARD OF EDUCATION AT-LARGE,Peggy A. Capehart, ,3,44,32,0,0,76,Y
9695,MECKLENBURG,11/7/23,148,10,C,CHARLOTTE-MECKLENBURG SCHOOLS BOARD OF EDUCATION AT-LARGE,Shamaiye Haynes, ,3,176,138,0,0,314,Y
9697,MECKLENBURG,11/7/23,148,10,C,CHARLOTTE-MECKLENBURG SCHOOLS BOARD OF EDUCATION AT-LARGE,Tigress Sydney Acute McDaniel, ,3,50,34,0,0,84,Y
9731,MECKLENBURG,11/7/23,149,10,C,CHARLOTTE-MECKLENBURG SCHOOLS BOARD OF EDUCATION AT-LARGE,Annette Albright, ,3,86,57,0,0,143,Y
9732,MECKLENBURG,11/7/23,149,10,C,CHARLOTTE-MECKLENBURG SCHOOLS BOARD OF EDUCATION AT-LARGE,Bill Fountain, ,3,31,29,0,0,60,Y
9733,MECKLENBURG,11/7/23,149,10,C,CHARLOTTE-MECKLENBURG SCHOOLS BOARD OF EDUCATION AT-LARGE,Brian Kasher, ,3,21,13,0,0,34,Y
9734,MECKLENBURG,11/7/23,149,10,C,CHARLOTTE-MECKLENBURG SCHOOLS BOARD OF EDUCATION AT-LARGE,Claire Covington, ,3,36,41,0,0,77,Y
9735,MECKLENBURG,11/7/23,149,10,C,CHARLOTTE-MECKLENBURG SCHOOLS BOARD OF EDUCATION AT-LARGE,Clara Kennedy Witherspoon, ,3,41,51,0,0,92,Y
9736,MECKLENBURG,11/7/23,149,10,C,CHARLOTTE-MECKLENBURG SCHOOLS BOARD OF EDUCATION AT-LARGE,Juanrique Pallamente Hall, ,3,26,12,0,0,38,Y
9737,MECKLENBURG,11/7/23,149,10,C,CHARLOTTE-MECKLENBURG SCHOOLS BOARD OF EDUCATION AT-LARGE,Lenora Shipp, ,3,283,169,0,0,452,Y
9738,MECKLENBURG,11/7/23,149,10,C,CHARLOTTE-MECKLENBURG SCHOOLS BOARD OF EDUCATION AT-LARGE,Liz Monterrey, ,3,185,78,0,0,263,Y
9739,MECKLENBURG,11/7/23,149,10,C,CHARLOTTE-MECKLENBURG SCHOOLS BOARD OF EDUCATION AT-LARGE,Michael Johnson, ,3,76,35,0,0,111,Y
9740,MECKLENBURG,11/7/23,149,10,C,CHARLOTTE-MECKLENBURG SCHOOLS BOARD OF EDUCATION AT-LARGE,Monty Witherspoon, ,3,241,152,0,0,393,Y
9741,MECKLENBURG,11/7/23,149,10,C,CHARLOTTE-MECKLENBURG SCHOOLS BOARD OF EDUCATION AT-LARGE,Omar Harris, ,3,60,44,0,0,104,Y
9742,MECKLENBURG,11/7/23,149,10,C,CHARLOTTE-MECKLENBURG SCHOOLS BOARD OF EDUCATION AT-LARGE,Peggy A. Capehart, ,3,12,13,0,0,25,Y
9744,MECKLENBURG,11/7/23,149,10,C,CHARLOTTE-MECKLENBURG SCHOOLS BOARD OF EDUCATION AT-LARGE,Shamaiye Haynes, ,3,111,139,0,0,250,Y
9746,MECKLENBURG,11/7/23,149,10,C,CHARLOTTE-MECKLENBURG SCHOOLS BOARD OF EDUCATION AT-LARGE,Tigress Sydney Acute McDaniel, ,3,24,18,0,0,42,Y
9780,MECKLENBURG,11/7/23,150,10,C,CHARLOTTE-MECKLENBURG SCHOOLS BOARD OF EDUCATION AT-LARGE,Annette Albright, ,3,122,19,0,0,141,Y
9781,MECKLENBURG,11/7/23,150,10,C,CHARLOTTE-MECKLENBURG SCHOOLS BOARD OF EDUCATION AT-LARGE,Bill Fountain, ,3,62,12,0,0,74,Y
9782,MECKLENBURG,11/7/23,150,10,C,CHARLOTTE-MECKLENBURG SCHOOLS BOARD OF EDUCATION AT-LARGE,Brian Kasher, ,3,31,11,0,0,42,Y
9783,MECKLENBURG,11/7/23,150,10,C,CHARLOTTE-MECKLENBURG SCHOOLS BOARD OF EDUCATION AT-LARGE,Claire Covington, ,3,56,14,0,0,70,Y
9784,MECKLENBURG,11/7/23,150,10,C,CHARLOTTE-MECKLENBURG SCHOOLS BOARD OF EDUCATION AT-LARGE,Clara Kennedy Witherspoon, ,3,56,7,0,0,63,Y
9785,MECKLENBURG,11/7/23,150,10,C,CHARLOTTE-MECKLENBURG SCHOOLS BOARD OF EDUCATION AT-LARGE,Juanrique Pallamente Hall, ,3,40,7,0,0,47,Y
9786,MECKLENBURG,11/7/23,150,10,C,CHARLOTTE-MECKLENBURG SCHOOLS BOARD OF EDUCATION AT-LARGE,Lenora Shipp, ,3,118,61,0,0,179,Y
9787,MECKLENBURG,11/7/23,150,10,C,CHARLOTTE-MECKLENBURG SCHOOLS BOARD OF EDUCATION AT-LARGE,Liz Monterrey, ,3,56,27,0,0,83,Y
9788,MECKLENBURG,11/7/23,150,10,C,CHARLOTTE-MECKLENBURG SCHOOLS BOARD OF EDUCATION AT-LARGE,Michael Johnson, ,3,82,20,0,0,102,Y
9789,MECKLENBURG,11/7/23,150,10,C,CHARLOTTE-MECKLENBURG SCHOOLS BOARD OF EDUCATION AT-LARGE,Monty Witherspoon, ,3,99,48,0,0,147,Y
9790,MECKLENBURG,11/7/23,150,10,C,CHARLOTTE-MECKLENBURG SCHOOLS BOARD OF EDUCATION AT-LARGE,Omar Harris, ,3,83,13,0,0,96,Y
9791,MECKLENBURG,11/7/23,150,10,C,CHARLOTTE-MECKLENBURG SCHOOLS BOARD OF EDUCATION AT-LARGE,Peggy A. Capehart, ,3,32,4,0,0,36,Y
9793,MECKLENBURG,11/7/23,150,10,C,CHARLOTTE-MECKLENBURG SCHOOLS BOARD OF EDUCATION AT-LARGE,Shamaiye Haynes, ,3,112,43,0,0,155,Y
9795,MECKLENBURG,11/7/23,150,10,C,CHARLOTTE-MECKLENBURG SCHOOLS BOARD OF EDUCATION AT-LARGE,Tigress Sydney Acute McDaniel, ,3,36,4,0,0,40,Y
9829,MECKLENBURG,11/7/23,151,10,C,CHARLOTTE-MECKLENBURG SCHOOLS BOARD OF EDUCATION AT-LARGE,Annette Albright, ,3,100,43,0,0,143,Y
9830,MECKLENBURG,11/7/23,151,10,C,CHARLOTTE-MECKLENBURG SCHOOLS BOARD OF EDUCATION AT-LARGE,Bill Fountain, ,3,64,17,0,0,81,Y
9831,MECKLENBURG,11/7/23,151,10,C,CHARLOTTE-MECKLENBURG SCHOOLS BOARD OF EDUCATION AT-LARGE,Brian Kasher, ,3,29,13,0,0,42,Y
9832,MECKLENBURG,11/7/23,151,10,C,CHARLOTTE-MECKLENBURG SCHOOLS BOARD OF EDUCATION AT-LARGE,Claire Covington, ,3,63,25,0,0,88,Y
9833,MECKLENBURG,11/7/23,151,10,C,CHARLOTTE-MECKLENBURG SCHOOLS BOARD OF EDUCATION AT-LARGE,Clara Kennedy Witherspoon, ,3,68,24,0,0,92,Y
9834,MECKLENBURG,11/7/23,151,10,C,CHARLOTTE-MECKLENBURG SCHOOLS BOARD OF EDUCATION AT-LARGE,Juanrique Pallamente Hall, ,3,46,17,0,0,63,Y
9835,MECKLENBURG,11/7/23,151,10,C,CHARLOTTE-MECKLENBURG SCHOOLS BOARD OF EDUCATION AT-LARGE,Lenora Shipp, ,3,200,156,0,0,356,Y
9836,MECKLENBURG,11/7/23,151,10,C,CHARLOTTE-MECKLENBURG SCHOOLS BOARD OF EDUCATION AT-LARGE,Liz Monterrey, ,3,100,59,0,0,159,Y
9837,MECKLENBURG,11/7/23,151,10,C,CHARLOTTE-MECKLENBURG SCHOOLS BOARD OF EDUCATION AT-LARGE,Michael Johnson, ,3,92,30,0,0,122,Y
9838,MECKLENBURG,11/7/23,151,10,C,CHARLOTTE-MECKLENBURG SCHOOLS BOARD OF EDUCATION AT-LARGE,Monty Witherspoon, ,3,164,132,0,0,296,Y
9839,MECKLENBURG,11/7/23,151,10,C,CHARLOTTE-MECKLENBURG SCHOOLS BOARD OF EDUCATION AT-LARGE,Omar Harris, ,3,85,37,0,0,122,Y
9840,MECKLENBURG,11/7/23,151,10,C,CHARLOTTE-MECKLENBURG SCHOOLS BOARD OF EDUCATION AT-LARGE,Peggy A. Capehart, ,3,27,12,0,0,39,Y
9842,MECKLENBURG,11/7/23,151,10,C,CHARLOTTE-MECKLENBURG SCHOOLS BOARD OF EDUCATION AT-LARGE,Shamaiye Haynes, ,3,247,135,0,0,382,Y
9844,MECKLENBURG,11/7/23,151,10,C,CHARLOTTE-MECKLENBURG SCHOOLS BOARD OF EDUCATION AT-LARGE,Tigress Sydney Acute McDaniel, ,3,43,20,0,0,63,Y
9879,MECKLENBURG,11/7/23,200,10,C,CHARLOTTE-MECKLENBURG SCHOOLS BOARD OF EDUCATION AT-LARGE,Annette Albright, ,3,62,16,0,0,78,Y
9880,MECKLENBURG,11/7/23,200,10,C,CHARLOTTE-MECKLENBURG SCHOOLS BOARD OF EDUCATION AT-LARGE,Bill Fountain, ,3,46,14,0,0,60,Y
9881,MECKLENBURG,11/7/23,200,10,C,CHARLOTTE-MECKLENBURG SCHOOLS BOARD OF EDUCATION AT-LARGE,Brian Kasher, ,3,27,4,0,0,31,Y
9882,MECKLENBURG,11/7/23,200,10,C,CHARLOTTE-MECKLENBURG SCHOOLS BOARD OF EDUCATION AT-LARGE,Claire Covington, ,3,35,10,0,0,45,Y
9883,MECKLENBURG,11/7/23,200,10,C,CHARLOTTE-MECKLENBURG SCHOOLS BOARD OF EDUCATION AT-LARGE,Clara Kennedy Witherspoon, ,3,21,16,0,0,37,Y
9884,MECKLENBURG,11/7/23,200,10,C,CHARLOTTE-MECKLENBURG SCHOOLS BOARD OF EDUCATION AT-LARGE,Juanrique Pallamente Hall, ,3,13,2,0,0,15,Y
9885,MECKLENBURG,11/7/23,200,10,C,CHARLOTTE-MECKLENBURG SCHOOLS BOARD OF EDUCATION AT-LARGE,Lenora Shipp, ,3,59,23,0,0,82,Y
9886,MECKLENBURG,11/7/23,200,10,C,CHARLOTTE-MECKLENBURG SCHOOLS BOARD OF EDUCATION AT-LARGE,Liz Monterrey, ,3,41,18,0,0,59,Y
9887,MECKLENBURG,11/7/23,200,10,C,CHARLOTTE-MECKLENBURG SCHOOLS BOARD OF EDUCATION AT-LARGE,Michael Johnson, ,3,43,9,0,0,52,Y
9888,MECKLENBURG,11/7/23,200,10,C,CHARLOTTE-MECKLENBURG SCHOOLS BOARD OF EDUCATION AT-LARGE,Monty Witherspoon, ,3,46,21,0,0,67,Y
9889,MECKLENBURG,11/7/23,200,10,C,CHARLOTTE-MECKLENBURG SCHOOLS BOARD OF EDUCATION AT-LARGE,Omar Harris, ,3,26,9,0,0,35,Y
9890,MECKLENBURG,11/7/23,200,10,C,CHARLOTTE-MECKLENBURG SCHOOLS BOARD OF EDUCATION AT-LARGE,Peggy A. Capehart, ,3,16,6,0,0,22,Y
9892,MECKLENBURG,11/7/23,200,10,C,CHARLOTTE-MECKLENBURG SCHOOLS BOARD OF EDUCATION AT-LARGE,Shamaiye Haynes, ,3,69,18,0,0,87,Y
9894,MECKLENBURG,11/7/23,200,10,C,CHARLOTTE-MECKLENBURG SCHOOLS BOARD OF EDUCATION AT-LARGE,Tigress Sydney Acute McDaniel, ,3,15,5,0,0,20,Y
9928,MECKLENBURG,11/7/23,201,10,C,CHARLOTTE-MECKLENBURG SCHOOLS BOARD OF EDUCATION AT-LARGE,Annette Albright, ,3,132,65,0,0,197,Y
9929,MECKLENBURG,11/7/23,201,10,C,CHARLOTTE-MECKLENBURG SCHOOLS BOARD OF EDUCATION AT-LARGE,Bill Fountain, ,3,74,34,0,0,108,Y
9930,MECKLENBURG,11/7/23,201,10,C,CHARLOTTE-MECKLENBURG SCHOOLS BOARD OF EDUCATION AT-LARGE,Brian Kasher, ,3,57,30,0,0,87,Y
9931,MECKLENBURG,11/7/23,201,10,C,CHARLOTTE-MECKLENBURG SCHOOLS BOARD OF EDUCATION AT-LARGE,Claire Covington, ,3,102,61,0,0,163,Y
9932,MECKLENBURG,11/7/23,201,10,C,CHARLOTTE-MECKLENBURG SCHOOLS BOARD OF EDUCATION AT-LARGE,Clara Kennedy Witherspoon, ,3,145,58,0,0,203,Y
9933,MECKLENBURG,11/7/23,201,10,C,CHARLOTTE-MECKLENBURG SCHOOLS BOARD OF EDUCATION AT-LARGE,Juanrique Pallamente Hall, ,3,56,26,0,0,82,Y
9934,MECKLENBURG,11/7/23,201,10,C,CHARLOTTE-MECKLENBURG SCHOOLS BOARD OF EDUCATION AT-LARGE,Lenora Shipp, ,3,311,178,0,0,489,Y
9935,MECKLENBURG,11/7/23,201,10,C,CHARLOTTE-MECKLENBURG SCHOOLS BOARD OF EDUCATION AT-LARGE,Liz Monterrey, ,3,185,102,0,0,287,Y
9936,MECKLENBURG,11/7/23,201,10,C,CHARLOTTE-MECKLENBURG SCHOOLS BOARD OF EDUCATION AT-LARGE,Michael Johnson, ,3,89,52,0,0,141,Y
9937,MECKLENBURG,11/7/23,201,10,C,CHARLOTTE-MECKLENBURG SCHOOLS BOARD OF EDUCATION AT-LARGE,Monty Witherspoon, ,3,268,144,0,0,412,Y
9938,MECKLENBURG,11/7/23,201,10,C,CHARLOTTE-MECKLENBURG SCHOOLS BOARD OF EDUCATION AT-LARGE,Omar Harris, ,3,83,56,0,0,139,Y
9939,MECKLENBURG,11/7/23,201,10,C,CHARLOTTE-MECKLENBURG SCHOOLS BOARD OF EDUCATION AT-LARGE,Peggy A. Capehart, ,3,38,16,0,0,54,Y
9941,MECKLENBURG,11/7/23,201,10,C,CHARLOTTE-MECKLENBURG SCHOOLS BOARD OF EDUCATION AT-LARGE,Shamaiye Haynes, ,3,237,127,0,0,364,Y
9943,MECKLENBURG,11/7/23,201,10,C,CHARLOTTE-MECKLENBURG SCHOOLS BOARD OF EDUCATION AT-LARGE,Tigress Sydney Acute McDaniel, ,3,52,33,0,0,85,Y
9947,MECKLENBURG,11/7/23,202,10,C,CHARLOTTE-MECKLENBURG SCHOOLS BOARD OF EDUCATION AT-LARGE,Annette Albright, ,3,179,204,0,0,383,Y
9948,MECKLENBURG,11/7/23,202,10,C,CHARLOTTE-MECKLENBURG SCHOOLS BOARD OF EDUCATION AT-LARGE,Bill Fountain, ,3,285,343,0,0,628,Y
9949,MECKLENBURG,11/7/23,202,10,C,CHARLOTTE-MECKLENBURG SCHOOLS BOARD OF EDUCATION AT-LARGE,Brian Kasher, ,3,125,146,0,0,271,Y
9950,MECKLENBURG,11/7/23,202,10,C,CHARLOTTE-MECKLENBURG SCHOOLS BOARD OF EDUCATION AT-LARGE,Claire Covington, ,3,150,189,0,0,339,Y
9951,MECKLENBURG,11/7/23,202,10,C,CHARLOTTE-MECKLENBURG SCHOOLS BOARD OF EDUCATION AT-LARGE,Clara Kennedy Witherspoon, ,3,93,117,0,0,210,Y
9952,MECKLENBURG,11/7/23,202,10,C,CHARLOTTE-MECKLENBURG SCHOOLS BOARD OF EDUCATION AT-LARGE,Juanrique Pallamente Hall, ,3,60,48,0,0,108,Y
9953,MECKLENBURG,11/7/23,202,10,C,CHARLOTTE-MECKLENBURG SCHOOLS BOARD OF EDUCATION AT-LARGE,Lenora Shipp, ,3,290,356,0,0,646,Y
9954,MECKLENBURG,11/7/23,202,10,C,CHARLOTTE-MECKLENBURG SCHOOLS BOARD OF EDUCATION AT-LARGE,Liz Monterrey, ,3,291,404,0,0,695,Y
9955,MECKLENBURG,11/7/23,202,10,C,CHARLOTTE-MECKLENBURG SCHOOLS BOARD OF EDUCATION AT-LARGE,Michael Johnson, ,3,170,225,0,0,395,Y
9956,MECKLENBURG,11/7/23,202,10,C,CHARLOTTE-MECKLENBURG SCHOOLS BOARD OF EDUCATION AT-LARGE,Monty Witherspoon, ,3,203,282,0,0,485,Y
9957,MECKLENBURG,11/7/23,202,10,C,CHARLOTTE-MECKLENBURG SCHOOLS BOARD OF EDUCATION AT-LARGE,Omar Harris, ,3,82,76,0,0,158,Y
9958,MECKLENBURG,11/7/23,202,10,C,CHARLOTTE-MECKLENBURG SCHOOLS BOARD OF EDUCATION AT-LARGE,Peggy A. Capehart, ,3,74,75,0,0,149,Y
9960,MECKLENBURG,11/7/23,202,10,C,CHARLOTTE-MECKLENBURG SCHOOLS BOARD OF EDUCATION AT-LARGE,Shamaiye Haynes, ,3,155,122,0,0,277,Y
9962,MECKLENBURG,11/7/23,202,10,C,CHARLOTTE-MECKLENBURG SCHOOLS BOARD OF EDUCATION AT-LARGE,Tigress Sydney Acute McDaniel, ,3,49,43,0,0,92,Y
14867,MECKLENBURG,11/7/23,10,10,C,CHARLOTTE-MECKLENBURG SCHOOLS BOARD OF EDUCATION AT-LARGE,Monty Witherspoon, ,3,179,73,0,0,252,Y
14868,MECKLENBURG,11/7/23,10,10,C,CHARLOTTE-MECKLENBURG SCHOOLS BOARD OF EDUCATION AT-LARGE,Omar Harris, ,3,25,7,0,0,32,Y
14869,MECKLENBURG,11/7/23,10,10,C,CHARLOTTE-MECKLENBURG SCHOOLS BOARD OF EDUCATION AT-LARGE,Peggy A. Capehart, ,3,22,6,0,0,28,Y
14871,MECKLENBURG,11/7/23,10,10,C,CHARLOTTE-MECKLENBURG SCHOOLS BOARD OF EDUCATION AT-LARGE,Shamaiye Haynes, ,3,116,44,0,0,160,Y
14873,MECKLENBURG,11/7/23,10,10,C,CHARLOTTE-MECKLENBURG SCHOOLS BOARD OF EDUCATION AT-LARGE,Tigress Sydney Acute McDaniel, ,3,21,3,0,0,24,Y
14907,MECKLENBURG,11/7/23,11,10,C,CHARLOTTE-MECKLENBURG SCHOOLS BOARD OF EDUCATION AT-LARGE,Annette Albright, ,3,106,49,0,0,155,Y
14908,MECKLENBURG,11/7/23,11,10,C,CHARLOTTE-MECKLENBURG SCHOOLS BOARD OF EDUCATION AT-LARGE,Bill Fountain, ,3,79,50,0,0,129,Y
14909,MECKLENBURG,11/7/23,11,10,C,CHARLOTTE-MECKLENBURG SCHOOLS BOARD OF EDUCATION AT-LARGE,Brian Kasher, ,3,79,39,0,0,118,Y
14910,MECKLENBURG,11/7/23,11,10,C,CHARLOTTE-MECKLENBURG SCHOOLS BOARD OF EDUCATION AT-LARGE,Claire Covington, ,3,102,43,0,0,145,Y
14911,MECKLENBURG,11/7/23,11,10,C,CHARLOTTE-MECKLENBURG SCHOOLS BOARD OF EDUCATION AT-LARGE,Clara Kennedy Witherspoon, ,3,91,50,0,0,141,Y
14912,MECKLENBURG,11/7/23,11,10,C,CHARLOTTE-MECKLENBURG SCHOOLS BOARD OF EDUCATION AT-LARGE,Juanrique Pallamente Hall, ,3,52,28,0,0,80,Y
14913,MECKLENBURG,11/7/23,11,10,C,CHARLOTTE-MECKLENBURG SCHOOLS BOARD OF EDUCATION AT-LARGE,Lenora Shipp, ,3,247,173,0,0,420,Y
14914,MECKLENBURG,11/7/23,11,10,C,CHARLOTTE-MECKLENBURG SCHOOLS BOARD OF EDUCATION AT-LARGE,Liz Monterrey, ,3,211,159,0,0,370,Y
14915,MECKLENBURG,11/7/23,11,10,C,CHARLOTTE-MECKLENBURG SCHOOLS BOARD OF EDUCATION AT-LARGE,Michael Johnson, ,3,75,51,0,0,126,Y
14916,MECKLENBURG,11/7/23,11,10,C,CHARLOTTE-MECKLENBURG SCHOOLS BOARD OF EDUCATION AT-LARGE,Monty Witherspoon, ,3,228,152,0,0,380,Y
14917,MECKLENBURG,11/7/23,11,10,C,CHARLOTTE-MECKLENBURG SCHOOLS BOARD OF EDUCATION AT-LARGE,Omar Harris, ,3,63,43,0,0,106,Y
14918,MECKLENBURG,11/7/23,11,10,C,CHARLOTTE-MECKLENBURG SCHOOLS BOARD OF EDUCATION AT-LARGE,Peggy A. Capehart, ,3,37,25,0,0,62,Y
14920,MECKLENBURG,11/7/23,11,10,C,CHARLOTTE-MECKLENBURG SCHOOLS BOARD OF EDUCATION AT-LARGE,Shamaiye Haynes, ,3,244,168,0,0,412,Y
14922,MECKLENBURG,11/7/23,11,10,C,CHARLOTTE-MECKLENBURG SCHOOLS BOARD OF EDUCATION AT-LARGE,Tigress Sydney Acute McDaniel, ,3,56,24,0,0,80,Y
14956,MECKLENBURG,11/7/23,12,10,C,CHARLOTTE-MECKLENBURG SCHOOLS BOARD OF EDUCATION AT-LARGE,Annette Albright, ,3,55,24,0,0,79,Y
14957,MECKLENBURG,11/7/23,12,10,C,CHARLOTTE-MECKLENBURG SCHOOLS BOARD OF EDUCATION AT-LARGE,Bill Fountain, ,3,20,10,0,0,30,Y
14958,MECKLENBURG,11/7/23,12,10,C,CHARLOTTE-MECKLENBURG SCHOOLS BOARD OF EDUCATION AT-LARGE,Brian Kasher, ,3,17,12,0,0,29,Y
14959,MECKLENBURG,11/7/23,12,10,C,CHARLOTTE-MECKLENBURG SCHOOLS BOARD OF EDUCATION AT-LARGE,Claire Covington, ,3,32,20,0,0,52,Y
14960,MECKLENBURG,11/7/23,12,10,C,CHARLOTTE-MECKLENBURG SCHOOLS BOARD OF EDUCATION AT-LARGE,Clara Kennedy Witherspoon, ,3,22,15,0,0,37,Y
14961,MECKLENBURG,11/7/23,12,10,C,CHARLOTTE-MECKLENBURG SCHOOLS BOARD OF EDUCATION AT-LARGE,Juanrique Pallamente Hall, ,3,24,7,0,0,31,Y
14962,MECKLENBURG,11/7/23,12,10,C,CHARLOTTE-MECKLENBURG SCHOOLS BOARD OF EDUCATION AT-LARGE,Lenora Shipp, ,3,108,58,0,0,166,Y
14963,MECKLENBURG,11/7/23,12,10,C,CHARLOTTE-MECKLENBURG SCHOOLS BOARD OF EDUCATION AT-LARGE,Liz Monterrey, ,3,67,35,0,0,102,Y
14964,MECKLENBURG,11/7/23,12,10,C,CHARLOTTE-MECKLENBURG SCHOOLS BOARD OF EDUCATION AT-LARGE,Michael Johnson, ,3,43,18,0,0,61,Y
14965,MECKLENBURG,11/7/23,12,10,C,CHARLOTTE-MECKLENBURG SCHOOLS BOARD OF EDUCATION AT-LARGE,Monty Witherspoon, ,3,85,47,0,0,132,Y
14966,MECKLENBURG,11/7/23,12,10,C,CHARLOTTE-MECKLENBURG SCHOOLS BOARD OF EDUCATION AT-LARGE,Omar Harris, ,3,42,18,0,0,60,Y
14967,MECKLENBURG,11/7/23,12,10,C,CHARLOTTE-MECKLENBURG SCHOOLS BOARD OF EDUCATION AT-LARGE,Peggy A. Capehart, ,3,13,7,0,0,20,Y
14969,MECKLENBURG,11/7/23,12,10,C,CHARLOTTE-MECKLENBURG SCHOOLS BOARD OF EDUCATION AT-LARGE,Shamaiye Haynes, ,3,106,51,0,0,157,Y
14971,MECKLENBURG,11/7/23,12,10,C,CHARLOTTE-MECKLENBURG SCHOOLS BOARD OF EDUCATION AT-LARGE,Tigress Sydney Acute McDaniel, ,3,20,10,0,0,30,Y
15007,MECKLENBURG,11/7/23,13,10,C,CHARLOTTE-MECKLENBURG SCHOOLS BOARD OF EDUCATION AT-LARGE,Annette Albright, ,3,44,20,0,0,64,Y
15008,MECKLENBURG,11/7/23,13,10,C,CHARLOTTE-MECKLENBURG SCHOOLS BOARD OF EDUCATION AT-LARGE,Bill Fountain, ,3,40,12,0,0,52,Y
15009,MECKLENBURG,11/7/23,13,10,C,CHARLOTTE-MECKLENBURG SCHOOLS BOARD OF EDUCATION AT-LARGE,Brian Kasher, ,3,26,13,0,0,39,Y
15010,MECKLENBURG,11/7/23,13,10,C,CHARLOTTE-MECKLENBURG SCHOOLS BOARD OF EDUCATION AT-LARGE,Claire Covington, ,3,28,18,0,0,46,Y
15011,MECKLENBURG,11/7/23,13,10,C,CHARLOTTE-MECKLENBURG SCHOOLS BOARD OF EDUCATION AT-LARGE,Clara Kennedy Witherspoon, ,3,40,16,0,0,56,Y
15012,MECKLENBURG,11/7/23,13,10,C,CHARLOTTE-MECKLENBURG SCHOOLS BOARD OF EDUCATION AT-LARGE,Juanrique Pallamente Hall, ,3,17,13,0,0,30,Y
15013,MECKLENBURG,11/7/23,13,10,C,CHARLOTTE-MECKLENBURG SCHOOLS BOARD OF EDUCATION AT-LARGE,Lenora Shipp, ,3,136,78,0,0,214,Y
15014,MECKLENBURG,11/7/23,13,10,C,CHARLOTTE-MECKLENBURG SCHOOLS BOARD OF EDUCATION AT-LARGE,Liz Monterrey, ,3,101,63,0,0,164,Y
15015,MECKLENBURG,11/7/23,13,10,C,CHARLOTTE-MECKLENBURG SCHOOLS BOARD OF EDUCATION AT-LARGE,Michael Johnson, ,3,29,21,0,0,50,Y
15016,MECKLENBURG,11/7/23,13,10,C,CHARLOTTE-MECKLENBURG SCHOOLS BOARD OF EDUCATION AT-LARGE,Monty Witherspoon, ,3,120,65,0,0,185,Y
15017,MECKLENBURG,11/7/23,13,10,C,CHARLOTTE-MECKLENBURG SCHOOLS BOARD OF EDUCATION AT-LARGE,Omar Harris, ,3,19,16,0,0,35,Y
15018,MECKLENBURG,11/7/23,13,10,C,CHARLOTTE-MECKLENBURG SCHOOLS BOARD OF EDUCATION AT-LARGE,Peggy A. Capehart, ,3,16,7,0,0,23,Y
15020,MECKLENBURG,11/7/23,13,10,C,CHARLOTTE-MECKLENBURG SCHOOLS BOARD OF EDUCATION AT-LARGE,Shamaiye Haynes, ,3,105,59,0,0,164,Y
15022,MECKLENBURG,11/7/23,13,10,C,CHARLOTTE-MECKLENBURG SCHOOLS BOARD OF EDUCATION AT-LARGE,Tigress Sydney Acute McDaniel, ,3,26,7,0,0,33,Y
15058,MECKLENBURG,11/7/23,14,10,C,CHARLOTTE-MECKLENBURG SCHOOLS BOARD OF EDUCATION AT-LARGE,Annette Albright, ,3,56,27,0,0,83,Y
15059,MECKLENBURG,11/7/23,14,10,C,CHARLOTTE-MECKLENBURG SCHOOLS BOARD OF EDUCATION AT-LARGE,Bill Fountain, ,3,39,16,0,0,55,Y
15060,MECKLENBURG,11/7/23,14,10,C,CHARLOTTE-MECKLENBURG SCHOOLS BOARD OF EDUCATION AT-LARGE,Brian Kasher, ,3,33,12,0,0,45,Y
15061,MECKLENBURG,11/7/23,14,10,C,CHARLOTTE-MECKLENBURG SCHOOLS BOARD OF EDUCATION AT-LARGE,Claire Covington, ,3,68,15,0,0,83,Y
15062,MECKLENBURG,11/7/23,14,10,C,CHARLOTTE-MECKLENBURG SCHOOLS BOARD OF EDUCATION AT-LARGE,Clara Kennedy Witherspoon, ,3,59,25,0,0,84,Y
15063,MECKLENBURG,11/7/23,14,10,C,CHARLOTTE-MECKLENBURG SCHOOLS BOARD OF EDUCATION AT-LARGE,Juanrique Pallamente Hall, ,3,29,9,0,0,38,Y
15064,MECKLENBURG,11/7/23,14,10,C,CHARLOTTE-MECKLENBURG SCHOOLS BOARD OF EDUCATION AT-LARGE,Lenora Shipp, ,3,232,79,0,0,311,Y
15065,MECKLENBURG,11/7/23,14,10,C,CHARLOTTE-MECKLENBURG SCHOOLS BOARD OF EDUCATION AT-LARGE,Liz Monterrey, ,3,232,75,0,0,307,Y
15066,MECKLENBURG,11/7/23,14,10,C,CHARLOTTE-MECKLENBURG SCHOOLS BOARD OF EDUCATION AT-LARGE,Michael Johnson, ,3,39,18,0,0,57,Y
15067,MECKLENBURG,11/7/23,14,10,C,CHARLOTTE-MECKLENBURG SCHOOLS BOARD OF EDUCATION AT-LARGE,Monty Witherspoon, ,3,195,73,0,0,268,Y
15068,MECKLENBURG,11/7/23,14,10,C,CHARLOTTE-MECKLENBURG SCHOOLS BOARD OF EDUCATION AT-LARGE,Omar Harris, ,3,49,25,0,0,74,Y
15069,MECKLENBURG,11/7/23,14,10,C,CHARLOTTE-MECKLENBURG SCHOOLS BOARD OF EDUCATION AT-LARGE,Peggy A. Capehart, ,3,21,11,0,0,32,Y
15071,MECKLENBURG,11/7/23,14,10,C,CHARLOTTE-MECKLENBURG SCHOOLS BOARD OF EDUCATION AT-LARGE,Shamaiye Haynes, ,3,173,52,0,0,225,Y
15073,MECKLENBURG,11/7/23,14,10,C,CHARLOTTE-MECKLENBURG SCHOOLS BOARD OF EDUCATION AT-LARGE,Tigress Sydney Acute McDaniel, ,3,27,9,0,0,36,Y
15109,MECKLENBURG,11/7/23,15,10,C,CHARLOTTE-MECKLENBURG SCHOOLS BOARD OF EDUCATION AT-LARGE,Annette Albright, ,3,84,18,0,0,102,Y
15110,MECKLENBURG,11/7/23,15,10,C,CHARLOTTE-MECKLENBURG SCHOOLS BOARD OF EDUCATION AT-LARGE,Bill Fountain, ,3,59,8,0,0,67,Y
15111,MECKLENBURG,11/7/23,15,10,C,CHARLOTTE-MECKLENBURG SCHOOLS BOARD OF EDUCATION AT-LARGE,Brian Kasher, ,3,57,10,0,0,67,Y
15112,MECKLENBURG,11/7/23,15,10,C,CHARLOTTE-MECKLENBURG SCHOOLS BOARD OF EDUCATION AT-LARGE,Claire Covington, ,3,115,32,0,0,147,Y
15113,MECKLENBURG,11/7/23,15,10,C,CHARLOTTE-MECKLENBURG SCHOOLS BOARD OF EDUCATION AT-LARGE,Clara Kennedy Witherspoon, ,3,83,23,0,0,106,Y
15114,MECKLENBURG,11/7/23,15,10,C,CHARLOTTE-MECKLENBURG SCHOOLS BOARD OF EDUCATION AT-LARGE,Juanrique Pallamente Hall, ,3,40,16,0,0,56,Y
15115,MECKLENBURG,11/7/23,15,10,C,CHARLOTTE-MECKLENBURG SCHOOLS BOARD OF EDUCATION AT-LARGE,Lenora Shipp, ,3,338,108,0,0,446,Y
15116,MECKLENBURG,11/7/23,15,10,C,CHARLOTTE-MECKLENBURG SCHOOLS BOARD OF EDUCATION AT-LARGE,Liz Monterrey, ,3,445,140,0,0,585,Y
15117,MECKLENBURG,11/7/23,15,10,C,CHARLOTTE-MECKLENBURG SCHOOLS BOARD OF EDUCATION AT-LARGE,Michael Johnson, ,3,65,7,0,0,72,Y
15118,MECKLENBURG,11/7/23,15,10,C,CHARLOTTE-MECKLENBURG SCHOOLS BOARD OF EDUCATION AT-LARGE,Monty Witherspoon, ,3,319,101,0,0,420,Y
15119,MECKLENBURG,11/7/23,15,10,C,CHARLOTTE-MECKLENBURG SCHOOLS BOARD OF EDUCATION AT-LARGE,Omar Harris, ,3,46,7,0,0,53,Y
15120,MECKLENBURG,11/7/23,15,10,C,CHARLOTTE-MECKLENBURG SCHOOLS BOARD OF EDUCATION AT-LARGE,Peggy A. Capehart, ,3,25,6,0,0,31,Y
15122,MECKLENBURG,11/7/23,15,10,C,CHARLOTTE-MECKLENBURG SCHOOLS BOARD OF EDUCATION AT-LARGE,Shamaiye Haynes, ,3,222,72,0,0,294,Y
15124,MECKLENBURG,11/7/23,15,10,C,CHARLOTTE-MECKLENBURG SCHOOLS BOARD OF EDUCATION AT-LARGE,Tigress Sydney Acute McDaniel, ,3,44,8,0,0,52,Y
15158,MECKLENBURG,11/7/23,16,10,C,CHARLOTTE-MECKLENBURG SCHOOLS BOARD OF EDUCATION AT-LARGE,Annette Albright, ,3,83,53,0,0,136,Y
15159,MECKLENBURG,11/7/23,16,10,C,CHARLOTTE-MECKLENBURG SCHOOLS BOARD OF EDUCATION AT-LARGE,Bill Fountain, ,3,13,11,0,0,24,Y
15160,MECKLENBURG,11/7/23,16,10,C,CHARLOTTE-MECKLENBURG SCHOOLS BOARD OF EDUCATION AT-LARGE,Brian Kasher, ,3,10,1,0,0,11,Y
15161,MECKLENBURG,11/7/23,16,10,C,CHARLOTTE-MECKLENBURG SCHOOLS BOARD OF EDUCATION AT-LARGE,Claire Covington, ,3,29,34,0,0,63,Y
15162,MECKLENBURG,11/7/23,16,10,C,CHARLOTTE-MECKLENBURG SCHOOLS BOARD OF EDUCATION AT-LARGE,Clara Kennedy Witherspoon, ,3,55,40,0,0,95,Y
15163,MECKLENBURG,11/7/23,16,10,C,CHARLOTTE-MECKLENBURG SCHOOLS BOARD OF EDUCATION AT-LARGE,Juanrique Pallamente Hall, ,3,19,15,0,0,34,Y
15164,MECKLENBURG,11/7/23,16,10,C,CHARLOTTE-MECKLENBURG SCHOOLS BOARD OF EDUCATION AT-LARGE,Lenora Shipp, ,3,219,168,0,0,387,Y
15165,MECKLENBURG,11/7/23,16,10,C,CHARLOTTE-MECKLENBURG SCHOOLS BOARD OF EDUCATION AT-LARGE,Liz Monterrey, ,3,18,28,0,0,46,Y
15166,MECKLENBURG,11/7/23,16,10,C,CHARLOTTE-MECKLENBURG SCHOOLS BOARD OF EDUCATION AT-LARGE,Michael Johnson, ,3,46,30,0,0,76,Y
15167,MECKLENBURG,11/7/23,16,10,C,CHARLOTTE-MECKLENBURG SCHOOLS BOARD OF EDUCATION AT-LARGE,Monty Witherspoon, ,3,137,134,0,0,271,Y
15168,MECKLENBURG,11/7/23,16,10,C,CHARLOTTE-MECKLENBURG SCHOOLS BOARD OF EDUCATION AT-LARGE,Omar Harris, ,3,62,33,0,0,95,Y
15169,MECKLENBURG,11/7/23,16,10,C,CHARLOTTE-MECKLENBURG SCHOOLS BOARD OF EDUCATION AT-LARGE,Peggy A. Capehart, ,3,16,18,0,0,34,Y
15171,MECKLENBURG,11/7/23,16,10,C,CHARLOTTE-MECKLENBURG SCHOOLS BOARD OF EDUCATION AT-LARGE,Shamaiye Haynes, ,3,180,140,0,0,320,Y
15173,MECKLENBURG,11/7/23,16,10,C,CHARLOTTE-MECKLENBURG SCHOOLS BOARD OF EDUCATION AT-LARGE,Tigress Sydney Acute McDaniel, ,3,19,9,0,0,28,Y
15209,MECKLENBURG,11/7/23,17,10,C,CHARLOTTE-MECKLENBURG SCHOOLS BOARD OF EDUCATION AT-LARGE,Annette Albright, ,3,48,7,0,0,55,Y
15210,MECKLENBURG,11/7/23,17,10,C,CHARLOTTE-MECKLENBURG SCHOOLS BOARD OF EDUCATION AT-LARGE,Bill Fountain, ,3,13,4,0,0,17,Y
15211,MECKLENBURG,11/7/23,17,10,C,CHARLOTTE-MECKLENBURG SCHOOLS BOARD OF EDUCATION AT-LARGE,Brian Kasher, ,3,13,4,0,0,17,Y
15212,MECKLENBURG,11/7/23,17,10,C,CHARLOTTE-MECKLENBURG SCHOOLS BOARD OF EDUCATION AT-LARGE,Claire Covington, ,3,24,5,0,0,29,Y
15213,MECKLENBURG,11/7/23,17,10,C,CHARLOTTE-MECKLENBURG SCHOOLS BOARD OF EDUCATION AT-LARGE,Clara Kennedy Witherspoon, ,3,26,18,0,0,44,Y
15214,MECKLENBURG,11/7/23,17,10,C,CHARLOTTE-MECKLENBURG SCHOOLS BOARD OF EDUCATION AT-LARGE,Juanrique Pallamente Hall, ,3,18,7,0,0,25,Y
15215,MECKLENBURG,11/7/23,17,10,C,CHARLOTTE-MECKLENBURG SCHOOLS BOARD OF EDUCATION AT-LARGE,Lenora Shipp, ,3,53,32,0,0,85,Y
15216,MECKLENBURG,11/7/23,17,10,C,CHARLOTTE-MECKLENBURG SCHOOLS BOARD OF EDUCATION AT-LARGE,Liz Monterrey, ,3,39,20,0,0,59,Y
15217,MECKLENBURG,11/7/23,17,10,C,CHARLOTTE-MECKLENBURG SCHOOLS BOARD OF EDUCATION AT-LARGE,Michael Johnson, ,3,36,7,0,0,43,Y
15218,MECKLENBURG,11/7/23,17,10,C,CHARLOTTE-MECKLENBURG SCHOOLS BOARD OF EDUCATION AT-LARGE,Monty Witherspoon, ,3,44,25,0,0,69,Y
15219,MECKLENBURG,11/7/23,17,10,C,CHARLOTTE-MECKLENBURG SCHOOLS BOARD OF EDUCATION AT-LARGE,Omar Harris, ,3,39,8,0,0,47,Y
15220,MECKLENBURG,11/7/23,17,10,C,CHARLOTTE-MECKLENBURG SCHOOLS BOARD OF EDUCATION AT-LARGE,Peggy A. Capehart, ,3,15,5,0,0,20,Y
15222,MECKLENBURG,11/7/23,17,10,C,CHARLOTTE-MECKLENBURG SCHOOLS BOARD OF EDUCATION AT-LARGE,Shamaiye Haynes, ,3,61,26,0,0,87,Y
15224,MECKLENBURG,11/7/23,17,10,C,CHARLOTTE-MECKLENBURG SCHOOLS BOARD OF EDUCATION AT-LARGE,Tigress Sydney Acute McDaniel, ,3,20,2,0,0,22,Y
15259,MECKLENBURG,11/7/23,18,10,C,CHARLOTTE-MECKLENBURG SCHOOLS BOARD OF EDUCATION AT-LARGE,Annette Albright, ,3,121,7,0,0,128,Y
15260,MECKLENBURG,11/7/23,18,10,C,CHARLOTTE-MECKLENBURG SCHOOLS BOARD OF EDUCATION AT-LARGE,Bill Fountain, ,3,145,20,0,0,165,Y
15261,MECKLENBURG,11/7/23,18,10,C,CHARLOTTE-MECKLENBURG SCHOOLS BOARD OF EDUCATION AT-LARGE,Brian Kasher, ,3,43,10,0,0,53,Y
15262,MECKLENBURG,11/7/23,18,10,C,CHARLOTTE-MECKLENBURG SCHOOLS BOARD OF EDUCATION AT-LARGE,Claire Covington, ,3,176,20,0,0,196,Y
15263,MECKLENBURG,11/7/23,18,10,C,CHARLOTTE-MECKLENBURG SCHOOLS BOARD OF EDUCATION AT-LARGE,Clara Kennedy Witherspoon, ,3,59,10,0,0,69,Y
15264,MECKLENBURG,11/7/23,18,10,C,CHARLOTTE-MECKLENBURG SCHOOLS BOARD OF EDUCATION AT-LARGE,Juanrique Pallamente Hall, ,3,4,1,0,0,5,Y
15265,MECKLENBURG,11/7/23,18,10,C,CHARLOTTE-MECKLENBURG SCHOOLS BOARD OF EDUCATION AT-LARGE,Lenora Shipp, ,3,105,20,0,0,125,Y
15266,MECKLENBURG,11/7/23,18,10,C,CHARLOTTE-MECKLENBURG SCHOOLS BOARD OF EDUCATION AT-LARGE,Liz Monterrey, ,3,170,31,0,0,201,Y
15267,MECKLENBURG,11/7/23,18,10,C,CHARLOTTE-MECKLENBURG SCHOOLS BOARD OF EDUCATION AT-LARGE,Michael Johnson, ,3,103,10,0,0,113,Y
15268,MECKLENBURG,11/7/23,18,10,C,CHARLOTTE-MECKLENBURG SCHOOLS BOARD OF EDUCATION AT-LARGE,Monty Witherspoon, ,3,126,21,0,0,147,Y
15269,MECKLENBURG,11/7/23,18,10,C,CHARLOTTE-MECKLENBURG SCHOOLS BOARD OF EDUCATION AT-LARGE,Omar Harris, ,3,9,0,0,0,9,Y
15270,MECKLENBURG,11/7/23,18,10,C,CHARLOTTE-MECKLENBURG SCHOOLS BOARD OF EDUCATION AT-LARGE,Peggy A. Capehart, ,3,34,5,0,0,39,Y
15272,MECKLENBURG,11/7/23,18,10,C,CHARLOTTE-MECKLENBURG SCHOOLS BOARD OF EDUCATION AT-LARGE,Shamaiye Haynes, ,3,71,18,0,0,89,Y
15274,MECKLENBURG,11/7/23,18,10,C,CHARLOTTE-MECKLENBURG SCHOOLS BOARD OF EDUCATION AT-LARGE,Tigress Sydney Acute McDaniel, ,3,6,2,0,0,8,Y
15309,MECKLENBURG,11/7/23,19,10,C,CHARLOTTE-MECKLENBURG SCHOOLS BOARD OF EDUCATION AT-LARGE,Annette Albright, ,3,74,37,0,0,111,Y
15310,MECKLENBURG,11/7/23,19,10,C,CHARLOTTE-MECKLENBURG SCHOOLS BOARD OF EDUCATION AT-LARGE,Bill Fountain, ,3,109,60,0,0,169,Y
15311,MECKLENBURG,11/7/23,19,10,C,CHARLOTTE-MECKLENBURG SCHOOLS BOARD OF EDUCATION AT-LARGE,Brian Kasher, ,3,47,18,0,0,65,Y
15312,MECKLENBURG,11/7/23,19,10,C,CHARLOTTE-MECKLENBURG SCHOOLS BOARD OF EDUCATION AT-LARGE,Claire Covington, ,3,110,48,0,0,158,Y
15314,MECKLENBURG,11/7/23,81,10,C,CHARLOTTE-MECKLENBURG SCHOOLS BOARD OF EDUCATION AT-LARGE,Tigress Sydney Acute McDaniel, ,3,23,12,0,0,35,Y
15350,MECKLENBURG,11/7/23,82,10,C,CHARLOTTE-MECKLENBURG SCHOOLS BOARD OF EDUCATION AT-LARGE,Annette Albright, ,3,57,31,0,0,88,Y
15351,MECKLENBURG,11/7/23,82,10,C,CHARLOTTE-MECKLENBURG SCHOOLS BOARD OF EDUCATION AT-LARGE,Bill Fountain, ,3,12,6,0,0,18,Y
15352,MECKLENBURG,11/7/23,82,10,C,CHARLOTTE-MECKLENBURG SCHOOLS BOARD OF EDUCATION AT-LARGE,Brian Kasher, ,3,4,3,0,0,7,Y
15353,MECKLENBURG,11/7/23,82,10,C,CHARLOTTE-MECKLENBURG SCHOOLS BOARD OF EDUCATION AT-LARGE,Claire Covington, ,3,35,13,0,0,48,Y
15354,MECKLENBURG,11/7/23,82,10,C,CHARLOTTE-MECKLENBURG SCHOOLS BOARD OF EDUCATION AT-LARGE,Clara Kennedy Witherspoon, ,3,48,21,0,0,69,Y
15355,MECKLENBURG,11/7/23,82,10,C,CHARLOTTE-MECKLENBURG SCHOOLS BOARD OF EDUCATION AT-LARGE,Juanrique Pallamente Hall, ,3,15,10,0,0,25,Y
15356,MECKLENBURG,11/7/23,82,10,C,CHARLOTTE-MECKLENBURG SCHOOLS BOARD OF EDUCATION AT-LARGE,Lenora Shipp, ,3,101,63,0,0,164,Y
15357,MECKLENBURG,11/7/23,82,10,C,CHARLOTTE-MECKLENBURG SCHOOLS BOARD OF EDUCATION AT-LARGE,Liz Monterrey, ,3,20,20,0,0,40,Y
15358,MECKLENBURG,11/7/23,82,10,C,CHARLOTTE-MECKLENBURG SCHOOLS BOARD OF EDUCATION AT-LARGE,Michael Johnson, ,3,35,28,0,0,63,Y
15359,MECKLENBURG,11/7/23,82,10,C,CHARLOTTE-MECKLENBURG SCHOOLS BOARD OF EDUCATION AT-LARGE,Monty Witherspoon, ,3,62,54,0,0,116,Y
15360,MECKLENBURG,11/7/23,82,10,C,CHARLOTTE-MECKLENBURG SCHOOLS BOARD OF EDUCATION AT-LARGE,Omar Harris, ,3,52,19,0,0,71,Y
15361,MECKLENBURG,11/7/23,82,10,C,CHARLOTTE-MECKLENBURG SCHOOLS BOARD OF EDUCATION AT-LARGE,Peggy A. Capehart, ,3,14,4,0,0,18,Y
15363,MECKLENBURG,11/7/23,82,10,C,CHARLOTTE-MECKLENBURG SCHOOLS BOARD OF EDUCATION AT-LARGE,Shamaiye Haynes, ,3,81,48,0,0,129,Y
15365,MECKLENBURG,11/7/23,82,10,C,CHARLOTTE-MECKLENBURG SCHOOLS BOARD OF EDUCATION AT-LARGE,Tigress Sydney Acute McDaniel, ,3,15,8,0,0,23,Y
15399,MECKLENBURG,11/7/23,83,10,C,CHARLOTTE-MECKLENBURG SCHOOLS BOARD OF EDUCATION AT-LARGE,Annette Albright, ,3,61,27,0,0,88,Y
15400,MECKLENBURG,11/7/23,83,10,C,CHARLOTTE-MECKLENBURG SCHOOLS BOARD OF EDUCATION AT-LARGE,Bill Fountain, ,3,47,13,0,0,60,Y
15401,MECKLENBURG,11/7/23,83,10,C,CHARLOTTE-MECKLENBURG SCHOOLS BOARD OF EDUCATION AT-LARGE,Brian Kasher, ,3,22,6,0,0,28,Y
15402,MECKLENBURG,11/7/23,83,10,C,CHARLOTTE-MECKLENBURG SCHOOLS BOARD OF EDUCATION AT-LARGE,Claire Covington, ,3,51,16,0,0,67,Y
15403,MECKLENBURG,11/7/23,83,10,C,CHARLOTTE-MECKLENBURG SCHOOLS BOARD OF EDUCATION AT-LARGE,Clara Kennedy Witherspoon, ,3,39,12,0,0,51,Y
15404,MECKLENBURG,11/7/23,83,10,C,CHARLOTTE-MECKLENBURG SCHOOLS BOARD OF EDUCATION AT-LARGE,Juanrique Pallamente Hall, ,3,20,8,0,0,28,Y
15405,MECKLENBURG,11/7/23,83,10,C,CHARLOTTE-MECKLENBURG SCHOOLS BOARD OF EDUCATION AT-LARGE,Lenora Shipp, ,3,85,36,0,0,121,Y
15406,MECKLENBURG,11/7/23,83,10,C,CHARLOTTE-MECKLENBURG SCHOOLS BOARD OF EDUCATION AT-LARGE,Liz Monterrey, ,3,49,29,0,0,78,Y
15407,MECKLENBURG,11/7/23,83,10,C,CHARLOTTE-MECKLENBURG SCHOOLS BOARD OF EDUCATION AT-LARGE,Michael Johnson, ,3,47,12,0,0,59,Y
15408,MECKLENBURG,11/7/23,83,10,C,CHARLOTTE-MECKLENBURG SCHOOLS BOARD OF EDUCATION AT-LARGE,Monty Witherspoon, ,3,65,34,0,0,99,Y
15409,MECKLENBURG,11/7/23,83,10,C,CHARLOTTE-MECKLENBURG SCHOOLS BOARD OF EDUCATION AT-LARGE,Omar Harris, ,3,52,15,0,0,67,Y
15410,MECKLENBURG,11/7/23,83,10,C,CHARLOTTE-MECKLENBURG SCHOOLS BOARD OF EDUCATION AT-LARGE,Peggy A. Capehart, ,3,22,5,0,0,27,Y
15412,MECKLENBURG,11/7/23,83,10,C,CHARLOTTE-MECKLENBURG SCHOOLS BOARD OF EDUCATION AT-LARGE,Shamaiye Haynes, ,3,69,28,0,0,97,Y
15414,MECKLENBURG,11/7/23,83,10,C,CHARLOTTE-MECKLENBURG SCHOOLS BOARD OF EDUCATION AT-LARGE,Tigress Sydney Acute McDaniel, ,3,32,8,0,0,40,Y
15448,MECKLENBURG,11/7/23,84,10,C,CHARLOTTE-MECKLENBURG SCHOOLS BOARD OF EDUCATION AT-LARGE,Annette Albright, ,3,68,18,0,0,86,Y
15449,MECKLENBURG,11/7/23,84,10,C,CHARLOTTE-MECKLENBURG SCHOOLS BOARD OF EDUCATION AT-LARGE,Bill Fountain, ,3,26,8,0,0,34,Y
15450,MECKLENBURG,11/7/23,84,10,C,CHARLOTTE-MECKLENBURG SCHOOLS BOARD OF EDUCATION AT-LARGE,Brian Kasher, ,3,14,1,0,0,15,Y
15451,MECKLENBURG,11/7/23,84,10,C,CHARLOTTE-MECKLENBURG SCHOOLS BOARD OF EDUCATION AT-LARGE,Claire Covington, ,3,28,12,0,0,40,Y
15452,MECKLENBURG,11/7/23,84,10,C,CHARLOTTE-MECKLENBURG SCHOOLS BOARD OF EDUCATION AT-LARGE,Clara Kennedy Witherspoon, ,3,29,15,0,0,44,Y
15453,MECKLENBURG,11/7/23,84,10,C,CHARLOTTE-MECKLENBURG SCHOOLS BOARD OF EDUCATION AT-LARGE,Juanrique Pallamente Hall, ,3,23,4,0,0,27,Y
15454,MECKLENBURG,11/7/23,84,10,C,CHARLOTTE-MECKLENBURG SCHOOLS BOARD OF EDUCATION AT-LARGE,Lenora Shipp, ,3,58,45,0,0,103,Y
15455,MECKLENBURG,11/7/23,84,10,C,CHARLOTTE-MECKLENBURG SCHOOLS BOARD OF EDUCATION AT-LARGE,Liz Monterrey, ,3,34,21,0,0,55,Y
15456,MECKLENBURG,11/7/23,84,10,C,CHARLOTTE-MECKLENBURG SCHOOLS BOARD OF EDUCATION AT-LARGE,Michael Johnson, ,3,47,12,0,0,59,Y
15457,MECKLENBURG,11/7/23,84,10,C,CHARLOTTE-MECKLENBURG SCHOOLS BOARD OF EDUCATION AT-LARGE,Monty Witherspoon, ,3,39,36,0,0,75,Y
15458,MECKLENBURG,11/7/23,84,10,C,CHARLOTTE-MECKLENBURG SCHOOLS BOARD OF EDUCATION AT-LARGE,Omar Harris, ,3,39,12,0,0,51,Y
15459,MECKLENBURG,11/7/23,84,10,C,CHARLOTTE-MECKLENBURG SCHOOLS BOARD OF EDUCATION AT-LARGE,Peggy A. Capehart, ,3,17,1,0,0,18,Y
15461,MECKLENBURG,11/7/23,84,10,C,CHARLOTTE-MECKLENBURG SCHOOLS BOARD OF EDUCATION AT-LARGE,Shamaiye Haynes, ,3,67,35,0,0,102,Y
15463,MECKLENBURG,11/7/23,84,10,C,CHARLOTTE-MECKLENBURG SCHOOLS BOARD OF EDUCATION AT-LARGE,Tigress Sydney Acute McDaniel, ,3,26,10,0,0,36,Y
15498,MECKLENBURG,11/7/23,85,10,C,CHARLOTTE-MECKLENBURG SCHOOLS BOARD OF EDUCATION AT-LARGE,Annette Albright, ,3,78,41,0,0,119,Y
15499,MECKLENBURG,11/7/23,85,10,C,CHARLOTTE-MECKLENBURG SCHOOLS BOARD OF EDUCATION AT-LARGE,Bill Fountain, ,3,79,49,0,0,128,Y
15500,MECKLENBURG,11/7/23,85,10,C,CHARLOTTE-MECKLENBURG SCHOOLS BOARD OF EDUCATION AT-LARGE,Brian Kasher, ,3,44,23,0,0,67,Y
15501,MECKLENBURG,11/7/23,85,10,C,CHARLOTTE-MECKLENBURG SCHOOLS BOARD OF EDUCATION AT-LARGE,Claire Covington, ,3,73,46,0,0,119,Y
15502,MECKLENBURG,11/7/23,85,10,C,CHARLOTTE-MECKLENBURG SCHOOLS BOARD OF EDUCATION AT-LARGE,Clara Kennedy Witherspoon, ,3,38,26,0,0,64,Y
15503,MECKLENBURG,11/7/23,85,10,C,CHARLOTTE-MECKLENBURG SCHOOLS BOARD OF EDUCATION AT-LARGE,Juanrique Pallamente Hall, ,3,16,20,0,0,36,Y
15504,MECKLENBURG,11/7/23,85,10,C,CHARLOTTE-MECKLENBURG SCHOOLS BOARD OF EDUCATION AT-LARGE,Lenora Shipp, ,3,130,122,0,0,252,Y
15505,MECKLENBURG,11/7/23,85,10,C,CHARLOTTE-MECKLENBURG SCHOOLS BOARD OF EDUCATION AT-LARGE,Liz Monterrey, ,3,132,119,0,0,251,Y
15506,MECKLENBURG,11/7/23,85,10,C,CHARLOTTE-MECKLENBURG SCHOOLS BOARD OF EDUCATION AT-LARGE,Michael Johnson, ,3,67,46,0,0,113,Y
15507,MECKLENBURG,11/7/23,85,10,C,CHARLOTTE-MECKLENBURG SCHOOLS BOARD OF EDUCATION AT-LARGE,Monty Witherspoon, ,3,115,102,0,0,217,Y
15508,MECKLENBURG,11/7/23,85,10,C,CHARLOTTE-MECKLENBURG SCHOOLS BOARD OF EDUCATION AT-LARGE,Omar Harris, ,3,25,25,0,0,50,Y
15509,MECKLENBURG,11/7/23,85,10,C,CHARLOTTE-MECKLENBURG SCHOOLS BOARD OF EDUCATION AT-LARGE,Peggy A. Capehart, ,3,23,19,0,0,42,Y
15511,MECKLENBURG,11/7/23,85,10,C,CHARLOTTE-MECKLENBURG SCHOOLS BOARD OF EDUCATION AT-LARGE,Shamaiye Haynes, ,3,60,69,0,0,129,Y
15513,MECKLENBURG,11/7/23,85,10,C,CHARLOTTE-MECKLENBURG SCHOOLS BOARD OF EDUCATION AT-LARGE,Tigress Sydney Acute McDaniel, ,3,19,12,0,0,31,Y
15548,MECKLENBURG,11/7/23,86,10,C,CHARLOTTE-MECKLENBURG SCHOOLS BOARD OF EDUCATION AT-LARGE,Annette Albright, ,3,128,35,0,0,163,Y
15549,MECKLENBURG,11/7/23,86,10,C,CHARLOTTE-MECKLENBURG SCHOOLS BOARD OF EDUCATION AT-LARGE,Bill Fountain, ,3,173,75,0,0,248,Y
15550,MECKLENBURG,11/7/23,86,10,C,CHARLOTTE-MECKLENBURG SCHOOLS BOARD OF EDUCATION AT-LARGE,Brian Kasher, ,3,66,21,0,0,87,Y
15551,MECKLENBURG,11/7/23,86,10,C,CHARLOTTE-MECKLENBURG SCHOOLS BOARD OF EDUCATION AT-LARGE,Claire Covington, ,3,147,69,0,0,216,Y
15552,MECKLENBURG,11/7/23,86,10,C,CHARLOTTE-MECKLENBURG SCHOOLS BOARD OF EDUCATION AT-LARGE,Clara Kennedy Witherspoon, ,3,43,25,0,0,68,Y
15553,MECKLENBURG,11/7/23,86,10,C,CHARLOTTE-MECKLENBURG SCHOOLS BOARD OF EDUCATION AT-LARGE,Juanrique Pallamente Hall, ,3,9,7,0,0,16,Y
15554,MECKLENBURG,11/7/23,86,10,C,CHARLOTTE-MECKLENBURG SCHOOLS BOARD OF EDUCATION AT-LARGE,Lenora Shipp, ,3,138,84,0,0,222,Y
15555,MECKLENBURG,11/7/23,86,10,C,CHARLOTTE-MECKLENBURG SCHOOLS BOARD OF EDUCATION AT-LARGE,Liz Monterrey, ,3,183,111,0,0,294,Y
15556,MECKLENBURG,11/7/23,86,10,C,CHARLOTTE-MECKLENBURG SCHOOLS BOARD OF EDUCATION AT-LARGE,Michael Johnson, ,3,121,45,0,0,166,Y
15557,MECKLENBURG,11/7/23,86,10,C,CHARLOTTE-MECKLENBURG SCHOOLS BOARD OF EDUCATION AT-LARGE,Monty Witherspoon, ,3,144,90,0,0,234,Y
15558,MECKLENBURG,11/7/23,86,10,C,CHARLOTTE-MECKLENBURG SCHOOLS BOARD OF EDUCATION AT-LARGE,Omar Harris, ,3,14,5,0,0,19,Y
15559,MECKLENBURG,11/7/23,86,10,C,CHARLOTTE-MECKLENBURG SCHOOLS BOARD OF EDUCATION AT-LARGE,Peggy A. Capehart, ,3,41,13,0,0,54,Y
15561,MECKLENBURG,11/7/23,86,10,C,CHARLOTTE-MECKLENBURG SCHOOLS BOARD OF EDUCATION AT-LARGE,Shamaiye Haynes, ,3,71,41,0,0,112,Y
15563,MECKLENBURG,11/7/23,86,10,C,CHARLOTTE-MECKLENBURG SCHOOLS BOARD OF EDUCATION AT-LARGE,Tigress Sydney Acute McDaniel, ,3,9,4,0,0,13,Y
15598,MECKLENBURG,11/7/23,87,10,C,CHARLOTTE-MECKLENBURG SCHOOLS BOARD OF EDUCATION AT-LARGE,Annette Albright, ,3,60,18,0,0,78,Y
15599,MECKLENBURG,11/7/23,87,10,C,CHARLOTTE-MECKLENBURG SCHOOLS BOARD OF EDUCATION AT-LARGE,Bill Fountain, ,3,59,25,0,0,84,Y
15600,MECKLENBURG,11/7/23,87,10,C,CHARLOTTE-MECKLENBURG SCHOOLS BOARD OF EDUCATION AT-LARGE,Brian Kasher, ,3,32,10,0,0,42,Y
15601,MECKLENBURG,11/7/23,87,10,C,CHARLOTTE-MECKLENBURG SCHOOLS BOARD OF EDUCATION AT-LARGE,Claire Covington, ,3,45,17,0,0,62,Y
15602,MECKLENBURG,11/7/23,87,10,C,CHARLOTTE-MECKLENBURG SCHOOLS BOARD OF EDUCATION AT-LARGE,Clara Kennedy Witherspoon, ,3,13,22,0,0,35,Y
15603,MECKLENBURG,11/7/23,87,10,C,CHARLOTTE-MECKLENBURG SCHOOLS BOARD OF EDUCATION AT-LARGE,Juanrique Pallamente Hall, ,3,20,7,0,0,27,Y
15604,MECKLENBURG,11/7/23,87,10,C,CHARLOTTE-MECKLENBURG SCHOOLS BOARD OF EDUCATION AT-LARGE,Lenora Shipp, ,3,65,51,0,0,116,Y
15605,MECKLENBURG,11/7/23,87,10,C,CHARLOTTE-MECKLENBURG SCHOOLS BOARD OF EDUCATION AT-LARGE,Liz Monterrey, ,3,81,55,0,0,136,Y
15606,MECKLENBURG,11/7/23,87,10,C,CHARLOTTE-MECKLENBURG SCHOOLS BOARD OF EDUCATION AT-LARGE,Michael Johnson, ,3,58,14,0,0,72,Y
15607,MECKLENBURG,11/7/23,87,10,C,CHARLOTTE-MECKLENBURG SCHOOLS BOARD OF EDUCATION AT-LARGE,Monty Witherspoon, ,3,56,38,0,0,94,Y
15608,MECKLENBURG,11/7/23,87,10,C,CHARLOTTE-MECKLENBURG SCHOOLS BOARD OF EDUCATION AT-LARGE,Omar Harris, ,3,37,6,0,0,43,Y
15609,MECKLENBURG,11/7/23,87,10,C,CHARLOTTE-MECKLENBURG SCHOOLS BOARD OF EDUCATION AT-LARGE,Peggy A. Capehart, ,3,31,8,0,0,39,Y
15611,MECKLENBURG,11/7/23,87,10,C,CHARLOTTE-MECKLENBURG SCHOOLS BOARD OF EDUCATION AT-LARGE,Shamaiye Haynes, ,3,57,29,0,0,86,Y
15613,MECKLENBURG,11/7/23,87,10,C,CHARLOTTE-MECKLENBURG SCHOOLS BOARD OF EDUCATION AT-LARGE,Tigress Sydney Acute McDaniel, ,3,27,7,0,0,34,Y
15648,MECKLENBURG,11/7/23,88,10,C,CHARLOTTE-MECKLENBURG SCHOOLS BOARD OF EDUCATION AT-LARGE,Annette Albright, ,3,91,13,0,0,104,Y
15649,MECKLENBURG,11/7/23,88,10,C,CHARLOTTE-MECKLENBURG SCHOOLS BOARD OF EDUCATION AT-LARGE,Bill Fountain, ,3,87,25,0,0,112,Y
15650,MECKLENBURG,11/7/23,88,10,C,CHARLOTTE-MECKLENBURG SCHOOLS BOARD OF EDUCATION AT-LARGE,Brian Kasher, ,3,50,14,0,0,64,Y
15651,MECKLENBURG,11/7/23,88,10,C,CHARLOTTE-MECKLENBURG SCHOOLS BOARD OF EDUCATION AT-LARGE,Claire Covington, ,3,69,14,0,0,83,Y
15652,MECKLENBURG,11/7/23,88,10,C,CHARLOTTE-MECKLENBURG SCHOOLS BOARD OF EDUCATION AT-LARGE,Clara Kennedy Witherspoon, ,3,36,10,0,0,46,Y
15653,MECKLENBURG,11/7/23,88,10,C,CHARLOTTE-MECKLENBURG SCHOOLS BOARD OF EDUCATION AT-LARGE,Juanrique Pallamente Hall, ,3,13,8,0,0,21,Y
15654,MECKLENBURG,11/7/23,88,10,C,CHARLOTTE-MECKLENBURG SCHOOLS BOARD OF EDUCATION AT-LARGE,Lenora Shipp, ,3,75,47,0,0,122,Y
15655,MECKLENBURG,11/7/23,88,10,C,CHARLOTTE-MECKLENBURG SCHOOLS BOARD OF EDUCATION AT-LARGE,Liz Monterrey, ,3,97,37,0,0,134,Y
15656,MECKLENBURG,11/7/23,88,10,C,CHARLOTTE-MECKLENBURG SCHOOLS BOARD OF EDUCATION AT-LARGE,Michael Johnson, ,3,79,18,0,0,97,Y
15657,MECKLENBURG,11/7/23,88,10,C,CHARLOTTE-MECKLENBURG SCHOOLS BOARD OF EDUCATION AT-LARGE,Monty Witherspoon, ,3,49,38,0,0,87,Y
15658,MECKLENBURG,11/7/23,88,10,C,CHARLOTTE-MECKLENBURG SCHOOLS BOARD OF EDUCATION AT-LARGE,Omar Harris, ,3,25,13,0,0,38,Y
15659,MECKLENBURG,11/7/23,88,10,C,CHARLOTTE-MECKLENBURG SCHOOLS BOARD OF EDUCATION AT-LARGE,Peggy A. Capehart, ,3,21,7,0,0,28,Y
15661,MECKLENBURG,11/7/23,88,10,C,CHARLOTTE-MECKLENBURG SCHOOLS BOARD OF EDUCATION AT-LARGE,Shamaiye Haynes, ,3,52,31,0,0,83,Y
15663,MECKLENBURG,11/7/23,88,10,C,CHARLOTTE-MECKLENBURG SCHOOLS BOARD OF EDUCATION AT-LARGE,Tigress Sydney Acute McDaniel, ,3,13,10,0,0,23,Y
15697,MECKLENBURG,11/7/23,89,10,C,CHARLOTTE-MECKLENBURG SCHOOLS BOARD OF EDUCATION AT-LARGE,Annette Albright, ,3,182,40,0,0,222,Y
15698,MECKLENBURG,11/7/23,89,10,C,CHARLOTTE-MECKLENBURG SCHOOLS BOARD OF EDUCATION AT-LARGE,Bill Fountain, ,3,107,9,0,0,116,Y
15699,MECKLENBURG,11/7/23,89,10,C,CHARLOTTE-MECKLENBURG SCHOOLS BOARD OF EDUCATION AT-LARGE,Brian Kasher, ,3,55,7,0,0,62,Y
15700,MECKLENBURG,11/7/23,89,10,C,CHARLOTTE-MECKLENBURG SCHOOLS BOARD OF EDUCATION AT-LARGE,Claire Covington, ,3,106,19,0,0,125,Y
15701,MECKLENBURG,11/7/23,89,10,C,CHARLOTTE-MECKLENBURG SCHOOLS BOARD OF EDUCATION AT-LARGE,Clara Kennedy Witherspoon, ,3,61,22,0,0,83,Y
15702,MECKLENBURG,11/7/23,89,10,C,CHARLOTTE-MECKLENBURG SCHOOLS BOARD OF EDUCATION AT-LARGE,Juanrique Pallamente Hall, ,3,31,12,0,0,43,Y
15703,MECKLENBURG,11/7/23,89,10,C,CHARLOTTE-MECKLENBURG SCHOOLS BOARD OF EDUCATION AT-LARGE,Lenora Shipp, ,3,237,78,0,0,315,Y
15704,MECKLENBURG,11/7/23,89,10,C,CHARLOTTE-MECKLENBURG SCHOOLS BOARD OF EDUCATION AT-LARGE,Liz Monterrey, ,3,162,36,0,0,198,Y
15705,MECKLENBURG,11/7/23,89,10,C,CHARLOTTE-MECKLENBURG SCHOOLS BOARD OF EDUCATION AT-LARGE,Michael Johnson, ,3,139,29,0,0,168,Y
15706,MECKLENBURG,11/7/23,89,10,C,CHARLOTTE-MECKLENBURG SCHOOLS BOARD OF EDUCATION AT-LARGE,Monty Witherspoon, ,3,221,80,0,0,301,Y
15707,MECKLENBURG,11/7/23,89,10,C,CHARLOTTE-MECKLENBURG SCHOOLS BOARD OF EDUCATION AT-LARGE,Omar Harris, ,3,52,22,0,0,74,Y
15708,MECKLENBURG,11/7/23,89,10,C,CHARLOTTE-MECKLENBURG SCHOOLS BOARD OF EDUCATION AT-LARGE,Peggy A. Capehart, ,3,37,5,0,0,42,Y
15710,MECKLENBURG,11/7/23,89,10,C,CHARLOTTE-MECKLENBURG SCHOOLS BOARD OF EDUCATION AT-LARGE,Shamaiye Haynes, ,3,218,54,0,0,272,Y
15712,MECKLENBURG,11/7/23,89,10,C,CHARLOTTE-MECKLENBURG SCHOOLS BOARD OF EDUCATION AT-LARGE,Tigress Sydney Acute McDaniel, ,3,34,8,0,0,42,Y
15747,MECKLENBURG,11/7/23,90,10,C,CHARLOTTE-MECKLENBURG SCHOOLS BOARD OF EDUCATION AT-LARGE,Annette Albright, ,3,39,13,0,0,52,Y
15748,MECKLENBURG,11/7/23,90,10,C,CHARLOTTE-MECKLENBURG SCHOOLS BOARD OF EDUCATION AT-LARGE,Bill Fountain, ,3,68,21,0,0,89,Y
15749,MECKLENBURG,11/7/23,90,10,C,CHARLOTTE-MECKLENBURG SCHOOLS BOARD OF EDUCATION AT-LARGE,Brian Kasher, ,3,41,15,0,0,56,Y
15750,MECKLENBURG,11/7/23,90,10,C,CHARLOTTE-MECKLENBURG SCHOOLS BOARD OF EDUCATION AT-LARGE,Claire Covington, ,3,43,13,0,0,56,Y
15751,MECKLENBURG,11/7/23,90,10,C,CHARLOTTE-MECKLENBURG SCHOOLS BOARD OF EDUCATION AT-LARGE,Clara Kennedy Witherspoon, ,3,39,10,0,0,49,Y
15752,MECKLENBURG,11/7/23,90,10,C,CHARLOTTE-MECKLENBURG SCHOOLS BOARD OF EDUCATION AT-LARGE,Juanrique Pallamente Hall, ,3,19,4,0,0,23,Y
15753,MECKLENBURG,11/7/23,90,10,C,CHARLOTTE-MECKLENBURG SCHOOLS BOARD OF EDUCATION AT-LARGE,Lenora Shipp, ,3,68,38,0,0,106,Y
15754,MECKLENBURG,11/7/23,90,10,C,CHARLOTTE-MECKLENBURG SCHOOLS BOARD OF EDUCATION AT-LARGE,Liz Monterrey, ,3,77,33,0,0,110,Y
15755,MECKLENBURG,11/7/23,90,10,C,CHARLOTTE-MECKLENBURG SCHOOLS BOARD OF EDUCATION AT-LARGE,Michael Johnson, ,3,33,13,0,0,46,Y
15756,MECKLENBURG,11/7/23,90,10,C,CHARLOTTE-MECKLENBURG SCHOOLS BOARD OF EDUCATION AT-LARGE,Monty Witherspoon, ,3,55,31,0,0,86,Y
15757,MECKLENBURG,11/7/23,90,10,C,CHARLOTTE-MECKLENBURG SCHOOLS BOARD OF EDUCATION AT-LARGE,Omar Harris, ,3,17,7,0,0,24,Y
15758,MECKLENBURG,11/7/23,90,10,C,CHARLOTTE-MECKLENBURG SCHOOLS BOARD OF EDUCATION AT-LARGE,Peggy A. Capehart, ,3,20,11,0,0,31,Y
15793,MECKLENBURG,11/7/23,203,10,C,CHARLOTTE-MECKLENBURG SCHOOLS BOARD OF EDUCATION AT-LARGE,Annette Albright, ,3,125,40,0,0,165,Y
15794,MECKLENBURG,11/7/23,203,10,C,CHARLOTTE-MECKLENBURG SCHOOLS BOARD OF EDUCATION AT-LARGE,Bill Fountain, ,3,40,19,0,0,59,Y
15795,MECKLENBURG,11/7/23,203,10,C,CHARLOTTE-MECKLENBURG SCHOOLS BOARD OF EDUCATION AT-LARGE,Brian Kasher, ,3,35,13,0,0,48,Y
15796,MECKLENBURG,11/7/23,203,10,C,CHARLOTTE-MECKLENBURG SCHOOLS BOARD OF EDUCATION AT-LARGE,Claire Covington, ,3,79,24,0,0,103,Y
15797,MECKLENBURG,11/7/23,203,10,C,CHARLOTTE-MECKLENBURG SCHOOLS BOARD OF EDUCATION AT-LARGE,Clara Kennedy Witherspoon, ,3,129,44,0,0,173,Y
15798,MECKLENBURG,11/7/23,203,10,C,CHARLOTTE-MECKLENBURG SCHOOLS BOARD OF EDUCATION AT-LARGE,Juanrique Pallamente Hall, ,3,70,19,0,0,89,Y
15799,MECKLENBURG,11/7/23,203,10,C,CHARLOTTE-MECKLENBURG SCHOOLS BOARD OF EDUCATION AT-LARGE,Lenora Shipp, ,3,222,129,0,0,351,Y
15800,MECKLENBURG,11/7/23,203,10,C,CHARLOTTE-MECKLENBURG SCHOOLS BOARD OF EDUCATION AT-LARGE,Liz Monterrey, ,3,90,51,0,0,141,Y
15801,MECKLENBURG,11/7/23,203,10,C,CHARLOTTE-MECKLENBURG SCHOOLS BOARD OF EDUCATION AT-LARGE,Michael Johnson, ,3,96,25,0,0,121,Y
15802,MECKLENBURG,11/7/23,203,10,C,CHARLOTTE-MECKLENBURG SCHOOLS BOARD OF EDUCATION AT-LARGE,Monty Witherspoon, ,3,176,108,0,0,284,Y
15803,MECKLENBURG,11/7/23,203,10,C,CHARLOTTE-MECKLENBURG SCHOOLS BOARD OF EDUCATION AT-LARGE,Omar Harris, ,3,115,39,0,0,154,Y
15804,MECKLENBURG,11/7/23,203,10,C,CHARLOTTE-MECKLENBURG SCHOOLS BOARD OF EDUCATION AT-LARGE,Peggy A. Capehart, ,3,46,8,0,0,54,Y
15806,MECKLENBURG,11/7/23,203,10,C,CHARLOTTE-MECKLENBURG SCHOOLS BOARD OF EDUCATION AT-LARGE,Shamaiye Haynes, ,3,263,103,0,0,366,Y
15808,MECKLENBURG,11/7/23,203,10,C,CHARLOTTE-MECKLENBURG SCHOOLS BOARD OF EDUCATION AT-LARGE,Tigress Sydney Acute McDaniel, ,3,65,23,0,0,88,Y
15842,MECKLENBURG,11/7/23,204.1,10,C,CHARLOTTE-MECKLENBURG SCHOOLS BOARD OF EDUCATION AT-LARGE,Annette Albright, ,3,128,28,0,0,156,Y
15843,MECKLENBURG,11/7/23,204.1,10,C,CHARLOTTE-MECKLENBURG SCHOOLS BOARD OF EDUCATION AT-LARGE,Bill Fountain, ,3,33,13,0,0,46,Y
15844,MECKLENBURG,11/7/23,204.1,10,C,CHARLOTTE-MECKLENBURG SCHOOLS BOARD OF EDUCATION AT-LARGE,Brian Kasher, ,3,28,9,0,0,37,Y
15845,MECKLENBURG,11/7/23,204.1,10,C,CHARLOTTE-MECKLENBURG SCHOOLS BOARD OF EDUCATION AT-LARGE,Claire Covington, ,3,64,17,0,0,81,Y
15846,MECKLENBURG,11/7/23,204.1,10,C,CHARLOTTE-MECKLENBURG SCHOOLS BOARD OF EDUCATION AT-LARGE,Clara Kennedy Witherspoon, ,3,87,32,0,0,119,Y
15847,MECKLENBURG,11/7/23,204.1,10,C,CHARLOTTE-MECKLENBURG SCHOOLS BOARD OF EDUCATION AT-LARGE,Juanrique Pallamente Hall, ,3,63,20,0,0,83,Y
15848,MECKLENBURG,11/7/23,204.1,10,C,CHARLOTTE-MECKLENBURG SCHOOLS BOARD OF EDUCATION AT-LARGE,Lenora Shipp, ,3,222,153,0,0,375,Y
15849,MECKLENBURG,11/7/23,204.1,10,C,CHARLOTTE-MECKLENBURG SCHOOLS BOARD OF EDUCATION AT-LARGE,Liz Monterrey, ,3,76,71,0,0,147,Y
15850,MECKLENBURG,11/7/23,204.1,10,C,CHARLOTTE-MECKLENBURG SCHOOLS BOARD OF EDUCATION AT-LARGE,Michael Johnson, ,3,108,31,0,0,139,Y
15851,MECKLENBURG,11/7/23,204.1,10,C,CHARLOTTE-MECKLENBURG SCHOOLS BOARD OF EDUCATION AT-LARGE,Monty Witherspoon, ,3,153,126,0,0,279,Y
15852,MECKLENBURG,11/7/23,204.1,10,C,CHARLOTTE-MECKLENBURG SCHOOLS BOARD OF EDUCATION AT-LARGE,Omar Harris, ,3,165,40,0,0,205,Y
15853,MECKLENBURG,11/7/23,204.1,10,C,CHARLOTTE-MECKLENBURG SCHOOLS BOARD OF EDUCATION AT-LARGE,Peggy A. Capehart, ,3,23,7,0,0,30,Y
15855,MECKLENBURG,11/7/23,204.1,10,C,CHARLOTTE-MECKLENBURG SCHOOLS BOARD OF EDUCATION AT-LARGE,Shamaiye Haynes, ,3,211,113,0,0,324,Y
15857,MECKLENBURG,11/7/23,204.1,10,C,CHARLOTTE-MECKLENBURG SCHOOLS BOARD OF EDUCATION AT-LARGE,Tigress Sydney Acute McDaniel, ,3,66,20,0,0,86,Y
15891,MECKLENBURG,11/7/23,205,10,C,CHARLOTTE-MECKLENBURG SCHOOLS BOARD OF EDUCATION AT-LARGE,Annette Albright, ,3,92,27,0,0,119,Y
15892,MECKLENBURG,11/7/23,205,10,C,CHARLOTTE-MECKLENBURG SCHOOLS BOARD OF EDUCATION AT-LARGE,Bill Fountain, ,3,70,17,0,0,87,Y
15893,MECKLENBURG,11/7/23,205,10,C,CHARLOTTE-MECKLENBURG SCHOOLS BOARD OF EDUCATION AT-LARGE,Brian Kasher, ,3,36,9,0,0,45,Y
15894,MECKLENBURG,11/7/23,205,10,C,CHARLOTTE-MECKLENBURG SCHOOLS BOARD OF EDUCATION AT-LARGE,Claire Covington, ,3,80,15,0,0,95,Y
15895,MECKLENBURG,11/7/23,205,10,C,CHARLOTTE-MECKLENBURG SCHOOLS BOARD OF EDUCATION AT-LARGE,Clara Kennedy Witherspoon, ,3,65,34,0,0,99,Y
15896,MECKLENBURG,11/7/23,205,10,C,CHARLOTTE-MECKLENBURG SCHOOLS BOARD OF EDUCATION AT-LARGE,Juanrique Pallamente Hall, ,3,29,6,0,0,35,Y
15897,MECKLENBURG,11/7/23,205,10,C,CHARLOTTE-MECKLENBURG SCHOOLS BOARD OF EDUCATION AT-LARGE,Lenora Shipp, ,3,138,107,0,0,245,Y
15898,MECKLENBURG,11/7/23,205,10,C,CHARLOTTE-MECKLENBURG SCHOOLS BOARD OF EDUCATION AT-LARGE,Liz Monterrey, ,3,81,55,0,0,136,Y
15899,MECKLENBURG,11/7/23,205,10,C,CHARLOTTE-MECKLENBURG SCHOOLS BOARD OF EDUCATION AT-LARGE,Michael Johnson, ,3,83,24,0,0,107,Y
15900,MECKLENBURG,11/7/23,205,10,C,CHARLOTTE-MECKLENBURG SCHOOLS BOARD OF EDUCATION AT-LARGE,Monty Witherspoon, ,3,115,93,0,0,208,Y
15901,MECKLENBURG,11/7/23,205,10,C,CHARLOTTE-MECKLENBURG SCHOOLS BOARD OF EDUCATION AT-LARGE,Omar Harris, ,3,67,24,0,0,91,Y
15902,MECKLENBURG,11/7/23,205,10,C,CHARLOTTE-MECKLENBURG SCHOOLS BOARD OF EDUCATION AT-LARGE,Peggy A. Capehart, ,3,21,9,0,0,30,Y
15904,MECKLENBURG,11/7/23,205,10,C,CHARLOTTE-MECKLENBURG SCHOOLS BOARD OF EDUCATION AT-LARGE,Shamaiye Haynes, ,3,174,86,0,0,260,Y
15906,MECKLENBURG,11/7/23,205,10,C,CHARLOTTE-MECKLENBURG SCHOOLS BOARD OF EDUCATION AT-LARGE,Tigress Sydney Acute McDaniel, ,3,28,20,0,0,48,Y
15910,MECKLENBURG,11/7/23,206,10,C,CHARLOTTE-MECKLENBURG SCHOOLS BOARD OF EDUCATION AT-LARGE,Annette Albright, ,3,99,58,0,0,157,Y
15911,MECKLENBURG,11/7/23,206,10,C,CHARLOTTE-MECKLENBURG SCHOOLS BOARD OF EDUCATION AT-LARGE,Bill Fountain, ,3,145,109,0,0,254,Y
15912,MECKLENBURG,11/7/23,206,10,C,CHARLOTTE-MECKLENBURG SCHOOLS BOARD OF EDUCATION AT-LARGE,Brian Kasher, ,3,70,59,0,0,129,Y
15913,MECKLENBURG,11/7/23,206,10,C,CHARLOTTE-MECKLENBURG SCHOOLS BOARD OF EDUCATION AT-LARGE,Claire Covington, ,3,92,61,0,0,153,Y
15914,MECKLENBURG,11/7/23,206,10,C,CHARLOTTE-MECKLENBURG SCHOOLS BOARD OF EDUCATION AT-LARGE,Clara Kennedy Witherspoon, ,3,65,66,0,0,131,Y
15915,MECKLENBURG,11/7/23,206,10,C,CHARLOTTE-MECKLENBURG SCHOOLS BOARD OF EDUCATION AT-LARGE,Juanrique Pallamente Hall, ,3,25,12,0,0,37,Y
15916,MECKLENBURG,11/7/23,206,10,C,CHARLOTTE-MECKLENBURG SCHOOLS BOARD OF EDUCATION AT-LARGE,Lenora Shipp, ,3,392,422,0,0,814,Y
15917,MECKLENBURG,11/7/23,206,10,C,CHARLOTTE-MECKLENBURG SCHOOLS BOARD OF EDUCATION AT-LARGE,Liz Monterrey, ,3,422,447,0,0,869,Y
15918,MECKLENBURG,11/7/23,206,10,C,CHARLOTTE-MECKLENBURG SCHOOLS BOARD OF EDUCATION AT-LARGE,Michael Johnson, ,3,77,52,0,0,129,Y
15919,MECKLENBURG,11/7/23,206,10,C,CHARLOTTE-MECKLENBURG SCHOOLS BOARD OF EDUCATION AT-LARGE,Monty Witherspoon, ,3,376,404,0,0,780,Y
15920,MECKLENBURG,11/7/23,206,10,C,CHARLOTTE-MECKLENBURG SCHOOLS BOARD OF EDUCATION AT-LARGE,Omar Harris, ,3,25,19,0,0,44,Y
15921,MECKLENBURG,11/7/23,206,10,C,CHARLOTTE-MECKLENBURG SCHOOLS BOARD OF EDUCATION AT-LARGE,Peggy A. Capehart, ,3,28,22,0,0,50,Y
15923,MECKLENBURG,11/7/23,206,10,C,CHARLOTTE-MECKLENBURG SCHOOLS BOARD OF EDUCATION AT-LARGE,Shamaiye Haynes, ,3,115,91,0,0,206,Y
15925,MECKLENBURG,11/7/23,206,10,C,CHARLOTTE-MECKLENBURG SCHOOLS BOARD OF EDUCATION AT-LARGE,Tigress Sydney Acute McDaniel, ,3,31,19,0,0,50,Y
15940,MECKLENBURG,11/7/23,207,10,C,CHARLOTTE-MECKLENBURG SCHOOLS BOARD OF EDUCATION AT-LARGE,Annette Albright, ,3,199,95,0,0,294,Y
15941,MECKLENBURG,11/7/23,207,10,C,CHARLOTTE-MECKLENBURG SCHOOLS BOARD OF EDUCATION AT-LARGE,Bill Fountain, ,3,300,147,0,0,447,Y
15942,MECKLENBURG,11/7/23,207,10,C,CHARLOTTE-MECKLENBURG SCHOOLS BOARD OF EDUCATION AT-LARGE,Brian Kasher, ,3,129,42,0,0,171,Y
15943,MECKLENBURG,11/7/23,207,10,C,CHARLOTTE-MECKLENBURG SCHOOLS BOARD OF EDUCATION AT-LARGE,Claire Covington, ,3,171,80,0,0,251,Y
15944,MECKLENBURG,11/7/23,207,10,C,CHARLOTTE-MECKLENBURG SCHOOLS BOARD OF EDUCATION AT-LARGE,Clara Kennedy Witherspoon, ,3,99,48,0,0,147,Y
15945,MECKLENBURG,11/7/23,207,10,C,CHARLOTTE-MECKLENBURG SCHOOLS BOARD OF EDUCATION AT-LARGE,Juanrique Pallamente Hall, ,3,46,19,0,0,65,Y
15946,MECKLENBURG,11/7/23,207,10,C,CHARLOTTE-MECKLENBURG SCHOOLS BOARD OF EDUCATION AT-LARGE,Lenora Shipp, ,3,259,217,0,0,476,Y
15947,MECKLENBURG,11/7/23,207,10,C,CHARLOTTE-MECKLENBURG SCHOOLS BOARD OF EDUCATION AT-LARGE,Liz Monterrey, ,3,284,226,0,0,510,Y
15948,MECKLENBURG,11/7/23,207,10,C,CHARLOTTE-MECKLENBURG SCHOOLS BOARD OF EDUCATION AT-LARGE,Michael Johnson, ,3,142,90,0,0,232,Y
15949,MECKLENBURG,11/7/23,207,10,C,CHARLOTTE-MECKLENBURG SCHOOLS BOARD OF EDUCATION AT-LARGE,Monty Witherspoon, ,3,213,186,0,0,399,Y
15950,MECKLENBURG,11/7/23,207,10,C,CHARLOTTE-MECKLENBURG SCHOOLS BOARD OF EDUCATION AT-LARGE,Omar Harris, ,3,56,35,0,0,91,Y
15951,MECKLENBURG,11/7/23,207,10,C,CHARLOTTE-MECKLENBURG SCHOOLS BOARD OF EDUCATION AT-LARGE,Peggy A. Capehart, ,3,49,22,0,0,71,Y
15953,MECKLENBURG,11/7/23,207,10,C,CHARLOTTE-MECKLENBURG SCHOOLS BOARD OF EDUCATION AT-LARGE,Shamaiye Haynes, ,3,103,69,0,0,172,Y
15955,MECKLENBURG,11/7/23,207,10,C,CHARLOTTE-MECKLENBURG SCHOOLS BOARD OF EDUCATION AT-LARGE,Tigress Sydney Acute McDaniel, ,3,31,26,0,0,57,Y
15985,MECKLENBURG,11/7/23,208,10,C,CHARLOTTE-MECKLENBURG SCHOOLS BOARD OF EDUCATION AT-LARGE,Annette Albright, ,3,154,92,0,0,246,Y
15986,MECKLENBURG,11/7/23,208,10,C,CHARLOTTE-MECKLENBURG SCHOOLS BOARD OF EDUCATION AT-LARGE,Bill Fountain, ,3,331,195,0,0,526,Y
15987,MECKLENBURG,11/7/23,208,10,C,CHARLOTTE-MECKLENBURG SCHOOLS BOARD OF EDUCATION AT-LARGE,Brian Kasher, ,3,122,73,0,0,195,Y
15988,MECKLENBURG,11/7/23,208,10,C,CHARLOTTE-MECKLENBURG SCHOOLS BOARD OF EDUCATION AT-LARGE,Claire Covington, ,3,166,110,0,0,276,Y
15989,MECKLENBURG,11/7/23,208,10,C,CHARLOTTE-MECKLENBURG SCHOOLS BOARD OF EDUCATION AT-LARGE,Clara Kennedy Witherspoon, ,3,79,55,0,0,134,Y
15990,MECKLENBURG,11/7/23,208,10,C,CHARLOTTE-MECKLENBURG SCHOOLS BOARD OF EDUCATION AT-LARGE,Juanrique Pallamente Hall, ,3,37,17,0,0,54,Y
15991,MECKLENBURG,11/7/23,208,10,C,CHARLOTTE-MECKLENBURG SCHOOLS BOARD OF EDUCATION AT-LARGE,Lenora Shipp, ,3,162,120,0,0,282,Y
15992,MECKLENBURG,11/7/23,208,10,C,CHARLOTTE-MECKLENBURG SCHOOLS BOARD OF EDUCATION AT-LARGE,Liz Monterrey, ,3,205,143,0,0,348,Y
15993,MECKLENBURG,11/7/23,208,10,C,CHARLOTTE-MECKLENBURG SCHOOLS BOARD OF EDUCATION AT-LARGE,Michael Johnson, ,3,193,93,0,0,286,Y
15994,MECKLENBURG,11/7/23,208,10,C,CHARLOTTE-MECKLENBURG SCHOOLS BOARD OF EDUCATION AT-LARGE,Monty Witherspoon, ,3,120,85,0,0,205,Y
15995,MECKLENBURG,11/7/23,208,10,C,CHARLOTTE-MECKLENBURG SCHOOLS BOARD OF EDUCATION AT-LARGE,Omar Harris, ,3,48,23,0,0,71,Y
15996,MECKLENBURG,11/7/23,208,10,C,CHARLOTTE-MECKLENBURG SCHOOLS BOARD OF EDUCATION AT-LARGE,Peggy A. Capehart, ,3,63,50,0,0,113,Y
15998,MECKLENBURG,11/7/23,208,10,C,CHARLOTTE-MECKLENBURG SCHOOLS BOARD OF EDUCATION AT-LARGE,Shamaiye Haynes, ,3,83,54,0,0,137,Y
16000,MECKLENBURG,11/7/23,208,10,C,CHARLOTTE-MECKLENBURG SCHOOLS BOARD OF EDUCATION AT-LARGE,Tigress Sydney Acute McDaniel, ,3,28,14,0,0,42,Y
16050,MECKLENBURG,11/7/23,209,10,C,CHARLOTTE-MECKLENBURG SCHOOLS BOARD OF EDUCATION AT-LARGE,Annette Albright, ,3,152,75,0,0,227,Y
16051,MECKLENBURG,11/7/23,209,10,C,CHARLOTTE-MECKLENBURG SCHOOLS BOARD OF EDUCATION AT-LARGE,Bill Fountain, ,3,200,93,0,0,293,Y
16052,MECKLENBURG,11/7/23,209,10,C,CHARLOTTE-MECKLENBURG SCHOOLS BOARD OF EDUCATION AT-LARGE,Brian Kasher, ,3,86,41,0,0,127,Y
16053,MECKLENBURG,11/7/23,209,10,C,CHARLOTTE-MECKLENBURG SCHOOLS BOARD OF EDUCATION AT-LARGE,Claire Covington, ,3,116,63,0,0,179,Y
16054,MECKLENBURG,11/7/23,209,10,C,CHARLOTTE-MECKLENBURG SCHOOLS BOARD OF EDUCATION AT-LARGE,Clara Kennedy Witherspoon, ,3,71,39,0,0,110,Y
16055,MECKLENBURG,11/7/23,209,10,C,CHARLOTTE-MECKLENBURG SCHOOLS BOARD OF EDUCATION AT-LARGE,Juanrique Pallamente Hall, ,3,28,21,0,0,49,Y
16056,MECKLENBURG,11/7/23,209,10,C,CHARLOTTE-MECKLENBURG SCHOOLS BOARD OF EDUCATION AT-LARGE,Lenora Shipp, ,3,238,168,0,0,406,Y
16057,MECKLENBURG,11/7/23,209,10,C,CHARLOTTE-MECKLENBURG SCHOOLS BOARD OF EDUCATION AT-LARGE,Liz Monterrey, ,3,222,160,0,0,382,Y
16058,MECKLENBURG,11/7/23,209,10,C,CHARLOTTE-MECKLENBURG SCHOOLS BOARD OF EDUCATION AT-LARGE,Michael Johnson, ,3,126,68,0,0,194,Y
16059,MECKLENBURG,11/7/23,209,10,C,CHARLOTTE-MECKLENBURG SCHOOLS BOARD OF EDUCATION AT-LARGE,Monty Witherspoon, ,3,212,139,0,0,351,Y
16060,MECKLENBURG,11/7/23,209,10,C,CHARLOTTE-MECKLENBURG SCHOOLS BOARD OF EDUCATION AT-LARGE,Omar Harris, ,3,63,40,0,0,103,Y
16061,MECKLENBURG,11/7/23,209,10,C,CHARLOTTE-MECKLENBURG SCHOOLS BOARD OF EDUCATION AT-LARGE,Peggy A. Capehart, ,3,32,13,0,0,45,Y
16063,MECKLENBURG,11/7/23,209,10,C,CHARLOTTE-MECKLENBURG SCHOOLS BOARD OF EDUCATION AT-LARGE,Shamaiye Haynes, ,3,87,77,0,0,164,Y
16065,MECKLENBURG,11/7/23,209,10,C,CHARLOTTE-MECKLENBURG SCHOOLS BOARD OF EDUCATION AT-LARGE,Tigress Sydney Acute McDaniel, ,3,29,14,0,0,43,Y
16125,MECKLENBURG,11/7/23,210,10,C,CHARLOTTE-MECKLENBURG SCHOOLS BOARD OF EDUCATION AT-LARGE,Annette Albright, ,3,132,101,0,0,233,Y
16126,MECKLENBURG,11/7/23,210,10,C,CHARLOTTE-MECKLENBURG SCHOOLS BOARD OF EDUCATION AT-LARGE,Bill Fountain, ,3,31,24,0,0,55,Y
16127,MECKLENBURG,11/7/23,210,10,C,CHARLOTTE-MECKLENBURG SCHOOLS BOARD OF EDUCATION AT-LARGE,Brian Kasher, ,3,14,11,0,0,25,Y
16128,MECKLENBURG,11/7/23,210,10,C,CHARLOTTE-MECKLENBURG SCHOOLS BOARD OF EDUCATION AT-LARGE,Claire Covington, ,3,72,57,0,0,129,Y
16129,MECKLENBURG,11/7/23,210,10,C,CHARLOTTE-MECKLENBURG SCHOOLS BOARD OF EDUCATION AT-LARGE,Clara Kennedy Witherspoon, ,3,68,64,0,0,132,Y
16130,MECKLENBURG,11/7/23,210,10,C,CHARLOTTE-MECKLENBURG SCHOOLS BOARD OF EDUCATION AT-LARGE,Juanrique Pallamente Hall, ,3,46,30,0,0,76,Y
16131,MECKLENBURG,11/7/23,210,10,C,CHARLOTTE-MECKLENBURG SCHOOLS BOARD OF EDUCATION AT-LARGE,Lenora Shipp, ,3,207,300,0,0,507,Y
16132,MECKLENBURG,11/7/23,210,10,C,CHARLOTTE-MECKLENBURG SCHOOLS BOARD OF EDUCATION AT-LARGE,Liz Monterrey, ,3,49,81,0,0,130,Y
16133,MECKLENBURG,11/7/23,210,10,C,CHARLOTTE-MECKLENBURG SCHOOLS BOARD OF EDUCATION AT-LARGE,Michael Johnson, ,3,103,78,0,0,181,Y
16134,MECKLENBURG,11/7/23,210,10,C,CHARLOTTE-MECKLENBURG SCHOOLS BOARD OF EDUCATION AT-LARGE,Monty Witherspoon, ,3,154,234,0,0,388,Y
16135,MECKLENBURG,11/7/23,210,10,C,CHARLOTTE-MECKLENBURG SCHOOLS BOARD OF EDUCATION AT-LARGE,Omar Harris, ,3,114,87,0,0,201,Y
16136,MECKLENBURG,11/7/23,210,10,C,CHARLOTTE-MECKLENBURG SCHOOLS BOARD OF EDUCATION AT-LARGE,Peggy A. Capehart, ,3,29,16,0,0,45,Y
16138,MECKLENBURG,11/7/23,210,10,C,CHARLOTTE-MECKLENBURG SCHOOLS BOARD OF EDUCATION AT-LARGE,Shamaiye Haynes, ,3,197,226,0,0,423,Y
16140,MECKLENBURG,11/7/23,210,10,C,CHARLOTTE-MECKLENBURG SCHOOLS BOARD OF EDUCATION AT-LARGE,Tigress Sydney Acute McDaniel, ,3,50,43,0,0,93,Y
16174,MECKLENBURG,11/7/23,211,10,C,CHARLOTTE-MECKLENBURG SCHOOLS BOARD OF EDUCATION AT-LARGE,Annette Albright, ,3,144,84,0,0,228,Y
16175,MECKLENBURG,11/7/23,211,10,C,CHARLOTTE-MECKLENBURG SCHOOLS BOARD OF EDUCATION AT-LARGE,Bill Fountain, ,3,77,31,0,0,108,Y
16176,MECKLENBURG,11/7/23,211,10,C,CHARLOTTE-MECKLENBURG SCHOOLS BOARD OF EDUCATION AT-LARGE,Brian Kasher, ,3,41,22,0,0,63,Y
16177,MECKLENBURG,11/7/23,211,10,C,CHARLOTTE-MECKLENBURG SCHOOLS BOARD OF EDUCATION AT-LARGE,Claire Covington, ,3,73,33,0,0,106,Y
16178,MECKLENBURG,11/7/23,211,10,C,CHARLOTTE-MECKLENBURG SCHOOLS BOARD OF EDUCATION AT-LARGE,Clara Kennedy Witherspoon, ,3,77,49,0,0,126,Y
16179,MECKLENBURG,11/7/23,211,10,C,CHARLOTTE-MECKLENBURG SCHOOLS BOARD OF EDUCATION AT-LARGE,Juanrique Pallamente Hall, ,3,46,29,0,0,75,Y
16180,MECKLENBURG,11/7/23,211,10,C,CHARLOTTE-MECKLENBURG SCHOOLS BOARD OF EDUCATION AT-LARGE,Lenora Shipp, ,3,415,240,0,0,655,Y
16181,MECKLENBURG,11/7/23,211,10,C,CHARLOTTE-MECKLENBURG SCHOOLS BOARD OF EDUCATION AT-LARGE,Liz Monterrey, ,3,198,98,0,0,296,Y
16182,MECKLENBURG,11/7/23,211,10,C,CHARLOTTE-MECKLENBURG SCHOOLS BOARD OF EDUCATION AT-LARGE,Michael Johnson, ,3,96,60,0,0,156,Y
16183,MECKLENBURG,11/7/23,211,10,C,CHARLOTTE-MECKLENBURG SCHOOLS BOARD OF EDUCATION AT-LARGE,Monty Witherspoon, ,3,306,181,0,0,487,Y
16184,MECKLENBURG,11/7/23,211,10,C,CHARLOTTE-MECKLENBURG SCHOOLS BOARD OF EDUCATION AT-LARGE,Omar Harris, ,3,79,61,0,0,140,Y
16185,MECKLENBURG,11/7/23,211,10,C,CHARLOTTE-MECKLENBURG SCHOOLS BOARD OF EDUCATION AT-LARGE,Peggy A. Capehart, ,3,43,25,0,0,68,Y
16187,MECKLENBURG,11/7/23,211,10,C,CHARLOTTE-MECKLENBURG SCHOOLS BOARD OF EDUCATION AT-LARGE,Shamaiye Haynes, ,3,346,214,0,0,560,Y
16189,MECKLENBURG,11/7/23,211,10,C,CHARLOTTE-MECKLENBURG SCHOOLS BOARD OF EDUCATION AT-LARGE,Tigress Sydney Acute McDaniel, ,3,56,46,0,0,102,Y
16207,MECKLENBURG,11/7/23,90,10,C,CHARLOTTE-MECKLENBURG SCHOOLS BOARD OF EDUCATION AT-LARGE,Shamaiye Haynes, ,3,50,22,0,0,72,Y
16209,MECKLENBURG,11/7/23,90,10,C,CHARLOTTE-MECKLENBURG SCHOOLS BOARD OF EDUCATION AT-LARGE,Tigress Sydney Acute McDaniel, ,3,20,6,0,0,26,Y
16244,MECKLENBURG,11/7/23,91,10,C,CHARLOTTE-MECKLENBURG SCHOOLS BOARD OF EDUCATION AT-LARGE,Annette Albright, ,3,159,62,0,0,221,Y
16245,MECKLENBURG,11/7/23,91,10,C,CHARLOTTE-MECKLENBURG SCHOOLS BOARD OF EDUCATION AT-LARGE,Bill Fountain, ,3,160,60,0,0,220,Y
16246,MECKLENBURG,11/7/23,91,10,C,CHARLOTTE-MECKLENBURG SCHOOLS BOARD OF EDUCATION AT-LARGE,Brian Kasher, ,3,79,35,0,0,114,Y
16247,MECKLENBURG,11/7/23,91,10,C,CHARLOTTE-MECKLENBURG SCHOOLS BOARD OF EDUCATION AT-LARGE,Claire Covington, ,3,177,57,0,0,234,Y
16248,MECKLENBURG,11/7/23,91,10,C,CHARLOTTE-MECKLENBURG SCHOOLS BOARD OF EDUCATION AT-LARGE,Clara Kennedy Witherspoon, ,3,81,31,0,0,112,Y
16249,MECKLENBURG,11/7/23,91,10,C,CHARLOTTE-MECKLENBURG SCHOOLS BOARD OF EDUCATION AT-LARGE,Juanrique Pallamente Hall, ,3,28,11,0,0,39,Y
16250,MECKLENBURG,11/7/23,91,10,C,CHARLOTTE-MECKLENBURG SCHOOLS BOARD OF EDUCATION AT-LARGE,Lenora Shipp, ,3,170,89,0,0,259,Y
16251,MECKLENBURG,11/7/23,91,10,C,CHARLOTTE-MECKLENBURG SCHOOLS BOARD OF EDUCATION AT-LARGE,Liz Monterrey, ,3,201,98,0,0,299,Y
16252,MECKLENBURG,11/7/23,91,10,C,CHARLOTTE-MECKLENBURG SCHOOLS BOARD OF EDUCATION AT-LARGE,Michael Johnson, ,3,135,58,0,0,193,Y
16253,MECKLENBURG,11/7/23,91,10,C,CHARLOTTE-MECKLENBURG SCHOOLS BOARD OF EDUCATION AT-LARGE,Monty Witherspoon, ,3,150,90,0,0,240,Y
16254,MECKLENBURG,11/7/23,91,10,C,CHARLOTTE-MECKLENBURG SCHOOLS BOARD OF EDUCATION AT-LARGE,Omar Harris, ,3,28,14,0,0,42,Y
16255,MECKLENBURG,11/7/23,91,10,C,CHARLOTTE-MECKLENBURG SCHOOLS BOARD OF EDUCATION AT-LARGE,Peggy A. Capehart, ,3,32,21,0,0,53,Y
16257,MECKLENBURG,11/7/23,91,10,C,CHARLOTTE-MECKLENBURG SCHOOLS BOARD OF EDUCATION AT-LARGE,Shamaiye Haynes, ,3,105,60,0,0,165,Y
16259,MECKLENBURG,11/7/23,91,10,C,CHARLOTTE-MECKLENBURG SCHOOLS BOARD OF EDUCATION AT-LARGE,Tigress Sydney Acute McDaniel, ,3,30,10,0,0,40,Y
16294,MECKLENBURG,11/7/23,92,10,C,CHARLOTTE-MECKLENBURG SCHOOLS BOARD OF EDUCATION AT-LARGE,Annette Albright, ,3,147,47,0,0,194,Y
16295,MECKLENBURG,11/7/23,92,10,C,CHARLOTTE-MECKLENBURG SCHOOLS BOARD OF EDUCATION AT-LARGE,Bill Fountain, ,3,166,56,0,0,222,Y
16296,MECKLENBURG,11/7/23,92,10,C,CHARLOTTE-MECKLENBURG SCHOOLS BOARD OF EDUCATION AT-LARGE,Brian Kasher, ,3,67,24,0,0,91,Y
16297,MECKLENBURG,11/7/23,92,10,C,CHARLOTTE-MECKLENBURG SCHOOLS BOARD OF EDUCATION AT-LARGE,Claire Covington, ,3,168,48,0,0,216,Y
16298,MECKLENBURG,11/7/23,92,10,C,CHARLOTTE-MECKLENBURG SCHOOLS BOARD OF EDUCATION AT-LARGE,Clara Kennedy Witherspoon, ,3,97,34,0,0,131,Y
16299,MECKLENBURG,11/7/23,92,10,C,CHARLOTTE-MECKLENBURG SCHOOLS BOARD OF EDUCATION AT-LARGE,Juanrique Pallamente Hall, ,3,27,9,0,0,36,Y
16300,MECKLENBURG,11/7/23,92,10,C,CHARLOTTE-MECKLENBURG SCHOOLS BOARD OF EDUCATION AT-LARGE,Lenora Shipp, ,3,157,106,0,0,263,Y
16301,MECKLENBURG,11/7/23,92,10,C,CHARLOTTE-MECKLENBURG SCHOOLS BOARD OF EDUCATION AT-LARGE,Liz Monterrey, ,3,200,103,0,0,303,Y
16302,MECKLENBURG,11/7/23,92,10,C,CHARLOTTE-MECKLENBURG SCHOOLS BOARD OF EDUCATION AT-LARGE,Michael Johnson, ,3,141,34,0,0,175,Y
16303,MECKLENBURG,11/7/23,92,10,C,CHARLOTTE-MECKLENBURG SCHOOLS BOARD OF EDUCATION AT-LARGE,Monty Witherspoon, ,3,166,78,0,0,244,Y
16304,MECKLENBURG,11/7/23,92,10,C,CHARLOTTE-MECKLENBURG SCHOOLS BOARD OF EDUCATION AT-LARGE,Omar Harris, ,3,29,10,0,0,39,Y
16305,MECKLENBURG,11/7/23,92,10,C,CHARLOTTE-MECKLENBURG SCHOOLS BOARD OF EDUCATION AT-LARGE,Peggy A. Capehart, ,3,39,21,0,0,60,Y
16307,MECKLENBURG,11/7/23,92,10,C,CHARLOTTE-MECKLENBURG SCHOOLS BOARD OF EDUCATION AT-LARGE,Shamaiye Haynes, ,3,104,39,0,0,143,Y
16309,MECKLENBURG,11/7/23,92,10,C,CHARLOTTE-MECKLENBURG SCHOOLS BOARD OF EDUCATION AT-LARGE,Tigress Sydney Acute McDaniel, ,3,19,9,0,0,28,Y
16344,MECKLENBURG,11/7/23,93,10,C,CHARLOTTE-MECKLENBURG SCHOOLS BOARD OF EDUCATION AT-LARGE,Annette Albright, ,3,107,22,0,0,129,Y
16345,MECKLENBURG,11/7/23,93,10,C,CHARLOTTE-MECKLENBURG SCHOOLS BOARD OF EDUCATION AT-LARGE,Bill Fountain, ,3,149,47,0,0,196,Y
16346,MECKLENBURG,11/7/23,93,10,C,CHARLOTTE-MECKLENBURG SCHOOLS BOARD OF EDUCATION AT-LARGE,Brian Kasher, ,3,71,25,0,0,96,Y
16347,MECKLENBURG,11/7/23,93,10,C,CHARLOTTE-MECKLENBURG SCHOOLS BOARD OF EDUCATION AT-LARGE,Claire Covington, ,3,130,29,0,0,159,Y
16348,MECKLENBURG,11/7/23,93,10,C,CHARLOTTE-MECKLENBURG SCHOOLS BOARD OF EDUCATION AT-LARGE,Clara Kennedy Witherspoon, ,3,51,15,0,0,66,Y
16349,MECKLENBURG,11/7/23,93,10,C,CHARLOTTE-MECKLENBURG SCHOOLS BOARD OF EDUCATION AT-LARGE,Juanrique Pallamente Hall, ,3,16,12,0,0,28,Y
16350,MECKLENBURG,11/7/23,93,10,C,CHARLOTTE-MECKLENBURG SCHOOLS BOARD OF EDUCATION AT-LARGE,Lenora Shipp, ,3,96,41,0,0,137,Y
16351,MECKLENBURG,11/7/23,93,10,C,CHARLOTTE-MECKLENBURG SCHOOLS BOARD OF EDUCATION AT-LARGE,Liz Monterrey, ,3,130,59,0,0,189,Y
16352,MECKLENBURG,11/7/23,93,10,C,CHARLOTTE-MECKLENBURG SCHOOLS BOARD OF EDUCATION AT-LARGE,Michael Johnson, ,3,101,20,0,0,121,Y
16353,MECKLENBURG,11/7/23,93,10,C,CHARLOTTE-MECKLENBURG SCHOOLS BOARD OF EDUCATION AT-LARGE,Monty Witherspoon, ,3,75,52,0,0,127,Y
16354,MECKLENBURG,11/7/23,93,10,C,CHARLOTTE-MECKLENBURG SCHOOLS BOARD OF EDUCATION AT-LARGE,Omar Harris, ,3,16,5,0,0,21,Y
16355,MECKLENBURG,11/7/23,93,10,C,CHARLOTTE-MECKLENBURG SCHOOLS BOARD OF EDUCATION AT-LARGE,Peggy A. Capehart, ,3,39,4,0,0,43,Y
16357,MECKLENBURG,11/7/23,93,10,C,CHARLOTTE-MECKLENBURG SCHOOLS BOARD OF EDUCATION AT-LARGE,Shamaiye Haynes, ,3,45,23,0,0,68,Y
16359,MECKLENBURG,11/7/23,93,10,C,CHARLOTTE-MECKLENBURG SCHOOLS BOARD OF EDUCATION AT-LARGE,Tigress Sydney Acute McDaniel, ,3,21,10,0,0,31,Y
16393,MECKLENBURG,11/7/23,94,10,C,CHARLOTTE-MECKLENBURG SCHOOLS BOARD OF EDUCATION AT-LARGE,Annette Albright, ,3,45,15,0,0,60,Y
16394,MECKLENBURG,11/7/23,94,10,C,CHARLOTTE-MECKLENBURG SCHOOLS BOARD OF EDUCATION AT-LARGE,Bill Fountain, ,3,22,5,0,0,27,Y
16395,MECKLENBURG,11/7/23,94,10,C,CHARLOTTE-MECKLENBURG SCHOOLS BOARD OF EDUCATION AT-LARGE,Brian Kasher, ,3,14,4,0,0,18,Y
16396,MECKLENBURG,11/7/23,94,10,C,CHARLOTTE-MECKLENBURG SCHOOLS BOARD OF EDUCATION AT-LARGE,Claire Covington, ,3,28,15,0,0,43,Y
16397,MECKLENBURG,11/7/23,94,10,C,CHARLOTTE-MECKLENBURG SCHOOLS BOARD OF EDUCATION AT-LARGE,Clara Kennedy Witherspoon, ,3,42,15,0,0,57,Y
16398,MECKLENBURG,11/7/23,94,10,C,CHARLOTTE-MECKLENBURG SCHOOLS BOARD OF EDUCATION AT-LARGE,Juanrique Pallamente Hall, ,3,20,2,0,0,22,Y
16399,MECKLENBURG,11/7/23,94,10,C,CHARLOTTE-MECKLENBURG SCHOOLS BOARD OF EDUCATION AT-LARGE,Lenora Shipp, ,3,49,34,0,0,83,Y
16400,MECKLENBURG,11/7/23,94,10,C,CHARLOTTE-MECKLENBURG SCHOOLS BOARD OF EDUCATION AT-LARGE,Liz Monterrey, ,3,22,14,0,0,36,Y
16401,MECKLENBURG,11/7/23,94,10,C,CHARLOTTE-MECKLENBURG SCHOOLS BOARD OF EDUCATION AT-LARGE,Michael Johnson, ,3,42,6,0,0,48,Y
16402,MECKLENBURG,11/7/23,94,10,C,CHARLOTTE-MECKLENBURG SCHOOLS BOARD OF EDUCATION AT-LARGE,Monty Witherspoon, ,3,38,25,0,0,63,Y
16403,MECKLENBURG,11/7/23,94,10,C,CHARLOTTE-MECKLENBURG SCHOOLS BOARD OF EDUCATION AT-LARGE,Omar Harris, ,3,35,11,0,0,46,Y
16404,MECKLENBURG,11/7/23,94,10,C,CHARLOTTE-MECKLENBURG SCHOOLS BOARD OF EDUCATION AT-LARGE,Peggy A. Capehart, ,3,12,5,0,0,17,Y
16406,MECKLENBURG,11/7/23,94,10,C,CHARLOTTE-MECKLENBURG SCHOOLS BOARD OF EDUCATION AT-LARGE,Shamaiye Haynes, ,3,67,32,0,0,99,Y
16408,MECKLENBURG,11/7/23,94,10,C,CHARLOTTE-MECKLENBURG SCHOOLS BOARD OF EDUCATION AT-LARGE,Tigress Sydney Acute McDaniel, ,3,21,4,0,0,25,Y
16442,MECKLENBURG,11/7/23,95,10,C,CHARLOTTE-MECKLENBURG SCHOOLS BOARD OF EDUCATION AT-LARGE,Annette Albright, ,3,47,17,0,0,64,Y
16443,MECKLENBURG,11/7/23,95,10,C,CHARLOTTE-MECKLENBURG SCHOOLS BOARD OF EDUCATION AT-LARGE,Bill Fountain, ,3,21,13,0,0,34,Y
16444,MECKLENBURG,11/7/23,95,10,C,CHARLOTTE-MECKLENBURG SCHOOLS BOARD OF EDUCATION AT-LARGE,Brian Kasher, ,3,15,4,0,0,19,Y
16445,MECKLENBURG,11/7/23,95,10,C,CHARLOTTE-MECKLENBURG SCHOOLS BOARD OF EDUCATION AT-LARGE,Claire Covington, ,3,32,8,0,0,40,Y
16446,MECKLENBURG,11/7/23,95,10,C,CHARLOTTE-MECKLENBURG SCHOOLS BOARD OF EDUCATION AT-LARGE,Clara Kennedy Witherspoon, ,3,34,13,0,0,47,Y
16447,MECKLENBURG,11/7/23,95,10,C,CHARLOTTE-MECKLENBURG SCHOOLS BOARD OF EDUCATION AT-LARGE,Juanrique Pallamente Hall, ,3,12,8,0,0,20,Y
16448,MECKLENBURG,11/7/23,95,10,C,CHARLOTTE-MECKLENBURG SCHOOLS BOARD OF EDUCATION AT-LARGE,Lenora Shipp, ,3,66,33,0,0,99,Y
16449,MECKLENBURG,11/7/23,95,10,C,CHARLOTTE-MECKLENBURG SCHOOLS BOARD OF EDUCATION AT-LARGE,Liz Monterrey, ,3,30,23,0,0,53,Y
16450,MECKLENBURG,11/7/23,95,10,C,CHARLOTTE-MECKLENBURG SCHOOLS BOARD OF EDUCATION AT-LARGE,Michael Johnson, ,3,41,8,0,0,49,Y
16451,MECKLENBURG,11/7/23,95,10,C,CHARLOTTE-MECKLENBURG SCHOOLS BOARD OF EDUCATION AT-LARGE,Monty Witherspoon, ,3,47,32,0,0,79,Y
16452,MECKLENBURG,11/7/23,95,10,C,CHARLOTTE-MECKLENBURG SCHOOLS BOARD OF EDUCATION AT-LARGE,Omar Harris, ,3,28,5,0,0,33,Y
16453,MECKLENBURG,11/7/23,95,10,C,CHARLOTTE-MECKLENBURG SCHOOLS BOARD OF EDUCATION AT-LARGE,Peggy A. Capehart, ,3,11,2,0,0,13,Y
16455,MECKLENBURG,11/7/23,95,10,C,CHARLOTTE-MECKLENBURG SCHOOLS BOARD OF EDUCATION AT-LARGE,Shamaiye Haynes, ,3,59,27,0,0,86,Y
16457,MECKLENBURG,11/7/23,95,10,C,CHARLOTTE-MECKLENBURG SCHOOLS BOARD OF EDUCATION AT-LARGE,Tigress Sydney Acute McDaniel, ,3,16,1,0,0,17,Y
16492,MECKLENBURG,11/7/23,96,10,C,CHARLOTTE-MECKLENBURG SCHOOLS BOARD OF EDUCATION AT-LARGE,Annette Albright, ,3,69,46,0,0,115,Y
16493,MECKLENBURG,11/7/23,96,10,C,CHARLOTTE-MECKLENBURG SCHOOLS BOARD OF EDUCATION AT-LARGE,Bill Fountain, ,3,91,50,0,0,141,Y
16494,MECKLENBURG,11/7/23,96,10,C,CHARLOTTE-MECKLENBURG SCHOOLS BOARD OF EDUCATION AT-LARGE,Brian Kasher, ,3,40,40,0,0,80,Y
16495,MECKLENBURG,11/7/23,96,10,C,CHARLOTTE-MECKLENBURG SCHOOLS BOARD OF EDUCATION AT-LARGE,Claire Covington, ,3,68,45,0,0,113,Y
16496,MECKLENBURG,11/7/23,96,10,C,CHARLOTTE-MECKLENBURG SCHOOLS BOARD OF EDUCATION AT-LARGE,Clara Kennedy Witherspoon, ,3,53,28,0,0,81,Y
16497,MECKLENBURG,11/7/23,96,10,C,CHARLOTTE-MECKLENBURG SCHOOLS BOARD OF EDUCATION AT-LARGE,Juanrique Pallamente Hall, ,3,26,15,0,0,41,Y
16498,MECKLENBURG,11/7/23,96,10,C,CHARLOTTE-MECKLENBURG SCHOOLS BOARD OF EDUCATION AT-LARGE,Lenora Shipp, ,3,99,95,0,0,194,Y
16499,MECKLENBURG,11/7/23,96,10,C,CHARLOTTE-MECKLENBURG SCHOOLS BOARD OF EDUCATION AT-LARGE,Liz Monterrey, ,3,91,87,0,0,178,Y
16500,MECKLENBURG,11/7/23,96,10,C,CHARLOTTE-MECKLENBURG SCHOOLS BOARD OF EDUCATION AT-LARGE,Michael Johnson, ,3,72,39,0,0,111,Y
16501,MECKLENBURG,11/7/23,96,10,C,CHARLOTTE-MECKLENBURG SCHOOLS BOARD OF EDUCATION AT-LARGE,Monty Witherspoon, ,3,78,75,0,0,153,Y
16502,MECKLENBURG,11/7/23,96,10,C,CHARLOTTE-MECKLENBURG SCHOOLS BOARD OF EDUCATION AT-LARGE,Omar Harris, ,3,22,23,0,0,45,Y
16503,MECKLENBURG,11/7/23,96,10,C,CHARLOTTE-MECKLENBURG SCHOOLS BOARD OF EDUCATION AT-LARGE,Peggy A. Capehart, ,3,24,16,0,0,40,Y
16505,MECKLENBURG,11/7/23,96,10,C,CHARLOTTE-MECKLENBURG SCHOOLS BOARD OF EDUCATION AT-LARGE,Shamaiye Haynes, ,3,75,47,0,0,122,Y
16507,MECKLENBURG,11/7/23,96,10,C,CHARLOTTE-MECKLENBURG SCHOOLS BOARD OF EDUCATION AT-LARGE,Tigress Sydney Acute McDaniel, ,3,26,11,0,0,37,Y
16542,MECKLENBURG,11/7/23,97,10,C,CHARLOTTE-MECKLENBURG SCHOOLS BOARD OF EDUCATION AT-LARGE,Annette Albright, ,3,49,6,0,0,55,Y
16543,MECKLENBURG,11/7/23,97,10,C,CHARLOTTE-MECKLENBURG SCHOOLS BOARD OF EDUCATION AT-LARGE,Bill Fountain, ,3,25,2,0,0,27,Y
16544,MECKLENBURG,11/7/23,97,10,C,CHARLOTTE-MECKLENBURG SCHOOLS BOARD OF EDUCATION AT-LARGE,Brian Kasher, ,3,12,0,0,0,12,Y
16545,MECKLENBURG,11/7/23,97,10,C,CHARLOTTE-MECKLENBURG SCHOOLS BOARD OF EDUCATION AT-LARGE,Claire Covington, ,3,26,7,0,0,33,Y
16546,MECKLENBURG,11/7/23,97,10,C,CHARLOTTE-MECKLENBURG SCHOOLS BOARD OF EDUCATION AT-LARGE,Clara Kennedy Witherspoon, ,3,25,10,0,0,35,Y
16547,MECKLENBURG,11/7/23,97,10,C,CHARLOTTE-MECKLENBURG SCHOOLS BOARD OF EDUCATION AT-LARGE,Juanrique Pallamente Hall, ,3,12,4,0,0,16,Y
16548,MECKLENBURG,11/7/23,97,10,C,CHARLOTTE-MECKLENBURG SCHOOLS BOARD OF EDUCATION AT-LARGE,Lenora Shipp, ,3,54,24,0,0,78,Y
16549,MECKLENBURG,11/7/23,97,10,C,CHARLOTTE-MECKLENBURG SCHOOLS BOARD OF EDUCATION AT-LARGE,Liz Monterrey, ,3,41,12,0,0,53,Y
16550,MECKLENBURG,11/7/23,97,10,C,CHARLOTTE-MECKLENBURG SCHOOLS BOARD OF EDUCATION AT-LARGE,Michael Johnson, ,3,38,4,0,0,42,Y
16551,MECKLENBURG,11/7/23,97,10,C,CHARLOTTE-MECKLENBURG SCHOOLS BOARD OF EDUCATION AT-LARGE,Monty Witherspoon, ,3,53,18,0,0,71,Y
16552,MECKLENBURG,11/7/23,97,10,C,CHARLOTTE-MECKLENBURG SCHOOLS BOARD OF EDUCATION AT-LARGE,Omar Harris, ,3,30,6,0,0,36,Y
16553,MECKLENBURG,11/7/23,97,10,C,CHARLOTTE-MECKLENBURG SCHOOLS BOARD OF EDUCATION AT-LARGE,Peggy A. Capehart, ,3,21,4,0,0,25,Y
16555,MECKLENBURG,11/7/23,97,10,C,CHARLOTTE-MECKLENBURG SCHOOLS BOARD OF EDUCATION AT-LARGE,Shamaiye Haynes, ,3,47,13,0,0,60,Y
16557,MECKLENBURG,11/7/23,97,10,C,CHARLOTTE-MECKLENBURG SCHOOLS BOARD OF EDUCATION AT-LARGE,Tigress Sydney Acute McDaniel, ,3,18,4,0,0,22,Y
16592,MECKLENBURG,11/7/23,98,10,C,CHARLOTTE-MECKLENBURG SCHOOLS BOARD OF EDUCATION AT-LARGE,Annette Albright, ,3,58,13,0,0,71,Y
16593,MECKLENBURG,11/7/23,98,10,C,CHARLOTTE-MECKLENBURG SCHOOLS BOARD OF EDUCATION AT-LARGE,Bill Fountain, ,3,25,15,0,0,40,Y
16594,MECKLENBURG,11/7/23,98,10,C,CHARLOTTE-MECKLENBURG SCHOOLS BOARD OF EDUCATION AT-LARGE,Brian Kasher, ,3,21,2,0,0,23,Y
16595,MECKLENBURG,11/7/23,98,10,C,CHARLOTTE-MECKLENBURG SCHOOLS BOARD OF EDUCATION AT-LARGE,Claire Covington, ,3,32,12,0,0,44,Y
16596,MECKLENBURG,11/7/23,98,10,C,CHARLOTTE-MECKLENBURG SCHOOLS BOARD OF EDUCATION AT-LARGE,Clara Kennedy Witherspoon, ,3,41,6,0,0,47,Y
16597,MECKLENBURG,11/7/23,98,10,C,CHARLOTTE-MECKLENBURG SCHOOLS BOARD OF EDUCATION AT-LARGE,Juanrique Pallamente Hall, ,3,26,3,0,0,29,Y
16598,MECKLENBURG,11/7/23,98,10,C,CHARLOTTE-MECKLENBURG SCHOOLS BOARD OF EDUCATION AT-LARGE,Lenora Shipp, ,3,80,52,0,0,132,Y
16599,MECKLENBURG,11/7/23,98,10,C,CHARLOTTE-MECKLENBURG SCHOOLS BOARD OF EDUCATION AT-LARGE,Liz Monterrey, ,3,49,18,0,0,67,Y
16600,MECKLENBURG,11/7/23,98,10,C,CHARLOTTE-MECKLENBURG SCHOOLS BOARD OF EDUCATION AT-LARGE,Michael Johnson, ,3,48,10,0,0,58,Y
16601,MECKLENBURG,11/7/23,98,10,C,CHARLOTTE-MECKLENBURG SCHOOLS BOARD OF EDUCATION AT-LARGE,Monty Witherspoon, ,3,52,35,0,0,87,Y
16602,MECKLENBURG,11/7/23,98,10,C,CHARLOTTE-MECKLENBURG SCHOOLS BOARD OF EDUCATION AT-LARGE,Omar Harris, ,3,42,9,0,0,51,Y
16603,MECKLENBURG,11/7/23,98,10,C,CHARLOTTE-MECKLENBURG SCHOOLS BOARD OF EDUCATION AT-LARGE,Peggy A. Capehart, ,3,15,7,0,0,22,Y
16605,MECKLENBURG,11/7/23,98,10,C,CHARLOTTE-MECKLENBURG SCHOOLS BOARD OF EDUCATION AT-LARGE,Shamaiye Haynes, ,3,71,28,0,0,99,Y
16607,MECKLENBURG,11/7/23,98,10,C,CHARLOTTE-MECKLENBURG SCHOOLS BOARD OF EDUCATION AT-LARGE,Tigress Sydney Acute McDaniel, ,3,23,7,0,0,30,Y
16642,MECKLENBURG,11/7/23,99,10,C,CHARLOTTE-MECKLENBURG SCHOOLS BOARD OF EDUCATION AT-LARGE,Annette Albright, ,3,22,10,0,0,32,Y
16643,MECKLENBURG,11/7/23,99,10,C,CHARLOTTE-MECKLENBURG SCHOOLS BOARD OF EDUCATION AT-LARGE,Bill Fountain, ,3,22,6,0,0,28,Y
16644,MECKLENBURG,11/7/23,99,10,C,CHARLOTTE-MECKLENBURG SCHOOLS BOARD OF EDUCATION AT-LARGE,Brian Kasher, ,3,6,2,0,0,8,Y
16645,MECKLENBURG,11/7/23,99,10,C,CHARLOTTE-MECKLENBURG SCHOOLS BOARD OF EDUCATION AT-LARGE,Claire Covington, ,3,15,7,0,0,22,Y
16646,MECKLENBURG,11/7/23,99,10,C,CHARLOTTE-MECKLENBURG SCHOOLS BOARD OF EDUCATION AT-LARGE,Clara Kennedy Witherspoon, ,3,8,9,0,0,17,Y
16647,MECKLENBURG,11/7/23,99,10,C,CHARLOTTE-MECKLENBURG SCHOOLS BOARD OF EDUCATION AT-LARGE,Juanrique Pallamente Hall, ,3,5,7,0,0,12,Y
16648,MECKLENBURG,11/7/23,99,10,C,CHARLOTTE-MECKLENBURG SCHOOLS BOARD OF EDUCATION AT-LARGE,Lenora Shipp, ,3,21,25,0,0,46,Y
16649,MECKLENBURG,11/7/23,99,10,C,CHARLOTTE-MECKLENBURG SCHOOLS BOARD OF EDUCATION AT-LARGE,Liz Monterrey, ,3,13,12,0,0,25,Y
16650,MECKLENBURG,11/7/23,99,10,C,CHARLOTTE-MECKLENBURG SCHOOLS BOARD OF EDUCATION AT-LARGE,Michael Johnson, ,3,14,11,0,0,25,Y
16668,MECKLENBURG,11/7/23,212,10,C,CHARLOTTE-MECKLENBURG SCHOOLS BOARD OF EDUCATION AT-LARGE,Annette Albright, ,3,202,79,0,0,281,Y
16669,MECKLENBURG,11/7/23,212,10,C,CHARLOTTE-MECKLENBURG SCHOOLS BOARD OF EDUCATION AT-LARGE,Bill Fountain, ,3,66,44,0,0,110,Y
16670,MECKLENBURG,11/7/23,212,10,C,CHARLOTTE-MECKLENBURG SCHOOLS BOARD OF EDUCATION AT-LARGE,Brian Kasher, ,3,59,20,0,0,79,Y
16671,MECKLENBURG,11/7/23,212,10,C,CHARLOTTE-MECKLENBURG SCHOOLS BOARD OF EDUCATION AT-LARGE,Claire Covington, ,3,103,56,0,0,159,Y
16672,MECKLENBURG,11/7/23,212,10,C,CHARLOTTE-MECKLENBURG SCHOOLS BOARD OF EDUCATION AT-LARGE,Clara Kennedy Witherspoon, ,3,126,69,0,0,195,Y
16673,MECKLENBURG,11/7/23,212,10,C,CHARLOTTE-MECKLENBURG SCHOOLS BOARD OF EDUCATION AT-LARGE,Juanrique Pallamente Hall, ,3,106,19,0,0,125,Y
16674,MECKLENBURG,11/7/23,212,10,C,CHARLOTTE-MECKLENBURG SCHOOLS BOARD OF EDUCATION AT-LARGE,Lenora Shipp, ,3,314,315,0,0,629,Y
16675,MECKLENBURG,11/7/23,212,10,C,CHARLOTTE-MECKLENBURG SCHOOLS BOARD OF EDUCATION AT-LARGE,Liz Monterrey, ,3,107,115,0,0,222,Y
16676,MECKLENBURG,11/7/23,212,10,C,CHARLOTTE-MECKLENBURG SCHOOLS BOARD OF EDUCATION AT-LARGE,Michael Johnson, ,3,160,70,0,0,230,Y
16677,MECKLENBURG,11/7/23,212,10,C,CHARLOTTE-MECKLENBURG SCHOOLS BOARD OF EDUCATION AT-LARGE,Monty Witherspoon, ,3,246,263,0,0,509,Y
16678,MECKLENBURG,11/7/23,212,10,C,CHARLOTTE-MECKLENBURG SCHOOLS BOARD OF EDUCATION AT-LARGE,Omar Harris, ,3,183,67,0,0,250,Y
16679,MECKLENBURG,11/7/23,212,10,C,CHARLOTTE-MECKLENBURG SCHOOLS BOARD OF EDUCATION AT-LARGE,Peggy A. Capehart, ,3,48,30,0,0,78,Y
16681,MECKLENBURG,11/7/23,212,10,C,CHARLOTTE-MECKLENBURG SCHOOLS BOARD OF EDUCATION AT-LARGE,Shamaiye Haynes, ,3,335,239,0,0,574,Y
16683,MECKLENBURG,11/7/23,212,10,C,CHARLOTTE-MECKLENBURG SCHOOLS BOARD OF EDUCATION AT-LARGE,Tigress Sydney Acute McDaniel, ,3,109,33,0,0,142,Y
16717,MECKLENBURG,11/7/23,213,10,C,CHARLOTTE-MECKLENBURG SCHOOLS BOARD OF EDUCATION AT-LARGE,Annette Albright, ,3,124,50,0,0,174,Y
16718,MECKLENBURG,11/7/23,213,10,C,CHARLOTTE-MECKLENBURG SCHOOLS BOARD OF EDUCATION AT-LARGE,Bill Fountain, ,3,33,10,0,0,43,Y
16719,MECKLENBURG,11/7/23,213,10,C,CHARLOTTE-MECKLENBURG SCHOOLS BOARD OF EDUCATION AT-LARGE,Brian Kasher, ,3,18,8,0,0,26,Y
16720,MECKLENBURG,11/7/23,213,10,C,CHARLOTTE-MECKLENBURG SCHOOLS BOARD OF EDUCATION AT-LARGE,Claire Covington, ,3,54,25,0,0,79,Y
16721,MECKLENBURG,11/7/23,213,10,C,CHARLOTTE-MECKLENBURG SCHOOLS BOARD OF EDUCATION AT-LARGE,Clara Kennedy Witherspoon, ,3,64,31,0,0,95,Y
16722,MECKLENBURG,11/7/23,213,10,C,CHARLOTTE-MECKLENBURG SCHOOLS BOARD OF EDUCATION AT-LARGE,Juanrique Pallamente Hall, ,3,54,29,0,0,83,Y
16723,MECKLENBURG,11/7/23,213,10,C,CHARLOTTE-MECKLENBURG SCHOOLS BOARD OF EDUCATION AT-LARGE,Lenora Shipp, ,3,139,110,0,0,249,Y
16724,MECKLENBURG,11/7/23,213,10,C,CHARLOTTE-MECKLENBURG SCHOOLS BOARD OF EDUCATION AT-LARGE,Liz Monterrey, ,3,41,35,0,0,76,Y
16725,MECKLENBURG,11/7/23,213,10,C,CHARLOTTE-MECKLENBURG SCHOOLS BOARD OF EDUCATION AT-LARGE,Michael Johnson, ,3,73,29,0,0,102,Y
16726,MECKLENBURG,11/7/23,213,10,C,CHARLOTTE-MECKLENBURG SCHOOLS BOARD OF EDUCATION AT-LARGE,Monty Witherspoon, ,3,89,87,0,0,176,Y
16727,MECKLENBURG,11/7/23,213,10,C,CHARLOTTE-MECKLENBURG SCHOOLS BOARD OF EDUCATION AT-LARGE,Omar Harris, ,3,86,36,0,0,122,Y
16728,MECKLENBURG,11/7/23,213,10,C,CHARLOTTE-MECKLENBURG SCHOOLS BOARD OF EDUCATION AT-LARGE,Peggy A. Capehart, ,3,26,10,0,0,36,Y
16730,MECKLENBURG,11/7/23,213,10,C,CHARLOTTE-MECKLENBURG SCHOOLS BOARD OF EDUCATION AT-LARGE,Shamaiye Haynes, ,3,165,82,0,0,247,Y
16732,MECKLENBURG,11/7/23,213,10,C,CHARLOTTE-MECKLENBURG SCHOOLS BOARD OF EDUCATION AT-LARGE,Tigress Sydney Acute McDaniel, ,3,46,21,0,0,67,Y
16766,MECKLENBURG,11/7/23,214,10,C,CHARLOTTE-MECKLENBURG SCHOOLS BOARD OF EDUCATION AT-LARGE,Annette Albright, ,3,112,34,0,0,146,Y
16767,MECKLENBURG,11/7/23,214,10,C,CHARLOTTE-MECKLENBURG SCHOOLS BOARD OF EDUCATION AT-LARGE,Bill Fountain, ,3,85,13,0,0,98,Y
16768,MECKLENBURG,11/7/23,214,10,C,CHARLOTTE-MECKLENBURG SCHOOLS BOARD OF EDUCATION AT-LARGE,Brian Kasher, ,3,42,10,0,0,52,Y
16769,MECKLENBURG,11/7/23,214,10,C,CHARLOTTE-MECKLENBURG SCHOOLS BOARD OF EDUCATION AT-LARGE,Claire Covington, ,3,86,23,0,0,109,Y
16770,MECKLENBURG,11/7/23,214,10,C,CHARLOTTE-MECKLENBURG SCHOOLS BOARD OF EDUCATION AT-LARGE,Clara Kennedy Witherspoon, ,3,57,26,0,0,83,Y
16771,MECKLENBURG,11/7/23,214,10,C,CHARLOTTE-MECKLENBURG SCHOOLS BOARD OF EDUCATION AT-LARGE,Juanrique Pallamente Hall, ,3,28,9,0,0,37,Y
16772,MECKLENBURG,11/7/23,214,10,C,CHARLOTTE-MECKLENBURG SCHOOLS BOARD OF EDUCATION AT-LARGE,Lenora Shipp, ,3,217,105,0,0,322,Y
16773,MECKLENBURG,11/7/23,214,10,C,CHARLOTTE-MECKLENBURG SCHOOLS BOARD OF EDUCATION AT-LARGE,Liz Monterrey, ,3,100,62,0,0,162,Y
16774,MECKLENBURG,11/7/23,214,10,C,CHARLOTTE-MECKLENBURG SCHOOLS BOARD OF EDUCATION AT-LARGE,Michael Johnson, ,3,113,27,0,0,140,Y
16775,MECKLENBURG,11/7/23,214,10,C,CHARLOTTE-MECKLENBURG SCHOOLS BOARD OF EDUCATION AT-LARGE,Monty Witherspoon, ,3,162,87,0,0,249,Y
16776,MECKLENBURG,11/7/23,214,10,C,CHARLOTTE-MECKLENBURG SCHOOLS BOARD OF EDUCATION AT-LARGE,Omar Harris, ,3,79,19,0,0,98,Y
16777,MECKLENBURG,11/7/23,214,10,C,CHARLOTTE-MECKLENBURG SCHOOLS BOARD OF EDUCATION AT-LARGE,Peggy A. Capehart, ,3,33,11,0,0,44,Y
16779,MECKLENBURG,11/7/23,214,10,C,CHARLOTTE-MECKLENBURG SCHOOLS BOARD OF EDUCATION AT-LARGE,Shamaiye Haynes, ,3,161,86,0,0,247,Y
16781,MECKLENBURG,11/7/23,214,10,C,CHARLOTTE-MECKLENBURG SCHOOLS BOARD OF EDUCATION AT-LARGE,Tigress Sydney Acute McDaniel, ,3,48,9,0,0,57,Y
16785,MECKLENBURG,11/7/23,215,10,C,CHARLOTTE-MECKLENBURG SCHOOLS BOARD OF EDUCATION AT-LARGE,Annette Albright, ,3,113,49,0,0,162,Y
16786,MECKLENBURG,11/7/23,215,10,C,CHARLOTTE-MECKLENBURG SCHOOLS BOARD OF EDUCATION AT-LARGE,Bill Fountain, ,3,151,89,0,0,240,Y
16787,MECKLENBURG,11/7/23,215,10,C,CHARLOTTE-MECKLENBURG SCHOOLS BOARD OF EDUCATION AT-LARGE,Brian Kasher, ,3,59,41,0,0,100,Y
16788,MECKLENBURG,11/7/23,215,10,C,CHARLOTTE-MECKLENBURG SCHOOLS BOARD OF EDUCATION AT-LARGE,Claire Covington, ,3,101,40,0,0,141,Y
16789,MECKLENBURG,11/7/23,215,10,C,CHARLOTTE-MECKLENBURG SCHOOLS BOARD OF EDUCATION AT-LARGE,Clara Kennedy Witherspoon, ,3,53,35,0,0,88,Y
16790,MECKLENBURG,11/7/23,215,10,C,CHARLOTTE-MECKLENBURG SCHOOLS BOARD OF EDUCATION AT-LARGE,Juanrique Pallamente Hall, ,3,12,10,0,0,22,Y
16791,MECKLENBURG,11/7/23,215,10,C,CHARLOTTE-MECKLENBURG SCHOOLS BOARD OF EDUCATION AT-LARGE,Lenora Shipp, ,3,137,94,0,0,231,Y
16792,MECKLENBURG,11/7/23,215,10,C,CHARLOTTE-MECKLENBURG SCHOOLS BOARD OF EDUCATION AT-LARGE,Liz Monterrey, ,3,134,105,0,0,239,Y
16793,MECKLENBURG,11/7/23,215,10,C,CHARLOTTE-MECKLENBURG SCHOOLS BOARD OF EDUCATION AT-LARGE,Michael Johnson, ,3,96,46,0,0,142,Y
16794,MECKLENBURG,11/7/23,215,10,C,CHARLOTTE-MECKLENBURG SCHOOLS BOARD OF EDUCATION AT-LARGE,Monty Witherspoon, ,3,96,76,0,0,172,Y
16795,MECKLENBURG,11/7/23,215,10,C,CHARLOTTE-MECKLENBURG SCHOOLS BOARD OF EDUCATION AT-LARGE,Omar Harris, ,3,33,14,0,0,47,Y
16796,MECKLENBURG,11/7/23,215,10,C,CHARLOTTE-MECKLENBURG SCHOOLS BOARD OF EDUCATION AT-LARGE,Peggy A. Capehart, ,3,26,21,0,0,47,Y
16798,MECKLENBURG,11/7/23,215,10,C,CHARLOTTE-MECKLENBURG SCHOOLS BOARD OF EDUCATION AT-LARGE,Shamaiye Haynes, ,3,106,73,0,0,179,Y
16800,MECKLENBURG,11/7/23,215,10,C,CHARLOTTE-MECKLENBURG SCHOOLS BOARD OF EDUCATION AT-LARGE,Tigress Sydney Acute McDaniel, ,3,20,14,0,0,34,Y
16820,MECKLENBURG,11/7/23,216,10,C,CHARLOTTE-MECKLENBURG SCHOOLS BOARD OF EDUCATION AT-LARGE,Annette Albright, ,3,112,70,0,0,182,Y
16821,MECKLENBURG,11/7/23,216,10,C,CHARLOTTE-MECKLENBURG SCHOOLS BOARD OF EDUCATION AT-LARGE,Bill Fountain, ,3,162,86,0,0,248,Y
16822,MECKLENBURG,11/7/23,216,10,C,CHARLOTTE-MECKLENBURG SCHOOLS BOARD OF EDUCATION AT-LARGE,Brian Kasher, ,3,78,38,0,0,116,Y
16823,MECKLENBURG,11/7/23,216,10,C,CHARLOTTE-MECKLENBURG SCHOOLS BOARD OF EDUCATION AT-LARGE,Claire Covington, ,3,97,55,0,0,152,Y
16824,MECKLENBURG,11/7/23,216,10,C,CHARLOTTE-MECKLENBURG SCHOOLS BOARD OF EDUCATION AT-LARGE,Clara Kennedy Witherspoon, ,3,48,38,0,0,86,Y
16825,MECKLENBURG,11/7/23,216,10,C,CHARLOTTE-MECKLENBURG SCHOOLS BOARD OF EDUCATION AT-LARGE,Juanrique Pallamente Hall, ,3,32,19,0,0,51,Y
16826,MECKLENBURG,11/7/23,216,10,C,CHARLOTTE-MECKLENBURG SCHOOLS BOARD OF EDUCATION AT-LARGE,Lenora Shipp, ,3,150,118,0,0,268,Y
16827,MECKLENBURG,11/7/23,216,10,C,CHARLOTTE-MECKLENBURG SCHOOLS BOARD OF EDUCATION AT-LARGE,Liz Monterrey, ,3,152,106,0,0,258,Y
16828,MECKLENBURG,11/7/23,216,10,C,CHARLOTTE-MECKLENBURG SCHOOLS BOARD OF EDUCATION AT-LARGE,Michael Johnson, ,3,100,59,0,0,159,Y
16829,MECKLENBURG,11/7/23,216,10,C,CHARLOTTE-MECKLENBURG SCHOOLS BOARD OF EDUCATION AT-LARGE,Monty Witherspoon, ,3,123,92,0,0,215,Y
16830,MECKLENBURG,11/7/23,216,10,C,CHARLOTTE-MECKLENBURG SCHOOLS BOARD OF EDUCATION AT-LARGE,Omar Harris, ,3,39,28,0,0,67,Y
16831,MECKLENBURG,11/7/23,216,10,C,CHARLOTTE-MECKLENBURG SCHOOLS BOARD OF EDUCATION AT-LARGE,Peggy A. Capehart, ,3,35,14,0,0,49,Y
16833,MECKLENBURG,11/7/23,216,10,C,CHARLOTTE-MECKLENBURG SCHOOLS BOARD OF EDUCATION AT-LARGE,Shamaiye Haynes, ,3,109,76,0,0,185,Y
16835,MECKLENBURG,11/7/23,216,10,C,CHARLOTTE-MECKLENBURG SCHOOLS BOARD OF EDUCATION AT-LARGE,Tigress Sydney Acute McDaniel, ,3,36,17,0,0,53,Y
16855,MECKLENBURG,11/7/23,217,10,C,CHARLOTTE-MECKLENBURG SCHOOLS BOARD OF EDUCATION AT-LARGE,Annette Albright, ,3,46,26,0,0,72,Y
16856,MECKLENBURG,11/7/23,217,10,C,CHARLOTTE-MECKLENBURG SCHOOLS BOARD OF EDUCATION AT-LARGE,Bill Fountain, ,3,104,37,0,0,141,Y
16857,MECKLENBURG,11/7/23,217,10,C,CHARLOTTE-MECKLENBURG SCHOOLS BOARD OF EDUCATION AT-LARGE,Brian Kasher, ,3,39,23,0,0,62,Y
16858,MECKLENBURG,11/7/23,217,10,C,CHARLOTTE-MECKLENBURG SCHOOLS BOARD OF EDUCATION AT-LARGE,Claire Covington, ,3,49,21,0,0,70,Y
16859,MECKLENBURG,11/7/23,217,10,C,CHARLOTTE-MECKLENBURG SCHOOLS BOARD OF EDUCATION AT-LARGE,Clara Kennedy Witherspoon, ,3,30,8,0,0,38,Y
16860,MECKLENBURG,11/7/23,217,10,C,CHARLOTTE-MECKLENBURG SCHOOLS BOARD OF EDUCATION AT-LARGE,Juanrique Pallamente Hall, ,3,9,9,0,0,18,Y
16861,MECKLENBURG,11/7/23,217,10,C,CHARLOTTE-MECKLENBURG SCHOOLS BOARD OF EDUCATION AT-LARGE,Lenora Shipp, ,3,81,57,0,0,138,Y
16862,MECKLENBURG,11/7/23,217,10,C,CHARLOTTE-MECKLENBURG SCHOOLS BOARD OF EDUCATION AT-LARGE,Liz Monterrey, ,3,73,61,0,0,134,Y
16863,MECKLENBURG,11/7/23,217,10,C,CHARLOTTE-MECKLENBURG SCHOOLS BOARD OF EDUCATION AT-LARGE,Michael Johnson, ,3,42,23,0,0,65,Y
16864,MECKLENBURG,11/7/23,217,10,C,CHARLOTTE-MECKLENBURG SCHOOLS BOARD OF EDUCATION AT-LARGE,Monty Witherspoon, ,3,66,38,0,0,104,Y
16865,MECKLENBURG,11/7/23,217,10,C,CHARLOTTE-MECKLENBURG SCHOOLS BOARD OF EDUCATION AT-LARGE,Omar Harris, ,3,19,9,0,0,28,Y
16866,MECKLENBURG,11/7/23,217,10,C,CHARLOTTE-MECKLENBURG SCHOOLS BOARD OF EDUCATION AT-LARGE,Peggy A. Capehart, ,3,17,12,0,0,29,Y
16868,MECKLENBURG,11/7/23,217,10,C,CHARLOTTE-MECKLENBURG SCHOOLS BOARD OF EDUCATION AT-LARGE,Shamaiye Haynes, ,3,51,25,0,0,76,Y
16870,MECKLENBURG,11/7/23,217,10,C,CHARLOTTE-MECKLENBURG SCHOOLS BOARD OF EDUCATION AT-LARGE,Tigress Sydney Acute McDaniel, ,3,9,3,0,0,12,Y
16890,MECKLENBURG,11/7/23,218,10,C,CHARLOTTE-MECKLENBURG SCHOOLS BOARD OF EDUCATION AT-LARGE,Annette Albright, ,3,121,26,0,0,147,Y
16891,MECKLENBURG,11/7/23,218,10,C,CHARLOTTE-MECKLENBURG SCHOOLS BOARD OF EDUCATION AT-LARGE,Bill Fountain, ,3,171,52,0,0,223,Y
16892,MECKLENBURG,11/7/23,218,10,C,CHARLOTTE-MECKLENBURG SCHOOLS BOARD OF EDUCATION AT-LARGE,Brian Kasher, ,3,63,17,0,0,80,Y
16893,MECKLENBURG,11/7/23,218,10,C,CHARLOTTE-MECKLENBURG SCHOOLS BOARD OF EDUCATION AT-LARGE,Claire Covington, ,3,116,28,0,0,144,Y
16894,MECKLENBURG,11/7/23,218,10,C,CHARLOTTE-MECKLENBURG SCHOOLS BOARD OF EDUCATION AT-LARGE,Clara Kennedy Witherspoon, ,3,74,15,0,0,89,Y
16895,MECKLENBURG,11/7/23,218,10,C,CHARLOTTE-MECKLENBURG SCHOOLS BOARD OF EDUCATION AT-LARGE,Juanrique Pallamente Hall, ,3,30,2,0,0,32,Y
16896,MECKLENBURG,11/7/23,218,10,C,CHARLOTTE-MECKLENBURG SCHOOLS BOARD OF EDUCATION AT-LARGE,Lenora Shipp, ,3,121,56,0,0,177,Y
16897,MECKLENBURG,11/7/23,218,10,C,CHARLOTTE-MECKLENBURG SCHOOLS BOARD OF EDUCATION AT-LARGE,Liz Monterrey, ,3,100,52,0,0,152,Y
16898,MECKLENBURG,11/7/23,218,10,C,CHARLOTTE-MECKLENBURG SCHOOLS BOARD OF EDUCATION AT-LARGE,Michael Johnson, ,3,136,22,0,0,158,Y
16899,MECKLENBURG,11/7/23,218,10,C,CHARLOTTE-MECKLENBURG SCHOOLS BOARD OF EDUCATION AT-LARGE,Monty Witherspoon, ,3,77,45,0,0,122,Y
16900,MECKLENBURG,11/7/23,218,10,C,CHARLOTTE-MECKLENBURG SCHOOLS BOARD OF EDUCATION AT-LARGE,Omar Harris, ,3,42,12,0,0,54,Y
16901,MECKLENBURG,11/7/23,218,10,C,CHARLOTTE-MECKLENBURG SCHOOLS BOARD OF EDUCATION AT-LARGE,Peggy A. Capehart, ,3,35,11,0,0,46,Y
16903,MECKLENBURG,11/7/23,218,10,C,CHARLOTTE-MECKLENBURG SCHOOLS BOARD OF EDUCATION AT-LARGE,Shamaiye Haynes, ,3,67,34,0,0,101,Y
16905,MECKLENBURG,11/7/23,218,10,C,CHARLOTTE-MECKLENBURG SCHOOLS BOARD OF EDUCATION AT-LARGE,Tigress Sydney Acute McDaniel, ,3,27,7,0,0,34,Y
16925,MECKLENBURG,11/7/23,219,10,C,CHARLOTTE-MECKLENBURG SCHOOLS BOARD OF EDUCATION AT-LARGE,Annette Albright, ,3,69,38,0,0,107,Y
16926,MECKLENBURG,11/7/23,219,10,C,CHARLOTTE-MECKLENBURG SCHOOLS BOARD OF EDUCATION AT-LARGE,Bill Fountain, ,3,126,65,0,0,191,Y
16927,MECKLENBURG,11/7/23,219,10,C,CHARLOTTE-MECKLENBURG SCHOOLS BOARD OF EDUCATION AT-LARGE,Brian Kasher, ,3,44,31,0,0,75,Y
16928,MECKLENBURG,11/7/23,219,10,C,CHARLOTTE-MECKLENBURG SCHOOLS BOARD OF EDUCATION AT-LARGE,Claire Covington, ,3,62,42,0,0,104,Y
16929,MECKLENBURG,11/7/23,219,10,C,CHARLOTTE-MECKLENBURG SCHOOLS BOARD OF EDUCATION AT-LARGE,Clara Kennedy Witherspoon, ,3,63,26,0,0,89,Y
16930,MECKLENBURG,11/7/23,219,10,C,CHARLOTTE-MECKLENBURG SCHOOLS BOARD OF EDUCATION AT-LARGE,Juanrique Pallamente Hall, ,3,19,11,0,0,30,Y
16931,MECKLENBURG,11/7/23,219,10,C,CHARLOTTE-MECKLENBURG SCHOOLS BOARD OF EDUCATION AT-LARGE,Lenora Shipp, ,3,72,61,0,0,133,Y
16932,MECKLENBURG,11/7/23,219,10,C,CHARLOTTE-MECKLENBURG SCHOOLS BOARD OF EDUCATION AT-LARGE,Liz Monterrey, ,3,72,62,0,0,134,Y
16933,MECKLENBURG,11/7/23,219,10,C,CHARLOTTE-MECKLENBURG SCHOOLS BOARD OF EDUCATION AT-LARGE,Michael Johnson, ,3,67,44,0,0,111,Y
16934,MECKLENBURG,11/7/23,219,10,C,CHARLOTTE-MECKLENBURG SCHOOLS BOARD OF EDUCATION AT-LARGE,Monty Witherspoon, ,3,63,61,0,0,124,Y
16935,MECKLENBURG,11/7/23,219,10,C,CHARLOTTE-MECKLENBURG SCHOOLS BOARD OF EDUCATION AT-LARGE,Omar Harris, ,3,40,16,0,0,56,Y
16936,MECKLENBURG,11/7/23,219,10,C,CHARLOTTE-MECKLENBURG SCHOOLS BOARD OF EDUCATION AT-LARGE,Peggy A. Capehart, ,3,22,19,0,0,41,Y
16938,MECKLENBURG,11/7/23,219,10,C,CHARLOTTE-MECKLENBURG SCHOOLS BOARD OF EDUCATION AT-LARGE,Shamaiye Haynes, ,3,67,32,0,0,99,Y
16940,MECKLENBURG,11/7/23,219,10,C,CHARLOTTE-MECKLENBURG SCHOOLS BOARD OF EDUCATION AT-LARGE,Tigress Sydney Acute McDaniel, ,3,25,6,0,0,31,Y
16954,MECKLENBURG,11/7/23,220,10,C,CHARLOTTE-MECKLENBURG SCHOOLS BOARD OF EDUCATION AT-LARGE,Annette Albright, ,3,103,41,0,0,144,Y
16955,MECKLENBURG,11/7/23,220,10,C,CHARLOTTE-MECKLENBURG SCHOOLS BOARD OF EDUCATION AT-LARGE,Bill Fountain, ,3,142,101,0,0,243,Y
16956,MECKLENBURG,11/7/23,220,10,C,CHARLOTTE-MECKLENBURG SCHOOLS BOARD OF EDUCATION AT-LARGE,Brian Kasher, ,3,48,37,0,0,85,Y
16957,MECKLENBURG,11/7/23,220,10,C,CHARLOTTE-MECKLENBURG SCHOOLS BOARD OF EDUCATION AT-LARGE,Claire Covington, ,3,100,51,0,0,151,Y
16958,MECKLENBURG,11/7/23,220,10,C,CHARLOTTE-MECKLENBURG SCHOOLS BOARD OF EDUCATION AT-LARGE,Clara Kennedy Witherspoon, ,3,65,27,0,0,92,Y
16959,MECKLENBURG,11/7/23,220,10,C,CHARLOTTE-MECKLENBURG SCHOOLS BOARD OF EDUCATION AT-LARGE,Juanrique Pallamente Hall, ,3,18,16,0,0,34,Y
16960,MECKLENBURG,11/7/23,220,10,C,CHARLOTTE-MECKLENBURG SCHOOLS BOARD OF EDUCATION AT-LARGE,Lenora Shipp, ,3,80,81,0,0,161,Y
16961,MECKLENBURG,11/7/23,220,10,C,CHARLOTTE-MECKLENBURG SCHOOLS BOARD OF EDUCATION AT-LARGE,Liz Monterrey, ,3,89,68,0,0,157,Y
16962,MECKLENBURG,11/7/23,220,10,C,CHARLOTTE-MECKLENBURG SCHOOLS BOARD OF EDUCATION AT-LARGE,Michael Johnson, ,3,99,40,0,0,139,Y
16963,MECKLENBURG,11/7/23,220,10,C,CHARLOTTE-MECKLENBURG SCHOOLS BOARD OF EDUCATION AT-LARGE,Monty Witherspoon, ,3,94,78,0,0,172,Y
16964,MECKLENBURG,11/7/23,220,10,C,CHARLOTTE-MECKLENBURG SCHOOLS BOARD OF EDUCATION AT-LARGE,Omar Harris, ,3,39,20,0,0,59,Y
16965,MECKLENBURG,11/7/23,220,10,C,CHARLOTTE-MECKLENBURG SCHOOLS BOARD OF EDUCATION AT-LARGE,Peggy A. Capehart, ,3,20,17,0,0,37,Y
16967,MECKLENBURG,11/7/23,220,10,C,CHARLOTTE-MECKLENBURG SCHOOLS BOARD OF EDUCATION AT-LARGE,Shamaiye Haynes, ,3,84,51,0,0,135,Y
16969,MECKLENBURG,11/7/23,220,10,C,CHARLOTTE-MECKLENBURG SCHOOLS BOARD OF EDUCATION AT-LARGE,Tigress Sydney Acute McDaniel, ,3,18,10,0,0,28,Y
16983,MECKLENBURG,11/7/23,221,10,C,CHARLOTTE-MECKLENBURG SCHOOLS BOARD OF EDUCATION AT-LARGE,Annette Albright, ,3,145,58,0,0,203,Y
16984,MECKLENBURG,11/7/23,221,10,C,CHARLOTTE-MECKLENBURG SCHOOLS BOARD OF EDUCATION AT-LARGE,Bill Fountain, ,3,226,156,0,0,382,Y
16985,MECKLENBURG,11/7/23,221,10,C,CHARLOTTE-MECKLENBURG SCHOOLS BOARD OF EDUCATION AT-LARGE,Brian Kasher, ,3,86,39,0,0,125,Y
16986,MECKLENBURG,11/7/23,221,10,C,CHARLOTTE-MECKLENBURG SCHOOLS BOARD OF EDUCATION AT-LARGE,Claire Covington, ,3,140,67,0,0,207,Y
16987,MECKLENBURG,11/7/23,221,10,C,CHARLOTTE-MECKLENBURG SCHOOLS BOARD OF EDUCATION AT-LARGE,Clara Kennedy Witherspoon, ,3,65,45,0,0,110,Y
16988,MECKLENBURG,11/7/23,221,10,C,CHARLOTTE-MECKLENBURG SCHOOLS BOARD OF EDUCATION AT-LARGE,Juanrique Pallamente Hall, ,3,23,21,0,0,44,Y
16989,MECKLENBURG,11/7/23,221,10,C,CHARLOTTE-MECKLENBURG SCHOOLS BOARD OF EDUCATION AT-LARGE,Lenora Shipp, ,3,126,129,0,0,255,Y
16990,MECKLENBURG,11/7/23,221,10,C,CHARLOTTE-MECKLENBURG SCHOOLS BOARD OF EDUCATION AT-LARGE,Liz Monterrey, ,3,106,124,0,0,230,Y
16991,MECKLENBURG,11/7/23,221,10,C,CHARLOTTE-MECKLENBURG SCHOOLS BOARD OF EDUCATION AT-LARGE,Michael Johnson, ,3,122,70,0,0,192,Y
16992,MECKLENBURG,11/7/23,221,10,C,CHARLOTTE-MECKLENBURG SCHOOLS BOARD OF EDUCATION AT-LARGE,Monty Witherspoon, ,3,83,124,0,0,207,Y
16993,MECKLENBURG,11/7/23,221,10,C,CHARLOTTE-MECKLENBURG SCHOOLS BOARD OF EDUCATION AT-LARGE,Omar Harris, ,3,37,24,0,0,61,Y
16994,MECKLENBURG,11/7/23,221,10,C,CHARLOTTE-MECKLENBURG SCHOOLS BOARD OF EDUCATION AT-LARGE,Peggy A. Capehart, ,3,45,18,0,0,63,Y
16996,MECKLENBURG,11/7/23,221,10,C,CHARLOTTE-MECKLENBURG SCHOOLS BOARD OF EDUCATION AT-LARGE,Shamaiye Haynes, ,3,75,46,0,0,121,Y
16998,MECKLENBURG,11/7/23,221,10,C,CHARLOTTE-MECKLENBURG SCHOOLS BOARD OF EDUCATION AT-LARGE,Tigress Sydney Acute McDaniel, ,3,19,13,0,0,32,Y
17046,MECKLENBURG,11/7/23,222,10,C,CHARLOTTE-MECKLENBURG SCHOOLS BOARD OF EDUCATION AT-LARGE,Annette Albright, ,3,110,53,0,0,163,Y
17047,MECKLENBURG,11/7/23,222,10,C,CHARLOTTE-MECKLENBURG SCHOOLS BOARD OF EDUCATION AT-LARGE,Bill Fountain, ,3,73,11,0,0,84,Y
17048,MECKLENBURG,11/7/23,222,10,C,CHARLOTTE-MECKLENBURG SCHOOLS BOARD OF EDUCATION AT-LARGE,Brian Kasher, ,3,33,3,0,0,36,Y
17049,MECKLENBURG,11/7/23,222,10,C,CHARLOTTE-MECKLENBURG SCHOOLS BOARD OF EDUCATION AT-LARGE,Claire Covington, ,3,66,26,0,0,92,Y
17050,MECKLENBURG,11/7/23,222,10,C,CHARLOTTE-MECKLENBURG SCHOOLS BOARD OF EDUCATION AT-LARGE,Clara Kennedy Witherspoon, ,3,63,28,0,0,91,Y
17051,MECKLENBURG,11/7/23,222,10,C,CHARLOTTE-MECKLENBURG SCHOOLS BOARD OF EDUCATION AT-LARGE,Juanrique Pallamente Hall, ,3,49,20,0,0,69,Y
17052,MECKLENBURG,11/7/23,222,10,C,CHARLOTTE-MECKLENBURG SCHOOLS BOARD OF EDUCATION AT-LARGE,Lenora Shipp, ,3,296,122,0,0,418,Y
17053,MECKLENBURG,11/7/23,222,10,C,CHARLOTTE-MECKLENBURG SCHOOLS BOARD OF EDUCATION AT-LARGE,Liz Monterrey, ,3,96,48,0,0,144,Y
17054,MECKLENBURG,11/7/23,222,10,C,CHARLOTTE-MECKLENBURG SCHOOLS BOARD OF EDUCATION AT-LARGE,Michael Johnson, ,3,95,30,0,0,125,Y
17055,MECKLENBURG,11/7/23,222,10,C,CHARLOTTE-MECKLENBURG SCHOOLS BOARD OF EDUCATION AT-LARGE,Monty Witherspoon, ,3,246,101,0,0,347,Y
17056,MECKLENBURG,11/7/23,222,10,C,CHARLOTTE-MECKLENBURG SCHOOLS BOARD OF EDUCATION AT-LARGE,Omar Harris, ,3,75,46,0,0,121,Y
17057,MECKLENBURG,11/7/23,222,10,C,CHARLOTTE-MECKLENBURG SCHOOLS BOARD OF EDUCATION AT-LARGE,Peggy A. Capehart, ,3,37,10,0,0,47,Y
17059,MECKLENBURG,11/7/23,222,10,C,CHARLOTTE-MECKLENBURG SCHOOLS BOARD OF EDUCATION AT-LARGE,Shamaiye Haynes, ,3,258,111,0,0,369,Y
17061,MECKLENBURG,11/7/23,222,10,C,CHARLOTTE-MECKLENBURG SCHOOLS BOARD OF EDUCATION AT-LARGE,Tigress Sydney Acute McDaniel, ,3,26,23,0,0,49,Y
19535,MECKLENBURG,11/7/23,19,10,C,CHARLOTTE-MECKLENBURG SCHOOLS BOARD OF EDUCATION AT-LARGE,Clara Kennedy Witherspoon, ,3,29,18,0,0,47,Y
19536,MECKLENBURG,11/7/23,19,10,C,CHARLOTTE-MECKLENBURG SCHOOLS BOARD OF EDUCATION AT-LARGE,Juanrique Pallamente Hall, ,3,9,10,0,0,19,Y
19537,MECKLENBURG,11/7/23,19,10,C,CHARLOTTE-MECKLENBURG SCHOOLS BOARD OF EDUCATION AT-LARGE,Lenora Shipp, ,3,111,75,0,0,186,Y
19538,MECKLENBURG,11/7/23,19,10,C,CHARLOTTE-MECKLENBURG SCHOOLS BOARD OF EDUCATION AT-LARGE,Liz Monterrey, ,3,161,74,0,0,235,Y
19539,MECKLENBURG,11/7/23,19,10,C,CHARLOTTE-MECKLENBURG SCHOOLS BOARD OF EDUCATION AT-LARGE,Michael Johnson, ,3,55,28,0,0,83,Y
19540,MECKLENBURG,11/7/23,19,10,C,CHARLOTTE-MECKLENBURG SCHOOLS BOARD OF EDUCATION AT-LARGE,Monty Witherspoon, ,3,111,54,0,0,165,Y
19541,MECKLENBURG,11/7/23,19,10,C,CHARLOTTE-MECKLENBURG SCHOOLS BOARD OF EDUCATION AT-LARGE,Omar Harris, ,3,13,5,0,0,18,Y
19542,MECKLENBURG,11/7/23,19,10,C,CHARLOTTE-MECKLENBURG SCHOOLS BOARD OF EDUCATION AT-LARGE,Peggy A. Capehart, ,3,23,14,0,0,37,Y
19544,MECKLENBURG,11/7/23,19,10,C,CHARLOTTE-MECKLENBURG SCHOOLS BOARD OF EDUCATION AT-LARGE,Shamaiye Haynes, ,3,76,23,0,0,99,Y
19546,MECKLENBURG,11/7/23,19,10,C,CHARLOTTE-MECKLENBURG SCHOOLS BOARD OF EDUCATION AT-LARGE,Tigress Sydney Acute McDaniel, ,3,13,7,0,0,20,Y
19582,MECKLENBURG,11/7/23,20,10,C,CHARLOTTE-MECKLENBURG SCHOOLS BOARD OF EDUCATION AT-LARGE,Annette Albright, ,3,97,18,0,0,115,Y
19583,MECKLENBURG,11/7/23,20,10,C,CHARLOTTE-MECKLENBURG SCHOOLS BOARD OF EDUCATION AT-LARGE,Bill Fountain, ,3,104,27,0,0,131,Y
19584,MECKLENBURG,11/7/23,20,10,C,CHARLOTTE-MECKLENBURG SCHOOLS BOARD OF EDUCATION AT-LARGE,Brian Kasher, ,3,49,9,0,0,58,Y
19585,MECKLENBURG,11/7/23,20,10,C,CHARLOTTE-MECKLENBURG SCHOOLS BOARD OF EDUCATION AT-LARGE,Claire Covington, ,3,122,24,0,0,146,Y
19586,MECKLENBURG,11/7/23,20,10,C,CHARLOTTE-MECKLENBURG SCHOOLS BOARD OF EDUCATION AT-LARGE,Clara Kennedy Witherspoon, ,3,65,11,0,0,76,Y
19587,MECKLENBURG,11/7/23,20,10,C,CHARLOTTE-MECKLENBURG SCHOOLS BOARD OF EDUCATION AT-LARGE,Juanrique Pallamente Hall, ,3,16,3,0,0,19,Y
19588,MECKLENBURG,11/7/23,20,10,C,CHARLOTTE-MECKLENBURG SCHOOLS BOARD OF EDUCATION AT-LARGE,Lenora Shipp, ,3,179,65,0,0,244,Y
19589,MECKLENBURG,11/7/23,20,10,C,CHARLOTTE-MECKLENBURG SCHOOLS BOARD OF EDUCATION AT-LARGE,Liz Monterrey, ,3,238,68,0,0,306,Y
19590,MECKLENBURG,11/7/23,20,10,C,CHARLOTTE-MECKLENBURG SCHOOLS BOARD OF EDUCATION AT-LARGE,Michael Johnson, ,3,79,10,0,0,89,Y
19591,MECKLENBURG,11/7/23,20,10,C,CHARLOTTE-MECKLENBURG SCHOOLS BOARD OF EDUCATION AT-LARGE,Monty Witherspoon, ,3,161,60,0,0,221,Y
19592,MECKLENBURG,11/7/23,20,10,C,CHARLOTTE-MECKLENBURG SCHOOLS BOARD OF EDUCATION AT-LARGE,Omar Harris, ,3,29,3,0,0,32,Y
19593,MECKLENBURG,11/7/23,20,10,C,CHARLOTTE-MECKLENBURG SCHOOLS BOARD OF EDUCATION AT-LARGE,Peggy A. Capehart, ,3,27,4,0,0,31,Y
19595,MECKLENBURG,11/7/23,20,10,C,CHARLOTTE-MECKLENBURG SCHOOLS BOARD OF EDUCATION AT-LARGE,Shamaiye Haynes, ,3,124,36,0,0,160,Y
19597,MECKLENBURG,11/7/23,20,10,C,CHARLOTTE-MECKLENBURG SCHOOLS BOARD OF EDUCATION AT-LARGE,Tigress Sydney Acute McDaniel, ,3,23,5,0,0,28,Y
19633,MECKLENBURG,11/7/23,21,10,C,CHARLOTTE-MECKLENBURG SCHOOLS BOARD OF EDUCATION AT-LARGE,Annette Albright, ,3,66,11,0,0,77,Y
19634,MECKLENBURG,11/7/23,21,10,C,CHARLOTTE-MECKLENBURG SCHOOLS BOARD OF EDUCATION AT-LARGE,Bill Fountain, ,3,70,6,0,0,76,Y
19635,MECKLENBURG,11/7/23,21,10,C,CHARLOTTE-MECKLENBURG SCHOOLS BOARD OF EDUCATION AT-LARGE,Brian Kasher, ,3,47,9,0,0,56,Y
19636,MECKLENBURG,11/7/23,21,10,C,CHARLOTTE-MECKLENBURG SCHOOLS BOARD OF EDUCATION AT-LARGE,Claire Covington, ,3,78,12,0,0,90,Y
19637,MECKLENBURG,11/7/23,21,10,C,CHARLOTTE-MECKLENBURG SCHOOLS BOARD OF EDUCATION AT-LARGE,Clara Kennedy Witherspoon, ,3,53,10,0,0,63,Y
19638,MECKLENBURG,11/7/23,21,10,C,CHARLOTTE-MECKLENBURG SCHOOLS BOARD OF EDUCATION AT-LARGE,Juanrique Pallamente Hall, ,3,24,3,0,0,27,Y
19639,MECKLENBURG,11/7/23,21,10,C,CHARLOTTE-MECKLENBURG SCHOOLS BOARD OF EDUCATION AT-LARGE,Lenora Shipp, ,3,138,46,0,0,184,Y
19640,MECKLENBURG,11/7/23,21,10,C,CHARLOTTE-MECKLENBURG SCHOOLS BOARD OF EDUCATION AT-LARGE,Liz Monterrey, ,3,149,41,0,0,190,Y
19641,MECKLENBURG,11/7/23,21,10,C,CHARLOTTE-MECKLENBURG SCHOOLS BOARD OF EDUCATION AT-LARGE,Michael Johnson, ,3,56,11,0,0,67,Y
19642,MECKLENBURG,11/7/23,21,10,C,CHARLOTTE-MECKLENBURG SCHOOLS BOARD OF EDUCATION AT-LARGE,Monty Witherspoon, ,3,125,38,0,0,163,Y
19643,MECKLENBURG,11/7/23,21,10,C,CHARLOTTE-MECKLENBURG SCHOOLS BOARD OF EDUCATION AT-LARGE,Omar Harris, ,3,26,4,0,0,30,Y
19644,MECKLENBURG,11/7/23,21,10,C,CHARLOTTE-MECKLENBURG SCHOOLS BOARD OF EDUCATION AT-LARGE,Peggy A. Capehart, ,3,17,2,0,0,19,Y
19646,MECKLENBURG,11/7/23,21,10,C,CHARLOTTE-MECKLENBURG SCHOOLS BOARD OF EDUCATION AT-LARGE,Shamaiye Haynes, ,3,110,18,0,0,128,Y
19648,MECKLENBURG,11/7/23,21,10,C,CHARLOTTE-MECKLENBURG SCHOOLS BOARD OF EDUCATION AT-LARGE,Tigress Sydney Acute McDaniel, ,3,23,5,0,0,28,Y
19683,MECKLENBURG,11/7/23,22,10,C,CHARLOTTE-MECKLENBURG SCHOOLS BOARD OF EDUCATION AT-LARGE,Annette Albright, ,3,81,26,0,0,107,Y
19684,MECKLENBURG,11/7/23,22,10,C,CHARLOTTE-MECKLENBURG SCHOOLS BOARD OF EDUCATION AT-LARGE,Bill Fountain, ,3,73,26,0,0,99,Y
19685,MECKLENBURG,11/7/23,22,10,C,CHARLOTTE-MECKLENBURG SCHOOLS BOARD OF EDUCATION AT-LARGE,Brian Kasher, ,3,52,17,0,0,69,Y
19686,MECKLENBURG,11/7/23,22,10,C,CHARLOTTE-MECKLENBURG SCHOOLS BOARD OF EDUCATION AT-LARGE,Claire Covington, ,3,89,19,0,0,108,Y
19687,MECKLENBURG,11/7/23,22,10,C,CHARLOTTE-MECKLENBURG SCHOOLS BOARD OF EDUCATION AT-LARGE,Clara Kennedy Witherspoon, ,3,59,13,0,0,72,Y
19688,MECKLENBURG,11/7/23,22,10,C,CHARLOTTE-MECKLENBURG SCHOOLS BOARD OF EDUCATION AT-LARGE,Juanrique Pallamente Hall, ,3,37,8,0,0,45,Y
19689,MECKLENBURG,11/7/23,22,10,C,CHARLOTTE-MECKLENBURG SCHOOLS BOARD OF EDUCATION AT-LARGE,Lenora Shipp, ,3,185,64,0,0,249,Y
19690,MECKLENBURG,11/7/23,22,10,C,CHARLOTTE-MECKLENBURG SCHOOLS BOARD OF EDUCATION AT-LARGE,Liz Monterrey, ,3,177,46,0,0,223,Y
19691,MECKLENBURG,11/7/23,22,10,C,CHARLOTTE-MECKLENBURG SCHOOLS BOARD OF EDUCATION AT-LARGE,Michael Johnson, ,3,71,18,0,0,89,Y
19692,MECKLENBURG,11/7/23,22,10,C,CHARLOTTE-MECKLENBURG SCHOOLS BOARD OF EDUCATION AT-LARGE,Monty Witherspoon, ,3,150,54,0,0,204,Y
19693,MECKLENBURG,11/7/23,22,10,C,CHARLOTTE-MECKLENBURG SCHOOLS BOARD OF EDUCATION AT-LARGE,Omar Harris, ,3,38,18,0,0,56,Y
19694,MECKLENBURG,11/7/23,22,10,C,CHARLOTTE-MECKLENBURG SCHOOLS BOARD OF EDUCATION AT-LARGE,Peggy A. Capehart, ,3,34,4,0,0,38,Y
19696,MECKLENBURG,11/7/23,22,10,C,CHARLOTTE-MECKLENBURG SCHOOLS BOARD OF EDUCATION AT-LARGE,Shamaiye Haynes, ,3,146,56,0,0,202,Y
19698,MECKLENBURG,11/7/23,22,10,C,CHARLOTTE-MECKLENBURG SCHOOLS BOARD OF EDUCATION AT-LARGE,Tigress Sydney Acute McDaniel, ,3,41,12,0,0,53,Y
19732,MECKLENBURG,11/7/23,23,10,C,CHARLOTTE-MECKLENBURG SCHOOLS BOARD OF EDUCATION AT-LARGE,Annette Albright, ,3,53,11,0,0,64,Y
19733,MECKLENBURG,11/7/23,23,10,C,CHARLOTTE-MECKLENBURG SCHOOLS BOARD OF EDUCATION AT-LARGE,Bill Fountain, ,3,14,4,0,0,18,Y
19734,MECKLENBURG,11/7/23,23,10,C,CHARLOTTE-MECKLENBURG SCHOOLS BOARD OF EDUCATION AT-LARGE,Brian Kasher, ,3,19,1,0,0,20,Y
19735,MECKLENBURG,11/7/23,23,10,C,CHARLOTTE-MECKLENBURG SCHOOLS BOARD OF EDUCATION AT-LARGE,Claire Covington, ,3,37,10,0,0,47,Y
19736,MECKLENBURG,11/7/23,23,10,C,CHARLOTTE-MECKLENBURG SCHOOLS BOARD OF EDUCATION AT-LARGE,Clara Kennedy Witherspoon, ,3,24,10,0,0,34,Y
19737,MECKLENBURG,11/7/23,23,10,C,CHARLOTTE-MECKLENBURG SCHOOLS BOARD OF EDUCATION AT-LARGE,Juanrique Pallamente Hall, ,3,22,1,0,0,23,Y
19738,MECKLENBURG,11/7/23,23,10,C,CHARLOTTE-MECKLENBURG SCHOOLS BOARD OF EDUCATION AT-LARGE,Lenora Shipp, ,3,68,43,0,0,111,Y
19739,MECKLENBURG,11/7/23,23,10,C,CHARLOTTE-MECKLENBURG SCHOOLS BOARD OF EDUCATION AT-LARGE,Liz Monterrey, ,3,40,24,0,0,64,Y
19740,MECKLENBURG,11/7/23,23,10,C,CHARLOTTE-MECKLENBURG SCHOOLS BOARD OF EDUCATION AT-LARGE,Michael Johnson, ,3,39,7,0,0,46,Y
19741,MECKLENBURG,11/7/23,23,10,C,CHARLOTTE-MECKLENBURG SCHOOLS BOARD OF EDUCATION AT-LARGE,Monty Witherspoon, ,3,46,33,0,0,79,Y
19742,MECKLENBURG,11/7/23,23,10,C,CHARLOTTE-MECKLENBURG SCHOOLS BOARD OF EDUCATION AT-LARGE,Omar Harris, ,3,31,11,0,0,42,Y
19743,MECKLENBURG,11/7/23,23,10,C,CHARLOTTE-MECKLENBURG SCHOOLS BOARD OF EDUCATION AT-LARGE,Peggy A. Capehart, ,3,10,1,0,0,11,Y
19745,MECKLENBURG,11/7/23,23,10,C,CHARLOTTE-MECKLENBURG SCHOOLS BOARD OF EDUCATION AT-LARGE,Shamaiye Haynes, ,3,75,35,0,0,110,Y
19747,MECKLENBURG,11/7/23,23,10,C,CHARLOTTE-MECKLENBURG SCHOOLS BOARD OF EDUCATION AT-LARGE,Tigress Sydney Acute McDaniel, ,3,17,5,0,0,22,Y
19781,MECKLENBURG,11/7/23,24,10,C,CHARLOTTE-MECKLENBURG SCHOOLS BOARD OF EDUCATION AT-LARGE,Annette Albright, ,3,70,13,0,0,83,Y
19782,MECKLENBURG,11/7/23,24,10,C,CHARLOTTE-MECKLENBURG SCHOOLS BOARD OF EDUCATION AT-LARGE,Bill Fountain, ,3,23,4,0,0,27,Y
19783,MECKLENBURG,11/7/23,24,10,C,CHARLOTTE-MECKLENBURG SCHOOLS BOARD OF EDUCATION AT-LARGE,Brian Kasher, ,3,14,5,0,0,19,Y
19784,MECKLENBURG,11/7/23,24,10,C,CHARLOTTE-MECKLENBURG SCHOOLS BOARD OF EDUCATION AT-LARGE,Claire Covington, ,3,28,6,0,0,34,Y
19785,MECKLENBURG,11/7/23,24,10,C,CHARLOTTE-MECKLENBURG SCHOOLS BOARD OF EDUCATION AT-LARGE,Clara Kennedy Witherspoon, ,3,34,9,0,0,43,Y
19786,MECKLENBURG,11/7/23,24,10,C,CHARLOTTE-MECKLENBURG SCHOOLS BOARD OF EDUCATION AT-LARGE,Juanrique Pallamente Hall, ,3,27,3,0,0,30,Y
19787,MECKLENBURG,11/7/23,24,10,C,CHARLOTTE-MECKLENBURG SCHOOLS BOARD OF EDUCATION AT-LARGE,Lenora Shipp, ,3,109,30,0,0,139,Y
19788,MECKLENBURG,11/7/23,24,10,C,CHARLOTTE-MECKLENBURG SCHOOLS BOARD OF EDUCATION AT-LARGE,Liz Monterrey, ,3,63,14,0,0,77,Y
19789,MECKLENBURG,11/7/23,24,10,C,CHARLOTTE-MECKLENBURG SCHOOLS BOARD OF EDUCATION AT-LARGE,Michael Johnson, ,3,39,12,0,0,51,Y
19790,MECKLENBURG,11/7/23,24,10,C,CHARLOTTE-MECKLENBURG SCHOOLS BOARD OF EDUCATION AT-LARGE,Monty Witherspoon, ,3,74,22,0,0,96,Y
19791,MECKLENBURG,11/7/23,24,10,C,CHARLOTTE-MECKLENBURG SCHOOLS BOARD OF EDUCATION AT-LARGE,Omar Harris, ,3,39,5,0,0,44,Y
19792,MECKLENBURG,11/7/23,24,10,C,CHARLOTTE-MECKLENBURG SCHOOLS BOARD OF EDUCATION AT-LARGE,Peggy A. Capehart, ,3,24,2,0,0,26,Y
19794,MECKLENBURG,11/7/23,24,10,C,CHARLOTTE-MECKLENBURG SCHOOLS BOARD OF EDUCATION AT-LARGE,Shamaiye Haynes, ,3,144,34,0,0,178,Y
19796,MECKLENBURG,11/7/23,24,10,C,CHARLOTTE-MECKLENBURG SCHOOLS BOARD OF EDUCATION AT-LARGE,Tigress Sydney Acute McDaniel, ,3,26,2,0,0,28,Y
19830,MECKLENBURG,11/7/23,25,10,C,CHARLOTTE-MECKLENBURG SCHOOLS BOARD OF EDUCATION AT-LARGE,Annette Albright, ,3,30,26,0,0,56,Y
19831,MECKLENBURG,11/7/23,25,10,C,CHARLOTTE-MECKLENBURG SCHOOLS BOARD OF EDUCATION AT-LARGE,Bill Fountain, ,3,6,11,0,0,17,Y
19832,MECKLENBURG,11/7/23,25,10,C,CHARLOTTE-MECKLENBURG SCHOOLS BOARD OF EDUCATION AT-LARGE,Brian Kasher, ,3,5,3,0,0,8,Y
19833,MECKLENBURG,11/7/23,25,10,C,CHARLOTTE-MECKLENBURG SCHOOLS BOARD OF EDUCATION AT-LARGE,Claire Covington, ,3,22,15,0,0,37,Y
19834,MECKLENBURG,11/7/23,25,10,C,CHARLOTTE-MECKLENBURG SCHOOLS BOARD OF EDUCATION AT-LARGE,Clara Kennedy Witherspoon, ,3,31,28,0,0,59,Y
19835,MECKLENBURG,11/7/23,25,10,C,CHARLOTTE-MECKLENBURG SCHOOLS BOARD OF EDUCATION AT-LARGE,Juanrique Pallamente Hall, ,3,39,8,0,0,47,Y
19836,MECKLENBURG,11/7/23,25,10,C,CHARLOTTE-MECKLENBURG SCHOOLS BOARD OF EDUCATION AT-LARGE,Lenora Shipp, ,3,67,69,0,0,136,Y
19837,MECKLENBURG,11/7/23,25,10,C,CHARLOTTE-MECKLENBURG SCHOOLS BOARD OF EDUCATION AT-LARGE,Liz Monterrey, ,3,9,13,0,0,22,Y
19838,MECKLENBURG,11/7/23,25,10,C,CHARLOTTE-MECKLENBURG SCHOOLS BOARD OF EDUCATION AT-LARGE,Michael Johnson, ,3,31,19,0,0,50,Y
19839,MECKLENBURG,11/7/23,25,10,C,CHARLOTTE-MECKLENBURG SCHOOLS BOARD OF EDUCATION AT-LARGE,Monty Witherspoon, ,3,41,52,0,0,93,Y
19840,MECKLENBURG,11/7/23,25,10,C,CHARLOTTE-MECKLENBURG SCHOOLS BOARD OF EDUCATION AT-LARGE,Omar Harris, ,3,21,25,0,0,46,Y
19841,MECKLENBURG,11/7/23,25,10,C,CHARLOTTE-MECKLENBURG SCHOOLS BOARD OF EDUCATION AT-LARGE,Peggy A. Capehart, ,3,3,6,0,0,9,Y
19843,MECKLENBURG,11/7/23,25,10,C,CHARLOTTE-MECKLENBURG SCHOOLS BOARD OF EDUCATION AT-LARGE,Shamaiye Haynes, ,3,63,66,0,0,129,Y
19845,MECKLENBURG,11/7/23,25,10,C,CHARLOTTE-MECKLENBURG SCHOOLS BOARD OF EDUCATION AT-LARGE,Tigress Sydney Acute McDaniel, ,3,13,13,0,0,26,Y
19881,MECKLENBURG,11/7/23,26,10,C,CHARLOTTE-MECKLENBURG SCHOOLS BOARD OF EDUCATION AT-LARGE,Annette Albright, ,3,105,53,0,0,158,Y
19882,MECKLENBURG,11/7/23,26,10,C,CHARLOTTE-MECKLENBURG SCHOOLS BOARD OF EDUCATION AT-LARGE,Bill Fountain, ,3,28,11,0,0,39,Y
19883,MECKLENBURG,11/7/23,26,10,C,CHARLOTTE-MECKLENBURG SCHOOLS BOARD OF EDUCATION AT-LARGE,Brian Kasher, ,3,14,5,0,0,19,Y
19884,MECKLENBURG,11/7/23,26,10,C,CHARLOTTE-MECKLENBURG SCHOOLS BOARD OF EDUCATION AT-LARGE,Claire Covington, ,3,52,25,0,0,77,Y
19885,MECKLENBURG,11/7/23,26,10,C,CHARLOTTE-MECKLENBURG SCHOOLS BOARD OF EDUCATION AT-LARGE,Clara Kennedy Witherspoon, ,3,46,39,0,0,85,Y
19886,MECKLENBURG,11/7/23,26,10,C,CHARLOTTE-MECKLENBURG SCHOOLS BOARD OF EDUCATION AT-LARGE,Juanrique Pallamente Hall, ,3,27,13,0,0,40,Y
19887,MECKLENBURG,11/7/23,26,10,C,CHARLOTTE-MECKLENBURG SCHOOLS BOARD OF EDUCATION AT-LARGE,Lenora Shipp, ,3,143,126,0,0,269,Y
19888,MECKLENBURG,11/7/23,26,10,C,CHARLOTTE-MECKLENBURG SCHOOLS BOARD OF EDUCATION AT-LARGE,Liz Monterrey, ,3,72,34,0,0,106,Y
19889,MECKLENBURG,11/7/23,26,10,C,CHARLOTTE-MECKLENBURG SCHOOLS BOARD OF EDUCATION AT-LARGE,Michael Johnson, ,3,82,39,0,0,121,Y
19890,MECKLENBURG,11/7/23,26,10,C,CHARLOTTE-MECKLENBURG SCHOOLS BOARD OF EDUCATION AT-LARGE,Monty Witherspoon, ,3,99,92,0,0,191,Y
19891,MECKLENBURG,11/7/23,26,10,C,CHARLOTTE-MECKLENBURG SCHOOLS BOARD OF EDUCATION AT-LARGE,Omar Harris, ,3,69,43,0,0,112,Y
19892,MECKLENBURG,11/7/23,26,10,C,CHARLOTTE-MECKLENBURG SCHOOLS BOARD OF EDUCATION AT-LARGE,Peggy A. Capehart, ,3,35,15,0,0,50,Y
19894,MECKLENBURG,11/7/23,26,10,C,CHARLOTTE-MECKLENBURG SCHOOLS BOARD OF EDUCATION AT-LARGE,Shamaiye Haynes, ,3,112,101,0,0,213,Y
19896,MECKLENBURG,11/7/23,26,10,C,CHARLOTTE-MECKLENBURG SCHOOLS BOARD OF EDUCATION AT-LARGE,Tigress Sydney Acute McDaniel, ,3,32,15,0,0,47,Y
19932,MECKLENBURG,11/7/23,27,10,C,CHARLOTTE-MECKLENBURG SCHOOLS BOARD OF EDUCATION AT-LARGE,Annette Albright, ,3,47,17,0,0,64,Y
19933,MECKLENBURG,11/7/23,27,10,C,CHARLOTTE-MECKLENBURG SCHOOLS BOARD OF EDUCATION AT-LARGE,Bill Fountain, ,3,10,8,0,0,18,Y
19934,MECKLENBURG,11/7/23,27,10,C,CHARLOTTE-MECKLENBURG SCHOOLS BOARD OF EDUCATION AT-LARGE,Brian Kasher, ,3,9,6,0,0,15,Y
19935,MECKLENBURG,11/7/23,27,10,C,CHARLOTTE-MECKLENBURG SCHOOLS BOARD OF EDUCATION AT-LARGE,Claire Covington, ,3,19,8,0,0,27,Y
19936,MECKLENBURG,11/7/23,27,10,C,CHARLOTTE-MECKLENBURG SCHOOLS BOARD OF EDUCATION AT-LARGE,Clara Kennedy Witherspoon, ,3,25,9,0,0,34,Y
19937,MECKLENBURG,11/7/23,27,10,C,CHARLOTTE-MECKLENBURG SCHOOLS BOARD OF EDUCATION AT-LARGE,Juanrique Pallamente Hall, ,3,22,1,0,0,23,Y
19938,MECKLENBURG,11/7/23,27,10,C,CHARLOTTE-MECKLENBURG SCHOOLS BOARD OF EDUCATION AT-LARGE,Lenora Shipp, ,3,67,30,0,0,97,Y
19939,MECKLENBURG,11/7/23,27,10,C,CHARLOTTE-MECKLENBURG SCHOOLS BOARD OF EDUCATION AT-LARGE,Liz Monterrey, ,3,31,12,0,0,43,Y
19940,MECKLENBURG,11/7/23,27,10,C,CHARLOTTE-MECKLENBURG SCHOOLS BOARD OF EDUCATION AT-LARGE,Michael Johnson, ,3,31,17,0,0,48,Y
19941,MECKLENBURG,11/7/23,27,10,C,CHARLOTTE-MECKLENBURG SCHOOLS BOARD OF EDUCATION AT-LARGE,Monty Witherspoon, ,3,33,32,0,0,65,Y
19942,MECKLENBURG,11/7/23,27,10,C,CHARLOTTE-MECKLENBURG SCHOOLS BOARD OF EDUCATION AT-LARGE,Omar Harris, ,3,39,14,0,0,53,Y
19943,MECKLENBURG,11/7/23,27,10,C,CHARLOTTE-MECKLENBURG SCHOOLS BOARD OF EDUCATION AT-LARGE,Peggy A. Capehart, ,3,20,11,0,0,31,Y
19945,MECKLENBURG,11/7/23,27,10,C,CHARLOTTE-MECKLENBURG SCHOOLS BOARD OF EDUCATION AT-LARGE,Shamaiye Haynes, ,3,55,23,0,0,78,Y
19947,MECKLENBURG,11/7/23,27,10,C,CHARLOTTE-MECKLENBURG SCHOOLS BOARD OF EDUCATION AT-LARGE,Tigress Sydney Acute McDaniel, ,3,15,4,0,0,19,Y
20469,MECKLENBURG,11/7/23,28,10,C,CHARLOTTE-MECKLENBURG SCHOOLS BOARD OF EDUCATION AT-LARGE,Annette Albright, ,3,36,24,0,0,60,Y
20470,MECKLENBURG,11/7/23,28,10,C,CHARLOTTE-MECKLENBURG SCHOOLS BOARD OF EDUCATION AT-LARGE,Bill Fountain, ,3,11,8,0,0,19,Y
20471,MECKLENBURG,11/7/23,28,10,C,CHARLOTTE-MECKLENBURG SCHOOLS BOARD OF EDUCATION AT-LARGE,Brian Kasher, ,3,21,1,0,0,22,Y
20472,MECKLENBURG,11/7/23,28,10,C,CHARLOTTE-MECKLENBURG SCHOOLS BOARD OF EDUCATION AT-LARGE,Claire Covington, ,3,24,9,0,0,33,Y
20473,MECKLENBURG,11/7/23,28,10,C,CHARLOTTE-MECKLENBURG SCHOOLS BOARD OF EDUCATION AT-LARGE,Clara Kennedy Witherspoon, ,3,17,16,0,0,33,Y
20474,MECKLENBURG,11/7/23,28,10,C,CHARLOTTE-MECKLENBURG SCHOOLS BOARD OF EDUCATION AT-LARGE,Juanrique Pallamente Hall, ,3,14,11,0,0,25,Y
20475,MECKLENBURG,11/7/23,28,10,C,CHARLOTTE-MECKLENBURG SCHOOLS BOARD OF EDUCATION AT-LARGE,Lenora Shipp, ,3,125,40,0,0,165,Y
20476,MECKLENBURG,11/7/23,28,10,C,CHARLOTTE-MECKLENBURG SCHOOLS BOARD OF EDUCATION AT-LARGE,Liz Monterrey, ,3,122,22,0,0,144,Y
20477,MECKLENBURG,11/7/23,28,10,C,CHARLOTTE-MECKLENBURG SCHOOLS BOARD OF EDUCATION AT-LARGE,Michael Johnson, ,3,28,13,0,0,41,Y
20478,MECKLENBURG,11/7/23,28,10,C,CHARLOTTE-MECKLENBURG SCHOOLS BOARD OF EDUCATION AT-LARGE,Monty Witherspoon, ,3,87,31,0,0,118,Y
20479,MECKLENBURG,11/7/23,28,10,C,CHARLOTTE-MECKLENBURG SCHOOLS BOARD OF EDUCATION AT-LARGE,Omar Harris, ,3,25,18,0,0,43,Y
20480,MECKLENBURG,11/7/23,28,10,C,CHARLOTTE-MECKLENBURG SCHOOLS BOARD OF EDUCATION AT-LARGE,Peggy A. Capehart, ,3,12,8,0,0,20,Y
20482,MECKLENBURG,11/7/23,28,10,C,CHARLOTTE-MECKLENBURG SCHOOLS BOARD OF EDUCATION AT-LARGE,Shamaiye Haynes, ,3,66,31,0,0,97,Y
20484,MECKLENBURG,11/7/23,28,10,C,CHARLOTTE-MECKLENBURG SCHOOLS BOARD OF EDUCATION AT-LARGE,Tigress Sydney Acute McDaniel, ,3,23,10,0,0,33,Y
20520,MECKLENBURG,11/7/23,29,10,C,CHARLOTTE-MECKLENBURG SCHOOLS BOARD OF EDUCATION AT-LARGE,Annette Albright, ,3,44,8,0,0,52,Y
20521,MECKLENBURG,11/7/23,29,10,C,CHARLOTTE-MECKLENBURG SCHOOLS BOARD OF EDUCATION AT-LARGE,Bill Fountain, ,3,36,4,0,0,40,Y
20522,MECKLENBURG,11/7/23,29,10,C,CHARLOTTE-MECKLENBURG SCHOOLS BOARD OF EDUCATION AT-LARGE,Brian Kasher, ,3,41,3,0,0,44,Y
20523,MECKLENBURG,11/7/23,29,10,C,CHARLOTTE-MECKLENBURG SCHOOLS BOARD OF EDUCATION AT-LARGE,Claire Covington, ,3,50,13,0,0,63,Y
20524,MECKLENBURG,11/7/23,29,10,C,CHARLOTTE-MECKLENBURG SCHOOLS BOARD OF EDUCATION AT-LARGE,Clara Kennedy Witherspoon, ,3,35,9,0,0,44,Y
20525,MECKLENBURG,11/7/23,29,10,C,CHARLOTTE-MECKLENBURG SCHOOLS BOARD OF EDUCATION AT-LARGE,Juanrique Pallamente Hall, ,3,18,1,0,0,19,Y
20526,MECKLENBURG,11/7/23,29,10,C,CHARLOTTE-MECKLENBURG SCHOOLS BOARD OF EDUCATION AT-LARGE,Lenora Shipp, ,3,151,56,0,0,207,Y
20527,MECKLENBURG,11/7/23,29,10,C,CHARLOTTE-MECKLENBURG SCHOOLS BOARD OF EDUCATION AT-LARGE,Liz Monterrey, ,3,191,60,0,0,251,Y
20528,MECKLENBURG,11/7/23,29,10,C,CHARLOTTE-MECKLENBURG SCHOOLS BOARD OF EDUCATION AT-LARGE,Michael Johnson, ,3,29,5,0,0,34,Y
20529,MECKLENBURG,11/7/23,29,10,C,CHARLOTTE-MECKLENBURG SCHOOLS BOARD OF EDUCATION AT-LARGE,Monty Witherspoon, ,3,113,54,0,0,167,Y
20530,MECKLENBURG,11/7/23,29,10,C,CHARLOTTE-MECKLENBURG SCHOOLS BOARD OF EDUCATION AT-LARGE,Omar Harris, ,3,18,5,0,0,23,Y
20531,MECKLENBURG,11/7/23,29,10,C,CHARLOTTE-MECKLENBURG SCHOOLS BOARD OF EDUCATION AT-LARGE,Peggy A. Capehart, ,3,21,3,0,0,24,Y
20533,MECKLENBURG,11/7/23,29,10,C,CHARLOTTE-MECKLENBURG SCHOOLS BOARD OF EDUCATION AT-LARGE,Shamaiye Haynes, ,3,71,27,0,0,98,Y
20535,MECKLENBURG,11/7/23,29,10,C,CHARLOTTE-MECKLENBURG SCHOOLS BOARD OF EDUCATION AT-LARGE,Tigress Sydney Acute McDaniel, ,3,25,3,0,0,28,Y
20571,MECKLENBURG,11/7/23,30,10,C,CHARLOTTE-MECKLENBURG SCHOOLS BOARD OF EDUCATION AT-LARGE,Annette Albright, ,3,38,15,0,0,53,Y
20572,MECKLENBURG,11/7/23,30,10,C,CHARLOTTE-MECKLENBURG SCHOOLS BOARD OF EDUCATION AT-LARGE,Bill Fountain, ,3,37,5,0,0,42,Y
20573,MECKLENBURG,11/7/23,30,10,C,CHARLOTTE-MECKLENBURG SCHOOLS BOARD OF EDUCATION AT-LARGE,Brian Kasher, ,3,41,14,0,0,55,Y
20574,MECKLENBURG,11/7/23,30,10,C,CHARLOTTE-MECKLENBURG SCHOOLS BOARD OF EDUCATION AT-LARGE,Claire Covington, ,3,43,12,0,0,55,Y
20575,MECKLENBURG,11/7/23,30,10,C,CHARLOTTE-MECKLENBURG SCHOOLS BOARD OF EDUCATION AT-LARGE,Clara Kennedy Witherspoon, ,3,49,24,0,0,73,Y
20576,MECKLENBURG,11/7/23,30,10,C,CHARLOTTE-MECKLENBURG SCHOOLS BOARD OF EDUCATION AT-LARGE,Juanrique Pallamente Hall, ,3,17,19,0,0,36,Y
20577,MECKLENBURG,11/7/23,30,10,C,CHARLOTTE-MECKLENBURG SCHOOLS BOARD OF EDUCATION AT-LARGE,Lenora Shipp, ,3,393,100,0,0,493,Y
20578,MECKLENBURG,11/7/23,30,10,C,CHARLOTTE-MECKLENBURG SCHOOLS BOARD OF EDUCATION AT-LARGE,Liz Monterrey, ,3,399,90,0,0,489,Y
20579,MECKLENBURG,11/7/23,30,10,C,CHARLOTTE-MECKLENBURG SCHOOLS BOARD OF EDUCATION AT-LARGE,Michael Johnson, ,3,36,12,0,0,48,Y
20580,MECKLENBURG,11/7/23,30,10,C,CHARLOTTE-MECKLENBURG SCHOOLS BOARD OF EDUCATION AT-LARGE,Monty Witherspoon, ,3,339,79,0,0,418,Y
20581,MECKLENBURG,11/7/23,30,10,C,CHARLOTTE-MECKLENBURG SCHOOLS BOARD OF EDUCATION AT-LARGE,Omar Harris, ,3,16,12,0,0,28,Y
20582,MECKLENBURG,11/7/23,30,10,C,CHARLOTTE-MECKLENBURG SCHOOLS BOARD OF EDUCATION AT-LARGE,Peggy A. Capehart, ,3,15,5,0,0,20,Y
20584,MECKLENBURG,11/7/23,30,10,C,CHARLOTTE-MECKLENBURG SCHOOLS BOARD OF EDUCATION AT-LARGE,Shamaiye Haynes, ,3,143,56,0,0,199,Y
20586,MECKLENBURG,11/7/23,30,10,C,CHARLOTTE-MECKLENBURG SCHOOLS BOARD OF EDUCATION AT-LARGE,Tigress Sydney Acute McDaniel, ,3,27,16,0,0,43,Y
20621,MECKLENBURG,11/7/23,31,10,C,CHARLOTTE-MECKLENBURG SCHOOLS BOARD OF EDUCATION AT-LARGE,Annette Albright, ,3,35,29,0,0,64,Y
20622,MECKLENBURG,11/7/23,31,10,C,CHARLOTTE-MECKLENBURG SCHOOLS BOARD OF EDUCATION AT-LARGE,Bill Fountain, ,3,14,5,0,0,19,Y
20623,MECKLENBURG,11/7/23,31,10,C,CHARLOTTE-MECKLENBURG SCHOOLS BOARD OF EDUCATION AT-LARGE,Brian Kasher, ,3,6,6,0,0,12,Y
20624,MECKLENBURG,11/7/23,31,10,C,CHARLOTTE-MECKLENBURG SCHOOLS BOARD OF EDUCATION AT-LARGE,Claire Covington, ,3,25,15,0,0,40,Y
20625,MECKLENBURG,11/7/23,31,10,C,CHARLOTTE-MECKLENBURG SCHOOLS BOARD OF EDUCATION AT-LARGE,Clara Kennedy Witherspoon, ,3,19,22,0,0,41,Y
20626,MECKLENBURG,11/7/23,31,10,C,CHARLOTTE-MECKLENBURG SCHOOLS BOARD OF EDUCATION AT-LARGE,Juanrique Pallamente Hall, ,3,7,16,0,0,23,Y
20627,MECKLENBURG,11/7/23,31,10,C,CHARLOTTE-MECKLENBURG SCHOOLS BOARD OF EDUCATION AT-LARGE,Lenora Shipp, ,3,77,78,0,0,155,Y
20628,MECKLENBURG,11/7/23,31,10,C,CHARLOTTE-MECKLENBURG SCHOOLS BOARD OF EDUCATION AT-LARGE,Liz Monterrey, ,3,27,22,0,0,49,Y
20629,MECKLENBURG,11/7/23,31,10,C,CHARLOTTE-MECKLENBURG SCHOOLS BOARD OF EDUCATION AT-LARGE,Michael Johnson, ,3,26,27,0,0,53,Y
20630,MECKLENBURG,11/7/23,31,10,C,CHARLOTTE-MECKLENBURG SCHOOLS BOARD OF EDUCATION AT-LARGE,Monty Witherspoon, ,3,53,64,0,0,117,Y
20631,MECKLENBURG,11/7/23,31,10,C,CHARLOTTE-MECKLENBURG SCHOOLS BOARD OF EDUCATION AT-LARGE,Omar Harris, ,3,30,26,0,0,56,Y
20632,MECKLENBURG,11/7/23,31,10,C,CHARLOTTE-MECKLENBURG SCHOOLS BOARD OF EDUCATION AT-LARGE,Peggy A. Capehart, ,3,11,10,0,0,21,Y
20634,MECKLENBURG,11/7/23,31,10,C,CHARLOTTE-MECKLENBURG SCHOOLS BOARD OF EDUCATION AT-LARGE,Shamaiye Haynes, ,3,63,60,0,0,123,Y
20636,MECKLENBURG,11/7/23,31,10,C,CHARLOTTE-MECKLENBURG SCHOOLS BOARD OF EDUCATION AT-LARGE,Tigress Sydney Acute McDaniel, ,3,9,8,0,0,17,Y
20671,MECKLENBURG,11/7/23,32,10,C,CHARLOTTE-MECKLENBURG SCHOOLS BOARD OF EDUCATION AT-LARGE,Annette Albright, ,3,109,21,0,0,130,Y
20672,MECKLENBURG,11/7/23,32,10,C,CHARLOTTE-MECKLENBURG SCHOOLS BOARD OF EDUCATION AT-LARGE,Bill Fountain, ,3,148,59,0,0,207,Y
20673,MECKLENBURG,11/7/23,32,10,C,CHARLOTTE-MECKLENBURG SCHOOLS BOARD OF EDUCATION AT-LARGE,Brian Kasher, ,3,51,16,0,0,67,Y
20674,MECKLENBURG,11/7/23,32,10,C,CHARLOTTE-MECKLENBURG SCHOOLS BOARD OF EDUCATION AT-LARGE,Claire Covington, ,3,161,35,0,0,196,Y
20675,MECKLENBURG,11/7/23,32,10,C,CHARLOTTE-MECKLENBURG SCHOOLS BOARD OF EDUCATION AT-LARGE,Clara Kennedy Witherspoon, ,3,34,17,0,0,51,Y
20676,MECKLENBURG,11/7/23,32,10,C,CHARLOTTE-MECKLENBURG SCHOOLS BOARD OF EDUCATION AT-LARGE,Juanrique Pallamente Hall, ,3,9,3,0,0,12,Y
20677,MECKLENBURG,11/7/23,32,10,C,CHARLOTTE-MECKLENBURG SCHOOLS BOARD OF EDUCATION AT-LARGE,Lenora Shipp, ,3,81,48,0,0,129,Y
20678,MECKLENBURG,11/7/23,32,10,C,CHARLOTTE-MECKLENBURG SCHOOLS BOARD OF EDUCATION AT-LARGE,Liz Monterrey, ,3,122,58,0,0,180,Y
20679,MECKLENBURG,11/7/23,32,10,C,CHARLOTTE-MECKLENBURG SCHOOLS BOARD OF EDUCATION AT-LARGE,Michael Johnson, ,3,95,19,0,0,114,Y
20680,MECKLENBURG,11/7/23,32,10,C,CHARLOTTE-MECKLENBURG SCHOOLS BOARD OF EDUCATION AT-LARGE,Monty Witherspoon, ,3,95,49,0,0,144,Y
20681,MECKLENBURG,11/7/23,32,10,C,CHARLOTTE-MECKLENBURG SCHOOLS BOARD OF EDUCATION AT-LARGE,Omar Harris, ,3,10,2,0,0,12,Y
20682,MECKLENBURG,11/7/23,32,10,C,CHARLOTTE-MECKLENBURG SCHOOLS BOARD OF EDUCATION AT-LARGE,Peggy A. Capehart, ,3,28,3,0,0,31,Y
20684,MECKLENBURG,11/7/23,32,10,C,CHARLOTTE-MECKLENBURG SCHOOLS BOARD OF EDUCATION AT-LARGE,Shamaiye Haynes, ,3,46,30,0,0,76,Y
20686,MECKLENBURG,11/7/23,32,10,C,CHARLOTTE-MECKLENBURG SCHOOLS BOARD OF EDUCATION AT-LARGE,Tigress Sydney Acute McDaniel, ,3,3,2,0,0,5,Y
20720,MECKLENBURG,11/7/23,33,10,C,CHARLOTTE-MECKLENBURG SCHOOLS BOARD OF EDUCATION AT-LARGE,Annette Albright, ,3,49,3,0,0,52,Y
20721,MECKLENBURG,11/7/23,33,10,C,CHARLOTTE-MECKLENBURG SCHOOLS BOARD OF EDUCATION AT-LARGE,Bill Fountain, ,3,36,5,0,0,41,Y
20722,MECKLENBURG,11/7/23,33,10,C,CHARLOTTE-MECKLENBURG SCHOOLS BOARD OF EDUCATION AT-LARGE,Brian Kasher, ,3,35,5,0,0,40,Y
20723,MECKLENBURG,11/7/23,33,10,C,CHARLOTTE-MECKLENBURG SCHOOLS BOARD OF EDUCATION AT-LARGE,Claire Covington, ,3,47,4,0,0,51,Y
20724,MECKLENBURG,11/7/23,33,10,C,CHARLOTTE-MECKLENBURG SCHOOLS BOARD OF EDUCATION AT-LARGE,Clara Kennedy Witherspoon, ,3,48,9,0,0,57,Y
20725,MECKLENBURG,11/7/23,33,10,C,CHARLOTTE-MECKLENBURG SCHOOLS BOARD OF EDUCATION AT-LARGE,Juanrique Pallamente Hall, ,3,19,6,0,0,25,Y
20726,MECKLENBURG,11/7/23,33,10,C,CHARLOTTE-MECKLENBURG SCHOOLS BOARD OF EDUCATION AT-LARGE,Lenora Shipp, ,3,90,34,0,0,124,Y
20727,MECKLENBURG,11/7/23,33,10,C,CHARLOTTE-MECKLENBURG SCHOOLS BOARD OF EDUCATION AT-LARGE,Liz Monterrey, ,3,112,25,0,0,137,Y
20728,MECKLENBURG,11/7/23,33,10,C,CHARLOTTE-MECKLENBURG SCHOOLS BOARD OF EDUCATION AT-LARGE,Michael Johnson, ,3,36,6,0,0,42,Y
20729,MECKLENBURG,11/7/23,33,10,C,CHARLOTTE-MECKLENBURG SCHOOLS BOARD OF EDUCATION AT-LARGE,Monty Witherspoon, ,3,93,22,0,0,115,Y
20730,MECKLENBURG,11/7/23,33,10,C,CHARLOTTE-MECKLENBURG SCHOOLS BOARD OF EDUCATION AT-LARGE,Omar Harris, ,3,31,3,0,0,34,Y
20731,MECKLENBURG,11/7/23,33,10,C,CHARLOTTE-MECKLENBURG SCHOOLS BOARD OF EDUCATION AT-LARGE,Peggy A. Capehart, ,3,19,0,0,0,19,Y
20733,MECKLENBURG,11/7/23,33,10,C,CHARLOTTE-MECKLENBURG SCHOOLS BOARD OF EDUCATION AT-LARGE,Shamaiye Haynes, ,3,84,23,0,0,107,Y
20735,MECKLENBURG,11/7/23,33,10,C,CHARLOTTE-MECKLENBURG SCHOOLS BOARD OF EDUCATION AT-LARGE,Tigress Sydney Acute McDaniel, ,3,26,6,0,0,32,Y
20769,MECKLENBURG,11/7/23,34,10,C,CHARLOTTE-MECKLENBURG SCHOOLS BOARD OF EDUCATION AT-LARGE,Annette Albright, ,3,44,18,0,0,62,Y
20770,MECKLENBURG,11/7/23,34,10,C,CHARLOTTE-MECKLENBURG SCHOOLS BOARD OF EDUCATION AT-LARGE,Bill Fountain, ,3,34,15,0,0,49,Y
20771,MECKLENBURG,11/7/23,34,10,C,CHARLOTTE-MECKLENBURG SCHOOLS BOARD OF EDUCATION AT-LARGE,Brian Kasher, ,3,24,10,0,0,34,Y
20772,MECKLENBURG,11/7/23,34,10,C,CHARLOTTE-MECKLENBURG SCHOOLS BOARD OF EDUCATION AT-LARGE,Claire Covington, ,3,47,10,0,0,57,Y
20773,MECKLENBURG,11/7/23,34,10,C,CHARLOTTE-MECKLENBURG SCHOOLS BOARD OF EDUCATION AT-LARGE,Clara Kennedy Witherspoon, ,3,28,14,0,0,42,Y
20774,MECKLENBURG,11/7/23,34,10,C,CHARLOTTE-MECKLENBURG SCHOOLS BOARD OF EDUCATION AT-LARGE,Juanrique Pallamente Hall, ,3,16,11,0,0,27,Y
20775,MECKLENBURG,11/7/23,34,10,C,CHARLOTTE-MECKLENBURG SCHOOLS BOARD OF EDUCATION AT-LARGE,Lenora Shipp, ,3,143,39,0,0,182,Y
20776,MECKLENBURG,11/7/23,34,10,C,CHARLOTTE-MECKLENBURG SCHOOLS BOARD OF EDUCATION AT-LARGE,Liz Monterrey, ,3,175,50,0,0,225,Y
20777,MECKLENBURG,11/7/23,34,10,C,CHARLOTTE-MECKLENBURG SCHOOLS BOARD OF EDUCATION AT-LARGE,Michael Johnson, ,3,36,8,0,0,44,Y
20778,MECKLENBURG,11/7/23,34,10,C,CHARLOTTE-MECKLENBURG SCHOOLS BOARD OF EDUCATION AT-LARGE,Monty Witherspoon, ,3,129,41,0,0,170,Y
20779,MECKLENBURG,11/7/23,34,10,C,CHARLOTTE-MECKLENBURG SCHOOLS BOARD OF EDUCATION AT-LARGE,Omar Harris, ,3,23,9,0,0,32,Y
20780,MECKLENBURG,11/7/23,34,10,C,CHARLOTTE-MECKLENBURG SCHOOLS BOARD OF EDUCATION AT-LARGE,Peggy A. Capehart, ,3,9,9,0,0,18,Y
20782,MECKLENBURG,11/7/23,34,10,C,CHARLOTTE-MECKLENBURG SCHOOLS BOARD OF EDUCATION AT-LARGE,Shamaiye Haynes, ,3,78,41,0,0,119,Y
20784,MECKLENBURG,11/7/23,34,10,C,CHARLOTTE-MECKLENBURG SCHOOLS BOARD OF EDUCATION AT-LARGE,Tigress Sydney Acute McDaniel, ,3,17,6,0,0,23,Y
20819,MECKLENBURG,11/7/23,35,10,C,CHARLOTTE-MECKLENBURG SCHOOLS BOARD OF EDUCATION AT-LARGE,Annette Albright, ,3,79,17,0,0,96,Y
20820,MECKLENBURG,11/7/23,35,10,C,CHARLOTTE-MECKLENBURG SCHOOLS BOARD OF EDUCATION AT-LARGE,Bill Fountain, ,3,73,30,0,0,103,Y
20821,MECKLENBURG,11/7/23,35,10,C,CHARLOTTE-MECKLENBURG SCHOOLS BOARD OF EDUCATION AT-LARGE,Brian Kasher, ,3,42,15,0,0,57,Y
20822,MECKLENBURG,11/7/23,35,10,C,CHARLOTTE-MECKLENBURG SCHOOLS BOARD OF EDUCATION AT-LARGE,Claire Covington, ,3,103,28,0,0,131,Y
20823,MECKLENBURG,11/7/23,35,10,C,CHARLOTTE-MECKLENBURG SCHOOLS BOARD OF EDUCATION AT-LARGE,Clara Kennedy Witherspoon, ,3,45,24,0,0,69,Y
20824,MECKLENBURG,11/7/23,35,10,C,CHARLOTTE-MECKLENBURG SCHOOLS BOARD OF EDUCATION AT-LARGE,Juanrique Pallamente Hall, ,3,14,4,0,0,18,Y
20825,MECKLENBURG,11/7/23,35,10,C,CHARLOTTE-MECKLENBURG SCHOOLS BOARD OF EDUCATION AT-LARGE,Lenora Shipp, ,3,129,67,0,0,196,Y
20826,MECKLENBURG,11/7/23,35,10,C,CHARLOTTE-MECKLENBURG SCHOOLS BOARD OF EDUCATION AT-LARGE,Liz Monterrey, ,3,161,68,0,0,229,Y
20827,MECKLENBURG,11/7/23,35,10,C,CHARLOTTE-MECKLENBURG SCHOOLS BOARD OF EDUCATION AT-LARGE,Michael Johnson, ,3,84,12,0,0,96,Y
20828,MECKLENBURG,11/7/23,35,10,C,CHARLOTTE-MECKLENBURG SCHOOLS BOARD OF EDUCATION AT-LARGE,Monty Witherspoon, ,3,118,65,0,0,183,Y
20829,MECKLENBURG,11/7/23,35,10,C,CHARLOTTE-MECKLENBURG SCHOOLS BOARD OF EDUCATION AT-LARGE,Omar Harris, ,3,13,10,0,0,23,Y
20830,MECKLENBURG,11/7/23,35,10,C,CHARLOTTE-MECKLENBURG SCHOOLS BOARD OF EDUCATION AT-LARGE,Peggy A. Capehart, ,3,17,7,0,0,24,Y
20832,MECKLENBURG,11/7/23,35,10,C,CHARLOTTE-MECKLENBURG SCHOOLS BOARD OF EDUCATION AT-LARGE,Shamaiye Haynes, ,3,103,36,0,0,139,Y
20834,MECKLENBURG,11/7/23,35,10,C,CHARLOTTE-MECKLENBURG SCHOOLS BOARD OF EDUCATION AT-LARGE,Tigress Sydney Acute McDaniel, ,3,17,7,0,0,24,Y
20869,MECKLENBURG,11/7/23,36,10,C,CHARLOTTE-MECKLENBURG SCHOOLS BOARD OF EDUCATION AT-LARGE,Annette Albright, ,3,121,25,0,0,146,Y
20870,MECKLENBURG,11/7/23,36,10,C,CHARLOTTE-MECKLENBURG SCHOOLS BOARD OF EDUCATION AT-LARGE,Bill Fountain, ,3,140,53,0,0,193,Y
20871,MECKLENBURG,11/7/23,36,10,C,CHARLOTTE-MECKLENBURG SCHOOLS BOARD OF EDUCATION AT-LARGE,Brian Kasher, ,3,76,22,0,0,98,Y
20872,MECKLENBURG,11/7/23,36,10,C,CHARLOTTE-MECKLENBURG SCHOOLS BOARD OF EDUCATION AT-LARGE,Claire Covington, ,3,161,51,0,0,212,Y
20873,MECKLENBURG,11/7/23,36,10,C,CHARLOTTE-MECKLENBURG SCHOOLS BOARD OF EDUCATION AT-LARGE,Clara Kennedy Witherspoon, ,3,80,36,0,0,116,Y
20874,MECKLENBURG,11/7/23,36,10,C,CHARLOTTE-MECKLENBURG SCHOOLS BOARD OF EDUCATION AT-LARGE,Juanrique Pallamente Hall, ,3,26,6,0,0,32,Y
20875,MECKLENBURG,11/7/23,36,10,C,CHARLOTTE-MECKLENBURG SCHOOLS BOARD OF EDUCATION AT-LARGE,Lenora Shipp, ,3,164,82,0,0,246,Y
20876,MECKLENBURG,11/7/23,36,10,C,CHARLOTTE-MECKLENBURG SCHOOLS BOARD OF EDUCATION AT-LARGE,Liz Monterrey, ,3,164,100,0,0,264,Y
20877,MECKLENBURG,11/7/23,36,10,C,CHARLOTTE-MECKLENBURG SCHOOLS BOARD OF EDUCATION AT-LARGE,Michael Johnson, ,3,102,28,0,0,130,Y
20878,MECKLENBURG,11/7/23,36,10,C,CHARLOTTE-MECKLENBURG SCHOOLS BOARD OF EDUCATION AT-LARGE,Monty Witherspoon, ,3,145,74,0,0,219,Y
20879,MECKLENBURG,11/7/23,36,10,C,CHARLOTTE-MECKLENBURG SCHOOLS BOARD OF EDUCATION AT-LARGE,Omar Harris, ,3,37,12,0,0,49,Y
20880,MECKLENBURG,11/7/23,36,10,C,CHARLOTTE-MECKLENBURG SCHOOLS BOARD OF EDUCATION AT-LARGE,Peggy A. Capehart, ,3,28,18,0,0,46,Y
20882,MECKLENBURG,11/7/23,36,10,C,CHARLOTTE-MECKLENBURG SCHOOLS BOARD OF EDUCATION AT-LARGE,Shamaiye Haynes, ,3,95,45,0,0,140,Y
20884,MECKLENBURG,11/7/23,36,10,C,CHARLOTTE-MECKLENBURG SCHOOLS BOARD OF EDUCATION AT-LARGE,Tigress Sydney Acute McDaniel, ,3,34,10,0,0,44,Y
20911,MECKLENBURG,11/7/23,99,10,C,CHARLOTTE-MECKLENBURG SCHOOLS BOARD OF EDUCATION AT-LARGE,Monty Witherspoon, ,3,6,19,0,0,25,Y
20912,MECKLENBURG,11/7/23,99,10,C,CHARLOTTE-MECKLENBURG SCHOOLS BOARD OF EDUCATION AT-LARGE,Omar Harris, ,3,27,12,0,0,39,Y
20913,MECKLENBURG,11/7/23,99,10,C,CHARLOTTE-MECKLENBURG SCHOOLS BOARD OF EDUCATION AT-LARGE,Peggy A. Capehart, ,3,4,6,0,0,10,Y
20915,MECKLENBURG,11/7/23,99,10,C,CHARLOTTE-MECKLENBURG SCHOOLS BOARD OF EDUCATION AT-LARGE,Shamaiye Haynes, ,3,29,22,0,0,51,Y
20917,MECKLENBURG,11/7/23,99,10,C,CHARLOTTE-MECKLENBURG SCHOOLS BOARD OF EDUCATION AT-LARGE,Tigress Sydney Acute McDaniel, ,3,4,6,0,0,10,Y
20952,MECKLENBURG,11/7/23,100,10,C,CHARLOTTE-MECKLENBURG SCHOOLS BOARD OF EDUCATION AT-LARGE,Annette Albright, ,3,103,22,0,0,125,Y
20953,MECKLENBURG,11/7/23,100,10,C,CHARLOTTE-MECKLENBURG SCHOOLS BOARD OF EDUCATION AT-LARGE,Bill Fountain, ,3,100,26,0,0,126,Y
20954,MECKLENBURG,11/7/23,100,10,C,CHARLOTTE-MECKLENBURG SCHOOLS BOARD OF EDUCATION AT-LARGE,Brian Kasher, ,3,62,19,0,0,81,Y
20955,MECKLENBURG,11/7/23,100,10,C,CHARLOTTE-MECKLENBURG SCHOOLS BOARD OF EDUCATION AT-LARGE,Claire Covington, ,3,95,18,0,0,113,Y
20956,MECKLENBURG,11/7/23,100,10,C,CHARLOTTE-MECKLENBURG SCHOOLS BOARD OF EDUCATION AT-LARGE,Clara Kennedy Witherspoon, ,3,60,16,0,0,76,Y
20957,MECKLENBURG,11/7/23,100,10,C,CHARLOTTE-MECKLENBURG SCHOOLS BOARD OF EDUCATION AT-LARGE,Juanrique Pallamente Hall, ,3,17,8,0,0,25,Y
20958,MECKLENBURG,11/7/23,100,10,C,CHARLOTTE-MECKLENBURG SCHOOLS BOARD OF EDUCATION AT-LARGE,Lenora Shipp, ,3,115,88,0,0,203,Y
20959,MECKLENBURG,11/7/23,100,10,C,CHARLOTTE-MECKLENBURG SCHOOLS BOARD OF EDUCATION AT-LARGE,Liz Monterrey, ,3,154,94,0,0,248,Y
20960,MECKLENBURG,11/7/23,100,10,C,CHARLOTTE-MECKLENBURG SCHOOLS BOARD OF EDUCATION AT-LARGE,Michael Johnson, ,3,95,22,0,0,117,Y
20961,MECKLENBURG,11/7/23,100,10,C,CHARLOTTE-MECKLENBURG SCHOOLS BOARD OF EDUCATION AT-LARGE,Monty Witherspoon, ,3,107,78,0,0,185,Y
20962,MECKLENBURG,11/7/23,100,10,C,CHARLOTTE-MECKLENBURG SCHOOLS BOARD OF EDUCATION AT-LARGE,Omar Harris, ,3,24,11,0,0,35,Y
20963,MECKLENBURG,11/7/23,100,10,C,CHARLOTTE-MECKLENBURG SCHOOLS BOARD OF EDUCATION AT-LARGE,Peggy A. Capehart, ,3,25,5,0,0,30,Y
20965,MECKLENBURG,11/7/23,100,10,C,CHARLOTTE-MECKLENBURG SCHOOLS BOARD OF EDUCATION AT-LARGE,Shamaiye Haynes, ,3,74,29,0,0,103,Y
20967,MECKLENBURG,11/7/23,100,10,C,CHARLOTTE-MECKLENBURG SCHOOLS BOARD OF EDUCATION AT-LARGE,Tigress Sydney Acute McDaniel, ,3,19,5,0,0,24,Y
21002,MECKLENBURG,11/7/23,101,10,C,CHARLOTTE-MECKLENBURG SCHOOLS BOARD OF EDUCATION AT-LARGE,Annette Albright, ,3,113,28,0,0,141,Y
21003,MECKLENBURG,11/7/23,101,10,C,CHARLOTTE-MECKLENBURG SCHOOLS BOARD OF EDUCATION AT-LARGE,Bill Fountain, ,3,148,41,0,0,189,Y
21004,MECKLENBURG,11/7/23,101,10,C,CHARLOTTE-MECKLENBURG SCHOOLS BOARD OF EDUCATION AT-LARGE,Brian Kasher, ,3,74,23,0,0,97,Y
21005,MECKLENBURG,11/7/23,101,10,C,CHARLOTTE-MECKLENBURG SCHOOLS BOARD OF EDUCATION AT-LARGE,Claire Covington, ,3,118,35,0,0,153,Y
21006,MECKLENBURG,11/7/23,101,10,C,CHARLOTTE-MECKLENBURG SCHOOLS BOARD OF EDUCATION AT-LARGE,Clara Kennedy Witherspoon, ,3,55,21,0,0,76,Y
21007,MECKLENBURG,11/7/23,101,10,C,CHARLOTTE-MECKLENBURG SCHOOLS BOARD OF EDUCATION AT-LARGE,Juanrique Pallamente Hall, ,3,21,2,0,0,23,Y
21008,MECKLENBURG,11/7/23,101,10,C,CHARLOTTE-MECKLENBURG SCHOOLS BOARD OF EDUCATION AT-LARGE,Lenora Shipp, ,3,91,42,0,0,133,Y
21009,MECKLENBURG,11/7/23,101,10,C,CHARLOTTE-MECKLENBURG SCHOOLS BOARD OF EDUCATION AT-LARGE,Liz Monterrey, ,3,124,51,0,0,175,Y
21010,MECKLENBURG,11/7/23,101,10,C,CHARLOTTE-MECKLENBURG SCHOOLS BOARD OF EDUCATION AT-LARGE,Michael Johnson, ,3,102,28,0,0,130,Y
21011,MECKLENBURG,11/7/23,101,10,C,CHARLOTTE-MECKLENBURG SCHOOLS BOARD OF EDUCATION AT-LARGE,Monty Witherspoon, ,3,94,38,0,0,132,Y
21012,MECKLENBURG,11/7/23,101,10,C,CHARLOTTE-MECKLENBURG SCHOOLS BOARD OF EDUCATION AT-LARGE,Omar Harris, ,3,27,5,0,0,32,Y
21013,MECKLENBURG,11/7/23,101,10,C,CHARLOTTE-MECKLENBURG SCHOOLS BOARD OF EDUCATION AT-LARGE,Peggy A. Capehart, ,3,33,8,0,0,41,Y
21015,MECKLENBURG,11/7/23,101,10,C,CHARLOTTE-MECKLENBURG SCHOOLS BOARD OF EDUCATION AT-LARGE,Shamaiye Haynes, ,3,57,30,0,0,87,Y
21017,MECKLENBURG,11/7/23,101,10,C,CHARLOTTE-MECKLENBURG SCHOOLS BOARD OF EDUCATION AT-LARGE,Tigress Sydney Acute McDaniel, ,3,15,2,0,0,17,Y
21051,MECKLENBURG,11/7/23,102,10,C,CHARLOTTE-MECKLENBURG SCHOOLS BOARD OF EDUCATION AT-LARGE,Annette Albright, ,3,94,31,0,0,125,Y
21052,MECKLENBURG,11/7/23,102,10,C,CHARLOTTE-MECKLENBURG SCHOOLS BOARD OF EDUCATION AT-LARGE,Bill Fountain, ,3,65,19,0,0,84,Y
21053,MECKLENBURG,11/7/23,102,10,C,CHARLOTTE-MECKLENBURG SCHOOLS BOARD OF EDUCATION AT-LARGE,Brian Kasher, ,3,35,15,0,0,50,Y
21054,MECKLENBURG,11/7/23,102,10,C,CHARLOTTE-MECKLENBURG SCHOOLS BOARD OF EDUCATION AT-LARGE,Claire Covington, ,3,69,21,0,0,90,Y
21055,MECKLENBURG,11/7/23,102,10,C,CHARLOTTE-MECKLENBURG SCHOOLS BOARD OF EDUCATION AT-LARGE,Clara Kennedy Witherspoon, ,3,57,15,0,0,72,Y
21056,MECKLENBURG,11/7/23,102,10,C,CHARLOTTE-MECKLENBURG SCHOOLS BOARD OF EDUCATION AT-LARGE,Juanrique Pallamente Hall, ,3,50,9,0,0,59,Y
21057,MECKLENBURG,11/7/23,102,10,C,CHARLOTTE-MECKLENBURG SCHOOLS BOARD OF EDUCATION AT-LARGE,Lenora Shipp, ,3,127,67,0,0,194,Y
21058,MECKLENBURG,11/7/23,102,10,C,CHARLOTTE-MECKLENBURG SCHOOLS BOARD OF EDUCATION AT-LARGE,Liz Monterrey, ,3,90,40,0,0,130,Y
21059,MECKLENBURG,11/7/23,102,10,C,CHARLOTTE-MECKLENBURG SCHOOLS BOARD OF EDUCATION AT-LARGE,Michael Johnson, ,3,65,25,0,0,90,Y
21060,MECKLENBURG,11/7/23,102,10,C,CHARLOTTE-MECKLENBURG SCHOOLS BOARD OF EDUCATION AT-LARGE,Monty Witherspoon, ,3,91,51,0,0,142,Y
21061,MECKLENBURG,11/7/23,102,10,C,CHARLOTTE-MECKLENBURG SCHOOLS BOARD OF EDUCATION AT-LARGE,Omar Harris, ,3,69,17,0,0,86,Y
21062,MECKLENBURG,11/7/23,102,10,C,CHARLOTTE-MECKLENBURG SCHOOLS BOARD OF EDUCATION AT-LARGE,Peggy A. Capehart, ,3,33,13,0,0,46,Y
21064,MECKLENBURG,11/7/23,102,10,C,CHARLOTTE-MECKLENBURG SCHOOLS BOARD OF EDUCATION AT-LARGE,Shamaiye Haynes, ,3,115,48,0,0,163,Y
21066,MECKLENBURG,11/7/23,102,10,C,CHARLOTTE-MECKLENBURG SCHOOLS BOARD OF EDUCATION AT-LARGE,Tigress Sydney Acute McDaniel, ,3,61,4,0,0,65,Y
21101,MECKLENBURG,11/7/23,103,10,C,CHARLOTTE-MECKLENBURG SCHOOLS BOARD OF EDUCATION AT-LARGE,Annette Albright, ,3,134,47,0,0,181,Y
21102,MECKLENBURG,11/7/23,103,10,C,CHARLOTTE-MECKLENBURG SCHOOLS BOARD OF EDUCATION AT-LARGE,Bill Fountain, ,3,169,63,0,0,232,Y
21103,MECKLENBURG,11/7/23,103,10,C,CHARLOTTE-MECKLENBURG SCHOOLS BOARD OF EDUCATION AT-LARGE,Brian Kasher, ,3,83,29,0,0,112,Y
21104,MECKLENBURG,11/7/23,103,10,C,CHARLOTTE-MECKLENBURG SCHOOLS BOARD OF EDUCATION AT-LARGE,Claire Covington, ,3,149,44,0,0,193,Y
21105,MECKLENBURG,11/7/23,103,10,C,CHARLOTTE-MECKLENBURG SCHOOLS BOARD OF EDUCATION AT-LARGE,Clara Kennedy Witherspoon, ,3,91,30,0,0,121,Y
21106,MECKLENBURG,11/7/23,103,10,C,CHARLOTTE-MECKLENBURG SCHOOLS BOARD OF EDUCATION AT-LARGE,Juanrique Pallamente Hall, ,3,23,8,0,0,31,Y
21107,MECKLENBURG,11/7/23,103,10,C,CHARLOTTE-MECKLENBURG SCHOOLS BOARD OF EDUCATION AT-LARGE,Lenora Shipp, ,3,167,90,0,0,257,Y
21108,MECKLENBURG,11/7/23,103,10,C,CHARLOTTE-MECKLENBURG SCHOOLS BOARD OF EDUCATION AT-LARGE,Liz Monterrey, ,3,182,89,0,0,271,Y
21109,MECKLENBURG,11/7/23,103,10,C,CHARLOTTE-MECKLENBURG SCHOOLS BOARD OF EDUCATION AT-LARGE,Michael Johnson, ,3,113,42,0,0,155,Y
21110,MECKLENBURG,11/7/23,103,10,C,CHARLOTTE-MECKLENBURG SCHOOLS BOARD OF EDUCATION AT-LARGE,Monty Witherspoon, ,3,156,71,0,0,227,Y
21111,MECKLENBURG,11/7/23,103,10,C,CHARLOTTE-MECKLENBURG SCHOOLS BOARD OF EDUCATION AT-LARGE,Omar Harris, ,3,33,9,0,0,42,Y
21112,MECKLENBURG,11/7/23,103,10,C,CHARLOTTE-MECKLENBURG SCHOOLS BOARD OF EDUCATION AT-LARGE,Peggy A. Capehart, ,3,44,20,0,0,64,Y
21114,MECKLENBURG,11/7/23,103,10,C,CHARLOTTE-MECKLENBURG SCHOOLS BOARD OF EDUCATION AT-LARGE,Shamaiye Haynes, ,3,123,53,0,0,176,Y
21116,MECKLENBURG,11/7/23,103,10,C,CHARLOTTE-MECKLENBURG SCHOOLS BOARD OF EDUCATION AT-LARGE,Tigress Sydney Acute McDaniel, ,3,40,5,0,0,45,Y
21150,MECKLENBURG,11/7/23,104,10,C,CHARLOTTE-MECKLENBURG SCHOOLS BOARD OF EDUCATION AT-LARGE,Annette Albright, ,3,75,40,0,0,115,Y
21151,MECKLENBURG,11/7/23,104,10,C,CHARLOTTE-MECKLENBURG SCHOOLS BOARD OF EDUCATION AT-LARGE,Bill Fountain, ,3,21,13,0,0,34,Y
21152,MECKLENBURG,11/7/23,104,10,C,CHARLOTTE-MECKLENBURG SCHOOLS BOARD OF EDUCATION AT-LARGE,Brian Kasher, ,3,15,3,0,0,18,Y
21153,MECKLENBURG,11/7/23,104,10,C,CHARLOTTE-MECKLENBURG SCHOOLS BOARD OF EDUCATION AT-LARGE,Claire Covington, ,3,29,23,0,0,52,Y
21154,MECKLENBURG,11/7/23,104,10,C,CHARLOTTE-MECKLENBURG SCHOOLS BOARD OF EDUCATION AT-LARGE,Clara Kennedy Witherspoon, ,3,50,32,0,0,82,Y
21155,MECKLENBURG,11/7/23,104,10,C,CHARLOTTE-MECKLENBURG SCHOOLS BOARD OF EDUCATION AT-LARGE,Juanrique Pallamente Hall, ,3,27,12,0,0,39,Y
21156,MECKLENBURG,11/7/23,104,10,C,CHARLOTTE-MECKLENBURG SCHOOLS BOARD OF EDUCATION AT-LARGE,Lenora Shipp, ,3,127,110,0,0,237,Y
21157,MECKLENBURG,11/7/23,104,10,C,CHARLOTTE-MECKLENBURG SCHOOLS BOARD OF EDUCATION AT-LARGE,Liz Monterrey, ,3,30,40,0,0,70,Y
21158,MECKLENBURG,11/7/23,104,10,C,CHARLOTTE-MECKLENBURG SCHOOLS BOARD OF EDUCATION AT-LARGE,Michael Johnson, ,3,58,22,0,0,80,Y
21159,MECKLENBURG,11/7/23,104,10,C,CHARLOTTE-MECKLENBURG SCHOOLS BOARD OF EDUCATION AT-LARGE,Monty Witherspoon, ,3,96,84,0,0,180,Y
21160,MECKLENBURG,11/7/23,104,10,C,CHARLOTTE-MECKLENBURG SCHOOLS BOARD OF EDUCATION AT-LARGE,Omar Harris, ,3,69,20,0,0,89,Y
21161,MECKLENBURG,11/7/23,104,10,C,CHARLOTTE-MECKLENBURG SCHOOLS BOARD OF EDUCATION AT-LARGE,Peggy A. Capehart, ,3,19,13,0,0,32,Y
21163,MECKLENBURG,11/7/23,104,10,C,CHARLOTTE-MECKLENBURG SCHOOLS BOARD OF EDUCATION AT-LARGE,Shamaiye Haynes, ,3,135,68,0,0,203,Y
21165,MECKLENBURG,11/7/23,104,10,C,CHARLOTTE-MECKLENBURG SCHOOLS BOARD OF EDUCATION AT-LARGE,Tigress Sydney Acute McDaniel, ,3,16,11,0,0,27,Y
21199,MECKLENBURG,11/7/23,105,10,C,CHARLOTTE-MECKLENBURG SCHOOLS BOARD OF EDUCATION AT-LARGE,Annette Albright, ,3,47,20,0,0,67,Y
21200,MECKLENBURG,11/7/23,105,10,C,CHARLOTTE-MECKLENBURG SCHOOLS BOARD OF EDUCATION AT-LARGE,Bill Fountain, ,3,23,17,0,0,40,Y
21201,MECKLENBURG,11/7/23,105,10,C,CHARLOTTE-MECKLENBURG SCHOOLS BOARD OF EDUCATION AT-LARGE,Brian Kasher, ,3,6,8,0,0,14,Y
21202,MECKLENBURG,11/7/23,105,10,C,CHARLOTTE-MECKLENBURG SCHOOLS BOARD OF EDUCATION AT-LARGE,Claire Covington, ,3,34,11,0,0,45,Y
21203,MECKLENBURG,11/7/23,105,10,C,CHARLOTTE-MECKLENBURG SCHOOLS BOARD OF EDUCATION AT-LARGE,Clara Kennedy Witherspoon, ,3,33,20,0,0,53,Y
21204,MECKLENBURG,11/7/23,105,10,C,CHARLOTTE-MECKLENBURG SCHOOLS BOARD OF EDUCATION AT-LARGE,Juanrique Pallamente Hall, ,3,20,9,0,0,29,Y
21205,MECKLENBURG,11/7/23,105,10,C,CHARLOTTE-MECKLENBURG SCHOOLS BOARD OF EDUCATION AT-LARGE,Lenora Shipp, ,3,108,57,0,0,165,Y
21206,MECKLENBURG,11/7/23,105,10,C,CHARLOTTE-MECKLENBURG SCHOOLS BOARD OF EDUCATION AT-LARGE,Liz Monterrey, ,3,61,24,0,0,85,Y
21207,MECKLENBURG,11/7/23,105,10,C,CHARLOTTE-MECKLENBURG SCHOOLS BOARD OF EDUCATION AT-LARGE,Michael Johnson, ,3,53,15,0,0,68,Y
21208,MECKLENBURG,11/7/23,105,10,C,CHARLOTTE-MECKLENBURG SCHOOLS BOARD OF EDUCATION AT-LARGE,Monty Witherspoon, ,3,86,45,0,0,131,Y
21209,MECKLENBURG,11/7/23,105,10,C,CHARLOTTE-MECKLENBURG SCHOOLS BOARD OF EDUCATION AT-LARGE,Omar Harris, ,3,35,23,0,0,58,Y
21210,MECKLENBURG,11/7/23,105,10,C,CHARLOTTE-MECKLENBURG SCHOOLS BOARD OF EDUCATION AT-LARGE,Peggy A. Capehart, ,3,14,10,0,0,24,Y
21212,MECKLENBURG,11/7/23,105,10,C,CHARLOTTE-MECKLENBURG SCHOOLS BOARD OF EDUCATION AT-LARGE,Shamaiye Haynes, ,3,69,36,0,0,105,Y
21214,MECKLENBURG,11/7/23,105,10,C,CHARLOTTE-MECKLENBURG SCHOOLS BOARD OF EDUCATION AT-LARGE,Tigress Sydney Acute McDaniel, ,3,29,3,0,0,32,Y
21249,MECKLENBURG,11/7/23,106,10,C,CHARLOTTE-MECKLENBURG SCHOOLS BOARD OF EDUCATION AT-LARGE,Annette Albright, ,3,82,25,0,0,107,Y
21250,MECKLENBURG,11/7/23,106,10,C,CHARLOTTE-MECKLENBURG SCHOOLS BOARD OF EDUCATION AT-LARGE,Bill Fountain, ,3,88,49,0,0,137,Y
21251,MECKLENBURG,11/7/23,106,10,C,CHARLOTTE-MECKLENBURG SCHOOLS BOARD OF EDUCATION AT-LARGE,Brian Kasher, ,3,50,28,0,0,78,Y
21252,MECKLENBURG,11/7/23,106,10,C,CHARLOTTE-MECKLENBURG SCHOOLS BOARD OF EDUCATION AT-LARGE,Claire Covington, ,3,95,35,0,0,130,Y
21253,MECKLENBURG,11/7/23,106,10,C,CHARLOTTE-MECKLENBURG SCHOOLS BOARD OF EDUCATION AT-LARGE,Clara Kennedy Witherspoon, ,3,67,26,0,0,93,Y
21254,MECKLENBURG,11/7/23,106,10,C,CHARLOTTE-MECKLENBURG SCHOOLS BOARD OF EDUCATION AT-LARGE,Juanrique Pallamente Hall, ,3,19,4,0,0,23,Y
21255,MECKLENBURG,11/7/23,106,10,C,CHARLOTTE-MECKLENBURG SCHOOLS BOARD OF EDUCATION AT-LARGE,Lenora Shipp, ,3,104,85,0,0,189,Y
21256,MECKLENBURG,11/7/23,106,10,C,CHARLOTTE-MECKLENBURG SCHOOLS BOARD OF EDUCATION AT-LARGE,Liz Monterrey, ,3,129,86,0,0,215,Y
21257,MECKLENBURG,11/7/23,106,10,C,CHARLOTTE-MECKLENBURG SCHOOLS BOARD OF EDUCATION AT-LARGE,Michael Johnson, ,3,83,33,0,0,116,Y
21258,MECKLENBURG,11/7/23,106,10,C,CHARLOTTE-MECKLENBURG SCHOOLS BOARD OF EDUCATION AT-LARGE,Monty Witherspoon, ,3,101,67,0,0,168,Y
21259,MECKLENBURG,11/7/23,106,10,C,CHARLOTTE-MECKLENBURG SCHOOLS BOARD OF EDUCATION AT-LARGE,Omar Harris, ,3,23,10,0,0,33,Y
21260,MECKLENBURG,11/7/23,106,10,C,CHARLOTTE-MECKLENBURG SCHOOLS BOARD OF EDUCATION AT-LARGE,Peggy A. Capehart, ,3,35,11,0,0,46,Y
21262,MECKLENBURG,11/7/23,106,10,C,CHARLOTTE-MECKLENBURG SCHOOLS BOARD OF EDUCATION AT-LARGE,Shamaiye Haynes, ,3,83,41,0,0,124,Y
21264,MECKLENBURG,11/7/23,106,10,C,CHARLOTTE-MECKLENBURG SCHOOLS BOARD OF EDUCATION AT-LARGE,Tigress Sydney Acute McDaniel, ,3,15,6,0,0,21,Y
21298,MECKLENBURG,11/7/23,107.1,10,C,CHARLOTTE-MECKLENBURG SCHOOLS BOARD OF EDUCATION AT-LARGE,Annette Albright, ,3,80,36,0,0,116,Y
21299,MECKLENBURG,11/7/23,107.1,10,C,CHARLOTTE-MECKLENBURG SCHOOLS BOARD OF EDUCATION AT-LARGE,Bill Fountain, ,3,39,20,0,0,59,Y
21300,MECKLENBURG,11/7/23,107.1,10,C,CHARLOTTE-MECKLENBURG SCHOOLS BOARD OF EDUCATION AT-LARGE,Brian Kasher, ,3,24,10,0,0,34,Y
21301,MECKLENBURG,11/7/23,107.1,10,C,CHARLOTTE-MECKLENBURG SCHOOLS BOARD OF EDUCATION AT-LARGE,Claire Covington, ,3,52,21,0,0,73,Y
21302,MECKLENBURG,11/7/23,107.1,10,C,CHARLOTTE-MECKLENBURG SCHOOLS BOARD OF EDUCATION AT-LARGE,Clara Kennedy Witherspoon, ,3,55,30,0,0,85,Y
21303,MECKLENBURG,11/7/23,107.1,10,C,CHARLOTTE-MECKLENBURG SCHOOLS BOARD OF EDUCATION AT-LARGE,Juanrique Pallamente Hall, ,3,47,8,0,0,55,Y
21304,MECKLENBURG,11/7/23,107.1,10,C,CHARLOTTE-MECKLENBURG SCHOOLS BOARD OF EDUCATION AT-LARGE,Lenora Shipp, ,3,167,109,0,0,276,Y
21305,MECKLENBURG,11/7/23,107.1,10,C,CHARLOTTE-MECKLENBURG SCHOOLS BOARD OF EDUCATION AT-LARGE,Liz Monterrey, ,3,62,40,0,0,102,Y
21306,MECKLENBURG,11/7/23,107.1,10,C,CHARLOTTE-MECKLENBURG SCHOOLS BOARD OF EDUCATION AT-LARGE,Michael Johnson, ,3,67,19,0,0,86,Y
21307,MECKLENBURG,11/7/23,107.1,10,C,CHARLOTTE-MECKLENBURG SCHOOLS BOARD OF EDUCATION AT-LARGE,Monty Witherspoon, ,3,130,98,0,0,228,Y
21308,MECKLENBURG,11/7/23,107.1,10,C,CHARLOTTE-MECKLENBURG SCHOOLS BOARD OF EDUCATION AT-LARGE,Omar Harris, ,3,82,31,0,0,113,Y
21309,MECKLENBURG,11/7/23,107.1,10,C,CHARLOTTE-MECKLENBURG SCHOOLS BOARD OF EDUCATION AT-LARGE,Peggy A. Capehart, ,3,25,7,0,0,32,Y
21311,MECKLENBURG,11/7/23,107.1,10,C,CHARLOTTE-MECKLENBURG SCHOOLS BOARD OF EDUCATION AT-LARGE,Shamaiye Haynes, ,3,177,98,0,0,275,Y
21313,MECKLENBURG,11/7/23,107.1,10,C,CHARLOTTE-MECKLENBURG SCHOOLS BOARD OF EDUCATION AT-LARGE,Tigress Sydney Acute McDaniel, ,3,42,21,0,0,63,Y
21347,MECKLENBURG,11/7/23,108,10,C,CHARLOTTE-MECKLENBURG SCHOOLS BOARD OF EDUCATION AT-LARGE,Annette Albright, ,3,30,16,0,0,46,Y
21348,MECKLENBURG,11/7/23,108,10,C,CHARLOTTE-MECKLENBURG SCHOOLS BOARD OF EDUCATION AT-LARGE,Bill Fountain, ,3,13,3,0,0,16,Y
21349,MECKLENBURG,11/7/23,108,10,C,CHARLOTTE-MECKLENBURG SCHOOLS BOARD OF EDUCATION AT-LARGE,Brian Kasher, ,3,9,5,0,0,14,Y
21350,MECKLENBURG,11/7/23,108,10,C,CHARLOTTE-MECKLENBURG SCHOOLS BOARD OF EDUCATION AT-LARGE,Claire Covington, ,3,22,6,0,0,28,Y
21351,MECKLENBURG,11/7/23,108,10,C,CHARLOTTE-MECKLENBURG SCHOOLS BOARD OF EDUCATION AT-LARGE,Clara Kennedy Witherspoon, ,3,21,11,0,0,32,Y
21352,MECKLENBURG,11/7/23,108,10,C,CHARLOTTE-MECKLENBURG SCHOOLS BOARD OF EDUCATION AT-LARGE,Juanrique Pallamente Hall, ,3,11,5,0,0,16,Y
21353,MECKLENBURG,11/7/23,108,10,C,CHARLOTTE-MECKLENBURG SCHOOLS BOARD OF EDUCATION AT-LARGE,Lenora Shipp, ,3,58,37,0,0,95,Y
21354,MECKLENBURG,11/7/23,108,10,C,CHARLOTTE-MECKLENBURG SCHOOLS BOARD OF EDUCATION AT-LARGE,Liz Monterrey, ,3,36,14,0,0,50,Y
21355,MECKLENBURG,11/7/23,108,10,C,CHARLOTTE-MECKLENBURG SCHOOLS BOARD OF EDUCATION AT-LARGE,Michael Johnson, ,3,33,12,0,0,45,Y
21356,MECKLENBURG,11/7/23,223.1,10,C,CHARLOTTE-MECKLENBURG SCHOOLS BOARD OF EDUCATION AT-LARGE,Annette Albright, ,3,182,31,0,0,213,Y
21357,MECKLENBURG,11/7/23,223.1,10,C,CHARLOTTE-MECKLENBURG SCHOOLS BOARD OF EDUCATION AT-LARGE,Bill Fountain, ,3,173,28,0,0,201,Y
21358,MECKLENBURG,11/7/23,223.1,10,C,CHARLOTTE-MECKLENBURG SCHOOLS BOARD OF EDUCATION AT-LARGE,Brian Kasher, ,3,82,17,0,0,99,Y
21359,MECKLENBURG,11/7/23,223.1,10,C,CHARLOTTE-MECKLENBURG SCHOOLS BOARD OF EDUCATION AT-LARGE,Claire Covington, ,3,151,20,0,0,171,Y
21360,MECKLENBURG,11/7/23,223.1,10,C,CHARLOTTE-MECKLENBURG SCHOOLS BOARD OF EDUCATION AT-LARGE,Clara Kennedy Witherspoon, ,3,88,27,0,0,115,Y
21361,MECKLENBURG,11/7/23,223.1,10,C,CHARLOTTE-MECKLENBURG SCHOOLS BOARD OF EDUCATION AT-LARGE,Juanrique Pallamente Hall, ,3,65,14,0,0,79,Y
21362,MECKLENBURG,11/7/23,223.1,10,C,CHARLOTTE-MECKLENBURG SCHOOLS BOARD OF EDUCATION AT-LARGE,Lenora Shipp, ,3,228,125,0,0,353,Y
21363,MECKLENBURG,11/7/23,223.1,10,C,CHARLOTTE-MECKLENBURG SCHOOLS BOARD OF EDUCATION AT-LARGE,Liz Monterrey, ,3,144,49,0,0,193,Y
21364,MECKLENBURG,11/7/23,223.1,10,C,CHARLOTTE-MECKLENBURG SCHOOLS BOARD OF EDUCATION AT-LARGE,Michael Johnson, ,3,162,29,0,0,191,Y
21365,MECKLENBURG,11/7/23,223.1,10,C,CHARLOTTE-MECKLENBURG SCHOOLS BOARD OF EDUCATION AT-LARGE,Monty Witherspoon, ,3,171,98,0,0,269,Y
21366,MECKLENBURG,11/7/23,223.1,10,C,CHARLOTTE-MECKLENBURG SCHOOLS BOARD OF EDUCATION AT-LARGE,Omar Harris, ,3,107,23,0,0,130,Y
21367,MECKLENBURG,11/7/23,223.1,10,C,CHARLOTTE-MECKLENBURG SCHOOLS BOARD OF EDUCATION AT-LARGE,Peggy A. Capehart, ,3,32,9,0,0,41,Y
21369,MECKLENBURG,11/7/23,223.1,10,C,CHARLOTTE-MECKLENBURG SCHOOLS BOARD OF EDUCATION AT-LARGE,Shamaiye Haynes, ,3,210,92,0,0,302,Y
21371,MECKLENBURG,11/7/23,223.1,10,C,CHARLOTTE-MECKLENBURG SCHOOLS BOARD OF EDUCATION AT-LARGE,Tigress Sydney Acute McDaniel, ,3,59,7,0,0,66,Y
21406,MECKLENBURG,11/7/23,224,10,C,CHARLOTTE-MECKLENBURG SCHOOLS BOARD OF EDUCATION AT-LARGE,Annette Albright, ,3,51,13,0,0,64,Y
21407,MECKLENBURG,11/7/23,224,10,C,CHARLOTTE-MECKLENBURG SCHOOLS BOARD OF EDUCATION AT-LARGE,Bill Fountain, ,3,34,2,0,0,36,Y
21408,MECKLENBURG,11/7/23,224,10,C,CHARLOTTE-MECKLENBURG SCHOOLS BOARD OF EDUCATION AT-LARGE,Brian Kasher, ,3,18,3,0,0,21,Y
21409,MECKLENBURG,11/7/23,224,10,C,CHARLOTTE-MECKLENBURG SCHOOLS BOARD OF EDUCATION AT-LARGE,Claire Covington, ,3,36,6,0,0,42,Y
21410,MECKLENBURG,11/7/23,224,10,C,CHARLOTTE-MECKLENBURG SCHOOLS BOARD OF EDUCATION AT-LARGE,Clara Kennedy Witherspoon, ,3,20,8,0,0,28,Y
21411,MECKLENBURG,11/7/23,224,10,C,CHARLOTTE-MECKLENBURG SCHOOLS BOARD OF EDUCATION AT-LARGE,Juanrique Pallamente Hall, ,3,35,6,0,0,41,Y
21412,MECKLENBURG,11/7/23,224,10,C,CHARLOTTE-MECKLENBURG SCHOOLS BOARD OF EDUCATION AT-LARGE,Lenora Shipp, ,3,92,42,0,0,134,Y
21413,MECKLENBURG,11/7/23,224,10,C,CHARLOTTE-MECKLENBURG SCHOOLS BOARD OF EDUCATION AT-LARGE,Liz Monterrey, ,3,50,16,0,0,66,Y
21414,MECKLENBURG,11/7/23,224,10,C,CHARLOTTE-MECKLENBURG SCHOOLS BOARD OF EDUCATION AT-LARGE,Michael Johnson, ,3,52,9,0,0,61,Y
21415,MECKLENBURG,11/7/23,224,10,C,CHARLOTTE-MECKLENBURG SCHOOLS BOARD OF EDUCATION AT-LARGE,Monty Witherspoon, ,3,77,36,0,0,113,Y
21416,MECKLENBURG,11/7/23,224,10,C,CHARLOTTE-MECKLENBURG SCHOOLS BOARD OF EDUCATION AT-LARGE,Omar Harris, ,3,44,9,0,0,53,Y
21417,MECKLENBURG,11/7/23,224,10,C,CHARLOTTE-MECKLENBURG SCHOOLS BOARD OF EDUCATION AT-LARGE,Peggy A. Capehart, ,3,17,3,0,0,20,Y
21419,MECKLENBURG,11/7/23,224,10,C,CHARLOTTE-MECKLENBURG SCHOOLS BOARD OF EDUCATION AT-LARGE,Shamaiye Haynes, ,3,74,32,0,0,106,Y
21421,MECKLENBURG,11/7/23,224,10,C,CHARLOTTE-MECKLENBURG SCHOOLS BOARD OF EDUCATION AT-LARGE,Tigress Sydney Acute McDaniel, ,3,31,3,0,0,34,Y
21456,MECKLENBURG,11/7/23,225,10,C,CHARLOTTE-MECKLENBURG SCHOOLS BOARD OF EDUCATION AT-LARGE,Annette Albright, ,3,95,68,0,0,163,Y
21457,MECKLENBURG,11/7/23,225,10,C,CHARLOTTE-MECKLENBURG SCHOOLS BOARD OF EDUCATION AT-LARGE,Bill Fountain, ,3,98,113,0,0,211,Y
21458,MECKLENBURG,11/7/23,225,10,C,CHARLOTTE-MECKLENBURG SCHOOLS BOARD OF EDUCATION AT-LARGE,Brian Kasher, ,3,58,58,0,0,116,Y
21459,MECKLENBURG,11/7/23,225,10,C,CHARLOTTE-MECKLENBURG SCHOOLS BOARD OF EDUCATION AT-LARGE,Claire Covington, ,3,67,67,0,0,134,Y
21460,MECKLENBURG,11/7/23,225,10,C,CHARLOTTE-MECKLENBURG SCHOOLS BOARD OF EDUCATION AT-LARGE,Clara Kennedy Witherspoon, ,3,50,41,0,0,91,Y
21461,MECKLENBURG,11/7/23,225,10,C,CHARLOTTE-MECKLENBURG SCHOOLS BOARD OF EDUCATION AT-LARGE,Juanrique Pallamente Hall, ,3,33,20,0,0,53,Y
21462,MECKLENBURG,11/7/23,225,10,C,CHARLOTTE-MECKLENBURG SCHOOLS BOARD OF EDUCATION AT-LARGE,Lenora Shipp, ,3,116,113,0,0,229,Y
21463,MECKLENBURG,11/7/23,225,10,C,CHARLOTTE-MECKLENBURG SCHOOLS BOARD OF EDUCATION AT-LARGE,Liz Monterrey, ,3,138,158,0,0,296,Y
21464,MECKLENBURG,11/7/23,225,10,C,CHARLOTTE-MECKLENBURG SCHOOLS BOARD OF EDUCATION AT-LARGE,Michael Johnson, ,3,80,78,0,0,158,Y
21465,MECKLENBURG,11/7/23,225,10,C,CHARLOTTE-MECKLENBURG SCHOOLS BOARD OF EDUCATION AT-LARGE,Monty Witherspoon, ,3,99,111,0,0,210,Y
21466,MECKLENBURG,11/7/23,225,10,C,CHARLOTTE-MECKLENBURG SCHOOLS BOARD OF EDUCATION AT-LARGE,Omar Harris, ,3,45,27,0,0,72,Y
21467,MECKLENBURG,11/7/23,225,10,C,CHARLOTTE-MECKLENBURG SCHOOLS BOARD OF EDUCATION AT-LARGE,Peggy A. Capehart, ,3,42,37,0,0,79,Y
21469,MECKLENBURG,11/7/23,225,10,C,CHARLOTTE-MECKLENBURG SCHOOLS BOARD OF EDUCATION AT-LARGE,Shamaiye Haynes, ,3,79,69,0,0,148,Y
21471,MECKLENBURG,11/7/23,225,10,C,CHARLOTTE-MECKLENBURG SCHOOLS BOARD OF EDUCATION AT-LARGE,Tigress Sydney Acute McDaniel, ,3,31,15,0,0,46,Y
21514,MECKLENBURG,11/7/23,226,10,C,CHARLOTTE-MECKLENBURG SCHOOLS BOARD OF EDUCATION AT-LARGE,Annette Albright, ,3,111,25,0,0,136,Y
21515,MECKLENBURG,11/7/23,226,10,C,CHARLOTTE-MECKLENBURG SCHOOLS BOARD OF EDUCATION AT-LARGE,Bill Fountain, ,3,115,52,0,0,167,Y
21516,MECKLENBURG,11/7/23,226,10,C,CHARLOTTE-MECKLENBURG SCHOOLS BOARD OF EDUCATION AT-LARGE,Brian Kasher, ,3,55,28,0,0,83,Y
21517,MECKLENBURG,11/7/23,226,10,C,CHARLOTTE-MECKLENBURG SCHOOLS BOARD OF EDUCATION AT-LARGE,Claire Covington, ,3,128,39,0,0,167,Y
21518,MECKLENBURG,11/7/23,226,10,C,CHARLOTTE-MECKLENBURG SCHOOLS BOARD OF EDUCATION AT-LARGE,Clara Kennedy Witherspoon, ,3,42,28,0,0,70,Y
21519,MECKLENBURG,11/7/23,226,10,C,CHARLOTTE-MECKLENBURG SCHOOLS BOARD OF EDUCATION AT-LARGE,Juanrique Pallamente Hall, ,3,16,11,0,0,27,Y
21520,MECKLENBURG,11/7/23,226,10,C,CHARLOTTE-MECKLENBURG SCHOOLS BOARD OF EDUCATION AT-LARGE,Lenora Shipp, ,3,118,107,0,0,225,Y
21521,MECKLENBURG,11/7/23,226,10,C,CHARLOTTE-MECKLENBURG SCHOOLS BOARD OF EDUCATION AT-LARGE,Liz Monterrey, ,3,139,105,0,0,244,Y
21522,MECKLENBURG,11/7/23,226,10,C,CHARLOTTE-MECKLENBURG SCHOOLS BOARD OF EDUCATION AT-LARGE,Michael Johnson, ,3,102,40,0,0,142,Y
21523,MECKLENBURG,11/7/23,226,10,C,CHARLOTTE-MECKLENBURG SCHOOLS BOARD OF EDUCATION AT-LARGE,Monty Witherspoon, ,3,101,83,0,0,184,Y
21524,MECKLENBURG,11/7/23,226,10,C,CHARLOTTE-MECKLENBURG SCHOOLS BOARD OF EDUCATION AT-LARGE,Omar Harris, ,3,26,10,0,0,36,Y
21525,MECKLENBURG,11/7/23,226,10,C,CHARLOTTE-MECKLENBURG SCHOOLS BOARD OF EDUCATION AT-LARGE,Peggy A. Capehart, ,3,23,11,0,0,34,Y
21527,MECKLENBURG,11/7/23,226,10,C,CHARLOTTE-MECKLENBURG SCHOOLS BOARD OF EDUCATION AT-LARGE,Shamaiye Haynes, ,3,53,49,0,0,102,Y
21529,MECKLENBURG,11/7/23,226,10,C,CHARLOTTE-MECKLENBURG SCHOOLS BOARD OF EDUCATION AT-LARGE,Tigress Sydney Acute McDaniel, ,3,16,13,0,0,29,Y
21564,MECKLENBURG,11/7/23,227,10,C,CHARLOTTE-MECKLENBURG SCHOOLS BOARD OF EDUCATION AT-LARGE,Annette Albright, ,3,143,36,0,0,179,Y
21565,MECKLENBURG,11/7/23,227,10,C,CHARLOTTE-MECKLENBURG SCHOOLS BOARD OF EDUCATION AT-LARGE,Bill Fountain, ,3,168,50,0,0,218,Y
21566,MECKLENBURG,11/7/23,227,10,C,CHARLOTTE-MECKLENBURG SCHOOLS BOARD OF EDUCATION AT-LARGE,Brian Kasher, ,3,113,31,0,0,144,Y
21567,MECKLENBURG,11/7/23,227,10,C,CHARLOTTE-MECKLENBURG SCHOOLS BOARD OF EDUCATION AT-LARGE,Claire Covington, ,3,253,47,0,0,300,Y
21568,MECKLENBURG,11/7/23,227,10,C,CHARLOTTE-MECKLENBURG SCHOOLS BOARD OF EDUCATION AT-LARGE,Clara Kennedy Witherspoon, ,3,90,32,0,0,122,Y
21569,MECKLENBURG,11/7/23,227,10,C,CHARLOTTE-MECKLENBURG SCHOOLS BOARD OF EDUCATION AT-LARGE,Juanrique Pallamente Hall, ,3,40,18,0,0,58,Y
21570,MECKLENBURG,11/7/23,227,10,C,CHARLOTTE-MECKLENBURG SCHOOLS BOARD OF EDUCATION AT-LARGE,Lenora Shipp, ,3,229,129,0,0,358,Y
21571,MECKLENBURG,11/7/23,227,10,C,CHARLOTTE-MECKLENBURG SCHOOLS BOARD OF EDUCATION AT-LARGE,Liz Monterrey, ,3,260,106,0,0,366,Y
21572,MECKLENBURG,11/7/23,227,10,C,CHARLOTTE-MECKLENBURG SCHOOLS BOARD OF EDUCATION AT-LARGE,Michael Johnson, ,3,148,42,0,0,190,Y
21573,MECKLENBURG,11/7/23,227,10,C,CHARLOTTE-MECKLENBURG SCHOOLS BOARD OF EDUCATION AT-LARGE,Monty Witherspoon, ,3,212,104,0,0,316,Y
21574,MECKLENBURG,11/7/23,227,10,C,CHARLOTTE-MECKLENBURG SCHOOLS BOARD OF EDUCATION AT-LARGE,Omar Harris, ,3,58,28,0,0,86,Y
21575,MECKLENBURG,11/7/23,227,10,C,CHARLOTTE-MECKLENBURG SCHOOLS BOARD OF EDUCATION AT-LARGE,Peggy A. Capehart, ,3,36,23,0,0,59,Y
21577,MECKLENBURG,11/7/23,227,10,C,CHARLOTTE-MECKLENBURG SCHOOLS BOARD OF EDUCATION AT-LARGE,Shamaiye Haynes, ,3,232,84,0,0,316,Y
21579,MECKLENBURG,11/7/23,227,10,C,CHARLOTTE-MECKLENBURG SCHOOLS BOARD OF EDUCATION AT-LARGE,Tigress Sydney Acute McDaniel, ,3,44,21,0,0,65,Y
21614,MECKLENBURG,11/7/23,228,10,C,CHARLOTTE-MECKLENBURG SCHOOLS BOARD OF EDUCATION AT-LARGE,Annette Albright, ,3,59,30,0,0,89,Y
21615,MECKLENBURG,11/7/23,228,10,C,CHARLOTTE-MECKLENBURG SCHOOLS BOARD OF EDUCATION AT-LARGE,Bill Fountain, ,3,43,29,0,0,72,Y
21616,MECKLENBURG,11/7/23,228,10,C,CHARLOTTE-MECKLENBURG SCHOOLS BOARD OF EDUCATION AT-LARGE,Brian Kasher, ,3,25,13,0,0,38,Y
21617,MECKLENBURG,11/7/23,228,10,C,CHARLOTTE-MECKLENBURG SCHOOLS BOARD OF EDUCATION AT-LARGE,Claire Covington, ,3,36,26,0,0,62,Y
21618,MECKLENBURG,11/7/23,228,10,C,CHARLOTTE-MECKLENBURG SCHOOLS BOARD OF EDUCATION AT-LARGE,Clara Kennedy Witherspoon, ,3,39,22,0,0,61,Y
21619,MECKLENBURG,11/7/23,228,10,C,CHARLOTTE-MECKLENBURG SCHOOLS BOARD OF EDUCATION AT-LARGE,Juanrique Pallamente Hall, ,3,21,9,0,0,30,Y
21620,MECKLENBURG,11/7/23,228,10,C,CHARLOTTE-MECKLENBURG SCHOOLS BOARD OF EDUCATION AT-LARGE,Lenora Shipp, ,3,135,66,0,0,201,Y
21621,MECKLENBURG,11/7/23,228,10,C,CHARLOTTE-MECKLENBURG SCHOOLS BOARD OF EDUCATION AT-LARGE,Liz Monterrey, ,3,99,42,0,0,141,Y
21622,MECKLENBURG,11/7/23,228,10,C,CHARLOTTE-MECKLENBURG SCHOOLS BOARD OF EDUCATION AT-LARGE,Michael Johnson, ,3,51,36,0,0,87,Y
21623,MECKLENBURG,11/7/23,228,10,C,CHARLOTTE-MECKLENBURG SCHOOLS BOARD OF EDUCATION AT-LARGE,Monty Witherspoon, ,3,129,70,0,0,199,Y
21624,MECKLENBURG,11/7/23,228,10,C,CHARLOTTE-MECKLENBURG SCHOOLS BOARD OF EDUCATION AT-LARGE,Omar Harris, ,3,42,32,0,0,74,Y
21625,MECKLENBURG,11/7/23,228,10,C,CHARLOTTE-MECKLENBURG SCHOOLS BOARD OF EDUCATION AT-LARGE,Peggy A. Capehart, ,3,20,12,0,0,32,Y
21627,MECKLENBURG,11/7/23,228,10,C,CHARLOTTE-MECKLENBURG SCHOOLS BOARD OF EDUCATION AT-LARGE,Shamaiye Haynes, ,3,75,46,0,0,121,Y
21629,MECKLENBURG,11/7/23,228,10,C,CHARLOTTE-MECKLENBURG SCHOOLS BOARD OF EDUCATION AT-LARGE,Tigress Sydney Acute McDaniel, ,3,28,11,0,0,39,Y
21664,MECKLENBURG,11/7/23,229,10,C,CHARLOTTE-MECKLENBURG SCHOOLS BOARD OF EDUCATION AT-LARGE,Annette Albright, ,3,246,65,0,0,311,Y
21665,MECKLENBURG,11/7/23,229,10,C,CHARLOTTE-MECKLENBURG SCHOOLS BOARD OF EDUCATION AT-LARGE,Bill Fountain, ,3,237,48,0,0,285,Y
21666,MECKLENBURG,11/7/23,229,10,C,CHARLOTTE-MECKLENBURG SCHOOLS BOARD OF EDUCATION AT-LARGE,Brian Kasher, ,3,114,30,0,0,144,Y
21667,MECKLENBURG,11/7/23,229,10,C,CHARLOTTE-MECKLENBURG SCHOOLS BOARD OF EDUCATION AT-LARGE,Claire Covington, ,3,196,42,0,0,238,Y
21668,MECKLENBURG,11/7/23,229,10,C,CHARLOTTE-MECKLENBURG SCHOOLS BOARD OF EDUCATION AT-LARGE,Clara Kennedy Witherspoon, ,3,159,35,0,0,194,Y
21669,MECKLENBURG,11/7/23,229,10,C,CHARLOTTE-MECKLENBURG SCHOOLS BOARD OF EDUCATION AT-LARGE,Juanrique Pallamente Hall, ,3,112,25,0,0,137,Y
21670,MECKLENBURG,11/7/23,229,10,C,CHARLOTTE-MECKLENBURG SCHOOLS BOARD OF EDUCATION AT-LARGE,Lenora Shipp, ,3,389,255,0,0,644,Y
21671,MECKLENBURG,11/7/23,229,10,C,CHARLOTTE-MECKLENBURG SCHOOLS BOARD OF EDUCATION AT-LARGE,Liz Monterrey, ,3,279,154,0,0,433,Y
21672,MECKLENBURG,11/7/23,229,10,C,CHARLOTTE-MECKLENBURG SCHOOLS BOARD OF EDUCATION AT-LARGE,Michael Johnson, ,3,246,58,0,0,304,Y
21673,MECKLENBURG,11/7/23,229,10,C,CHARLOTTE-MECKLENBURG SCHOOLS BOARD OF EDUCATION AT-LARGE,Monty Witherspoon, ,3,316,216,0,0,532,Y
21674,MECKLENBURG,11/7/23,229,10,C,CHARLOTTE-MECKLENBURG SCHOOLS BOARD OF EDUCATION AT-LARGE,Omar Harris, ,3,205,51,0,0,256,Y
21675,MECKLENBURG,11/7/23,229,10,C,CHARLOTTE-MECKLENBURG SCHOOLS BOARD OF EDUCATION AT-LARGE,Peggy A. Capehart, ,3,75,23,0,0,98,Y
21677,MECKLENBURG,11/7/23,229,10,C,CHARLOTTE-MECKLENBURG SCHOOLS BOARD OF EDUCATION AT-LARGE,Shamaiye Haynes, ,3,318,154,0,0,472,Y
21679,MECKLENBURG,11/7/23,229,10,C,CHARLOTTE-MECKLENBURG SCHOOLS BOARD OF EDUCATION AT-LARGE,Tigress Sydney Acute McDaniel, ,3,99,35,0,0,134,Y
21714,MECKLENBURG,11/7/23,230,10,C,CHARLOTTE-MECKLENBURG SCHOOLS BOARD OF EDUCATION AT-LARGE,Annette Albright, ,3,137,61,0,0,198,Y
21715,MECKLENBURG,11/7/23,230,10,C,CHARLOTTE-MECKLENBURG SCHOOLS BOARD OF EDUCATION AT-LARGE,Bill Fountain, ,3,74,35,0,0,109,Y
21716,MECKLENBURG,11/7/23,230,10,C,CHARLOTTE-MECKLENBURG SCHOOLS BOARD OF EDUCATION AT-LARGE,Brian Kasher, ,3,56,19,0,0,75,Y
21717,MECKLENBURG,11/7/23,230,10,C,CHARLOTTE-MECKLENBURG SCHOOLS BOARD OF EDUCATION AT-LARGE,Claire Covington, ,3,109,34,0,0,143,Y
21718,MECKLENBURG,11/7/23,230,10,C,CHARLOTTE-MECKLENBURG SCHOOLS BOARD OF EDUCATION AT-LARGE,Clara Kennedy Witherspoon, ,3,87,37,0,0,124,Y
21719,MECKLENBURG,11/7/23,230,10,C,CHARLOTTE-MECKLENBURG SCHOOLS BOARD OF EDUCATION AT-LARGE,Juanrique Pallamente Hall, ,3,62,24,0,0,86,Y
21720,MECKLENBURG,11/7/23,230,10,C,CHARLOTTE-MECKLENBURG SCHOOLS BOARD OF EDUCATION AT-LARGE,Lenora Shipp, ,3,363,179,0,0,542,Y
21721,MECKLENBURG,11/7/23,230,10,C,CHARLOTTE-MECKLENBURG SCHOOLS BOARD OF EDUCATION AT-LARGE,Liz Monterrey, ,3,162,90,0,0,252,Y
21722,MECKLENBURG,11/7/23,230,10,C,CHARLOTTE-MECKLENBURG SCHOOLS BOARD OF EDUCATION AT-LARGE,Michael Johnson, ,3,113,48,0,0,161,Y
21723,MECKLENBURG,11/7/23,230,10,C,CHARLOTTE-MECKLENBURG SCHOOLS BOARD OF EDUCATION AT-LARGE,Monty Witherspoon, ,3,403,158,0,0,561,Y
21724,MECKLENBURG,11/7/23,230,10,C,CHARLOTTE-MECKLENBURG SCHOOLS BOARD OF EDUCATION AT-LARGE,Omar Harris, ,3,121,53,0,0,174,Y
21725,MECKLENBURG,11/7/23,230,10,C,CHARLOTTE-MECKLENBURG SCHOOLS BOARD OF EDUCATION AT-LARGE,Peggy A. Capehart, ,3,42,15,0,0,57,Y
21727,MECKLENBURG,11/7/23,230,10,C,CHARLOTTE-MECKLENBURG SCHOOLS BOARD OF EDUCATION AT-LARGE,Shamaiye Haynes, ,3,317,112,0,0,429,Y
21729,MECKLENBURG,11/7/23,230,10,C,CHARLOTTE-MECKLENBURG SCHOOLS BOARD OF EDUCATION AT-LARGE,Tigress Sydney Acute McDaniel, ,3,83,32,0,0,115,Y
21733,MECKLENBURG,11/7/23,231,10,C,CHARLOTTE-MECKLENBURG SCHOOLS BOARD OF EDUCATION AT-LARGE,Annette Albright, ,3,101,49,0,0,150,Y
21734,MECKLENBURG,11/7/23,231,10,C,CHARLOTTE-MECKLENBURG SCHOOLS BOARD OF EDUCATION AT-LARGE,Bill Fountain, ,3,76,46,0,0,122,Y
21735,MECKLENBURG,11/7/23,231,10,C,CHARLOTTE-MECKLENBURG SCHOOLS BOARD OF EDUCATION AT-LARGE,Brian Kasher, ,3,37,19,0,0,56,Y
21736,MECKLENBURG,11/7/23,231,10,C,CHARLOTTE-MECKLENBURG SCHOOLS BOARD OF EDUCATION AT-LARGE,Claire Covington, ,3,82,49,0,0,131,Y
21737,MECKLENBURG,11/7/23,231,10,C,CHARLOTTE-MECKLENBURG SCHOOLS BOARD OF EDUCATION AT-LARGE,Clara Kennedy Witherspoon, ,3,52,23,0,0,75,Y
21738,MECKLENBURG,11/7/23,231,10,C,CHARLOTTE-MECKLENBURG SCHOOLS BOARD OF EDUCATION AT-LARGE,Juanrique Pallamente Hall, ,3,28,19,0,0,47,Y
21739,MECKLENBURG,11/7/23,231,10,C,CHARLOTTE-MECKLENBURG SCHOOLS BOARD OF EDUCATION AT-LARGE,Lenora Shipp, ,3,102,85,0,0,187,Y
21740,MECKLENBURG,11/7/23,231,10,C,CHARLOTTE-MECKLENBURG SCHOOLS BOARD OF EDUCATION AT-LARGE,Liz Monterrey, ,3,106,87,0,0,193,Y
21741,MECKLENBURG,11/7/23,231,10,C,CHARLOTTE-MECKLENBURG SCHOOLS BOARD OF EDUCATION AT-LARGE,Michael Johnson, ,3,76,36,0,0,112,Y
21742,MECKLENBURG,11/7/23,231,10,C,CHARLOTTE-MECKLENBURG SCHOOLS BOARD OF EDUCATION AT-LARGE,Monty Witherspoon, ,3,67,62,0,0,129,Y
21743,MECKLENBURG,11/7/23,231,10,C,CHARLOTTE-MECKLENBURG SCHOOLS BOARD OF EDUCATION AT-LARGE,Omar Harris, ,3,41,23,0,0,64,Y
21744,MECKLENBURG,11/7/23,231,10,C,CHARLOTTE-MECKLENBURG SCHOOLS BOARD OF EDUCATION AT-LARGE,Peggy A. Capehart, ,3,21,7,0,0,28,Y
21746,MECKLENBURG,11/7/23,231,10,C,CHARLOTTE-MECKLENBURG SCHOOLS BOARD OF EDUCATION AT-LARGE,Shamaiye Haynes, ,3,84,58,0,0,142,Y
21748,MECKLENBURG,11/7/23,231,10,C,CHARLOTTE-MECKLENBURG SCHOOLS BOARD OF EDUCATION AT-LARGE,Tigress Sydney Acute McDaniel, ,3,31,11,0,0,42,Y
21791,MECKLENBURG,11/7/23,232,10,C,CHARLOTTE-MECKLENBURG SCHOOLS BOARD OF EDUCATION AT-LARGE,Annette Albright, ,3,165,48,0,0,213,Y
21792,MECKLENBURG,11/7/23,232,10,C,CHARLOTTE-MECKLENBURG SCHOOLS BOARD OF EDUCATION AT-LARGE,Bill Fountain, ,3,228,69,0,0,297,Y
21793,MECKLENBURG,11/7/23,232,10,C,CHARLOTTE-MECKLENBURG SCHOOLS BOARD OF EDUCATION AT-LARGE,Brian Kasher, ,3,116,41,0,0,157,Y
21794,MECKLENBURG,11/7/23,232,10,C,CHARLOTTE-MECKLENBURG SCHOOLS BOARD OF EDUCATION AT-LARGE,Claire Covington, ,3,184,42,0,0,226,Y
21795,MECKLENBURG,11/7/23,232,10,C,CHARLOTTE-MECKLENBURG SCHOOLS BOARD OF EDUCATION AT-LARGE,Clara Kennedy Witherspoon, ,3,63,38,0,0,101,Y
21796,MECKLENBURG,11/7/23,232,10,C,CHARLOTTE-MECKLENBURG SCHOOLS BOARD OF EDUCATION AT-LARGE,Juanrique Pallamente Hall, ,3,27,19,0,0,46,Y
21797,MECKLENBURG,11/7/23,232,10,C,CHARLOTTE-MECKLENBURG SCHOOLS BOARD OF EDUCATION AT-LARGE,Lenora Shipp, ,3,140,117,0,0,257,Y
21798,MECKLENBURG,11/7/23,232,10,C,CHARLOTTE-MECKLENBURG SCHOOLS BOARD OF EDUCATION AT-LARGE,Liz Monterrey, ,3,185,131,0,0,316,Y
21799,MECKLENBURG,11/7/23,232,10,C,CHARLOTTE-MECKLENBURG SCHOOLS BOARD OF EDUCATION AT-LARGE,Michael Johnson, ,3,159,52,0,0,211,Y
21800,MECKLENBURG,11/7/23,232,10,C,CHARLOTTE-MECKLENBURG SCHOOLS BOARD OF EDUCATION AT-LARGE,Monty Witherspoon, ,3,127,120,0,0,247,Y
25788,MECKLENBURG,11/7/23,37,10,C,CHARLOTTE-MECKLENBURG SCHOOLS BOARD OF EDUCATION AT-LARGE,Annette Albright, ,3,68,18,0,0,86,Y
25789,MECKLENBURG,11/7/23,37,10,C,CHARLOTTE-MECKLENBURG SCHOOLS BOARD OF EDUCATION AT-LARGE,Bill Fountain, ,3,60,19,0,0,79,Y
25790,MECKLENBURG,11/7/23,37,10,C,CHARLOTTE-MECKLENBURG SCHOOLS BOARD OF EDUCATION AT-LARGE,Brian Kasher, ,3,48,8,0,0,56,Y
25791,MECKLENBURG,11/7/23,37,10,C,CHARLOTTE-MECKLENBURG SCHOOLS BOARD OF EDUCATION AT-LARGE,Claire Covington, ,3,80,18,0,0,98,Y
25792,MECKLENBURG,11/7/23,37,10,C,CHARLOTTE-MECKLENBURG SCHOOLS BOARD OF EDUCATION AT-LARGE,Clara Kennedy Witherspoon, ,3,38,8,0,0,46,Y
25793,MECKLENBURG,11/7/23,37,10,C,CHARLOTTE-MECKLENBURG SCHOOLS BOARD OF EDUCATION AT-LARGE,Juanrique Pallamente Hall, ,3,22,4,0,0,26,Y
25794,MECKLENBURG,11/7/23,37,10,C,CHARLOTTE-MECKLENBURG SCHOOLS BOARD OF EDUCATION AT-LARGE,Lenora Shipp, ,3,105,41,0,0,146,Y
25795,MECKLENBURG,11/7/23,37,10,C,CHARLOTTE-MECKLENBURG SCHOOLS BOARD OF EDUCATION AT-LARGE,Liz Monterrey, ,3,107,42,0,0,149,Y
25796,MECKLENBURG,11/7/23,37,10,C,CHARLOTTE-MECKLENBURG SCHOOLS BOARD OF EDUCATION AT-LARGE,Michael Johnson, ,3,53,17,0,0,70,Y
25797,MECKLENBURG,11/7/23,37,10,C,CHARLOTTE-MECKLENBURG SCHOOLS BOARD OF EDUCATION AT-LARGE,Monty Witherspoon, ,3,79,32,0,0,111,Y
25798,MECKLENBURG,11/7/23,37,10,C,CHARLOTTE-MECKLENBURG SCHOOLS BOARD OF EDUCATION AT-LARGE,Omar Harris, ,3,22,5,0,0,27,Y
25799,MECKLENBURG,11/7/23,37,10,C,CHARLOTTE-MECKLENBURG SCHOOLS BOARD OF EDUCATION AT-LARGE,Peggy A. Capehart, ,3,24,13,0,0,37,Y
25801,MECKLENBURG,11/7/23,37,10,C,CHARLOTTE-MECKLENBURG SCHOOLS BOARD OF EDUCATION AT-LARGE,Shamaiye Haynes, ,3,53,26,0,0,79,Y
25803,MECKLENBURG,11/7/23,37,10,C,CHARLOTTE-MECKLENBURG SCHOOLS BOARD OF EDUCATION AT-LARGE,Tigress Sydney Acute McDaniel, ,3,28,6,0,0,34,Y
25839,MECKLENBURG,11/7/23,38,10,C,CHARLOTTE-MECKLENBURG SCHOOLS BOARD OF EDUCATION AT-LARGE,Annette Albright, ,3,34,5,0,0,39,Y
25840,MECKLENBURG,11/7/23,38,10,C,CHARLOTTE-MECKLENBURG SCHOOLS BOARD OF EDUCATION AT-LARGE,Bill Fountain, ,3,37,10,0,0,47,Y
25841,MECKLENBURG,11/7/23,38,10,C,CHARLOTTE-MECKLENBURG SCHOOLS BOARD OF EDUCATION AT-LARGE,Brian Kasher, ,3,39,7,0,0,46,Y
25842,MECKLENBURG,11/7/23,38,10,C,CHARLOTTE-MECKLENBURG SCHOOLS BOARD OF EDUCATION AT-LARGE,Claire Covington, ,3,50,5,0,0,55,Y
25843,MECKLENBURG,11/7/23,38,10,C,CHARLOTTE-MECKLENBURG SCHOOLS BOARD OF EDUCATION AT-LARGE,Clara Kennedy Witherspoon, ,3,26,5,0,0,31,Y
25844,MECKLENBURG,11/7/23,38,10,C,CHARLOTTE-MECKLENBURG SCHOOLS BOARD OF EDUCATION AT-LARGE,Juanrique Pallamente Hall, ,3,25,8,0,0,33,Y
25845,MECKLENBURG,11/7/23,38,10,C,CHARLOTTE-MECKLENBURG SCHOOLS BOARD OF EDUCATION AT-LARGE,Lenora Shipp, ,3,87,39,0,0,126,Y
25846,MECKLENBURG,11/7/23,38,10,C,CHARLOTTE-MECKLENBURG SCHOOLS BOARD OF EDUCATION AT-LARGE,Liz Monterrey, ,3,94,31,0,0,125,Y
25847,MECKLENBURG,11/7/23,38,10,C,CHARLOTTE-MECKLENBURG SCHOOLS BOARD OF EDUCATION AT-LARGE,Michael Johnson, ,3,33,9,0,0,42,Y
25848,MECKLENBURG,11/7/23,38,10,C,CHARLOTTE-MECKLENBURG SCHOOLS BOARD OF EDUCATION AT-LARGE,Monty Witherspoon, ,3,68,30,0,0,98,Y
25849,MECKLENBURG,11/7/23,38,10,C,CHARLOTTE-MECKLENBURG SCHOOLS BOARD OF EDUCATION AT-LARGE,Omar Harris, ,3,19,4,0,0,23,Y
25850,MECKLENBURG,11/7/23,38,10,C,CHARLOTTE-MECKLENBURG SCHOOLS BOARD OF EDUCATION AT-LARGE,Peggy A. Capehart, ,3,15,4,0,0,19,Y
25852,MECKLENBURG,11/7/23,38,10,C,CHARLOTTE-MECKLENBURG SCHOOLS BOARD OF EDUCATION AT-LARGE,Shamaiye Haynes, ,3,56,24,0,0,80,Y
25854,MECKLENBURG,11/7/23,38,10,C,CHARLOTTE-MECKLENBURG SCHOOLS BOARD OF EDUCATION AT-LARGE,Tigress Sydney Acute McDaniel, ,3,23,7,0,0,30,Y
25889,MECKLENBURG,11/7/23,39,10,C,CHARLOTTE-MECKLENBURG SCHOOLS BOARD OF EDUCATION AT-LARGE,Annette Albright, ,3,49,22,0,0,71,Y
25890,MECKLENBURG,11/7/23,39,10,C,CHARLOTTE-MECKLENBURG SCHOOLS BOARD OF EDUCATION AT-LARGE,Bill Fountain, ,3,7,10,0,0,17,Y
25891,MECKLENBURG,11/7/23,39,10,C,CHARLOTTE-MECKLENBURG SCHOOLS BOARD OF EDUCATION AT-LARGE,Brian Kasher, ,3,6,3,0,0,9,Y
25892,MECKLENBURG,11/7/23,39,10,C,CHARLOTTE-MECKLENBURG SCHOOLS BOARD OF EDUCATION AT-LARGE,Claire Covington, ,3,26,7,0,0,33,Y
25893,MECKLENBURG,11/7/23,39,10,C,CHARLOTTE-MECKLENBURG SCHOOLS BOARD OF EDUCATION AT-LARGE,Clara Kennedy Witherspoon, ,3,17,15,0,0,32,Y
25894,MECKLENBURG,11/7/23,39,10,C,CHARLOTTE-MECKLENBURG SCHOOLS BOARD OF EDUCATION AT-LARGE,Juanrique Pallamente Hall, ,3,10,6,0,0,16,Y
25895,MECKLENBURG,11/7/23,39,10,C,CHARLOTTE-MECKLENBURG SCHOOLS BOARD OF EDUCATION AT-LARGE,Lenora Shipp, ,3,42,61,0,0,103,Y
25896,MECKLENBURG,11/7/23,39,10,C,CHARLOTTE-MECKLENBURG SCHOOLS BOARD OF EDUCATION AT-LARGE,Liz Monterrey, ,3,13,17,0,0,30,Y
25897,MECKLENBURG,11/7/23,39,10,C,CHARLOTTE-MECKLENBURG SCHOOLS BOARD OF EDUCATION AT-LARGE,Michael Johnson, ,3,27,24,0,0,51,Y
25898,MECKLENBURG,11/7/23,39,10,C,CHARLOTTE-MECKLENBURG SCHOOLS BOARD OF EDUCATION AT-LARGE,Monty Witherspoon, ,3,26,58,0,0,84,Y
25899,MECKLENBURG,11/7/23,39,10,C,CHARLOTTE-MECKLENBURG SCHOOLS BOARD OF EDUCATION AT-LARGE,Omar Harris, ,3,36,21,0,0,57,Y
25900,MECKLENBURG,11/7/23,39,10,C,CHARLOTTE-MECKLENBURG SCHOOLS BOARD OF EDUCATION AT-LARGE,Peggy A. Capehart, ,3,8,7,0,0,15,Y
25902,MECKLENBURG,11/7/23,39,10,C,CHARLOTTE-MECKLENBURG SCHOOLS BOARD OF EDUCATION AT-LARGE,Shamaiye Haynes, ,3,35,53,0,0,88,Y
25904,MECKLENBURG,11/7/23,39,10,C,CHARLOTTE-MECKLENBURG SCHOOLS BOARD OF EDUCATION AT-LARGE,Tigress Sydney Acute McDaniel, ,3,12,2,0,0,14,Y
25938,MECKLENBURG,11/7/23,40,10,C,CHARLOTTE-MECKLENBURG SCHOOLS BOARD OF EDUCATION AT-LARGE,Annette Albright, ,3,42,17,0,0,59,Y
25939,MECKLENBURG,11/7/23,40,10,C,CHARLOTTE-MECKLENBURG SCHOOLS BOARD OF EDUCATION AT-LARGE,Bill Fountain, ,3,15,4,0,0,19,Y
25940,MECKLENBURG,11/7/23,40,10,C,CHARLOTTE-MECKLENBURG SCHOOLS BOARD OF EDUCATION AT-LARGE,Brian Kasher, ,3,8,3,0,0,11,Y
25941,MECKLENBURG,11/7/23,40,10,C,CHARLOTTE-MECKLENBURG SCHOOLS BOARD OF EDUCATION AT-LARGE,Claire Covington, ,3,28,8,0,0,36,Y
25942,MECKLENBURG,11/7/23,40,10,C,CHARLOTTE-MECKLENBURG SCHOOLS BOARD OF EDUCATION AT-LARGE,Clara Kennedy Witherspoon, ,3,20,13,0,0,33,Y
25943,MECKLENBURG,11/7/23,40,10,C,CHARLOTTE-MECKLENBURG SCHOOLS BOARD OF EDUCATION AT-LARGE,Juanrique Pallamente Hall, ,3,21,4,0,0,25,Y
25944,MECKLENBURG,11/7/23,40,10,C,CHARLOTTE-MECKLENBURG SCHOOLS BOARD OF EDUCATION AT-LARGE,Lenora Shipp, ,3,67,41,0,0,108,Y
25945,MECKLENBURG,11/7/23,40,10,C,CHARLOTTE-MECKLENBURG SCHOOLS BOARD OF EDUCATION AT-LARGE,Liz Monterrey, ,3,30,15,0,0,45,Y
25946,MECKLENBURG,11/7/23,40,10,C,CHARLOTTE-MECKLENBURG SCHOOLS BOARD OF EDUCATION AT-LARGE,Michael Johnson, ,3,23,10,0,0,33,Y
25947,MECKLENBURG,11/7/23,40,10,C,CHARLOTTE-MECKLENBURG SCHOOLS BOARD OF EDUCATION AT-LARGE,Monty Witherspoon, ,3,54,36,0,0,90,Y
25948,MECKLENBURG,11/7/23,40,10,C,CHARLOTTE-MECKLENBURG SCHOOLS BOARD OF EDUCATION AT-LARGE,Omar Harris, ,3,23,12,0,0,35,Y
25949,MECKLENBURG,11/7/23,40,10,C,CHARLOTTE-MECKLENBURG SCHOOLS BOARD OF EDUCATION AT-LARGE,Peggy A. Capehart, ,3,12,2,0,0,14,Y
25951,MECKLENBURG,11/7/23,40,10,C,CHARLOTTE-MECKLENBURG SCHOOLS BOARD OF EDUCATION AT-LARGE,Shamaiye Haynes, ,3,52,35,0,0,87,Y
25953,MECKLENBURG,11/7/23,40,10,C,CHARLOTTE-MECKLENBURG SCHOOLS BOARD OF EDUCATION AT-LARGE,Tigress Sydney Acute McDaniel, ,3,15,4,0,0,19,Y
25987,MECKLENBURG,11/7/23,41,10,C,CHARLOTTE-MECKLENBURG SCHOOLS BOARD OF EDUCATION AT-LARGE,Annette Albright, ,3,64,10,0,0,74,Y
25988,MECKLENBURG,11/7/23,41,10,C,CHARLOTTE-MECKLENBURG SCHOOLS BOARD OF EDUCATION AT-LARGE,Bill Fountain, ,3,12,2,0,0,14,Y
25989,MECKLENBURG,11/7/23,41,10,C,CHARLOTTE-MECKLENBURG SCHOOLS BOARD OF EDUCATION AT-LARGE,Brian Kasher, ,3,10,3,0,0,13,Y
25990,MECKLENBURG,11/7/23,41,10,C,CHARLOTTE-MECKLENBURG SCHOOLS BOARD OF EDUCATION AT-LARGE,Claire Covington, ,3,24,6,0,0,30,Y
25991,MECKLENBURG,11/7/23,41,10,C,CHARLOTTE-MECKLENBURG SCHOOLS BOARD OF EDUCATION AT-LARGE,Clara Kennedy Witherspoon, ,3,17,10,0,0,27,Y
25992,MECKLENBURG,11/7/23,41,10,C,CHARLOTTE-MECKLENBURG SCHOOLS BOARD OF EDUCATION AT-LARGE,Juanrique Pallamente Hall, ,3,11,3,0,0,14,Y
25993,MECKLENBURG,11/7/23,41,10,C,CHARLOTTE-MECKLENBURG SCHOOLS BOARD OF EDUCATION AT-LARGE,Lenora Shipp, ,3,70,42,0,0,112,Y
25994,MECKLENBURG,11/7/23,41,10,C,CHARLOTTE-MECKLENBURG SCHOOLS BOARD OF EDUCATION AT-LARGE,Liz Monterrey, ,3,16,16,0,0,32,Y
25995,MECKLENBURG,11/7/23,41,10,C,CHARLOTTE-MECKLENBURG SCHOOLS BOARD OF EDUCATION AT-LARGE,Michael Johnson, ,3,39,12,0,0,51,Y
25996,MECKLENBURG,11/7/23,41,10,C,CHARLOTTE-MECKLENBURG SCHOOLS BOARD OF EDUCATION AT-LARGE,Monty Witherspoon, ,3,46,41,0,0,87,Y
25997,MECKLENBURG,11/7/23,41,10,C,CHARLOTTE-MECKLENBURG SCHOOLS BOARD OF EDUCATION AT-LARGE,Omar Harris, ,3,35,7,0,0,42,Y
25998,MECKLENBURG,11/7/23,41,10,C,CHARLOTTE-MECKLENBURG SCHOOLS BOARD OF EDUCATION AT-LARGE,Peggy A. Capehart, ,3,13,2,0,0,15,Y
26000,MECKLENBURG,11/7/23,41,10,C,CHARLOTTE-MECKLENBURG SCHOOLS BOARD OF EDUCATION AT-LARGE,Shamaiye Haynes, ,3,68,35,0,0,103,Y
26002,MECKLENBURG,11/7/23,41,10,C,CHARLOTTE-MECKLENBURG SCHOOLS BOARD OF EDUCATION AT-LARGE,Tigress Sydney Acute McDaniel, ,3,20,7,0,0,27,Y
26038,MECKLENBURG,11/7/23,42,10,C,CHARLOTTE-MECKLENBURG SCHOOLS BOARD OF EDUCATION AT-LARGE,Annette Albright, ,3,71,38,0,0,109,Y
26039,MECKLENBURG,11/7/23,42,10,C,CHARLOTTE-MECKLENBURG SCHOOLS BOARD OF EDUCATION AT-LARGE,Bill Fountain, ,3,19,16,0,0,35,Y
26040,MECKLENBURG,11/7/23,42,10,C,CHARLOTTE-MECKLENBURG SCHOOLS BOARD OF EDUCATION AT-LARGE,Brian Kasher, ,3,4,7,0,0,11,Y
26041,MECKLENBURG,11/7/23,42,10,C,CHARLOTTE-MECKLENBURG SCHOOLS BOARD OF EDUCATION AT-LARGE,Claire Covington, ,3,50,29,0,0,79,Y
26042,MECKLENBURG,11/7/23,42,10,C,CHARLOTTE-MECKLENBURG SCHOOLS BOARD OF EDUCATION AT-LARGE,Clara Kennedy Witherspoon, ,3,28,29,0,0,57,Y
26043,MECKLENBURG,11/7/23,42,10,C,CHARLOTTE-MECKLENBURG SCHOOLS BOARD OF EDUCATION AT-LARGE,Juanrique Pallamente Hall, ,3,17,8,0,0,25,Y
26044,MECKLENBURG,11/7/23,42,10,C,CHARLOTTE-MECKLENBURG SCHOOLS BOARD OF EDUCATION AT-LARGE,Lenora Shipp, ,3,113,81,0,0,194,Y
26045,MECKLENBURG,11/7/23,42,10,C,CHARLOTTE-MECKLENBURG SCHOOLS BOARD OF EDUCATION AT-LARGE,Liz Monterrey, ,3,19,28,0,0,47,Y
26046,MECKLENBURG,11/7/23,42,10,C,CHARLOTTE-MECKLENBURG SCHOOLS BOARD OF EDUCATION AT-LARGE,Michael Johnson, ,3,57,37,0,0,94,Y
26047,MECKLENBURG,11/7/23,42,10,C,CHARLOTTE-MECKLENBURG SCHOOLS BOARD OF EDUCATION AT-LARGE,Monty Witherspoon, ,3,72,63,0,0,135,Y
26048,MECKLENBURG,11/7/23,42,10,C,CHARLOTTE-MECKLENBURG SCHOOLS BOARD OF EDUCATION AT-LARGE,Omar Harris, ,3,52,31,0,0,83,Y
26049,MECKLENBURG,11/7/23,42,10,C,CHARLOTTE-MECKLENBURG SCHOOLS BOARD OF EDUCATION AT-LARGE,Peggy A. Capehart, ,3,26,14,0,0,40,Y
26051,MECKLENBURG,11/7/23,42,10,C,CHARLOTTE-MECKLENBURG SCHOOLS BOARD OF EDUCATION AT-LARGE,Shamaiye Haynes, ,3,103,58,0,0,161,Y
26053,MECKLENBURG,11/7/23,42,10,C,CHARLOTTE-MECKLENBURG SCHOOLS BOARD OF EDUCATION AT-LARGE,Tigress Sydney Acute McDaniel, ,3,14,7,0,0,21,Y
26089,MECKLENBURG,11/7/23,43,10,C,CHARLOTTE-MECKLENBURG SCHOOLS BOARD OF EDUCATION AT-LARGE,Annette Albright, ,3,65,27,0,0,92,Y
26090,MECKLENBURG,11/7/23,43,10,C,CHARLOTTE-MECKLENBURG SCHOOLS BOARD OF EDUCATION AT-LARGE,Bill Fountain, ,3,16,10,0,0,26,Y
26091,MECKLENBURG,11/7/23,43,10,C,CHARLOTTE-MECKLENBURG SCHOOLS BOARD OF EDUCATION AT-LARGE,Brian Kasher, ,3,12,12,0,0,24,Y
26092,MECKLENBURG,11/7/23,43,10,C,CHARLOTTE-MECKLENBURG SCHOOLS BOARD OF EDUCATION AT-LARGE,Claire Covington, ,3,48,13,0,0,61,Y
26093,MECKLENBURG,11/7/23,43,10,C,CHARLOTTE-MECKLENBURG SCHOOLS BOARD OF EDUCATION AT-LARGE,Clara Kennedy Witherspoon, ,3,34,27,0,0,61,Y
26094,MECKLENBURG,11/7/23,43,10,C,CHARLOTTE-MECKLENBURG SCHOOLS BOARD OF EDUCATION AT-LARGE,Juanrique Pallamente Hall, ,3,28,3,0,0,31,Y
26095,MECKLENBURG,11/7/23,43,10,C,CHARLOTTE-MECKLENBURG SCHOOLS BOARD OF EDUCATION AT-LARGE,Lenora Shipp, ,3,89,75,0,0,164,Y
26096,MECKLENBURG,11/7/23,43,10,C,CHARLOTTE-MECKLENBURG SCHOOLS BOARD OF EDUCATION AT-LARGE,Liz Monterrey, ,3,51,44,0,0,95,Y
26097,MECKLENBURG,11/7/23,43,10,C,CHARLOTTE-MECKLENBURG SCHOOLS BOARD OF EDUCATION AT-LARGE,Michael Johnson, ,3,46,15,0,0,61,Y
26098,MECKLENBURG,11/7/23,43,10,C,CHARLOTTE-MECKLENBURG SCHOOLS BOARD OF EDUCATION AT-LARGE,Monty Witherspoon, ,3,49,54,0,0,103,Y
26099,MECKLENBURG,11/7/23,43,10,C,CHARLOTTE-MECKLENBURG SCHOOLS BOARD OF EDUCATION AT-LARGE,Omar Harris, ,3,55,22,0,0,77,Y
26100,MECKLENBURG,11/7/23,43,10,C,CHARLOTTE-MECKLENBURG SCHOOLS BOARD OF EDUCATION AT-LARGE,Peggy A. Capehart, ,3,9,3,0,0,12,Y
26102,MECKLENBURG,11/7/23,43,10,C,CHARLOTTE-MECKLENBURG SCHOOLS BOARD OF EDUCATION AT-LARGE,Shamaiye Haynes, ,3,71,44,0,0,115,Y
26104,MECKLENBURG,11/7/23,43,10,C,CHARLOTTE-MECKLENBURG SCHOOLS BOARD OF EDUCATION AT-LARGE,Tigress Sydney Acute McDaniel, ,3,30,7,0,0,37,Y
26140,MECKLENBURG,11/7/23,44,10,C,CHARLOTTE-MECKLENBURG SCHOOLS BOARD OF EDUCATION AT-LARGE,Annette Albright, ,3,45,11,0,0,56,Y
26141,MECKLENBURG,11/7/23,44,10,C,CHARLOTTE-MECKLENBURG SCHOOLS BOARD OF EDUCATION AT-LARGE,Bill Fountain, ,3,39,8,0,0,47,Y
26142,MECKLENBURG,11/7/23,44,10,C,CHARLOTTE-MECKLENBURG SCHOOLS BOARD OF EDUCATION AT-LARGE,Brian Kasher, ,3,36,10,0,0,46,Y
26143,MECKLENBURG,11/7/23,44,10,C,CHARLOTTE-MECKLENBURG SCHOOLS BOARD OF EDUCATION AT-LARGE,Claire Covington, ,3,50,11,0,0,61,Y
26144,MECKLENBURG,11/7/23,44,10,C,CHARLOTTE-MECKLENBURG SCHOOLS BOARD OF EDUCATION AT-LARGE,Clara Kennedy Witherspoon, ,3,44,15,0,0,59,Y
26145,MECKLENBURG,11/7/23,44,10,C,CHARLOTTE-MECKLENBURG SCHOOLS BOARD OF EDUCATION AT-LARGE,Juanrique Pallamente Hall, ,3,22,5,0,0,27,Y
26146,MECKLENBURG,11/7/23,44,10,C,CHARLOTTE-MECKLENBURG SCHOOLS BOARD OF EDUCATION AT-LARGE,Lenora Shipp, ,3,151,70,0,0,221,Y
26147,MECKLENBURG,11/7/23,44,10,C,CHARLOTTE-MECKLENBURG SCHOOLS BOARD OF EDUCATION AT-LARGE,Liz Monterrey, ,3,204,70,0,0,274,Y
26148,MECKLENBURG,11/7/23,44,10,C,CHARLOTTE-MECKLENBURG SCHOOLS BOARD OF EDUCATION AT-LARGE,Michael Johnson, ,3,47,6,0,0,53,Y
26149,MECKLENBURG,11/7/23,44,10,C,CHARLOTTE-MECKLENBURG SCHOOLS BOARD OF EDUCATION AT-LARGE,Monty Witherspoon, ,3,149,59,0,0,208,Y
26150,MECKLENBURG,11/7/23,44,10,C,CHARLOTTE-MECKLENBURG SCHOOLS BOARD OF EDUCATION AT-LARGE,Omar Harris, ,3,27,4,0,0,31,Y
26151,MECKLENBURG,11/7/23,44,10,C,CHARLOTTE-MECKLENBURG SCHOOLS BOARD OF EDUCATION AT-LARGE,Peggy A. Capehart, ,3,9,5,0,0,14,Y
26153,MECKLENBURG,11/7/23,44,10,C,CHARLOTTE-MECKLENBURG SCHOOLS BOARD OF EDUCATION AT-LARGE,Shamaiye Haynes, ,3,92,34,0,0,126,Y
26155,MECKLENBURG,11/7/23,44,10,C,CHARLOTTE-MECKLENBURG SCHOOLS BOARD OF EDUCATION AT-LARGE,Tigress Sydney Acute McDaniel, ,3,23,9,0,0,32,Y
26189,MECKLENBURG,11/7/23,45,10,C,CHARLOTTE-MECKLENBURG SCHOOLS BOARD OF EDUCATION AT-LARGE,Annette Albright, ,3,46,11,0,0,57,Y
26190,MECKLENBURG,11/7/23,45,10,C,CHARLOTTE-MECKLENBURG SCHOOLS BOARD OF EDUCATION AT-LARGE,Bill Fountain, ,3,41,11,0,0,52,Y
26191,MECKLENBURG,11/7/23,45,10,C,CHARLOTTE-MECKLENBURG SCHOOLS BOARD OF EDUCATION AT-LARGE,Brian Kasher, ,3,31,7,0,0,38,Y
26192,MECKLENBURG,11/7/23,45,10,C,CHARLOTTE-MECKLENBURG SCHOOLS BOARD OF EDUCATION AT-LARGE,Claire Covington, ,3,36,8,0,0,44,Y
26193,MECKLENBURG,11/7/23,45,10,C,CHARLOTTE-MECKLENBURG SCHOOLS BOARD OF EDUCATION AT-LARGE,Clara Kennedy Witherspoon, ,3,44,8,0,0,52,Y
26194,MECKLENBURG,11/7/23,45,10,C,CHARLOTTE-MECKLENBURG SCHOOLS BOARD OF EDUCATION AT-LARGE,Juanrique Pallamente Hall, ,3,21,6,0,0,27,Y
26195,MECKLENBURG,11/7/23,45,10,C,CHARLOTTE-MECKLENBURG SCHOOLS BOARD OF EDUCATION AT-LARGE,Lenora Shipp, ,3,89,20,0,0,109,Y
26196,MECKLENBURG,11/7/23,45,10,C,CHARLOTTE-MECKLENBURG SCHOOLS BOARD OF EDUCATION AT-LARGE,Liz Monterrey, ,3,98,18,0,0,116,Y
26197,MECKLENBURG,11/7/23,45,10,C,CHARLOTTE-MECKLENBURG SCHOOLS BOARD OF EDUCATION AT-LARGE,Michael Johnson, ,3,39,11,0,0,50,Y
26198,MECKLENBURG,11/7/23,45,10,C,CHARLOTTE-MECKLENBURG SCHOOLS BOARD OF EDUCATION AT-LARGE,Monty Witherspoon, ,3,74,12,0,0,86,Y
26199,MECKLENBURG,11/7/23,45,10,C,CHARLOTTE-MECKLENBURG SCHOOLS BOARD OF EDUCATION AT-LARGE,Omar Harris, ,3,22,8,0,0,30,Y
26200,MECKLENBURG,11/7/23,45,10,C,CHARLOTTE-MECKLENBURG SCHOOLS BOARD OF EDUCATION AT-LARGE,Peggy A. Capehart, ,3,9,4,0,0,13,Y
26202,MECKLENBURG,11/7/23,45,10,C,CHARLOTTE-MECKLENBURG SCHOOLS BOARD OF EDUCATION AT-LARGE,Shamaiye Haynes, ,3,53,19,0,0,72,Y
26204,MECKLENBURG,11/7/23,45,10,C,CHARLOTTE-MECKLENBURG SCHOOLS BOARD OF EDUCATION AT-LARGE,Tigress Sydney Acute McDaniel, ,3,10,8,0,0,18,Y
26223,MECKLENBURG,11/7/23,108,10,C,CHARLOTTE-MECKLENBURG SCHOOLS BOARD OF EDUCATION AT-LARGE,Monty Witherspoon, ,3,52,32,0,0,84,Y
26224,MECKLENBURG,11/7/23,108,10,C,CHARLOTTE-MECKLENBURG SCHOOLS BOARD OF EDUCATION AT-LARGE,Omar Harris, ,3,33,14,0,0,47,Y
26225,MECKLENBURG,11/7/23,108,10,C,CHARLOTTE-MECKLENBURG SCHOOLS BOARD OF EDUCATION AT-LARGE,Peggy A. Capehart, ,3,11,3,0,0,14,Y
26227,MECKLENBURG,11/7/23,108,10,C,CHARLOTTE-MECKLENBURG SCHOOLS BOARD OF EDUCATION AT-LARGE,Shamaiye Haynes, ,3,49,26,0,0,75,Y
26229,MECKLENBURG,11/7/23,108,10,C,CHARLOTTE-MECKLENBURG SCHOOLS BOARD OF EDUCATION AT-LARGE,Tigress Sydney Acute McDaniel, ,3,15,11,0,0,26,Y
26265,MECKLENBURG,11/7/23,109,10,C,CHARLOTTE-MECKLENBURG SCHOOLS BOARD OF EDUCATION AT-LARGE,Annette Albright, ,3,81,8,0,0,89,Y
26266,MECKLENBURG,11/7/23,109,10,C,CHARLOTTE-MECKLENBURG SCHOOLS BOARD OF EDUCATION AT-LARGE,Bill Fountain, ,3,61,5,0,0,66,Y
26267,MECKLENBURG,11/7/23,109,10,C,CHARLOTTE-MECKLENBURG SCHOOLS BOARD OF EDUCATION AT-LARGE,Brian Kasher, ,3,56,6,0,0,62,Y
26268,MECKLENBURG,11/7/23,109,10,C,CHARLOTTE-MECKLENBURG SCHOOLS BOARD OF EDUCATION AT-LARGE,Claire Covington, ,3,75,8,0,0,83,Y
26269,MECKLENBURG,11/7/23,109,10,C,CHARLOTTE-MECKLENBURG SCHOOLS BOARD OF EDUCATION AT-LARGE,Clara Kennedy Witherspoon, ,3,61,12,0,0,73,Y
26270,MECKLENBURG,11/7/23,109,10,C,CHARLOTTE-MECKLENBURG SCHOOLS BOARD OF EDUCATION AT-LARGE,Juanrique Pallamente Hall, ,3,34,3,0,0,37,Y
26271,MECKLENBURG,11/7/23,109,10,C,CHARLOTTE-MECKLENBURG SCHOOLS BOARD OF EDUCATION AT-LARGE,Lenora Shipp, ,3,199,60,0,0,259,Y
26272,MECKLENBURG,11/7/23,109,10,C,CHARLOTTE-MECKLENBURG SCHOOLS BOARD OF EDUCATION AT-LARGE,Liz Monterrey, ,3,214,56,0,0,270,Y
26273,MECKLENBURG,11/7/23,109,10,C,CHARLOTTE-MECKLENBURG SCHOOLS BOARD OF EDUCATION AT-LARGE,Michael Johnson, ,3,54,3,0,0,57,Y
26274,MECKLENBURG,11/7/23,109,10,C,CHARLOTTE-MECKLENBURG SCHOOLS BOARD OF EDUCATION AT-LARGE,Monty Witherspoon, ,3,165,43,0,0,208,Y
26275,MECKLENBURG,11/7/23,109,10,C,CHARLOTTE-MECKLENBURG SCHOOLS BOARD OF EDUCATION AT-LARGE,Omar Harris, ,3,30,5,0,0,35,Y
26276,MECKLENBURG,11/7/23,109,10,C,CHARLOTTE-MECKLENBURG SCHOOLS BOARD OF EDUCATION AT-LARGE,Peggy A. Capehart, ,3,30,4,0,0,34,Y
26278,MECKLENBURG,11/7/23,109,10,C,CHARLOTTE-MECKLENBURG SCHOOLS BOARD OF EDUCATION AT-LARGE,Shamaiye Haynes, ,3,145,37,0,0,182,Y
26280,MECKLENBURG,11/7/23,109,10,C,CHARLOTTE-MECKLENBURG SCHOOLS BOARD OF EDUCATION AT-LARGE,Tigress Sydney Acute McDaniel, ,3,24,4,0,0,28,Y
26315,MECKLENBURG,11/7/23,110,10,C,CHARLOTTE-MECKLENBURG SCHOOLS BOARD OF EDUCATION AT-LARGE,Annette Albright, ,3,86,25,0,0,111,Y
26316,MECKLENBURG,11/7/23,110,10,C,CHARLOTTE-MECKLENBURG SCHOOLS BOARD OF EDUCATION AT-LARGE,Bill Fountain, ,3,113,37,0,0,150,Y
26317,MECKLENBURG,11/7/23,110,10,C,CHARLOTTE-MECKLENBURG SCHOOLS BOARD OF EDUCATION AT-LARGE,Brian Kasher, ,3,48,10,0,0,58,Y
26318,MECKLENBURG,11/7/23,110,10,C,CHARLOTTE-MECKLENBURG SCHOOLS BOARD OF EDUCATION AT-LARGE,Claire Covington, ,3,91,20,0,0,111,Y
26319,MECKLENBURG,11/7/23,110,10,C,CHARLOTTE-MECKLENBURG SCHOOLS BOARD OF EDUCATION AT-LARGE,Clara Kennedy Witherspoon, ,3,43,14,0,0,57,Y
26320,MECKLENBURG,11/7/23,110,10,C,CHARLOTTE-MECKLENBURG SCHOOLS BOARD OF EDUCATION AT-LARGE,Juanrique Pallamente Hall, ,3,18,4,0,0,22,Y
26321,MECKLENBURG,11/7/23,110,10,C,CHARLOTTE-MECKLENBURG SCHOOLS BOARD OF EDUCATION AT-LARGE,Lenora Shipp, ,3,97,41,0,0,138,Y
26322,MECKLENBURG,11/7/23,110,10,C,CHARLOTTE-MECKLENBURG SCHOOLS BOARD OF EDUCATION AT-LARGE,Liz Monterrey, ,3,115,51,0,0,166,Y
26323,MECKLENBURG,11/7/23,110,10,C,CHARLOTTE-MECKLENBURG SCHOOLS BOARD OF EDUCATION AT-LARGE,Michael Johnson, ,3,70,17,0,0,87,Y
26324,MECKLENBURG,11/7/23,110,10,C,CHARLOTTE-MECKLENBURG SCHOOLS BOARD OF EDUCATION AT-LARGE,Monty Witherspoon, ,3,87,35,0,0,122,Y
26325,MECKLENBURG,11/7/23,110,10,C,CHARLOTTE-MECKLENBURG SCHOOLS BOARD OF EDUCATION AT-LARGE,Omar Harris, ,3,21,7,0,0,28,Y
26326,MECKLENBURG,11/7/23,110,10,C,CHARLOTTE-MECKLENBURG SCHOOLS BOARD OF EDUCATION AT-LARGE,Peggy A. Capehart, ,3,26,8,0,0,34,Y
26328,MECKLENBURG,11/7/23,110,10,C,CHARLOTTE-MECKLENBURG SCHOOLS BOARD OF EDUCATION AT-LARGE,Shamaiye Haynes, ,3,55,22,0,0,77,Y
26330,MECKLENBURG,11/7/23,110,10,C,CHARLOTTE-MECKLENBURG SCHOOLS BOARD OF EDUCATION AT-LARGE,Tigress Sydney Acute McDaniel, ,3,8,3,0,0,11,Y
26365,MECKLENBURG,11/7/23,111,10,C,CHARLOTTE-MECKLENBURG SCHOOLS BOARD OF EDUCATION AT-LARGE,Annette Albright, ,3,117,46,0,0,163,Y
26366,MECKLENBURG,11/7/23,111,10,C,CHARLOTTE-MECKLENBURG SCHOOLS BOARD OF EDUCATION AT-LARGE,Bill Fountain, ,3,99,100,0,0,199,Y
26367,MECKLENBURG,11/7/23,111,10,C,CHARLOTTE-MECKLENBURG SCHOOLS BOARD OF EDUCATION AT-LARGE,Brian Kasher, ,3,61,42,0,0,103,Y
26368,MECKLENBURG,11/7/23,111,10,C,CHARLOTTE-MECKLENBURG SCHOOLS BOARD OF EDUCATION AT-LARGE,Claire Covington, ,3,145,88,0,0,233,Y
26369,MECKLENBURG,11/7/23,111,10,C,CHARLOTTE-MECKLENBURG SCHOOLS BOARD OF EDUCATION AT-LARGE,Clara Kennedy Witherspoon, ,3,62,34,0,0,96,Y
26370,MECKLENBURG,11/7/23,111,10,C,CHARLOTTE-MECKLENBURG SCHOOLS BOARD OF EDUCATION AT-LARGE,Juanrique Pallamente Hall, ,3,11,14,0,0,25,Y
26371,MECKLENBURG,11/7/23,111,10,C,CHARLOTTE-MECKLENBURG SCHOOLS BOARD OF EDUCATION AT-LARGE,Lenora Shipp, ,3,150,112,0,0,262,Y
26372,MECKLENBURG,11/7/23,111,10,C,CHARLOTTE-MECKLENBURG SCHOOLS BOARD OF EDUCATION AT-LARGE,Liz Monterrey, ,3,166,124,0,0,290,Y
26373,MECKLENBURG,11/7/23,111,10,C,CHARLOTTE-MECKLENBURG SCHOOLS BOARD OF EDUCATION AT-LARGE,Michael Johnson, ,3,104,58,0,0,162,Y
26374,MECKLENBURG,11/7/23,111,10,C,CHARLOTTE-MECKLENBURG SCHOOLS BOARD OF EDUCATION AT-LARGE,Monty Witherspoon, ,3,117,105,0,0,222,Y
26375,MECKLENBURG,11/7/23,111,10,C,CHARLOTTE-MECKLENBURG SCHOOLS BOARD OF EDUCATION AT-LARGE,Omar Harris, ,3,27,11,0,0,38,Y
26376,MECKLENBURG,11/7/23,111,10,C,CHARLOTTE-MECKLENBURG SCHOOLS BOARD OF EDUCATION AT-LARGE,Peggy A. Capehart, ,3,20,19,0,0,39,Y
26378,MECKLENBURG,11/7/23,111,10,C,CHARLOTTE-MECKLENBURG SCHOOLS BOARD OF EDUCATION AT-LARGE,Shamaiye Haynes, ,3,104,64,0,0,168,Y
26380,MECKLENBURG,11/7/23,111,10,C,CHARLOTTE-MECKLENBURG SCHOOLS BOARD OF EDUCATION AT-LARGE,Tigress Sydney Acute McDaniel, ,3,14,10,0,0,24,Y
26415,MECKLENBURG,11/7/23,112,10,C,CHARLOTTE-MECKLENBURG SCHOOLS BOARD OF EDUCATION AT-LARGE,Annette Albright, ,3,76,22,0,0,98,Y
26416,MECKLENBURG,11/7/23,112,10,C,CHARLOTTE-MECKLENBURG SCHOOLS BOARD OF EDUCATION AT-LARGE,Bill Fountain, ,3,110,43,0,0,153,Y
26417,MECKLENBURG,11/7/23,112,10,C,CHARLOTTE-MECKLENBURG SCHOOLS BOARD OF EDUCATION AT-LARGE,Brian Kasher, ,3,45,11,0,0,56,Y
26418,MECKLENBURG,11/7/23,112,10,C,CHARLOTTE-MECKLENBURG SCHOOLS BOARD OF EDUCATION AT-LARGE,Claire Covington, ,3,103,24,0,0,127,Y
26419,MECKLENBURG,11/7/23,112,10,C,CHARLOTTE-MECKLENBURG SCHOOLS BOARD OF EDUCATION AT-LARGE,Clara Kennedy Witherspoon, ,3,27,17,0,0,44,Y
26420,MECKLENBURG,11/7/23,112,10,C,CHARLOTTE-MECKLENBURG SCHOOLS BOARD OF EDUCATION AT-LARGE,Juanrique Pallamente Hall, ,3,14,7,0,0,21,Y
26421,MECKLENBURG,11/7/23,112,10,C,CHARLOTTE-MECKLENBURG SCHOOLS BOARD OF EDUCATION AT-LARGE,Lenora Shipp, ,3,87,37,0,0,124,Y
26422,MECKLENBURG,11/7/23,112,10,C,CHARLOTTE-MECKLENBURG SCHOOLS BOARD OF EDUCATION AT-LARGE,Liz Monterrey, ,3,125,33,0,0,158,Y
26423,MECKLENBURG,11/7/23,112,10,C,CHARLOTTE-MECKLENBURG SCHOOLS BOARD OF EDUCATION AT-LARGE,Michael Johnson, ,3,71,13,0,0,84,Y
26424,MECKLENBURG,11/7/23,112,10,C,CHARLOTTE-MECKLENBURG SCHOOLS BOARD OF EDUCATION AT-LARGE,Monty Witherspoon, ,3,70,29,0,0,99,Y
26425,MECKLENBURG,11/7/23,112,10,C,CHARLOTTE-MECKLENBURG SCHOOLS BOARD OF EDUCATION AT-LARGE,Omar Harris, ,3,13,5,0,0,18,Y
26426,MECKLENBURG,11/7/23,112,10,C,CHARLOTTE-MECKLENBURG SCHOOLS BOARD OF EDUCATION AT-LARGE,Peggy A. Capehart, ,3,20,6,0,0,26,Y
26428,MECKLENBURG,11/7/23,112,10,C,CHARLOTTE-MECKLENBURG SCHOOLS BOARD OF EDUCATION AT-LARGE,Shamaiye Haynes, ,3,68,19,0,0,87,Y
26430,MECKLENBURG,11/7/23,112,10,C,CHARLOTTE-MECKLENBURG SCHOOLS BOARD OF EDUCATION AT-LARGE,Tigress Sydney Acute McDaniel, ,3,13,5,0,0,18,Y
26465,MECKLENBURG,11/7/23,113,10,C,CHARLOTTE-MECKLENBURG SCHOOLS BOARD OF EDUCATION AT-LARGE,Annette Albright, ,3,125,20,0,0,145,Y
26466,MECKLENBURG,11/7/23,113,10,C,CHARLOTTE-MECKLENBURG SCHOOLS BOARD OF EDUCATION AT-LARGE,Bill Fountain, ,3,168,38,0,0,206,Y
26467,MECKLENBURG,11/7/23,113,10,C,CHARLOTTE-MECKLENBURG SCHOOLS BOARD OF EDUCATION AT-LARGE,Brian Kasher, ,3,77,19,0,0,96,Y
26468,MECKLENBURG,11/7/23,113,10,C,CHARLOTTE-MECKLENBURG SCHOOLS BOARD OF EDUCATION AT-LARGE,Claire Covington, ,3,138,28,0,0,166,Y
26469,MECKLENBURG,11/7/23,113,10,C,CHARLOTTE-MECKLENBURG SCHOOLS BOARD OF EDUCATION AT-LARGE,Clara Kennedy Witherspoon, ,3,58,14,0,0,72,Y
26470,MECKLENBURG,11/7/23,113,10,C,CHARLOTTE-MECKLENBURG SCHOOLS BOARD OF EDUCATION AT-LARGE,Juanrique Pallamente Hall, ,3,26,6,0,0,32,Y
26471,MECKLENBURG,11/7/23,113,10,C,CHARLOTTE-MECKLENBURG SCHOOLS BOARD OF EDUCATION AT-LARGE,Lenora Shipp, ,3,139,68,0,0,207,Y
26472,MECKLENBURG,11/7/23,113,10,C,CHARLOTTE-MECKLENBURG SCHOOLS BOARD OF EDUCATION AT-LARGE,Liz Monterrey, ,3,155,75,0,0,230,Y
26473,MECKLENBURG,11/7/23,113,10,C,CHARLOTTE-MECKLENBURG SCHOOLS BOARD OF EDUCATION AT-LARGE,Michael Johnson, ,3,123,18,0,0,141,Y
26474,MECKLENBURG,11/7/23,113,10,C,CHARLOTTE-MECKLENBURG SCHOOLS BOARD OF EDUCATION AT-LARGE,Monty Witherspoon, ,3,135,64,0,0,199,Y
26475,MECKLENBURG,11/7/23,113,10,C,CHARLOTTE-MECKLENBURG SCHOOLS BOARD OF EDUCATION AT-LARGE,Omar Harris, ,3,46,8,0,0,54,Y
26476,MECKLENBURG,11/7/23,113,10,C,CHARLOTTE-MECKLENBURG SCHOOLS BOARD OF EDUCATION AT-LARGE,Peggy A. Capehart, ,3,36,8,0,0,44,Y
26478,MECKLENBURG,11/7/23,113,10,C,CHARLOTTE-MECKLENBURG SCHOOLS BOARD OF EDUCATION AT-LARGE,Shamaiye Haynes, ,3,92,39,0,0,131,Y
26480,MECKLENBURG,11/7/23,113,10,C,CHARLOTTE-MECKLENBURG SCHOOLS BOARD OF EDUCATION AT-LARGE,Tigress Sydney Acute McDaniel, ,3,27,5,0,0,32,Y
26515,MECKLENBURG,11/7/23,114,10,C,CHARLOTTE-MECKLENBURG SCHOOLS BOARD OF EDUCATION AT-LARGE,Annette Albright, ,3,138,58,0,0,196,Y
26516,MECKLENBURG,11/7/23,114,10,C,CHARLOTTE-MECKLENBURG SCHOOLS BOARD OF EDUCATION AT-LARGE,Bill Fountain, ,3,197,74,0,0,271,Y
26517,MECKLENBURG,11/7/23,114,10,C,CHARLOTTE-MECKLENBURG SCHOOLS BOARD OF EDUCATION AT-LARGE,Brian Kasher, ,3,103,39,0,0,142,Y
26518,MECKLENBURG,11/7/23,114,10,C,CHARLOTTE-MECKLENBURG SCHOOLS BOARD OF EDUCATION AT-LARGE,Claire Covington, ,3,149,66,0,0,215,Y
26519,MECKLENBURG,11/7/23,114,10,C,CHARLOTTE-MECKLENBURG SCHOOLS BOARD OF EDUCATION AT-LARGE,Clara Kennedy Witherspoon, ,3,64,30,0,0,94,Y
26520,MECKLENBURG,11/7/23,114,10,C,CHARLOTTE-MECKLENBURG SCHOOLS BOARD OF EDUCATION AT-LARGE,Juanrique Pallamente Hall, ,3,19,7,0,0,26,Y
26521,MECKLENBURG,11/7/23,114,10,C,CHARLOTTE-MECKLENBURG SCHOOLS BOARD OF EDUCATION AT-LARGE,Lenora Shipp, ,3,130,86,0,0,216,Y
26522,MECKLENBURG,11/7/23,114,10,C,CHARLOTTE-MECKLENBURG SCHOOLS BOARD OF EDUCATION AT-LARGE,Liz Monterrey, ,3,210,105,0,0,315,Y
26523,MECKLENBURG,11/7/23,114,10,C,CHARLOTTE-MECKLENBURG SCHOOLS BOARD OF EDUCATION AT-LARGE,Michael Johnson, ,3,131,56,0,0,187,Y
26524,MECKLENBURG,11/7/23,114,10,C,CHARLOTTE-MECKLENBURG SCHOOLS BOARD OF EDUCATION AT-LARGE,Monty Witherspoon, ,3,125,78,0,0,203,Y
26525,MECKLENBURG,11/7/23,114,10,C,CHARLOTTE-MECKLENBURG SCHOOLS BOARD OF EDUCATION AT-LARGE,Omar Harris, ,3,35,16,0,0,51,Y
26526,MECKLENBURG,11/7/23,114,10,C,CHARLOTTE-MECKLENBURG SCHOOLS BOARD OF EDUCATION AT-LARGE,Peggy A. Capehart, ,3,35,14,0,0,49,Y
26528,MECKLENBURG,11/7/23,114,10,C,CHARLOTTE-MECKLENBURG SCHOOLS BOARD OF EDUCATION AT-LARGE,Shamaiye Haynes, ,3,87,57,0,0,144,Y
26530,MECKLENBURG,11/7/23,114,10,C,CHARLOTTE-MECKLENBURG SCHOOLS BOARD OF EDUCATION AT-LARGE,Tigress Sydney Acute McDaniel, ,3,27,13,0,0,40,Y
26564,MECKLENBURG,11/7/23,115,10,C,CHARLOTTE-MECKLENBURG SCHOOLS BOARD OF EDUCATION AT-LARGE,Annette Albright, ,3,34,6,0,0,40,Y
26565,MECKLENBURG,11/7/23,115,10,C,CHARLOTTE-MECKLENBURG SCHOOLS BOARD OF EDUCATION AT-LARGE,Bill Fountain, ,3,24,9,0,0,33,Y
26566,MECKLENBURG,11/7/23,115,10,C,CHARLOTTE-MECKLENBURG SCHOOLS BOARD OF EDUCATION AT-LARGE,Brian Kasher, ,3,15,1,0,0,16,Y
26567,MECKLENBURG,11/7/23,115,10,C,CHARLOTTE-MECKLENBURG SCHOOLS BOARD OF EDUCATION AT-LARGE,Claire Covington, ,3,33,5,0,0,38,Y
26568,MECKLENBURG,11/7/23,115,10,C,CHARLOTTE-MECKLENBURG SCHOOLS BOARD OF EDUCATION AT-LARGE,Clara Kennedy Witherspoon, ,3,13,6,0,0,19,Y
26569,MECKLENBURG,11/7/23,115,10,C,CHARLOTTE-MECKLENBURG SCHOOLS BOARD OF EDUCATION AT-LARGE,Juanrique Pallamente Hall, ,3,19,2,0,0,21,Y
26570,MECKLENBURG,11/7/23,115,10,C,CHARLOTTE-MECKLENBURG SCHOOLS BOARD OF EDUCATION AT-LARGE,Lenora Shipp, ,3,49,24,0,0,73,Y
26571,MECKLENBURG,11/7/23,115,10,C,CHARLOTTE-MECKLENBURG SCHOOLS BOARD OF EDUCATION AT-LARGE,Liz Monterrey, ,3,26,9,0,0,35,Y
26572,MECKLENBURG,11/7/23,115,10,C,CHARLOTTE-MECKLENBURG SCHOOLS BOARD OF EDUCATION AT-LARGE,Michael Johnson, ,3,35,7,0,0,42,Y
26573,MECKLENBURG,11/7/23,115,10,C,CHARLOTTE-MECKLENBURG SCHOOLS BOARD OF EDUCATION AT-LARGE,Monty Witherspoon, ,3,33,14,0,0,47,Y
26574,MECKLENBURG,11/7/23,115,10,C,CHARLOTTE-MECKLENBURG SCHOOLS BOARD OF EDUCATION AT-LARGE,Omar Harris, ,3,29,4,0,0,33,Y
26575,MECKLENBURG,11/7/23,115,10,C,CHARLOTTE-MECKLENBURG SCHOOLS BOARD OF EDUCATION AT-LARGE,Peggy A. Capehart, ,3,18,1,0,0,19,Y
26577,MECKLENBURG,11/7/23,115,10,C,CHARLOTTE-MECKLENBURG SCHOOLS BOARD OF EDUCATION AT-LARGE,Shamaiye Haynes, ,3,42,19,0,0,61,Y
26579,MECKLENBURG,11/7/23,115,10,C,CHARLOTTE-MECKLENBURG SCHOOLS BOARD OF EDUCATION AT-LARGE,Tigress Sydney Acute McDaniel, ,3,13,6,0,0,19,Y
26613,MECKLENBURG,11/7/23,116,10,C,CHARLOTTE-MECKLENBURG SCHOOLS BOARD OF EDUCATION AT-LARGE,Annette Albright, ,3,42,10,0,0,52,Y
26614,MECKLENBURG,11/7/23,116,10,C,CHARLOTTE-MECKLENBURG SCHOOLS BOARD OF EDUCATION AT-LARGE,Bill Fountain, ,3,27,4,0,0,31,Y
26615,MECKLENBURG,11/7/23,116,10,C,CHARLOTTE-MECKLENBURG SCHOOLS BOARD OF EDUCATION AT-LARGE,Brian Kasher, ,3,20,3,0,0,23,Y
26616,MECKLENBURG,11/7/23,116,10,C,CHARLOTTE-MECKLENBURG SCHOOLS BOARD OF EDUCATION AT-LARGE,Claire Covington, ,3,24,5,0,0,29,Y
26617,MECKLENBURG,11/7/23,116,10,C,CHARLOTTE-MECKLENBURG SCHOOLS BOARD OF EDUCATION AT-LARGE,Clara Kennedy Witherspoon, ,3,27,11,0,0,38,Y
26618,MECKLENBURG,11/7/23,116,10,C,CHARLOTTE-MECKLENBURG SCHOOLS BOARD OF EDUCATION AT-LARGE,Juanrique Pallamente Hall, ,3,17,1,0,0,18,Y
26619,MECKLENBURG,11/7/23,116,10,C,CHARLOTTE-MECKLENBURG SCHOOLS BOARD OF EDUCATION AT-LARGE,Lenora Shipp, ,3,42,45,0,0,87,Y
26620,MECKLENBURG,11/7/23,116,10,C,CHARLOTTE-MECKLENBURG SCHOOLS BOARD OF EDUCATION AT-LARGE,Liz Monterrey, ,3,16,8,0,0,24,Y
26621,MECKLENBURG,11/7/23,116,10,C,CHARLOTTE-MECKLENBURG SCHOOLS BOARD OF EDUCATION AT-LARGE,Michael Johnson, ,3,52,7,0,0,59,Y
26622,MECKLENBURG,11/7/23,116,10,C,CHARLOTTE-MECKLENBURG SCHOOLS BOARD OF EDUCATION AT-LARGE,Monty Witherspoon, ,3,36,34,0,0,70,Y
26623,MECKLENBURG,11/7/23,116,10,C,CHARLOTTE-MECKLENBURG SCHOOLS BOARD OF EDUCATION AT-LARGE,Omar Harris, ,3,43,8,0,0,51,Y
26624,MECKLENBURG,11/7/23,116,10,C,CHARLOTTE-MECKLENBURG SCHOOLS BOARD OF EDUCATION AT-LARGE,Peggy A. Capehart, ,3,21,3,0,0,24,Y
26626,MECKLENBURG,11/7/23,116,10,C,CHARLOTTE-MECKLENBURG SCHOOLS BOARD OF EDUCATION AT-LARGE,Shamaiye Haynes, ,3,49,26,0,0,75,Y
26628,MECKLENBURG,11/7/23,116,10,C,CHARLOTTE-MECKLENBURG SCHOOLS BOARD OF EDUCATION AT-LARGE,Tigress Sydney Acute McDaniel, ,3,11,3,0,0,14,Y
26662,MECKLENBURG,11/7/23,117,10,C,CHARLOTTE-MECKLENBURG SCHOOLS BOARD OF EDUCATION AT-LARGE,Annette Albright, ,3,41,13,0,0,54,Y
26663,MECKLENBURG,11/7/23,117,10,C,CHARLOTTE-MECKLENBURG SCHOOLS BOARD OF EDUCATION AT-LARGE,Bill Fountain, ,3,26,13,0,0,39,Y
26664,MECKLENBURG,11/7/23,117,10,C,CHARLOTTE-MECKLENBURG SCHOOLS BOARD OF EDUCATION AT-LARGE,Brian Kasher, ,3,22,7,0,0,29,Y
26665,MECKLENBURG,11/7/23,117,10,C,CHARLOTTE-MECKLENBURG SCHOOLS BOARD OF EDUCATION AT-LARGE,Claire Covington, ,3,34,11,0,0,45,Y
26666,MECKLENBURG,11/7/23,117,10,C,CHARLOTTE-MECKLENBURG SCHOOLS BOARD OF EDUCATION AT-LARGE,Clara Kennedy Witherspoon, ,3,29,18,0,0,47,Y
26667,MECKLENBURG,11/7/23,117,10,C,CHARLOTTE-MECKLENBURG SCHOOLS BOARD OF EDUCATION AT-LARGE,Juanrique Pallamente Hall, ,3,21,6,0,0,27,Y
26668,MECKLENBURG,11/7/23,117,10,C,CHARLOTTE-MECKLENBURG SCHOOLS BOARD OF EDUCATION AT-LARGE,Lenora Shipp, ,3,56,41,0,0,97,Y
26669,MECKLENBURG,11/7/23,232,10,C,CHARLOTTE-MECKLENBURG SCHOOLS BOARD OF EDUCATION AT-LARGE,Omar Harris, ,3,54,16,0,0,70,Y
26670,MECKLENBURG,11/7/23,232,10,C,CHARLOTTE-MECKLENBURG SCHOOLS BOARD OF EDUCATION AT-LARGE,Peggy A. Capehart, ,3,42,27,0,0,69,Y
26672,MECKLENBURG,11/7/23,232,10,C,CHARLOTTE-MECKLENBURG SCHOOLS BOARD OF EDUCATION AT-LARGE,Shamaiye Haynes, ,3,92,65,0,0,157,Y
26674,MECKLENBURG,11/7/23,232,10,C,CHARLOTTE-MECKLENBURG SCHOOLS BOARD OF EDUCATION AT-LARGE,Tigress Sydney Acute McDaniel, ,3,27,24,0,0,51,Y
26678,MECKLENBURG,11/7/23,233,10,C,CHARLOTTE-MECKLENBURG SCHOOLS BOARD OF EDUCATION AT-LARGE,Annette Albright, ,3,185,59,0,0,244,Y
26679,MECKLENBURG,11/7/23,233,10,C,CHARLOTTE-MECKLENBURG SCHOOLS BOARD OF EDUCATION AT-LARGE,Bill Fountain, ,3,280,124,0,0,404,Y
26680,MECKLENBURG,11/7/23,233,10,C,CHARLOTTE-MECKLENBURG SCHOOLS BOARD OF EDUCATION AT-LARGE,Brian Kasher, ,3,95,34,0,0,129,Y
26681,MECKLENBURG,11/7/23,233,10,C,CHARLOTTE-MECKLENBURG SCHOOLS BOARD OF EDUCATION AT-LARGE,Claire Covington, ,3,207,78,0,0,285,Y
26682,MECKLENBURG,11/7/23,233,10,C,CHARLOTTE-MECKLENBURG SCHOOLS BOARD OF EDUCATION AT-LARGE,Clara Kennedy Witherspoon, ,3,96,51,0,0,147,Y
26683,MECKLENBURG,11/7/23,233,10,C,CHARLOTTE-MECKLENBURG SCHOOLS BOARD OF EDUCATION AT-LARGE,Juanrique Pallamente Hall, ,3,25,6,0,0,31,Y
26684,MECKLENBURG,11/7/23,233,10,C,CHARLOTTE-MECKLENBURG SCHOOLS BOARD OF EDUCATION AT-LARGE,Lenora Shipp, ,3,223,179,0,0,402,Y
26685,MECKLENBURG,11/7/23,233,10,C,CHARLOTTE-MECKLENBURG SCHOOLS BOARD OF EDUCATION AT-LARGE,Liz Monterrey, ,3,256,174,0,0,430,Y
26686,MECKLENBURG,11/7/23,233,10,C,CHARLOTTE-MECKLENBURG SCHOOLS BOARD OF EDUCATION AT-LARGE,Michael Johnson, ,3,173,62,0,0,235,Y
26687,MECKLENBURG,11/7/23,233,10,C,CHARLOTTE-MECKLENBURG SCHOOLS BOARD OF EDUCATION AT-LARGE,Monty Witherspoon, ,3,171,145,0,0,316,Y
26688,MECKLENBURG,11/7/23,233,10,C,CHARLOTTE-MECKLENBURG SCHOOLS BOARD OF EDUCATION AT-LARGE,Omar Harris, ,3,38,16,0,0,54,Y
26689,MECKLENBURG,11/7/23,233,10,C,CHARLOTTE-MECKLENBURG SCHOOLS BOARD OF EDUCATION AT-LARGE,Peggy A. Capehart, ,3,47,23,0,0,70,Y
26691,MECKLENBURG,11/7/23,233,10,C,CHARLOTTE-MECKLENBURG SCHOOLS BOARD OF EDUCATION AT-LARGE,Shamaiye Haynes, ,3,124,82,0,0,206,Y
26693,MECKLENBURG,11/7/23,233,10,C,CHARLOTTE-MECKLENBURG SCHOOLS BOARD OF EDUCATION AT-LARGE,Tigress Sydney Acute McDaniel, ,3,34,10,0,0,44,Y
26713,MECKLENBURG,11/7/23,234,10,C,CHARLOTTE-MECKLENBURG SCHOOLS BOARD OF EDUCATION AT-LARGE,Annette Albright, ,3,50,30,0,0,80,Y
26714,MECKLENBURG,11/7/23,234,10,C,CHARLOTTE-MECKLENBURG SCHOOLS BOARD OF EDUCATION AT-LARGE,Bill Fountain, ,3,61,46,0,0,107,Y
26715,MECKLENBURG,11/7/23,234,10,C,CHARLOTTE-MECKLENBURG SCHOOLS BOARD OF EDUCATION AT-LARGE,Brian Kasher, ,3,28,15,0,0,43,Y
26716,MECKLENBURG,11/7/23,234,10,C,CHARLOTTE-MECKLENBURG SCHOOLS BOARD OF EDUCATION AT-LARGE,Claire Covington, ,3,47,29,0,0,76,Y
26717,MECKLENBURG,11/7/23,234,10,C,CHARLOTTE-MECKLENBURG SCHOOLS BOARD OF EDUCATION AT-LARGE,Clara Kennedy Witherspoon, ,3,35,14,0,0,49,Y
26718,MECKLENBURG,11/7/23,234,10,C,CHARLOTTE-MECKLENBURG SCHOOLS BOARD OF EDUCATION AT-LARGE,Juanrique Pallamente Hall, ,3,18,6,0,0,24,Y
26719,MECKLENBURG,11/7/23,234,10,C,CHARLOTTE-MECKLENBURG SCHOOLS BOARD OF EDUCATION AT-LARGE,Lenora Shipp, ,3,77,66,0,0,143,Y
26720,MECKLENBURG,11/7/23,234,10,C,CHARLOTTE-MECKLENBURG SCHOOLS BOARD OF EDUCATION AT-LARGE,Liz Monterrey, ,3,63,61,0,0,124,Y
26721,MECKLENBURG,11/7/23,234,10,C,CHARLOTTE-MECKLENBURG SCHOOLS BOARD OF EDUCATION AT-LARGE,Michael Johnson, ,3,58,26,0,0,84,Y
26722,MECKLENBURG,11/7/23,234,10,C,CHARLOTTE-MECKLENBURG SCHOOLS BOARD OF EDUCATION AT-LARGE,Monty Witherspoon, ,3,55,48,0,0,103,Y
26723,MECKLENBURG,11/7/23,234,10,C,CHARLOTTE-MECKLENBURG SCHOOLS BOARD OF EDUCATION AT-LARGE,Omar Harris, ,3,38,11,0,0,49,Y
26724,MECKLENBURG,11/7/23,234,10,C,CHARLOTTE-MECKLENBURG SCHOOLS BOARD OF EDUCATION AT-LARGE,Peggy A. Capehart, ,3,15,7,0,0,22,Y
26726,MECKLENBURG,11/7/23,234,10,C,CHARLOTTE-MECKLENBURG SCHOOLS BOARD OF EDUCATION AT-LARGE,Shamaiye Haynes, ,3,58,23,0,0,81,Y
26728,MECKLENBURG,11/7/23,234,10,C,CHARLOTTE-MECKLENBURG SCHOOLS BOARD OF EDUCATION AT-LARGE,Tigress Sydney Acute McDaniel, ,3,20,7,0,0,27,Y
26742,MECKLENBURG,11/7/23,235,10,C,CHARLOTTE-MECKLENBURG SCHOOLS BOARD OF EDUCATION AT-LARGE,Annette Albright, ,3,86,36,0,0,122,Y
26743,MECKLENBURG,11/7/23,235,10,C,CHARLOTTE-MECKLENBURG SCHOOLS BOARD OF EDUCATION AT-LARGE,Bill Fountain, ,3,124,24,0,0,148,Y
26744,MECKLENBURG,11/7/23,235,10,C,CHARLOTTE-MECKLENBURG SCHOOLS BOARD OF EDUCATION AT-LARGE,Brian Kasher, ,3,50,15,0,0,65,Y
26745,MECKLENBURG,11/7/23,235,10,C,CHARLOTTE-MECKLENBURG SCHOOLS BOARD OF EDUCATION AT-LARGE,Claire Covington, ,3,77,25,0,0,102,Y
26746,MECKLENBURG,11/7/23,235,10,C,CHARLOTTE-MECKLENBURG SCHOOLS BOARD OF EDUCATION AT-LARGE,Clara Kennedy Witherspoon, ,3,29,13,0,0,42,Y
26747,MECKLENBURG,11/7/23,235,10,C,CHARLOTTE-MECKLENBURG SCHOOLS BOARD OF EDUCATION AT-LARGE,Juanrique Pallamente Hall, ,3,16,7,0,0,23,Y
26748,MECKLENBURG,11/7/23,235,10,C,CHARLOTTE-MECKLENBURG SCHOOLS BOARD OF EDUCATION AT-LARGE,Lenora Shipp, ,3,79,68,0,0,147,Y
26749,MECKLENBURG,11/7/23,235,10,C,CHARLOTTE-MECKLENBURG SCHOOLS BOARD OF EDUCATION AT-LARGE,Liz Monterrey, ,3,85,45,0,0,130,Y
26750,MECKLENBURG,11/7/23,235,10,C,CHARLOTTE-MECKLENBURG SCHOOLS BOARD OF EDUCATION AT-LARGE,Michael Johnson, ,3,87,16,0,0,103,Y
26751,MECKLENBURG,11/7/23,235,10,C,CHARLOTTE-MECKLENBURG SCHOOLS BOARD OF EDUCATION AT-LARGE,Monty Witherspoon, ,3,75,62,0,0,137,Y
26752,MECKLENBURG,11/7/23,235,10,C,CHARLOTTE-MECKLENBURG SCHOOLS BOARD OF EDUCATION AT-LARGE,Omar Harris, ,3,36,9,0,0,45,Y
26753,MECKLENBURG,11/7/23,235,10,C,CHARLOTTE-MECKLENBURG SCHOOLS BOARD OF EDUCATION AT-LARGE,Peggy A. Capehart, ,3,16,7,0,0,23,Y
26755,MECKLENBURG,11/7/23,235,10,C,CHARLOTTE-MECKLENBURG SCHOOLS BOARD OF EDUCATION AT-LARGE,Shamaiye Haynes, ,3,72,32,0,0,104,Y
26757,MECKLENBURG,11/7/23,235,10,C,CHARLOTTE-MECKLENBURG SCHOOLS BOARD OF EDUCATION AT-LARGE,Tigress Sydney Acute McDaniel, ,3,16,7,0,0,23,Y
26771,MECKLENBURG,11/7/23,236,10,C,CHARLOTTE-MECKLENBURG SCHOOLS BOARD OF EDUCATION AT-LARGE,Annette Albright, ,3,145,56,0,0,201,Y
26772,MECKLENBURG,11/7/23,236,10,C,CHARLOTTE-MECKLENBURG SCHOOLS BOARD OF EDUCATION AT-LARGE,Bill Fountain, ,3,185,78,0,0,263,Y
26773,MECKLENBURG,11/7/23,236,10,C,CHARLOTTE-MECKLENBURG SCHOOLS BOARD OF EDUCATION AT-LARGE,Brian Kasher, ,3,104,35,0,0,139,Y
26774,MECKLENBURG,11/7/23,236,10,C,CHARLOTTE-MECKLENBURG SCHOOLS BOARD OF EDUCATION AT-LARGE,Claire Covington, ,3,139,58,0,0,197,Y
26775,MECKLENBURG,11/7/23,236,10,C,CHARLOTTE-MECKLENBURG SCHOOLS BOARD OF EDUCATION AT-LARGE,Clara Kennedy Witherspoon, ,3,62,35,0,0,97,Y
26776,MECKLENBURG,11/7/23,236,10,C,CHARLOTTE-MECKLENBURG SCHOOLS BOARD OF EDUCATION AT-LARGE,Juanrique Pallamente Hall, ,3,40,13,0,0,53,Y
26777,MECKLENBURG,11/7/23,236,10,C,CHARLOTTE-MECKLENBURG SCHOOLS BOARD OF EDUCATION AT-LARGE,Lenora Shipp, ,3,142,140,0,0,282,Y
26778,MECKLENBURG,11/7/23,236,10,C,CHARLOTTE-MECKLENBURG SCHOOLS BOARD OF EDUCATION AT-LARGE,Liz Monterrey, ,3,114,114,0,0,228,Y
26779,MECKLENBURG,11/7/23,236,10,C,CHARLOTTE-MECKLENBURG SCHOOLS BOARD OF EDUCATION AT-LARGE,Michael Johnson, ,3,141,62,0,0,203,Y
26780,MECKLENBURG,11/7/23,236,10,C,CHARLOTTE-MECKLENBURG SCHOOLS BOARD OF EDUCATION AT-LARGE,Monty Witherspoon, ,3,107,117,0,0,224,Y
26781,MECKLENBURG,11/7/23,236,10,C,CHARLOTTE-MECKLENBURG SCHOOLS BOARD OF EDUCATION AT-LARGE,Omar Harris, ,3,72,27,0,0,99,Y
26782,MECKLENBURG,11/7/23,236,10,C,CHARLOTTE-MECKLENBURG SCHOOLS BOARD OF EDUCATION AT-LARGE,Peggy A. Capehart, ,3,33,18,0,0,51,Y
26784,MECKLENBURG,11/7/23,236,10,C,CHARLOTTE-MECKLENBURG SCHOOLS BOARD OF EDUCATION AT-LARGE,Shamaiye Haynes, ,3,123,71,0,0,194,Y
26786,MECKLENBURG,11/7/23,236,10,C,CHARLOTTE-MECKLENBURG SCHOOLS BOARD OF EDUCATION AT-LARGE,Tigress Sydney Acute McDaniel, ,3,40,20,0,0,60,Y
26830,MECKLENBURG,11/7/23,237,10,C,CHARLOTTE-MECKLENBURG SCHOOLS BOARD OF EDUCATION AT-LARGE,Annette Albright, ,3,84,32,0,0,116,Y
26831,MECKLENBURG,11/7/23,237,10,C,CHARLOTTE-MECKLENBURG SCHOOLS BOARD OF EDUCATION AT-LARGE,Bill Fountain, ,3,41,17,0,0,58,Y
26832,MECKLENBURG,11/7/23,237,10,C,CHARLOTTE-MECKLENBURG SCHOOLS BOARD OF EDUCATION AT-LARGE,Brian Kasher, ,3,22,4,0,0,26,Y
26833,MECKLENBURG,11/7/23,237,10,C,CHARLOTTE-MECKLENBURG SCHOOLS BOARD OF EDUCATION AT-LARGE,Claire Covington, ,3,44,14,0,0,58,Y
26834,MECKLENBURG,11/7/23,237,10,C,CHARLOTTE-MECKLENBURG SCHOOLS BOARD OF EDUCATION AT-LARGE,Clara Kennedy Witherspoon, ,3,35,24,0,0,59,Y
26835,MECKLENBURG,11/7/23,237,10,C,CHARLOTTE-MECKLENBURG SCHOOLS BOARD OF EDUCATION AT-LARGE,Juanrique Pallamente Hall, ,3,34,13,0,0,47,Y
26836,MECKLENBURG,11/7/23,237,10,C,CHARLOTTE-MECKLENBURG SCHOOLS BOARD OF EDUCATION AT-LARGE,Lenora Shipp, ,3,99,73,0,0,172,Y
26837,MECKLENBURG,11/7/23,237,10,C,CHARLOTTE-MECKLENBURG SCHOOLS BOARD OF EDUCATION AT-LARGE,Liz Monterrey, ,3,46,22,0,0,68,Y
26838,MECKLENBURG,11/7/23,237,10,C,CHARLOTTE-MECKLENBURG SCHOOLS BOARD OF EDUCATION AT-LARGE,Michael Johnson, ,3,54,20,0,0,74,Y
26839,MECKLENBURG,11/7/23,237,10,C,CHARLOTTE-MECKLENBURG SCHOOLS BOARD OF EDUCATION AT-LARGE,Monty Witherspoon, ,3,74,55,0,0,129,Y
26840,MECKLENBURG,11/7/23,237,10,C,CHARLOTTE-MECKLENBURG SCHOOLS BOARD OF EDUCATION AT-LARGE,Omar Harris, ,3,61,25,0,0,86,Y
26841,MECKLENBURG,11/7/23,237,10,C,CHARLOTTE-MECKLENBURG SCHOOLS BOARD OF EDUCATION AT-LARGE,Peggy A. Capehart, ,3,26,10,0,0,36,Y
26843,MECKLENBURG,11/7/23,237,10,C,CHARLOTTE-MECKLENBURG SCHOOLS BOARD OF EDUCATION AT-LARGE,Shamaiye Haynes, ,3,87,63,0,0,150,Y
26845,MECKLENBURG,11/7/23,237,10,C,CHARLOTTE-MECKLENBURG SCHOOLS BOARD OF EDUCATION AT-LARGE,Tigress Sydney Acute McDaniel, ,3,21,12,0,0,33,Y
26879,MECKLENBURG,11/7/23,238.1,10,C,CHARLOTTE-MECKLENBURG SCHOOLS BOARD OF EDUCATION AT-LARGE,Annette Albright, ,3,100,18,0,0,118,Y
26880,MECKLENBURG,11/7/23,238.1,10,C,CHARLOTTE-MECKLENBURG SCHOOLS BOARD OF EDUCATION AT-LARGE,Bill Fountain, ,3,44,20,0,0,64,Y
26881,MECKLENBURG,11/7/23,238.1,10,C,CHARLOTTE-MECKLENBURG SCHOOLS BOARD OF EDUCATION AT-LARGE,Brian Kasher, ,3,34,10,0,0,44,Y
26882,MECKLENBURG,11/7/23,238.1,10,C,CHARLOTTE-MECKLENBURG SCHOOLS BOARD OF EDUCATION AT-LARGE,Claire Covington, ,3,69,8,0,0,77,Y
26883,MECKLENBURG,11/7/23,238.1,10,C,CHARLOTTE-MECKLENBURG SCHOOLS BOARD OF EDUCATION AT-LARGE,Clara Kennedy Witherspoon, ,3,58,11,0,0,69,Y
26884,MECKLENBURG,11/7/23,238.1,10,C,CHARLOTTE-MECKLENBURG SCHOOLS BOARD OF EDUCATION AT-LARGE,Juanrique Pallamente Hall, ,3,38,8,0,0,46,Y
26885,MECKLENBURG,11/7/23,238.1,10,C,CHARLOTTE-MECKLENBURG SCHOOLS BOARD OF EDUCATION AT-LARGE,Lenora Shipp, ,3,163,78,0,0,241,Y
26886,MECKLENBURG,11/7/23,238.1,10,C,CHARLOTTE-MECKLENBURG SCHOOLS BOARD OF EDUCATION AT-LARGE,Liz Monterrey, ,3,98,41,0,0,139,Y
26887,MECKLENBURG,11/7/23,238.1,10,C,CHARLOTTE-MECKLENBURG SCHOOLS BOARD OF EDUCATION AT-LARGE,Michael Johnson, ,3,69,19,0,0,88,Y
26888,MECKLENBURG,11/7/23,238.1,10,C,CHARLOTTE-MECKLENBURG SCHOOLS BOARD OF EDUCATION AT-LARGE,Monty Witherspoon, ,3,137,63,0,0,200,Y
26889,MECKLENBURG,11/7/23,238.1,10,C,CHARLOTTE-MECKLENBURG SCHOOLS BOARD OF EDUCATION AT-LARGE,Omar Harris, ,3,63,14,0,0,77,Y
26890,MECKLENBURG,11/7/23,238.1,10,C,CHARLOTTE-MECKLENBURG SCHOOLS BOARD OF EDUCATION AT-LARGE,Peggy A. Capehart, ,3,23,6,0,0,29,Y
26892,MECKLENBURG,11/7/23,238.1,10,C,CHARLOTTE-MECKLENBURG SCHOOLS BOARD OF EDUCATION AT-LARGE,Shamaiye Haynes, ,3,172,61,0,0,233,Y
26894,MECKLENBURG,11/7/23,238.1,10,C,CHARLOTTE-MECKLENBURG SCHOOLS BOARD OF EDUCATION AT-LARGE,Tigress Sydney Acute McDaniel, ,3,35,6,0,0,41,Y
26928,MECKLENBURG,11/7/23,239,10,C,CHARLOTTE-MECKLENBURG SCHOOLS BOARD OF EDUCATION AT-LARGE,Annette Albright, ,3,95,28,0,0,123,Y
26929,MECKLENBURG,11/7/23,239,10,C,CHARLOTTE-MECKLENBURG SCHOOLS BOARD OF EDUCATION AT-LARGE,Bill Fountain, ,3,56,4,0,0,60,Y
26930,MECKLENBURG,11/7/23,239,10,C,CHARLOTTE-MECKLENBURG SCHOOLS BOARD OF EDUCATION AT-LARGE,Brian Kasher, ,3,21,9,0,0,30,Y
26931,MECKLENBURG,11/7/23,239,10,C,CHARLOTTE-MECKLENBURG SCHOOLS BOARD OF EDUCATION AT-LARGE,Claire Covington, ,3,73,12,0,0,85,Y
26932,MECKLENBURG,11/7/23,239,10,C,CHARLOTTE-MECKLENBURG SCHOOLS BOARD OF EDUCATION AT-LARGE,Clara Kennedy Witherspoon, ,3,83,21,0,0,104,Y
26933,MECKLENBURG,11/7/23,239,10,C,CHARLOTTE-MECKLENBURG SCHOOLS BOARD OF EDUCATION AT-LARGE,Juanrique Pallamente Hall, ,3,31,16,0,0,47,Y
26934,MECKLENBURG,11/7/23,239,10,C,CHARLOTTE-MECKLENBURG SCHOOLS BOARD OF EDUCATION AT-LARGE,Lenora Shipp, ,3,152,90,0,0,242,Y
26935,MECKLENBURG,11/7/23,239,10,C,CHARLOTTE-MECKLENBURG SCHOOLS BOARD OF EDUCATION AT-LARGE,Liz Monterrey, ,3,89,34,0,0,123,Y
26936,MECKLENBURG,11/7/23,239,10,C,CHARLOTTE-MECKLENBURG SCHOOLS BOARD OF EDUCATION AT-LARGE,Michael Johnson, ,3,85,26,0,0,111,Y
26937,MECKLENBURG,11/7/23,239,10,C,CHARLOTTE-MECKLENBURG SCHOOLS BOARD OF EDUCATION AT-LARGE,Monty Witherspoon, ,3,119,88,0,0,207,Y
26938,MECKLENBURG,11/7/23,239,10,C,CHARLOTTE-MECKLENBURG SCHOOLS BOARD OF EDUCATION AT-LARGE,Omar Harris, ,3,82,20,0,0,102,Y
26939,MECKLENBURG,11/7/23,239,10,C,CHARLOTTE-MECKLENBURG SCHOOLS BOARD OF EDUCATION AT-LARGE,Peggy A. Capehart, ,3,16,4,0,0,20,Y
26941,MECKLENBURG,11/7/23,239,10,C,CHARLOTTE-MECKLENBURG SCHOOLS BOARD OF EDUCATION AT-LARGE,Shamaiye Haynes, ,3,134,91,0,0,225,Y
26943,MECKLENBURG,11/7/23,239,10,C,CHARLOTTE-MECKLENBURG SCHOOLS BOARD OF EDUCATION AT-LARGE,Tigress Sydney Acute McDaniel, ,3,32,15,0,0,47,Y
26947,MECKLENBURG,11/7/23,240,10,C,CHARLOTTE-MECKLENBURG SCHOOLS BOARD OF EDUCATION AT-LARGE,Annette Albright, ,3,171,91,0,0,262,Y
26948,MECKLENBURG,11/7/23,240,10,C,CHARLOTTE-MECKLENBURG SCHOOLS BOARD OF EDUCATION AT-LARGE,Bill Fountain, ,3,235,183,0,0,418,Y
26949,MECKLENBURG,11/7/23,240,10,C,CHARLOTTE-MECKLENBURG SCHOOLS BOARD OF EDUCATION AT-LARGE,Brian Kasher, ,3,95,92,0,0,187,Y
26950,MECKLENBURG,11/7/23,240,10,C,CHARLOTTE-MECKLENBURG SCHOOLS BOARD OF EDUCATION AT-LARGE,Claire Covington, ,3,179,89,0,0,268,Y
26951,MECKLENBURG,11/7/23,240,10,C,CHARLOTTE-MECKLENBURG SCHOOLS BOARD OF EDUCATION AT-LARGE,Clara Kennedy Witherspoon, ,3,67,66,0,0,133,Y
26952,MECKLENBURG,11/7/23,240,10,C,CHARLOTTE-MECKLENBURG SCHOOLS BOARD OF EDUCATION AT-LARGE,Juanrique Pallamente Hall, ,3,38,19,0,0,57,Y
26953,MECKLENBURG,11/7/23,240,10,C,CHARLOTTE-MECKLENBURG SCHOOLS BOARD OF EDUCATION AT-LARGE,Lenora Shipp, ,3,152,132,0,0,284,Y
26954,MECKLENBURG,11/7/23,240,10,C,CHARLOTTE-MECKLENBURG SCHOOLS BOARD OF EDUCATION AT-LARGE,Liz Monterrey, ,3,197,172,0,0,369,Y
26955,MECKLENBURG,11/7/23,240,10,C,CHARLOTTE-MECKLENBURG SCHOOLS BOARD OF EDUCATION AT-LARGE,Michael Johnson, ,3,173,91,0,0,264,Y
26956,MECKLENBURG,11/7/23,240,10,C,CHARLOTTE-MECKLENBURG SCHOOLS BOARD OF EDUCATION AT-LARGE,Monty Witherspoon, ,3,111,98,0,0,209,Y
26957,MECKLENBURG,11/7/23,240,10,C,CHARLOTTE-MECKLENBURG SCHOOLS BOARD OF EDUCATION AT-LARGE,Omar Harris, ,3,49,32,0,0,81,Y
26958,MECKLENBURG,11/7/23,240,10,C,CHARLOTTE-MECKLENBURG SCHOOLS BOARD OF EDUCATION AT-LARGE,Peggy A. Capehart, ,3,57,43,0,0,100,Y
26960,MECKLENBURG,11/7/23,240,10,C,CHARLOTTE-MECKLENBURG SCHOOLS BOARD OF EDUCATION AT-LARGE,Shamaiye Haynes, ,3,92,67,0,0,159,Y
26962,MECKLENBURG,11/7/23,240,10,C,CHARLOTTE-MECKLENBURG SCHOOLS BOARD OF EDUCATION AT-LARGE,Tigress Sydney Acute McDaniel, ,3,34,22,0,0,56,Y
26982,MECKLENBURG,11/7/23,241,10,C,CHARLOTTE-MECKLENBURG SCHOOLS BOARD OF EDUCATION AT-LARGE,Annette Albright, ,3,244,124,0,0,368,Y
26983,MECKLENBURG,11/7/23,241,10,C,CHARLOTTE-MECKLENBURG SCHOOLS BOARD OF EDUCATION AT-LARGE,Bill Fountain, ,3,272,168,0,0,440,Y
26984,MECKLENBURG,11/7/23,241,10,C,CHARLOTTE-MECKLENBURG SCHOOLS BOARD OF EDUCATION AT-LARGE,Brian Kasher, ,3,114,82,0,0,196,Y
26985,MECKLENBURG,11/7/23,241,10,C,CHARLOTTE-MECKLENBURG SCHOOLS BOARD OF EDUCATION AT-LARGE,Claire Covington, ,3,180,110,0,0,290,Y
26986,MECKLENBURG,11/7/23,241,10,C,CHARLOTTE-MECKLENBURG SCHOOLS BOARD OF EDUCATION AT-LARGE,Clara Kennedy Witherspoon, ,3,116,66,0,0,182,Y
26987,MECKLENBURG,11/7/23,241,10,C,CHARLOTTE-MECKLENBURG SCHOOLS BOARD OF EDUCATION AT-LARGE,Juanrique Pallamente Hall, ,3,74,41,0,0,115,Y
26988,MECKLENBURG,11/7/23,241,10,C,CHARLOTTE-MECKLENBURG SCHOOLS BOARD OF EDUCATION AT-LARGE,Lenora Shipp, ,3,479,403,0,0,882,Y
26989,MECKLENBURG,11/7/23,241,10,C,CHARLOTTE-MECKLENBURG SCHOOLS BOARD OF EDUCATION AT-LARGE,Liz Monterrey, ,3,382,337,0,0,719,Y
26990,MECKLENBURG,11/7/23,241,10,C,CHARLOTTE-MECKLENBURG SCHOOLS BOARD OF EDUCATION AT-LARGE,Michael Johnson, ,3,200,100,0,0,300,Y
26991,MECKLENBURG,11/7/23,241,10,C,CHARLOTTE-MECKLENBURG SCHOOLS BOARD OF EDUCATION AT-LARGE,Monty Witherspoon, ,3,391,339,0,0,730,Y
26992,MECKLENBURG,11/7/23,241,10,C,CHARLOTTE-MECKLENBURG SCHOOLS BOARD OF EDUCATION AT-LARGE,Omar Harris, ,3,136,74,0,0,210,Y
26993,MECKLENBURG,11/7/23,241,10,C,CHARLOTTE-MECKLENBURG SCHOOLS BOARD OF EDUCATION AT-LARGE,Peggy A. Capehart, ,3,79,53,0,0,132,Y
26995,MECKLENBURG,11/7/23,241,10,C,CHARLOTTE-MECKLENBURG SCHOOLS BOARD OF EDUCATION AT-LARGE,Shamaiye Haynes, ,3,261,175,0,0,436,Y
26997,MECKLENBURG,11/7/23,241,10,C,CHARLOTTE-MECKLENBURG SCHOOLS BOARD OF EDUCATION AT-LARGE,Tigress Sydney Acute McDaniel, ,3,65,27,0,0,92,Y
27027,MECKLENBURG,11/7/23,242,10,C,CHARLOTTE-MECKLENBURG SCHOOLS BOARD OF EDUCATION AT-LARGE,Annette Albright, ,3,127,88,0,0,215,Y
27028,MECKLENBURG,11/7/23,242,10,C,CHARLOTTE-MECKLENBURG SCHOOLS BOARD OF EDUCATION AT-LARGE,Bill Fountain, ,3,236,173,0,0,409,Y
27029,MECKLENBURG,11/7/23,242,10,C,CHARLOTTE-MECKLENBURG SCHOOLS BOARD OF EDUCATION AT-LARGE,Brian Kasher, ,3,85,59,0,0,144,Y
27030,MECKLENBURG,11/7/23,242,10,C,CHARLOTTE-MECKLENBURG SCHOOLS BOARD OF EDUCATION AT-LARGE,Claire Covington, ,3,142,93,0,0,235,Y
27031,MECKLENBURG,11/7/23,242,10,C,CHARLOTTE-MECKLENBURG SCHOOLS BOARD OF EDUCATION AT-LARGE,Clara Kennedy Witherspoon, ,3,62,50,0,0,112,Y
27032,MECKLENBURG,11/7/23,242,10,C,CHARLOTTE-MECKLENBURG SCHOOLS BOARD OF EDUCATION AT-LARGE,Juanrique Pallamente Hall, ,3,14,17,0,0,31,Y
27033,MECKLENBURG,11/7/23,242,10,C,CHARLOTTE-MECKLENBURG SCHOOLS BOARD OF EDUCATION AT-LARGE,Lenora Shipp, ,3,91,95,0,0,186,Y
27034,MECKLENBURG,11/7/23,242,10,C,CHARLOTTE-MECKLENBURG SCHOOLS BOARD OF EDUCATION AT-LARGE,Liz Monterrey, ,3,145,124,0,0,269,Y
27035,MECKLENBURG,11/7/23,242,10,C,CHARLOTTE-MECKLENBURG SCHOOLS BOARD OF EDUCATION AT-LARGE,Michael Johnson, ,3,131,101,0,0,232,Y
27036,MECKLENBURG,11/7/23,242,10,C,CHARLOTTE-MECKLENBURG SCHOOLS BOARD OF EDUCATION AT-LARGE,Monty Witherspoon, ,3,74,87,0,0,161,Y
27037,MECKLENBURG,11/7/23,242,10,C,CHARLOTTE-MECKLENBURG SCHOOLS BOARD OF EDUCATION AT-LARGE,Omar Harris, ,3,27,22,0,0,49,Y
27038,MECKLENBURG,11/7/23,242,10,C,CHARLOTTE-MECKLENBURG SCHOOLS BOARD OF EDUCATION AT-LARGE,Peggy A. Capehart, ,3,37,34,0,0,71,Y
27040,MECKLENBURG,11/7/23,242,10,C,CHARLOTTE-MECKLENBURG SCHOOLS BOARD OF EDUCATION AT-LARGE,Shamaiye Haynes, ,3,39,34,0,0,73,Y
27042,MECKLENBURG,11/7/23,242,10,C,CHARLOTTE-MECKLENBURG SCHOOLS BOARD OF EDUCATION AT-LARGE,Tigress Sydney Acute McDaniel, ,3,16,4,0,0,20,Y
27093,MECKLENBURG,11/7/23,243,10,C,CHARLOTTE-MECKLENBURG SCHOOLS BOARD OF EDUCATION AT-LARGE,Annette Albright, ,3,178,55,0,0,233,Y
27094,MECKLENBURG,11/7/23,243,10,C,CHARLOTTE-MECKLENBURG SCHOOLS BOARD OF EDUCATION AT-LARGE,Bill Fountain, ,3,167,48,0,0,215,Y
27095,MECKLENBURG,11/7/23,243,10,C,CHARLOTTE-MECKLENBURG SCHOOLS BOARD OF EDUCATION AT-LARGE,Brian Kasher, ,3,111,22,0,0,133,Y
27096,MECKLENBURG,11/7/23,243,10,C,CHARLOTTE-MECKLENBURG SCHOOLS BOARD OF EDUCATION AT-LARGE,Claire Covington, ,3,143,31,0,0,174,Y
27097,MECKLENBURG,11/7/23,243,10,C,CHARLOTTE-MECKLENBURG SCHOOLS BOARD OF EDUCATION AT-LARGE,Clara Kennedy Witherspoon, ,3,87,41,0,0,128,Y
27098,MECKLENBURG,11/7/23,243,10,C,CHARLOTTE-MECKLENBURG SCHOOLS BOARD OF EDUCATION AT-LARGE,Juanrique Pallamente Hall, ,3,65,20,0,0,85,Y
27099,MECKLENBURG,11/7/23,243,10,C,CHARLOTTE-MECKLENBURG SCHOOLS BOARD OF EDUCATION AT-LARGE,Lenora Shipp, ,3,271,208,0,0,479,Y
27100,MECKLENBURG,11/7/23,243,10,C,CHARLOTTE-MECKLENBURG SCHOOLS BOARD OF EDUCATION AT-LARGE,Liz Monterrey, ,3,195,120,0,0,315,Y
27101,MECKLENBURG,11/7/23,243,10,C,CHARLOTTE-MECKLENBURG SCHOOLS BOARD OF EDUCATION AT-LARGE,Michael Johnson, ,3,165,50,0,0,215,Y
27102,MECKLENBURG,11/7/23,243,10,C,CHARLOTTE-MECKLENBURG SCHOOLS BOARD OF EDUCATION AT-LARGE,Monty Witherspoon, ,3,223,180,0,0,403,Y
27103,MECKLENBURG,11/7/23,243,10,C,CHARLOTTE-MECKLENBURG SCHOOLS BOARD OF EDUCATION AT-LARGE,Omar Harris, ,3,113,54,0,0,167,Y
27104,MECKLENBURG,11/7/23,243,10,C,CHARLOTTE-MECKLENBURG SCHOOLS BOARD OF EDUCATION AT-LARGE,Peggy A. Capehart, ,3,42,15,0,0,57,Y
27106,MECKLENBURG,11/7/23,243,10,C,CHARLOTTE-MECKLENBURG SCHOOLS BOARD OF EDUCATION AT-LARGE,Shamaiye Haynes, ,3,243,118,0,0,361,Y
27108,MECKLENBURG,11/7/23,243,10,C,CHARLOTTE-MECKLENBURG SCHOOLS BOARD OF EDUCATION AT-LARGE,Tigress Sydney Acute McDaniel, ,3,68,27,0,0,95,Y
30181,MECKLENBURG,11/7/23,46,10,C,CHARLOTTE-MECKLENBURG SCHOOLS BOARD OF EDUCATION AT-LARGE,Annette Albright, ,3,47,11,0,0,58,Y
30182,MECKLENBURG,11/7/23,46,10,C,CHARLOTTE-MECKLENBURG SCHOOLS BOARD OF EDUCATION AT-LARGE,Bill Fountain, ,3,47,5,0,0,52,Y
30183,MECKLENBURG,11/7/23,46,10,C,CHARLOTTE-MECKLENBURG SCHOOLS BOARD OF EDUCATION AT-LARGE,Brian Kasher, ,3,41,9,0,0,50,Y
30184,MECKLENBURG,11/7/23,46,10,C,CHARLOTTE-MECKLENBURG SCHOOLS BOARD OF EDUCATION AT-LARGE,Claire Covington, ,3,39,10,0,0,49,Y
30185,MECKLENBURG,11/7/23,46,10,C,CHARLOTTE-MECKLENBURG SCHOOLS BOARD OF EDUCATION AT-LARGE,Clara Kennedy Witherspoon, ,3,37,7,0,0,44,Y
30186,MECKLENBURG,11/7/23,46,10,C,CHARLOTTE-MECKLENBURG SCHOOLS BOARD OF EDUCATION AT-LARGE,Juanrique Pallamente Hall, ,3,25,2,0,0,27,Y
30187,MECKLENBURG,11/7/23,46,10,C,CHARLOTTE-MECKLENBURG SCHOOLS BOARD OF EDUCATION AT-LARGE,Lenora Shipp, ,3,128,53,0,0,181,Y
30188,MECKLENBURG,11/7/23,46,10,C,CHARLOTTE-MECKLENBURG SCHOOLS BOARD OF EDUCATION AT-LARGE,Liz Monterrey, ,3,156,50,0,0,206,Y
30189,MECKLENBURG,11/7/23,46,10,C,CHARLOTTE-MECKLENBURG SCHOOLS BOARD OF EDUCATION AT-LARGE,Michael Johnson, ,3,27,6,0,0,33,Y
30190,MECKLENBURG,11/7/23,46,10,C,CHARLOTTE-MECKLENBURG SCHOOLS BOARD OF EDUCATION AT-LARGE,Monty Witherspoon, ,3,115,36,0,0,151,Y
30191,MECKLENBURG,11/7/23,46,10,C,CHARLOTTE-MECKLENBURG SCHOOLS BOARD OF EDUCATION AT-LARGE,Omar Harris, ,3,22,8,0,0,30,Y
30192,MECKLENBURG,11/7/23,46,10,C,CHARLOTTE-MECKLENBURG SCHOOLS BOARD OF EDUCATION AT-LARGE,Peggy A. Capehart, ,3,16,4,0,0,20,Y
30194,MECKLENBURG,11/7/23,46,10,C,CHARLOTTE-MECKLENBURG SCHOOLS BOARD OF EDUCATION AT-LARGE,Shamaiye Haynes, ,3,71,38,0,0,109,Y
30196,MECKLENBURG,11/7/23,46,10,C,CHARLOTTE-MECKLENBURG SCHOOLS BOARD OF EDUCATION AT-LARGE,Tigress Sydney Acute McDaniel, ,3,20,4,0,0,24,Y
30231,MECKLENBURG,11/7/23,47,10,C,CHARLOTTE-MECKLENBURG SCHOOLS BOARD OF EDUCATION AT-LARGE,Annette Albright, ,3,99,42,0,0,141,Y
30232,MECKLENBURG,11/7/23,47,10,C,CHARLOTTE-MECKLENBURG SCHOOLS BOARD OF EDUCATION AT-LARGE,Bill Fountain, ,3,151,80,0,0,231,Y
30233,MECKLENBURG,11/7/23,47,10,C,CHARLOTTE-MECKLENBURG SCHOOLS BOARD OF EDUCATION AT-LARGE,Brian Kasher, ,3,58,28,0,0,86,Y
30234,MECKLENBURG,11/7/23,47,10,C,CHARLOTTE-MECKLENBURG SCHOOLS BOARD OF EDUCATION AT-LARGE,Claire Covington, ,3,135,62,0,0,197,Y
30235,MECKLENBURG,11/7/23,47,10,C,CHARLOTTE-MECKLENBURG SCHOOLS BOARD OF EDUCATION AT-LARGE,Clara Kennedy Witherspoon, ,3,52,25,0,0,77,Y
30236,MECKLENBURG,11/7/23,47,10,C,CHARLOTTE-MECKLENBURG SCHOOLS BOARD OF EDUCATION AT-LARGE,Juanrique Pallamente Hall, ,3,24,8,0,0,32,Y
30237,MECKLENBURG,11/7/23,47,10,C,CHARLOTTE-MECKLENBURG SCHOOLS BOARD OF EDUCATION AT-LARGE,Lenora Shipp, ,3,110,96,0,0,206,Y
30238,MECKLENBURG,11/7/23,47,10,C,CHARLOTTE-MECKLENBURG SCHOOLS BOARD OF EDUCATION AT-LARGE,Liz Monterrey, ,3,188,111,0,0,299,Y
30239,MECKLENBURG,11/7/23,47,10,C,CHARLOTTE-MECKLENBURG SCHOOLS BOARD OF EDUCATION AT-LARGE,Michael Johnson, ,3,93,39,0,0,132,Y
30240,MECKLENBURG,11/7/23,47,10,C,CHARLOTTE-MECKLENBURG SCHOOLS BOARD OF EDUCATION AT-LARGE,Monty Witherspoon, ,3,157,87,0,0,244,Y
30241,MECKLENBURG,11/7/23,47,10,C,CHARLOTTE-MECKLENBURG SCHOOLS BOARD OF EDUCATION AT-LARGE,Omar Harris, ,3,28,14,0,0,42,Y
30242,MECKLENBURG,11/7/23,47,10,C,CHARLOTTE-MECKLENBURG SCHOOLS BOARD OF EDUCATION AT-LARGE,Peggy A. Capehart, ,3,25,13,0,0,38,Y
30244,MECKLENBURG,11/7/23,47,10,C,CHARLOTTE-MECKLENBURG SCHOOLS BOARD OF EDUCATION AT-LARGE,Shamaiye Haynes, ,3,109,68,0,0,177,Y
30246,MECKLENBURG,11/7/23,47,10,C,CHARLOTTE-MECKLENBURG SCHOOLS BOARD OF EDUCATION AT-LARGE,Tigress Sydney Acute McDaniel, ,3,24,8,0,0,32,Y
30281,MECKLENBURG,11/7/23,48,10,C,CHARLOTTE-MECKLENBURG SCHOOLS BOARD OF EDUCATION AT-LARGE,Annette Albright, ,3,68,41,0,0,109,Y
30282,MECKLENBURG,11/7/23,48,10,C,CHARLOTTE-MECKLENBURG SCHOOLS BOARD OF EDUCATION AT-LARGE,Bill Fountain, ,3,132,56,0,0,188,Y
30283,MECKLENBURG,11/7/23,48,10,C,CHARLOTTE-MECKLENBURG SCHOOLS BOARD OF EDUCATION AT-LARGE,Brian Kasher, ,3,50,16,0,0,66,Y
30284,MECKLENBURG,11/7/23,48,10,C,CHARLOTTE-MECKLENBURG SCHOOLS BOARD OF EDUCATION AT-LARGE,Claire Covington, ,3,112,61,0,0,173,Y
30285,MECKLENBURG,11/7/23,48,10,C,CHARLOTTE-MECKLENBURG SCHOOLS BOARD OF EDUCATION AT-LARGE,Clara Kennedy Witherspoon, ,3,32,16,0,0,48,Y
30286,MECKLENBURG,11/7/23,48,10,C,CHARLOTTE-MECKLENBURG SCHOOLS BOARD OF EDUCATION AT-LARGE,Juanrique Pallamente Hall, ,3,6,2,0,0,8,Y
30287,MECKLENBURG,11/7/23,48,10,C,CHARLOTTE-MECKLENBURG SCHOOLS BOARD OF EDUCATION AT-LARGE,Lenora Shipp, ,3,124,63,0,0,187,Y
30288,MECKLENBURG,11/7/23,48,10,C,CHARLOTTE-MECKLENBURG SCHOOLS BOARD OF EDUCATION AT-LARGE,Liz Monterrey, ,3,136,86,0,0,222,Y
30289,MECKLENBURG,11/7/23,48,10,C,CHARLOTTE-MECKLENBURG SCHOOLS BOARD OF EDUCATION AT-LARGE,Michael Johnson, ,3,78,39,0,0,117,Y
30290,MECKLENBURG,11/7/23,48,10,C,CHARLOTTE-MECKLENBURG SCHOOLS BOARD OF EDUCATION AT-LARGE,Monty Witherspoon, ,3,114,66,0,0,180,Y
30291,MECKLENBURG,11/7/23,48,10,C,CHARLOTTE-MECKLENBURG SCHOOLS BOARD OF EDUCATION AT-LARGE,Omar Harris, ,3,8,3,0,0,11,Y
30292,MECKLENBURG,11/7/23,48,10,C,CHARLOTTE-MECKLENBURG SCHOOLS BOARD OF EDUCATION AT-LARGE,Peggy A. Capehart, ,3,27,13,0,0,40,Y
30294,MECKLENBURG,11/7/23,48,10,C,CHARLOTTE-MECKLENBURG SCHOOLS BOARD OF EDUCATION AT-LARGE,Shamaiye Haynes, ,3,51,26,0,0,77,Y
30296,MECKLENBURG,11/7/23,48,10,C,CHARLOTTE-MECKLENBURG SCHOOLS BOARD OF EDUCATION AT-LARGE,Tigress Sydney Acute McDaniel, ,3,4,4,0,0,8,Y
30331,MECKLENBURG,11/7/23,49,10,C,CHARLOTTE-MECKLENBURG SCHOOLS BOARD OF EDUCATION AT-LARGE,Annette Albright, ,3,69,30,0,0,99,Y
30332,MECKLENBURG,11/7/23,49,10,C,CHARLOTTE-MECKLENBURG SCHOOLS BOARD OF EDUCATION AT-LARGE,Bill Fountain, ,3,114,46,0,0,160,Y
30333,MECKLENBURG,11/7/23,49,10,C,CHARLOTTE-MECKLENBURG SCHOOLS BOARD OF EDUCATION AT-LARGE,Brian Kasher, ,3,44,27,0,0,71,Y
30334,MECKLENBURG,11/7/23,49,10,C,CHARLOTTE-MECKLENBURG SCHOOLS BOARD OF EDUCATION AT-LARGE,Claire Covington, ,3,101,38,0,0,139,Y
30335,MECKLENBURG,11/7/23,49,10,C,CHARLOTTE-MECKLENBURG SCHOOLS BOARD OF EDUCATION AT-LARGE,Clara Kennedy Witherspoon, ,3,61,33,0,0,94,Y
30336,MECKLENBURG,11/7/23,49,10,C,CHARLOTTE-MECKLENBURG SCHOOLS BOARD OF EDUCATION AT-LARGE,Juanrique Pallamente Hall, ,3,20,15,0,0,35,Y
30337,MECKLENBURG,11/7/23,49,10,C,CHARLOTTE-MECKLENBURG SCHOOLS BOARD OF EDUCATION AT-LARGE,Lenora Shipp, ,3,143,87,0,0,230,Y
30338,MECKLENBURG,11/7/23,49,10,C,CHARLOTTE-MECKLENBURG SCHOOLS BOARD OF EDUCATION AT-LARGE,Liz Monterrey, ,3,170,105,0,0,275,Y
30339,MECKLENBURG,11/7/23,49,10,C,CHARLOTTE-MECKLENBURG SCHOOLS BOARD OF EDUCATION AT-LARGE,Michael Johnson, ,3,58,27,0,0,85,Y
30340,MECKLENBURG,11/7/23,49,10,C,CHARLOTTE-MECKLENBURG SCHOOLS BOARD OF EDUCATION AT-LARGE,Monty Witherspoon, ,3,137,77,0,0,214,Y
30341,MECKLENBURG,11/7/23,49,10,C,CHARLOTTE-MECKLENBURG SCHOOLS BOARD OF EDUCATION AT-LARGE,Omar Harris, ,3,18,10,0,0,28,Y
30342,MECKLENBURG,11/7/23,49,10,C,CHARLOTTE-MECKLENBURG SCHOOLS BOARD OF EDUCATION AT-LARGE,Peggy A. Capehart, ,3,25,12,0,0,37,Y
30344,MECKLENBURG,11/7/23,49,10,C,CHARLOTTE-MECKLENBURG SCHOOLS BOARD OF EDUCATION AT-LARGE,Shamaiye Haynes, ,3,86,59,0,0,145,Y
30346,MECKLENBURG,11/7/23,49,10,C,CHARLOTTE-MECKLENBURG SCHOOLS BOARD OF EDUCATION AT-LARGE,Tigress Sydney Acute McDaniel, ,3,26,6,0,0,32,Y
30381,MECKLENBURG,11/7/23,50,10,C,CHARLOTTE-MECKLENBURG SCHOOLS BOARD OF EDUCATION AT-LARGE,Annette Albright, ,3,49,27,0,0,76,Y
30382,MECKLENBURG,11/7/23,50,10,C,CHARLOTTE-MECKLENBURG SCHOOLS BOARD OF EDUCATION AT-LARGE,Bill Fountain, ,3,69,31,0,0,100,Y
30383,MECKLENBURG,11/7/23,50,10,C,CHARLOTTE-MECKLENBURG SCHOOLS BOARD OF EDUCATION AT-LARGE,Brian Kasher, ,3,49,22,0,0,71,Y
30384,MECKLENBURG,11/7/23,50,10,C,CHARLOTTE-MECKLENBURG SCHOOLS BOARD OF EDUCATION AT-LARGE,Claire Covington, ,3,71,24,0,0,95,Y
30385,MECKLENBURG,11/7/23,50,10,C,CHARLOTTE-MECKLENBURG SCHOOLS BOARD OF EDUCATION AT-LARGE,Clara Kennedy Witherspoon, ,3,32,28,0,0,60,Y
30386,MECKLENBURG,11/7/23,50,10,C,CHARLOTTE-MECKLENBURG SCHOOLS BOARD OF EDUCATION AT-LARGE,Juanrique Pallamente Hall, ,3,20,7,0,0,27,Y
30387,MECKLENBURG,11/7/23,50,10,C,CHARLOTTE-MECKLENBURG SCHOOLS BOARD OF EDUCATION AT-LARGE,Lenora Shipp, ,3,105,72,0,0,177,Y
30388,MECKLENBURG,11/7/23,50,10,C,CHARLOTTE-MECKLENBURG SCHOOLS BOARD OF EDUCATION AT-LARGE,Liz Monterrey, ,3,115,73,0,0,188,Y
30389,MECKLENBURG,11/7/23,50,10,C,CHARLOTTE-MECKLENBURG SCHOOLS BOARD OF EDUCATION AT-LARGE,Michael Johnson, ,3,57,21,0,0,78,Y
30390,MECKLENBURG,11/7/23,50,10,C,CHARLOTTE-MECKLENBURG SCHOOLS BOARD OF EDUCATION AT-LARGE,Monty Witherspoon, ,3,74,58,0,0,132,Y
30391,MECKLENBURG,11/7/23,50,10,C,CHARLOTTE-MECKLENBURG SCHOOLS BOARD OF EDUCATION AT-LARGE,Omar Harris, ,3,16,7,0,0,23,Y
30392,MECKLENBURG,11/7/23,50,10,C,CHARLOTTE-MECKLENBURG SCHOOLS BOARD OF EDUCATION AT-LARGE,Peggy A. Capehart, ,3,24,9,0,0,33,Y
30394,MECKLENBURG,11/7/23,50,10,C,CHARLOTTE-MECKLENBURG SCHOOLS BOARD OF EDUCATION AT-LARGE,Shamaiye Haynes, ,3,77,33,0,0,110,Y
30396,MECKLENBURG,11/7/23,50,10,C,CHARLOTTE-MECKLENBURG SCHOOLS BOARD OF EDUCATION AT-LARGE,Tigress Sydney Acute McDaniel, ,3,21,9,0,0,30,Y
30432,MECKLENBURG,11/7/23,51,10,C,CHARLOTTE-MECKLENBURG SCHOOLS BOARD OF EDUCATION AT-LARGE,Annette Albright, ,3,96,15,0,0,111,Y
30433,MECKLENBURG,11/7/23,51,10,C,CHARLOTTE-MECKLENBURG SCHOOLS BOARD OF EDUCATION AT-LARGE,Bill Fountain, ,3,89,12,0,0,101,Y
30434,MECKLENBURG,11/7/23,51,10,C,CHARLOTTE-MECKLENBURG SCHOOLS BOARD OF EDUCATION AT-LARGE,Brian Kasher, ,3,60,10,0,0,70,Y
30435,MECKLENBURG,11/7/23,51,10,C,CHARLOTTE-MECKLENBURG SCHOOLS BOARD OF EDUCATION AT-LARGE,Claire Covington, ,3,107,18,0,0,125,Y
30436,MECKLENBURG,11/7/23,51,10,C,CHARLOTTE-MECKLENBURG SCHOOLS BOARD OF EDUCATION AT-LARGE,Clara Kennedy Witherspoon, ,3,59,11,0,0,70,Y
30437,MECKLENBURG,11/7/23,51,10,C,CHARLOTTE-MECKLENBURG SCHOOLS BOARD OF EDUCATION AT-LARGE,Juanrique Pallamente Hall, ,3,16,5,0,0,21,Y
30438,MECKLENBURG,11/7/23,51,10,C,CHARLOTTE-MECKLENBURG SCHOOLS BOARD OF EDUCATION AT-LARGE,Lenora Shipp, ,3,133,57,0,0,190,Y
30439,MECKLENBURG,11/7/23,51,10,C,CHARLOTTE-MECKLENBURG SCHOOLS BOARD OF EDUCATION AT-LARGE,Liz Monterrey, ,3,193,69,0,0,262,Y
30440,MECKLENBURG,11/7/23,51,10,C,CHARLOTTE-MECKLENBURG SCHOOLS BOARD OF EDUCATION AT-LARGE,Michael Johnson, ,3,73,13,0,0,86,Y
30441,MECKLENBURG,11/7/23,51,10,C,CHARLOTTE-MECKLENBURG SCHOOLS BOARD OF EDUCATION AT-LARGE,Monty Witherspoon, ,3,143,63,0,0,206,Y
30442,MECKLENBURG,11/7/23,51,10,C,CHARLOTTE-MECKLENBURG SCHOOLS BOARD OF EDUCATION AT-LARGE,Omar Harris, ,3,27,8,0,0,35,Y
30443,MECKLENBURG,11/7/23,51,10,C,CHARLOTTE-MECKLENBURG SCHOOLS BOARD OF EDUCATION AT-LARGE,Peggy A. Capehart, ,3,25,4,0,0,29,Y
30445,MECKLENBURG,11/7/23,51,10,C,CHARLOTTE-MECKLENBURG SCHOOLS BOARD OF EDUCATION AT-LARGE,Shamaiye Haynes, ,3,115,54,0,0,169,Y
30447,MECKLENBURG,11/7/23,51,10,C,CHARLOTTE-MECKLENBURG SCHOOLS BOARD OF EDUCATION AT-LARGE,Tigress Sydney Acute McDaniel, ,3,24,4,0,0,28,Y
30482,MECKLENBURG,11/7/23,52,10,C,CHARLOTTE-MECKLENBURG SCHOOLS BOARD OF EDUCATION AT-LARGE,Annette Albright, ,3,58,37,0,0,95,Y
30483,MECKLENBURG,11/7/23,52,10,C,CHARLOTTE-MECKLENBURG SCHOOLS BOARD OF EDUCATION AT-LARGE,Bill Fountain, ,3,13,11,0,0,24,Y
30484,MECKLENBURG,11/7/23,52,10,C,CHARLOTTE-MECKLENBURG SCHOOLS BOARD OF EDUCATION AT-LARGE,Brian Kasher, ,3,12,8,0,0,20,Y
30485,MECKLENBURG,11/7/23,52,10,C,CHARLOTTE-MECKLENBURG SCHOOLS BOARD OF EDUCATION AT-LARGE,Claire Covington, ,3,25,24,0,0,49,Y
30486,MECKLENBURG,11/7/23,52,10,C,CHARLOTTE-MECKLENBURG SCHOOLS BOARD OF EDUCATION AT-LARGE,Clara Kennedy Witherspoon, ,3,25,23,0,0,48,Y
30487,MECKLENBURG,11/7/23,52,10,C,CHARLOTTE-MECKLENBURG SCHOOLS BOARD OF EDUCATION AT-LARGE,Juanrique Pallamente Hall, ,3,30,11,0,0,41,Y
30488,MECKLENBURG,11/7/23,52,10,C,CHARLOTTE-MECKLENBURG SCHOOLS BOARD OF EDUCATION AT-LARGE,Lenora Shipp, ,3,116,88,0,0,204,Y
30489,MECKLENBURG,11/7/23,52,10,C,CHARLOTTE-MECKLENBURG SCHOOLS BOARD OF EDUCATION AT-LARGE,Liz Monterrey, ,3,44,17,0,0,61,Y
30490,MECKLENBURG,11/7/23,52,10,C,CHARLOTTE-MECKLENBURG SCHOOLS BOARD OF EDUCATION AT-LARGE,Michael Johnson, ,3,38,47,0,0,85,Y
30491,MECKLENBURG,11/7/23,52,10,C,CHARLOTTE-MECKLENBURG SCHOOLS BOARD OF EDUCATION AT-LARGE,Monty Witherspoon, ,3,91,68,0,0,159,Y
30492,MECKLENBURG,11/7/23,52,10,C,CHARLOTTE-MECKLENBURG SCHOOLS BOARD OF EDUCATION AT-LARGE,Omar Harris, ,3,47,32,0,0,79,Y
30493,MECKLENBURG,11/7/23,52,10,C,CHARLOTTE-MECKLENBURG SCHOOLS BOARD OF EDUCATION AT-LARGE,Peggy A. Capehart, ,3,16,12,0,0,28,Y
30495,MECKLENBURG,11/7/23,52,10,C,CHARLOTTE-MECKLENBURG SCHOOLS BOARD OF EDUCATION AT-LARGE,Shamaiye Haynes, ,3,103,57,0,0,160,Y
30497,MECKLENBURG,11/7/23,52,10,C,CHARLOTTE-MECKLENBURG SCHOOLS BOARD OF EDUCATION AT-LARGE,Tigress Sydney Acute McDaniel, ,3,27,15,0,0,42,Y
30532,MECKLENBURG,11/7/23,53,10,C,CHARLOTTE-MECKLENBURG SCHOOLS BOARD OF EDUCATION AT-LARGE,Annette Albright, ,3,70,23,0,0,93,Y
30533,MECKLENBURG,11/7/23,53,10,C,CHARLOTTE-MECKLENBURG SCHOOLS BOARD OF EDUCATION AT-LARGE,Bill Fountain, ,3,18,6,0,0,24,Y
30534,MECKLENBURG,11/7/23,53,10,C,CHARLOTTE-MECKLENBURG SCHOOLS BOARD OF EDUCATION AT-LARGE,Brian Kasher, ,3,11,2,0,0,13,Y
30535,MECKLENBURG,11/7/23,53,10,C,CHARLOTTE-MECKLENBURG SCHOOLS BOARD OF EDUCATION AT-LARGE,Claire Covington, ,3,41,11,0,0,52,Y
30536,MECKLENBURG,11/7/23,53,10,C,CHARLOTTE-MECKLENBURG SCHOOLS BOARD OF EDUCATION AT-LARGE,Clara Kennedy Witherspoon, ,3,29,8,0,0,37,Y
30537,MECKLENBURG,11/7/23,53,10,C,CHARLOTTE-MECKLENBURG SCHOOLS BOARD OF EDUCATION AT-LARGE,Juanrique Pallamente Hall, ,3,28,7,0,0,35,Y
30538,MECKLENBURG,11/7/23,53,10,C,CHARLOTTE-MECKLENBURG SCHOOLS BOARD OF EDUCATION AT-LARGE,Lenora Shipp, ,3,80,48,0,0,128,Y
30539,MECKLENBURG,11/7/23,53,10,C,CHARLOTTE-MECKLENBURG SCHOOLS BOARD OF EDUCATION AT-LARGE,Liz Monterrey, ,3,27,16,0,0,43,Y
30540,MECKLENBURG,11/7/23,53,10,C,CHARLOTTE-MECKLENBURG SCHOOLS BOARD OF EDUCATION AT-LARGE,Michael Johnson, ,3,51,18,0,0,69,Y
30541,MECKLENBURG,11/7/23,53,10,C,CHARLOTTE-MECKLENBURG SCHOOLS BOARD OF EDUCATION AT-LARGE,Monty Witherspoon, ,3,52,35,0,0,87,Y
30542,MECKLENBURG,11/7/23,53,10,C,CHARLOTTE-MECKLENBURG SCHOOLS BOARD OF EDUCATION AT-LARGE,Omar Harris, ,3,65,20,0,0,85,Y
30543,MECKLENBURG,11/7/23,53,10,C,CHARLOTTE-MECKLENBURG SCHOOLS BOARD OF EDUCATION AT-LARGE,Peggy A. Capehart, ,3,15,8,0,0,23,Y
30545,MECKLENBURG,11/7/23,53,10,C,CHARLOTTE-MECKLENBURG SCHOOLS BOARD OF EDUCATION AT-LARGE,Shamaiye Haynes, ,3,87,32,0,0,119,Y
30547,MECKLENBURG,11/7/23,53,10,C,CHARLOTTE-MECKLENBURG SCHOOLS BOARD OF EDUCATION AT-LARGE,Tigress Sydney Acute McDaniel, ,3,24,6,0,0,30,Y
30583,MECKLENBURG,11/7/23,54,10,C,CHARLOTTE-MECKLENBURG SCHOOLS BOARD OF EDUCATION AT-LARGE,Annette Albright, ,3,66,38,0,0,104,Y
30584,MECKLENBURG,11/7/23,54,10,C,CHARLOTTE-MECKLENBURG SCHOOLS BOARD OF EDUCATION AT-LARGE,Bill Fountain, ,3,16,7,0,0,23,Y
30585,MECKLENBURG,11/7/23,54,10,C,CHARLOTTE-MECKLENBURG SCHOOLS BOARD OF EDUCATION AT-LARGE,Brian Kasher, ,3,26,5,0,0,31,Y
30586,MECKLENBURG,11/7/23,54,10,C,CHARLOTTE-MECKLENBURG SCHOOLS BOARD OF EDUCATION AT-LARGE,Claire Covington, ,3,37,11,0,0,48,Y
30587,MECKLENBURG,11/7/23,54,10,C,CHARLOTTE-MECKLENBURG SCHOOLS BOARD OF EDUCATION AT-LARGE,Clara Kennedy Witherspoon, ,3,45,27,0,0,72,Y
30588,MECKLENBURG,11/7/23,54,10,C,CHARLOTTE-MECKLENBURG SCHOOLS BOARD OF EDUCATION AT-LARGE,Juanrique Pallamente Hall, ,3,22,10,0,0,32,Y
30589,MECKLENBURG,11/7/23,54,10,C,CHARLOTTE-MECKLENBURG SCHOOLS BOARD OF EDUCATION AT-LARGE,Lenora Shipp, ,3,202,86,0,0,288,Y
30590,MECKLENBURG,11/7/23,54,10,C,CHARLOTTE-MECKLENBURG SCHOOLS BOARD OF EDUCATION AT-LARGE,Liz Monterrey, ,3,106,25,0,0,131,Y
30591,MECKLENBURG,11/7/23,54,10,C,CHARLOTTE-MECKLENBURG SCHOOLS BOARD OF EDUCATION AT-LARGE,Michael Johnson, ,3,43,25,0,0,68,Y
30592,MECKLENBURG,11/7/23,54,10,C,CHARLOTTE-MECKLENBURG SCHOOLS BOARD OF EDUCATION AT-LARGE,Monty Witherspoon, ,3,176,68,0,0,244,Y
30593,MECKLENBURG,11/7/23,54,10,C,CHARLOTTE-MECKLENBURG SCHOOLS BOARD OF EDUCATION AT-LARGE,Omar Harris, ,3,53,20,0,0,73,Y
30594,MECKLENBURG,11/7/23,54,10,C,CHARLOTTE-MECKLENBURG SCHOOLS BOARD OF EDUCATION AT-LARGE,Peggy A. Capehart, ,3,16,10,0,0,26,Y
30596,MECKLENBURG,11/7/23,54,10,C,CHARLOTTE-MECKLENBURG SCHOOLS BOARD OF EDUCATION AT-LARGE,Shamaiye Haynes, ,3,105,74,0,0,179,Y
30598,MECKLENBURG,11/7/23,54,10,C,CHARLOTTE-MECKLENBURG SCHOOLS BOARD OF EDUCATION AT-LARGE,Tigress Sydney Acute McDaniel, ,3,28,8,0,0,36,Y
30610,MECKLENBURG,11/7/23,117,10,C,CHARLOTTE-MECKLENBURG SCHOOLS BOARD OF EDUCATION AT-LARGE,Liz Monterrey, ,3,44,34,0,0,78,Y
30611,MECKLENBURG,11/7/23,117,10,C,CHARLOTTE-MECKLENBURG SCHOOLS BOARD OF EDUCATION AT-LARGE,Michael Johnson, ,3,29,14,0,0,43,Y
30612,MECKLENBURG,11/7/23,117,10,C,CHARLOTTE-MECKLENBURG SCHOOLS BOARD OF EDUCATION AT-LARGE,Monty Witherspoon, ,3,52,37,0,0,89,Y
30613,MECKLENBURG,11/7/23,117,10,C,CHARLOTTE-MECKLENBURG SCHOOLS BOARD OF EDUCATION AT-LARGE,Omar Harris, ,3,25,17,0,0,42,Y
30614,MECKLENBURG,11/7/23,117,10,C,CHARLOTTE-MECKLENBURG SCHOOLS BOARD OF EDUCATION AT-LARGE,Peggy A. Capehart, ,3,19,6,0,0,25,Y
30616,MECKLENBURG,11/7/23,117,10,C,CHARLOTTE-MECKLENBURG SCHOOLS BOARD OF EDUCATION AT-LARGE,Shamaiye Haynes, ,3,46,20,0,0,66,Y
30618,MECKLENBURG,11/7/23,117,10,C,CHARLOTTE-MECKLENBURG SCHOOLS BOARD OF EDUCATION AT-LARGE,Tigress Sydney Acute McDaniel, ,3,12,7,0,0,19,Y
30653,MECKLENBURG,11/7/23,118,10,C,CHARLOTTE-MECKLENBURG SCHOOLS BOARD OF EDUCATION AT-LARGE,Annette Albright, ,3,76,18,0,0,94,Y
30654,MECKLENBURG,11/7/23,118,10,C,CHARLOTTE-MECKLENBURG SCHOOLS BOARD OF EDUCATION AT-LARGE,Bill Fountain, ,3,112,15,0,0,127,Y
30655,MECKLENBURG,11/7/23,118,10,C,CHARLOTTE-MECKLENBURG SCHOOLS BOARD OF EDUCATION AT-LARGE,Brian Kasher, ,3,46,13,0,0,59,Y
30656,MECKLENBURG,11/7/23,118,10,C,CHARLOTTE-MECKLENBURG SCHOOLS BOARD OF EDUCATION AT-LARGE,Claire Covington, ,3,104,18,0,0,122,Y
30657,MECKLENBURG,11/7/23,118,10,C,CHARLOTTE-MECKLENBURG SCHOOLS BOARD OF EDUCATION AT-LARGE,Clara Kennedy Witherspoon, ,3,58,16,0,0,74,Y
30658,MECKLENBURG,11/7/23,118,10,C,CHARLOTTE-MECKLENBURG SCHOOLS BOARD OF EDUCATION AT-LARGE,Juanrique Pallamente Hall, ,3,16,5,0,0,21,Y
30659,MECKLENBURG,11/7/23,118,10,C,CHARLOTTE-MECKLENBURG SCHOOLS BOARD OF EDUCATION AT-LARGE,Lenora Shipp, ,3,100,75,0,0,175,Y
30660,MECKLENBURG,11/7/23,118,10,C,CHARLOTTE-MECKLENBURG SCHOOLS BOARD OF EDUCATION AT-LARGE,Liz Monterrey, ,3,147,74,0,0,221,Y
30661,MECKLENBURG,11/7/23,118,10,C,CHARLOTTE-MECKLENBURG SCHOOLS BOARD OF EDUCATION AT-LARGE,Michael Johnson, ,3,80,12,0,0,92,Y
30662,MECKLENBURG,11/7/23,118,10,C,CHARLOTTE-MECKLENBURG SCHOOLS BOARD OF EDUCATION AT-LARGE,Monty Witherspoon, ,3,97,68,0,0,165,Y
30663,MECKLENBURG,11/7/23,118,10,C,CHARLOTTE-MECKLENBURG SCHOOLS BOARD OF EDUCATION AT-LARGE,Omar Harris, ,3,18,8,0,0,26,Y
30664,MECKLENBURG,11/7/23,118,10,C,CHARLOTTE-MECKLENBURG SCHOOLS BOARD OF EDUCATION AT-LARGE,Peggy A. Capehart, ,3,30,8,0,0,38,Y
30666,MECKLENBURG,11/7/23,118,10,C,CHARLOTTE-MECKLENBURG SCHOOLS BOARD OF EDUCATION AT-LARGE,Shamaiye Haynes, ,3,87,25,0,0,112,Y
30668,MECKLENBURG,11/7/23,118,10,C,CHARLOTTE-MECKLENBURG SCHOOLS BOARD OF EDUCATION AT-LARGE,Tigress Sydney Acute McDaniel, ,3,18,4,0,0,22,Y
30703,MECKLENBURG,11/7/23,119,10,C,CHARLOTTE-MECKLENBURG SCHOOLS BOARD OF EDUCATION AT-LARGE,Annette Albright, ,3,68,22,0,0,90,Y
30704,MECKLENBURG,11/7/23,119,10,C,CHARLOTTE-MECKLENBURG SCHOOLS BOARD OF EDUCATION AT-LARGE,Bill Fountain, ,3,78,36,0,0,114,Y
30705,MECKLENBURG,11/7/23,119,10,C,CHARLOTTE-MECKLENBURG SCHOOLS BOARD OF EDUCATION AT-LARGE,Brian Kasher, ,3,35,15,0,0,50,Y
30706,MECKLENBURG,11/7/23,119,10,C,CHARLOTTE-MECKLENBURG SCHOOLS BOARD OF EDUCATION AT-LARGE,Claire Covington, ,3,71,27,0,0,98,Y
30707,MECKLENBURG,11/7/23,119,10,C,CHARLOTTE-MECKLENBURG SCHOOLS BOARD OF EDUCATION AT-LARGE,Clara Kennedy Witherspoon, ,3,24,21,0,0,45,Y
30708,MECKLENBURG,11/7/23,119,10,C,CHARLOTTE-MECKLENBURG SCHOOLS BOARD OF EDUCATION AT-LARGE,Juanrique Pallamente Hall, ,3,9,3,0,0,12,Y
30709,MECKLENBURG,11/7/23,119,10,C,CHARLOTTE-MECKLENBURG SCHOOLS BOARD OF EDUCATION AT-LARGE,Lenora Shipp, ,3,74,57,0,0,131,Y
30710,MECKLENBURG,11/7/23,119,10,C,CHARLOTTE-MECKLENBURG SCHOOLS BOARD OF EDUCATION AT-LARGE,Liz Monterrey, ,3,96,70,0,0,166,Y
30711,MECKLENBURG,11/7/23,119,10,C,CHARLOTTE-MECKLENBURG SCHOOLS BOARD OF EDUCATION AT-LARGE,Michael Johnson, ,3,47,22,0,0,69,Y
30712,MECKLENBURG,11/7/23,119,10,C,CHARLOTTE-MECKLENBURG SCHOOLS BOARD OF EDUCATION AT-LARGE,Monty Witherspoon, ,3,77,45,0,0,122,Y
30713,MECKLENBURG,11/7/23,119,10,C,CHARLOTTE-MECKLENBURG SCHOOLS BOARD OF EDUCATION AT-LARGE,Omar Harris, ,3,19,5,0,0,24,Y
30714,MECKLENBURG,11/7/23,119,10,C,CHARLOTTE-MECKLENBURG SCHOOLS BOARD OF EDUCATION AT-LARGE,Peggy A. Capehart, ,3,18,6,0,0,24,Y
30716,MECKLENBURG,11/7/23,119,10,C,CHARLOTTE-MECKLENBURG SCHOOLS BOARD OF EDUCATION AT-LARGE,Shamaiye Haynes, ,3,63,34,0,0,97,Y
30718,MECKLENBURG,11/7/23,119,10,C,CHARLOTTE-MECKLENBURG SCHOOLS BOARD OF EDUCATION AT-LARGE,Tigress Sydney Acute McDaniel, ,3,14,7,0,0,21,Y
30753,MECKLENBURG,11/7/23,120,10,C,CHARLOTTE-MECKLENBURG SCHOOLS BOARD OF EDUCATION AT-LARGE,Annette Albright, ,3,31,7,0,0,38,Y
30754,MECKLENBURG,11/7/23,120,10,C,CHARLOTTE-MECKLENBURG SCHOOLS BOARD OF EDUCATION AT-LARGE,Bill Fountain, ,3,22,6,0,0,28,Y
30755,MECKLENBURG,11/7/23,120,10,C,CHARLOTTE-MECKLENBURG SCHOOLS BOARD OF EDUCATION AT-LARGE,Brian Kasher, ,3,11,9,0,0,20,Y
30756,MECKLENBURG,11/7/23,120,10,C,CHARLOTTE-MECKLENBURG SCHOOLS BOARD OF EDUCATION AT-LARGE,Claire Covington, ,3,23,7,0,0,30,Y
30757,MECKLENBURG,11/7/23,120,10,C,CHARLOTTE-MECKLENBURG SCHOOLS BOARD OF EDUCATION AT-LARGE,Clara Kennedy Witherspoon, ,3,17,1,0,0,18,Y
30758,MECKLENBURG,11/7/23,120,10,C,CHARLOTTE-MECKLENBURG SCHOOLS BOARD OF EDUCATION AT-LARGE,Juanrique Pallamente Hall, ,3,14,3,0,0,17,Y
30759,MECKLENBURG,11/7/23,120,10,C,CHARLOTTE-MECKLENBURG SCHOOLS BOARD OF EDUCATION AT-LARGE,Lenora Shipp, ,3,50,19,0,0,69,Y
30760,MECKLENBURG,11/7/23,120,10,C,CHARLOTTE-MECKLENBURG SCHOOLS BOARD OF EDUCATION AT-LARGE,Liz Monterrey, ,3,31,16,0,0,47,Y
30761,MECKLENBURG,11/7/23,120,10,C,CHARLOTTE-MECKLENBURG SCHOOLS BOARD OF EDUCATION AT-LARGE,Michael Johnson, ,3,25,3,0,0,28,Y
30762,MECKLENBURG,11/7/23,120,10,C,CHARLOTTE-MECKLENBURG SCHOOLS BOARD OF EDUCATION AT-LARGE,Monty Witherspoon, ,3,31,13,0,0,44,Y
30763,MECKLENBURG,11/7/23,120,10,C,CHARLOTTE-MECKLENBURG SCHOOLS BOARD OF EDUCATION AT-LARGE,Omar Harris, ,3,33,3,0,0,36,Y
30764,MECKLENBURG,11/7/23,120,10,C,CHARLOTTE-MECKLENBURG SCHOOLS BOARD OF EDUCATION AT-LARGE,Peggy A. Capehart, ,3,11,2,0,0,13,Y
30766,MECKLENBURG,11/7/23,120,10,C,CHARLOTTE-MECKLENBURG SCHOOLS BOARD OF EDUCATION AT-LARGE,Shamaiye Haynes, ,3,43,10,0,0,53,Y
30768,MECKLENBURG,11/7/23,120,10,C,CHARLOTTE-MECKLENBURG SCHOOLS BOARD OF EDUCATION AT-LARGE,Tigress Sydney Acute McDaniel, ,3,21,3,0,0,24,Y
30803,MECKLENBURG,11/7/23,121,10,C,CHARLOTTE-MECKLENBURG SCHOOLS BOARD OF EDUCATION AT-LARGE,Annette Albright, ,3,122,55,0,0,177,Y
30804,MECKLENBURG,11/7/23,121,10,C,CHARLOTTE-MECKLENBURG SCHOOLS BOARD OF EDUCATION AT-LARGE,Bill Fountain, ,3,162,91,0,0,253,Y
30805,MECKLENBURG,11/7/23,121,10,C,CHARLOTTE-MECKLENBURG SCHOOLS BOARD OF EDUCATION AT-LARGE,Brian Kasher, ,3,61,38,0,0,99,Y
30806,MECKLENBURG,11/7/23,121,10,C,CHARLOTTE-MECKLENBURG SCHOOLS BOARD OF EDUCATION AT-LARGE,Claire Covington, ,3,159,89,0,0,248,Y
30807,MECKLENBURG,11/7/23,121,10,C,CHARLOTTE-MECKLENBURG SCHOOLS BOARD OF EDUCATION AT-LARGE,Clara Kennedy Witherspoon, ,3,62,29,0,0,91,Y
30808,MECKLENBURG,11/7/23,121,10,C,CHARLOTTE-MECKLENBURG SCHOOLS BOARD OF EDUCATION AT-LARGE,Juanrique Pallamente Hall, ,3,18,15,0,0,33,Y
30809,MECKLENBURG,11/7/23,121,10,C,CHARLOTTE-MECKLENBURG SCHOOLS BOARD OF EDUCATION AT-LARGE,Lenora Shipp, ,3,166,113,0,0,279,Y
30810,MECKLENBURG,11/7/23,121,10,C,CHARLOTTE-MECKLENBURG SCHOOLS BOARD OF EDUCATION AT-LARGE,Liz Monterrey, ,3,206,125,0,0,331,Y
30811,MECKLENBURG,11/7/23,121,10,C,CHARLOTTE-MECKLENBURG SCHOOLS BOARD OF EDUCATION AT-LARGE,Michael Johnson, ,3,131,58,0,0,189,Y
30812,MECKLENBURG,11/7/23,121,10,C,CHARLOTTE-MECKLENBURG SCHOOLS BOARD OF EDUCATION AT-LARGE,Monty Witherspoon, ,3,161,95,0,0,256,Y
30813,MECKLENBURG,11/7/23,121,10,C,CHARLOTTE-MECKLENBURG SCHOOLS BOARD OF EDUCATION AT-LARGE,Omar Harris, ,3,29,18,0,0,47,Y
30814,MECKLENBURG,11/7/23,121,10,C,CHARLOTTE-MECKLENBURG SCHOOLS BOARD OF EDUCATION AT-LARGE,Peggy A. Capehart, ,3,37,17,0,0,54,Y
30816,MECKLENBURG,11/7/23,121,10,C,CHARLOTTE-MECKLENBURG SCHOOLS BOARD OF EDUCATION AT-LARGE,Shamaiye Haynes, ,3,70,51,0,0,121,Y
30818,MECKLENBURG,11/7/23,121,10,C,CHARLOTTE-MECKLENBURG SCHOOLS BOARD OF EDUCATION AT-LARGE,Tigress Sydney Acute McDaniel, ,3,16,10,0,0,26,Y
30853,MECKLENBURG,11/7/23,122,10,C,CHARLOTTE-MECKLENBURG SCHOOLS BOARD OF EDUCATION AT-LARGE,Annette Albright, ,3,134,35,0,0,169,Y
30854,MECKLENBURG,11/7/23,122,10,C,CHARLOTTE-MECKLENBURG SCHOOLS BOARD OF EDUCATION AT-LARGE,Bill Fountain, ,3,121,42,0,0,163,Y
30855,MECKLENBURG,11/7/23,122,10,C,CHARLOTTE-MECKLENBURG SCHOOLS BOARD OF EDUCATION AT-LARGE,Brian Kasher, ,3,75,15,0,0,90,Y
30856,MECKLENBURG,11/7/23,122,10,C,CHARLOTTE-MECKLENBURG SCHOOLS BOARD OF EDUCATION AT-LARGE,Claire Covington, ,3,113,37,0,0,150,Y
30857,MECKLENBURG,11/7/23,122,10,C,CHARLOTTE-MECKLENBURG SCHOOLS BOARD OF EDUCATION AT-LARGE,Clara Kennedy Witherspoon, ,3,63,37,0,0,100,Y
30858,MECKLENBURG,11/7/23,122,10,C,CHARLOTTE-MECKLENBURG SCHOOLS BOARD OF EDUCATION AT-LARGE,Juanrique Pallamente Hall, ,3,66,16,0,0,82,Y
30859,MECKLENBURG,11/7/23,122,10,C,CHARLOTTE-MECKLENBURG SCHOOLS BOARD OF EDUCATION AT-LARGE,Lenora Shipp, ,3,187,96,0,0,283,Y
30860,MECKLENBURG,11/7/23,122,10,C,CHARLOTTE-MECKLENBURG SCHOOLS BOARD OF EDUCATION AT-LARGE,Liz Monterrey, ,3,156,64,0,0,220,Y
30861,MECKLENBURG,11/7/23,122,10,C,CHARLOTTE-MECKLENBURG SCHOOLS BOARD OF EDUCATION AT-LARGE,Michael Johnson, ,3,118,39,0,0,157,Y
30862,MECKLENBURG,11/7/23,122,10,C,CHARLOTTE-MECKLENBURG SCHOOLS BOARD OF EDUCATION AT-LARGE,Monty Witherspoon, ,3,138,98,0,0,236,Y
30863,MECKLENBURG,11/7/23,122,10,C,CHARLOTTE-MECKLENBURG SCHOOLS BOARD OF EDUCATION AT-LARGE,Omar Harris, ,3,88,24,0,0,112,Y
30864,MECKLENBURG,11/7/23,122,10,C,CHARLOTTE-MECKLENBURG SCHOOLS BOARD OF EDUCATION AT-LARGE,Peggy A. Capehart, ,3,41,17,0,0,58,Y
30866,MECKLENBURG,11/7/23,122,10,C,CHARLOTTE-MECKLENBURG SCHOOLS BOARD OF EDUCATION AT-LARGE,Shamaiye Haynes, ,3,163,64,0,0,227,Y
30868,MECKLENBURG,11/7/23,122,10,C,CHARLOTTE-MECKLENBURG SCHOOLS BOARD OF EDUCATION AT-LARGE,Tigress Sydney Acute McDaniel, ,3,60,17,0,0,77,Y
30902,MECKLENBURG,11/7/23,123,10,C,CHARLOTTE-MECKLENBURG SCHOOLS BOARD OF EDUCATION AT-LARGE,Annette Albright, ,3,82,13,0,0,95,Y
30903,MECKLENBURG,11/7/23,123,10,C,CHARLOTTE-MECKLENBURG SCHOOLS BOARD OF EDUCATION AT-LARGE,Bill Fountain, ,3,29,17,0,0,46,Y
30904,MECKLENBURG,11/7/23,123,10,C,CHARLOTTE-MECKLENBURG SCHOOLS BOARD OF EDUCATION AT-LARGE,Brian Kasher, ,3,27,4,0,0,31,Y
30905,MECKLENBURG,11/7/23,123,10,C,CHARLOTTE-MECKLENBURG SCHOOLS BOARD OF EDUCATION AT-LARGE,Claire Covington, ,3,48,10,0,0,58,Y
30906,MECKLENBURG,11/7/23,123,10,C,CHARLOTTE-MECKLENBURG SCHOOLS BOARD OF EDUCATION AT-LARGE,Clara Kennedy Witherspoon, ,3,38,29,0,0,67,Y
30907,MECKLENBURG,11/7/23,123,10,C,CHARLOTTE-MECKLENBURG SCHOOLS BOARD OF EDUCATION AT-LARGE,Juanrique Pallamente Hall, ,3,24,17,0,0,41,Y
30908,MECKLENBURG,11/7/23,123,10,C,CHARLOTTE-MECKLENBURG SCHOOLS BOARD OF EDUCATION AT-LARGE,Lenora Shipp, ,3,96,58,0,0,154,Y
30909,MECKLENBURG,11/7/23,123,10,C,CHARLOTTE-MECKLENBURG SCHOOLS BOARD OF EDUCATION AT-LARGE,Liz Monterrey, ,3,47,32,0,0,79,Y
30910,MECKLENBURG,11/7/23,123,10,C,CHARLOTTE-MECKLENBURG SCHOOLS BOARD OF EDUCATION AT-LARGE,Michael Johnson, ,3,60,20,0,0,80,Y
30911,MECKLENBURG,11/7/23,123,10,C,CHARLOTTE-MECKLENBURG SCHOOLS BOARD OF EDUCATION AT-LARGE,Monty Witherspoon, ,3,73,46,0,0,119,Y
30912,MECKLENBURG,11/7/23,123,10,C,CHARLOTTE-MECKLENBURG SCHOOLS BOARD OF EDUCATION AT-LARGE,Omar Harris, ,3,67,14,0,0,81,Y
30913,MECKLENBURG,11/7/23,123,10,C,CHARLOTTE-MECKLENBURG SCHOOLS BOARD OF EDUCATION AT-LARGE,Peggy A. Capehart, ,3,21,8,0,0,29,Y
30915,MECKLENBURG,11/7/23,123,10,C,CHARLOTTE-MECKLENBURG SCHOOLS BOARD OF EDUCATION AT-LARGE,Shamaiye Haynes, ,3,96,49,0,0,145,Y
30917,MECKLENBURG,11/7/23,123,10,C,CHARLOTTE-MECKLENBURG SCHOOLS BOARD OF EDUCATION AT-LARGE,Tigress Sydney Acute McDaniel, ,3,22,12,0,0,34,Y
30951,MECKLENBURG,11/7/23,124,10,C,CHARLOTTE-MECKLENBURG SCHOOLS BOARD OF EDUCATION AT-LARGE,Annette Albright, ,3,64,15,0,0,79,Y
30952,MECKLENBURG,11/7/23,124,10,C,CHARLOTTE-MECKLENBURG SCHOOLS BOARD OF EDUCATION AT-LARGE,Bill Fountain, ,3,15,4,0,0,19,Y
30953,MECKLENBURG,11/7/23,124,10,C,CHARLOTTE-MECKLENBURG SCHOOLS BOARD OF EDUCATION AT-LARGE,Brian Kasher, ,3,15,1,0,0,16,Y
30954,MECKLENBURG,11/7/23,124,10,C,CHARLOTTE-MECKLENBURG SCHOOLS BOARD OF EDUCATION AT-LARGE,Claire Covington, ,3,22,15,0,0,37,Y
30955,MECKLENBURG,11/7/23,124,10,C,CHARLOTTE-MECKLENBURG SCHOOLS BOARD OF EDUCATION AT-LARGE,Clara Kennedy Witherspoon, ,3,44,18,0,0,62,Y
30956,MECKLENBURG,11/7/23,124,10,C,CHARLOTTE-MECKLENBURG SCHOOLS BOARD OF EDUCATION AT-LARGE,Juanrique Pallamente Hall, ,3,21,3,0,0,24,Y
30957,MECKLENBURG,11/7/23,124,10,C,CHARLOTTE-MECKLENBURG SCHOOLS BOARD OF EDUCATION AT-LARGE,Lenora Shipp, ,3,94,41,0,0,135,Y
30958,MECKLENBURG,11/7/23,124,10,C,CHARLOTTE-MECKLENBURG SCHOOLS BOARD OF EDUCATION AT-LARGE,Liz Monterrey, ,3,30,16,0,0,46,Y
30959,MECKLENBURG,11/7/23,124,10,C,CHARLOTTE-MECKLENBURG SCHOOLS BOARD OF EDUCATION AT-LARGE,Michael Johnson, ,3,30,15,0,0,45,Y
30960,MECKLENBURG,11/7/23,124,10,C,CHARLOTTE-MECKLENBURG SCHOOLS BOARD OF EDUCATION AT-LARGE,Monty Witherspoon, ,3,88,33,0,0,121,Y
30961,MECKLENBURG,11/7/23,124,10,C,CHARLOTTE-MECKLENBURG SCHOOLS BOARD OF EDUCATION AT-LARGE,Omar Harris, ,3,64,14,0,0,78,Y
30962,MECKLENBURG,11/7/23,124,10,C,CHARLOTTE-MECKLENBURG SCHOOLS BOARD OF EDUCATION AT-LARGE,Peggy A. Capehart, ,3,13,1,0,0,14,Y
30964,MECKLENBURG,11/7/23,124,10,C,CHARLOTTE-MECKLENBURG SCHOOLS BOARD OF EDUCATION AT-LARGE,Shamaiye Haynes, ,3,95,32,0,0,127,Y
30966,MECKLENBURG,11/7/23,124,10,C,CHARLOTTE-MECKLENBURG SCHOOLS BOARD OF EDUCATION AT-LARGE,Tigress Sydney Acute McDaniel, ,3,19,5,0,0,24,Y
31000,MECKLENBURG,11/7/23,125,10,C,CHARLOTTE-MECKLENBURG SCHOOLS BOARD OF EDUCATION AT-LARGE,Annette Albright, ,3,33,7,0,0,40,Y
31001,MECKLENBURG,11/7/23,125,10,C,CHARLOTTE-MECKLENBURG SCHOOLS BOARD OF EDUCATION AT-LARGE,Bill Fountain, ,3,22,3,0,0,25,Y
31002,MECKLENBURG,11/7/23,125,10,C,CHARLOTTE-MECKLENBURG SCHOOLS BOARD OF EDUCATION AT-LARGE,Brian Kasher, ,3,13,2,0,0,15,Y
31003,MECKLENBURG,11/7/23,125,10,C,CHARLOTTE-MECKLENBURG SCHOOLS BOARD OF EDUCATION AT-LARGE,Claire Covington, ,3,26,7,0,0,33,Y
31004,MECKLENBURG,11/7/23,125,10,C,CHARLOTTE-MECKLENBURG SCHOOLS BOARD OF EDUCATION AT-LARGE,Clara Kennedy Witherspoon, ,3,25,8,0,0,33,Y
31005,MECKLENBURG,11/7/23,125,10,C,CHARLOTTE-MECKLENBURG SCHOOLS BOARD OF EDUCATION AT-LARGE,Juanrique Pallamente Hall, ,3,16,7,0,0,23,Y
31006,MECKLENBURG,11/7/23,125,10,C,CHARLOTTE-MECKLENBURG SCHOOLS BOARD OF EDUCATION AT-LARGE,Lenora Shipp, ,3,53,31,0,0,84,Y
31007,MECKLENBURG,11/7/23,125,10,C,CHARLOTTE-MECKLENBURG SCHOOLS BOARD OF EDUCATION AT-LARGE,Liz Monterrey, ,3,34,15,0,0,49,Y
31008,MECKLENBURG,11/7/23,125,10,C,CHARLOTTE-MECKLENBURG SCHOOLS BOARD OF EDUCATION AT-LARGE,Michael Johnson, ,3,27,3,0,0,30,Y
31009,MECKLENBURG,11/7/23,125,10,C,CHARLOTTE-MECKLENBURG SCHOOLS BOARD OF EDUCATION AT-LARGE,Monty Witherspoon, ,3,43,23,0,0,66,Y
31010,MECKLENBURG,11/7/23,125,10,C,CHARLOTTE-MECKLENBURG SCHOOLS BOARD OF EDUCATION AT-LARGE,Omar Harris, ,3,35,9,0,0,44,Y
31011,MECKLENBURG,11/7/23,125,10,C,CHARLOTTE-MECKLENBURG SCHOOLS BOARD OF EDUCATION AT-LARGE,Peggy A. Capehart, ,3,13,3,0,0,16,Y
31013,MECKLENBURG,11/7/23,125,10,C,CHARLOTTE-MECKLENBURG SCHOOLS BOARD OF EDUCATION AT-LARGE,Shamaiye Haynes, ,3,47,23,0,0,70,Y
31015,MECKLENBURG,11/7/23,125,10,C,CHARLOTTE-MECKLENBURG SCHOOLS BOARD OF EDUCATION AT-LARGE,Tigress Sydney Acute McDaniel, ,3,18,8,0,0,26,Y
31049,MECKLENBURG,11/7/23,126,10,C,CHARLOTTE-MECKLENBURG SCHOOLS BOARD OF EDUCATION AT-LARGE,Annette Albright, ,3,78,26,0,0,104,Y
31050,MECKLENBURG,11/7/23,126,10,C,CHARLOTTE-MECKLENBURG SCHOOLS BOARD OF EDUCATION AT-LARGE,Bill Fountain, ,3,30,16,0,0,46,Y
31051,MECKLENBURG,11/7/23,126,10,C,CHARLOTTE-MECKLENBURG SCHOOLS BOARD OF EDUCATION AT-LARGE,Brian Kasher, ,3,17,2,0,0,19,Y
31052,MECKLENBURG,11/7/23,126,10,C,CHARLOTTE-MECKLENBURG SCHOOLS BOARD OF EDUCATION AT-LARGE,Claire Covington, ,3,41,20,0,0,61,Y
31053,MECKLENBURG,11/7/23,126,10,C,CHARLOTTE-MECKLENBURG SCHOOLS BOARD OF EDUCATION AT-LARGE,Clara Kennedy Witherspoon, ,3,48,16,0,0,64,Y
31054,MECKLENBURG,11/7/23,126,10,C,CHARLOTTE-MECKLENBURG SCHOOLS BOARD OF EDUCATION AT-LARGE,Juanrique Pallamente Hall, ,3,40,12,0,0,52,Y
31102,MECKLENBURG,11/7/23,ABSENTEE,10,C,CHARLOTTE-MECKLENBURG SCHOOLS BOARD OF EDUCATION AT-LARGE,Annette Albright, ,3,0,0,259,0,259,N
31103,MECKLENBURG,11/7/23,ABSENTEE,10,C,CHARLOTTE-MECKLENBURG SCHOOLS BOARD OF EDUCATION AT-LARGE,Bill Fountain, ,3,0,0,249,0,249,N
31104,MECKLENBURG,11/7/23,ABSENTEE,10,C,CHARLOTTE-MECKLENBURG SCHOOLS BOARD OF EDUCATION AT-LARGE,Brian Kasher, ,3,0,0,186,0,186,N
31105,MECKLENBURG,11/7/23,ABSENTEE,10,C,CHARLOTTE-MECKLENBURG SCHOOLS BOARD OF EDUCATION AT-LARGE,Claire Covington, ,3,0,0,194,0,194,N
31106,MECKLENBURG,11/7/23,ABSENTEE,10,C,CHARLOTTE-MECKLENBURG SCHOOLS BOARD OF EDUCATION AT-LARGE,Clara Kennedy Witherspoon, ,3,0,0,226,0,226,N
31107,MECKLENBURG,11/7/23,ABSENTEE,10,C,CHARLOTTE-MECKLENBURG SCHOOLS BOARD OF EDUCATION AT-LARGE,Juanrique Pallamente Hall, ,3,0,0,86,0,86,N
31108,MECKLENBURG,11/7/23,ABSENTEE,10,C,CHARLOTTE-MECKLENBURG SCHOOLS BOARD OF EDUCATION AT-LARGE,Lenora Shipp, ,3,0,0,716,0,716,N
31109,MECKLENBURG,11/7/23,ABSENTEE,10,C,CHARLOTTE-MECKLENBURG SCHOOLS BOARD OF EDUCATION AT-LARGE,Liz Monterrey, ,3,0,0,612,0,612,N
31110,MECKLENBURG,11/7/23,ABSENTEE,10,C,CHARLOTTE-MECKLENBURG SCHOOLS BOARD OF EDUCATION AT-LARGE,Michael Johnson, ,3,0,0,165,0,165,N
31111,MECKLENBURG,11/7/23,ABSENTEE,10,C,CHARLOTTE-MECKLENBURG SCHOOLS BOARD OF EDUCATION AT-LARGE,Monty Witherspoon, ,3,0,0,521,0,521,N
31112,MECKLENBURG,11/7/23,ABSENTEE,10,C,CHARLOTTE-MECKLENBURG SCHOOLS BOARD OF EDUCATION AT-LARGE,Omar Harris, ,3,0,0,107,0,107,N
31113,MECKLENBURG,11/7/23,ABSENTEE,10,C,CHARLOTTE-MECKLENBURG SCHOOLS BOARD OF EDUCATION AT-LARGE,Peggy A. Capehart, ,3,0,0,122,0,122,N
31115,MECKLENBURG,11/7/23,ABSENTEE,10,C,CHARLOTTE-MECKLENBURG SCHOOLS BOARD OF EDUCATION AT-LARGE,Shamaiye Haynes, ,3,0,0,465,0,465,N
31117,MECKLENBURG,11/7/23,ABSENTEE,10,C,CHARLOTTE-MECKLENBURG SCHOOLS BOARD OF EDUCATION AT-LARGE,Tigress Sydney Acute McDaniel, ,3,0,0,121,0,121,N
31259,MECKLENBURG,11/7/23,PROVISIONAL,10,C,CHARLOTTE-MECKLENBURG SCHOOLS BOARD OF EDUCATION AT-LARGE,Annette Albright, ,3,0,0,0,44,44,N
31260,MECKLENBURG,11/7/23,PROVISIONAL,10,C,CHARLOTTE-MECKLENBURG SCHOOLS BOARD OF EDUCATION AT-LARGE,Bill Fountain, ,3,0,0,0,39,39,N
31261,MECKLENBURG,11/7/23,PROVISIONAL,10,C,CHARLOTTE-MECKLENBURG SCHOOLS BOARD OF EDUCATION AT-LARGE,Brian Kasher, ,3,0,0,0,21,21,N
31262,MECKLENBURG,11/7/23,PROVISIONAL,10,C,CHARLOTTE-MECKLENBURG SCHOOLS BOARD OF EDUCATION AT-LARGE,Claire Covington, ,3,0,0,0,48,48,N
31263,MECKLENBURG,11/7/23,PROVISIONAL,10,C,CHARLOTTE-MECKLENBURG SCHOOLS BOARD OF EDUCATION AT-LARGE,Clara Kennedy Witherspoon, ,3,0,0,0,27,27,N
31264,MECKLENBURG,11/7/23,PROVISIONAL,10,C,CHARLOTTE-MECKLENBURG SCHOOLS BOARD OF EDUCATION AT-LARGE,Juanrique Pallamente Hall, ,3,0,0,0,12,12,N
31265,MECKLENBURG,11/7/23,PROVISIONAL,10,C,CHARLOTTE-MECKLENBURG SCHOOLS BOARD OF EDUCATION AT-LARGE,Lenora Shipp, ,3,0,0,0,67,67,N
31266,MECKLENBURG,11/7/23,PROVISIONAL,10,C,CHARLOTTE-MECKLENBURG SCHOOLS BOARD OF EDUCATION AT-LARGE,Liz Monterrey, ,3,0,0,0,52,52,N
31267,MECKLENBURG,11/7/23,PROVISIONAL,10,C,CHARLOTTE-MECKLENBURG SCHOOLS BOARD OF EDUCATION AT-LARGE,Michael Johnson, ,3,0,0,0,40,40,N
31268,MECKLENBURG,11/7/23,PROVISIONAL,10,C,CHARLOTTE-MECKLENBURG SCHOOLS BOARD OF EDUCATION AT-LARGE,Monty Witherspoon, ,3,0,0,0,46,46,N
31269,MECKLENBURG,11/7/23,PROVISIONAL,10,C,CHARLOTTE-MECKLENBURG SCHOOLS BOARD OF EDUCATION AT-LARGE,Omar Harris, ,3,0,0,0,24,24,N
31270,MECKLENBURG,11/7/23,PROVISIONAL,10,C,CHARLOTTE-MECKLENBURG SCHOOLS BOARD OF EDUCATION AT-LARGE,Peggy A. Capehart, ,3,0,0,0,11,11,N
31272,MECKLENBURG,11/7/23,PROVISIONAL,10,C,CHARLOTTE-MECKLENBURG SCHOOLS BOARD OF EDUCATION AT-LARGE,Shamaiye Haynes, ,3,0,0,0,41,41,N
31274,MECKLENBURG,11/7/23,PROVISIONAL,10,C,CHARLOTTE-MECKLENBURG SCHOOLS BOARD OF EDUCATION AT-LARGE,Tigress Sydney Acute McDaniel, ,3,0,0,0,14,14,N
