,County,Election Date,Precinct,Contest Group ID,Contest Type,Contest Name,Choice,Choice Party,Vote For,Election Day,One Stop,Absentee by Mail,Provisional,Total Votes,Real Precinct
2913,MECKLENBURG,11/7/23,1,2,C,CITY OF CHARLOTTE CITY COUNCIL AT-LARGE,Dimple Ajmera,DEM,4,233,89,0,0,322,Y
2915,MECKLENBURG,11/7/23,1,2,C,CITY OF CHARLOTTE CITY COUNCIL AT-LARGE,"James (Smuggie) Mitchell, Jr.",DEM,4,230,80,0,0,310,Y
2921,MECKLENBURG,11/7/23,1,2,C,CITY OF CHARLOTTE CITY COUNCIL AT-LARGE,LaWana Slack-Mayfield,DEM,4,196,75,0,0,271,Y
2927,MECKLENBURG,11/7/23,1,2,C,CITY OF CHARLOTTE CITY COUNCIL AT-LARGE,Steven J. DiFiore II,LIB,4,130,39,0,0,169,Y
2929,MECKLENBURG,11/7/23,1,2,C,CITY OF CHARLOTTE CITY COUNCIL AT-LARGE,Victoria Watlington,DEM,4,228,88,0,0,316,Y
2955,MECKLENBURG,11/7/23,64,2,C,CITY OF CHARLOTTE CITY COUNCIL AT-LARGE,Dimple Ajmera,DEM,4,123,54,0,0,177,Y
2957,MECKLENBURG,11/7/23,64,2,C,CITY OF CHARLOTTE CITY COUNCIL AT-LARGE,"James (Smuggie) Mitchell, Jr.",DEM,4,115,46,0,0,161,Y
2963,MECKLENBURG,11/7/23,64,2,C,CITY OF CHARLOTTE CITY COUNCIL AT-LARGE,LaWana Slack-Mayfield,DEM,4,113,50,0,0,163,Y
2969,MECKLENBURG,11/7/23,64,2,C,CITY OF CHARLOTTE CITY COUNCIL AT-LARGE,Steven J. DiFiore II,LIB,4,58,17,0,0,75,Y
2971,MECKLENBURG,11/7/23,64,2,C,CITY OF CHARLOTTE CITY COUNCIL AT-LARGE,Victoria Watlington,DEM,4,126,58,0,0,184,Y
3004,MECKLENBURG,11/7/23,65,2,C,CITY OF CHARLOTTE CITY COUNCIL AT-LARGE,Dimple Ajmera,DEM,4,225,90,0,0,315,Y
3006,MECKLENBURG,11/7/23,65,2,C,CITY OF CHARLOTTE CITY COUNCIL AT-LARGE,"James (Smuggie) Mitchell, Jr.",DEM,4,211,80,0,0,291,Y
3012,MECKLENBURG,11/7/23,65,2,C,CITY OF CHARLOTTE CITY COUNCIL AT-LARGE,LaWana Slack-Mayfield,DEM,4,203,85,0,0,288,Y
3018,MECKLENBURG,11/7/23,65,2,C,CITY OF CHARLOTTE CITY COUNCIL AT-LARGE,Steven J. DiFiore II,LIB,4,105,20,0,0,125,Y
3020,MECKLENBURG,11/7/23,65,2,C,CITY OF CHARLOTTE CITY COUNCIL AT-LARGE,Victoria Watlington,DEM,4,229,92,0,0,321,Y
3054,MECKLENBURG,11/7/23,66,2,C,CITY OF CHARLOTTE CITY COUNCIL AT-LARGE,Dimple Ajmera,DEM,4,226,70,0,0,296,Y
3056,MECKLENBURG,11/7/23,66,2,C,CITY OF CHARLOTTE CITY COUNCIL AT-LARGE,"James (Smuggie) Mitchell, Jr.",DEM,4,209,67,0,0,276,Y
3062,MECKLENBURG,11/7/23,66,2,C,CITY OF CHARLOTTE CITY COUNCIL AT-LARGE,LaWana Slack-Mayfield,DEM,4,193,65,0,0,258,Y
3068,MECKLENBURG,11/7/23,66,2,C,CITY OF CHARLOTTE CITY COUNCIL AT-LARGE,Steven J. DiFiore II,LIB,4,99,22,0,0,121,Y
3070,MECKLENBURG,11/7/23,66,2,C,CITY OF CHARLOTTE CITY COUNCIL AT-LARGE,Victoria Watlington,DEM,4,232,72,0,0,304,Y
3103,MECKLENBURG,11/7/23,67,2,C,CITY OF CHARLOTTE CITY COUNCIL AT-LARGE,Dimple Ajmera,DEM,4,189,133,0,0,322,Y
3105,MECKLENBURG,11/7/23,67,2,C,CITY OF CHARLOTTE CITY COUNCIL AT-LARGE,"James (Smuggie) Mitchell, Jr.",DEM,4,173,116,0,0,289,Y
3111,MECKLENBURG,11/7/23,67,2,C,CITY OF CHARLOTTE CITY COUNCIL AT-LARGE,LaWana Slack-Mayfield,DEM,4,172,119,0,0,291,Y
3117,MECKLENBURG,11/7/23,67,2,C,CITY OF CHARLOTTE CITY COUNCIL AT-LARGE,Steven J. DiFiore II,LIB,4,149,50,0,0,199,Y
3119,MECKLENBURG,11/7/23,67,2,C,CITY OF CHARLOTTE CITY COUNCIL AT-LARGE,Victoria Watlington,DEM,4,191,137,0,0,328,Y
3153,MECKLENBURG,11/7/23,68,2,C,CITY OF CHARLOTTE CITY COUNCIL AT-LARGE,Dimple Ajmera,DEM,4,130,82,0,0,212,Y
3155,MECKLENBURG,11/7/23,68,2,C,CITY OF CHARLOTTE CITY COUNCIL AT-LARGE,"James (Smuggie) Mitchell, Jr.",DEM,4,124,74,0,0,198,Y
3161,MECKLENBURG,11/7/23,68,2,C,CITY OF CHARLOTTE CITY COUNCIL AT-LARGE,LaWana Slack-Mayfield,DEM,4,114,74,0,0,188,Y
3167,MECKLENBURG,11/7/23,68,2,C,CITY OF CHARLOTTE CITY COUNCIL AT-LARGE,Steven J. DiFiore II,LIB,4,85,16,0,0,101,Y
3169,MECKLENBURG,11/7/23,68,2,C,CITY OF CHARLOTTE CITY COUNCIL AT-LARGE,Victoria Watlington,DEM,4,136,81,0,0,217,Y
3203,MECKLENBURG,11/7/23,69,2,C,CITY OF CHARLOTTE CITY COUNCIL AT-LARGE,Dimple Ajmera,DEM,4,422,196,0,0,618,Y
3205,MECKLENBURG,11/7/23,69,2,C,CITY OF CHARLOTTE CITY COUNCIL AT-LARGE,"James (Smuggie) Mitchell, Jr.",DEM,4,412,171,0,0,583,Y
3211,MECKLENBURG,11/7/23,69,2,C,CITY OF CHARLOTTE CITY COUNCIL AT-LARGE,LaWana Slack-Mayfield,DEM,4,366,167,0,0,533,Y
3217,MECKLENBURG,11/7/23,69,2,C,CITY OF CHARLOTTE CITY COUNCIL AT-LARGE,Steven J. DiFiore II,LIB,4,281,106,0,0,387,Y
3219,MECKLENBURG,11/7/23,69,2,C,CITY OF CHARLOTTE CITY COUNCIL AT-LARGE,Victoria Watlington,DEM,4,420,195,0,0,615,Y
3253,MECKLENBURG,11/7/23,70,2,C,CITY OF CHARLOTTE CITY COUNCIL AT-LARGE,Dimple Ajmera,DEM,4,298,201,0,0,499,Y
3255,MECKLENBURG,11/7/23,70,2,C,CITY OF CHARLOTTE CITY COUNCIL AT-LARGE,"James (Smuggie) Mitchell, Jr.",DEM,4,310,179,0,0,489,Y
3261,MECKLENBURG,11/7/23,70,2,C,CITY OF CHARLOTTE CITY COUNCIL AT-LARGE,LaWana Slack-Mayfield,DEM,4,269,171,0,0,440,Y
3267,MECKLENBURG,11/7/23,70,2,C,CITY OF CHARLOTTE CITY COUNCIL AT-LARGE,Steven J. DiFiore II,LIB,4,202,69,0,0,271,Y
3269,MECKLENBURG,11/7/23,70,2,C,CITY OF CHARLOTTE CITY COUNCIL AT-LARGE,Victoria Watlington,DEM,4,307,188,0,0,495,Y
3303,MECKLENBURG,11/7/23,71,2,C,CITY OF CHARLOTTE CITY COUNCIL AT-LARGE,Dimple Ajmera,DEM,4,215,91,0,0,306,Y
3305,MECKLENBURG,11/7/23,71,2,C,CITY OF CHARLOTTE CITY COUNCIL AT-LARGE,"James (Smuggie) Mitchell, Jr.",DEM,4,209,76,0,0,285,Y
3311,MECKLENBURG,11/7/23,71,2,C,CITY OF CHARLOTTE CITY COUNCIL AT-LARGE,LaWana Slack-Mayfield,DEM,4,169,83,0,0,252,Y
3317,MECKLENBURG,11/7/23,71,2,C,CITY OF CHARLOTTE CITY COUNCIL AT-LARGE,Steven J. DiFiore II,LIB,4,161,66,0,0,227,Y
3319,MECKLENBURG,11/7/23,71,2,C,CITY OF CHARLOTTE CITY COUNCIL AT-LARGE,Victoria Watlington,DEM,4,210,90,0,0,300,Y
3353,MECKLENBURG,11/7/23,72,2,C,CITY OF CHARLOTTE CITY COUNCIL AT-LARGE,Dimple Ajmera,DEM,4,207,106,0,0,313,Y
3355,MECKLENBURG,11/7/23,72,2,C,CITY OF CHARLOTTE CITY COUNCIL AT-LARGE,"James (Smuggie) Mitchell, Jr.",DEM,4,182,95,0,0,277,Y
3361,MECKLENBURG,11/7/23,72,2,C,CITY OF CHARLOTTE CITY COUNCIL AT-LARGE,LaWana Slack-Mayfield,DEM,4,171,95,0,0,266,Y
3367,MECKLENBURG,11/7/23,72,2,C,CITY OF CHARLOTTE CITY COUNCIL AT-LARGE,Steven J. DiFiore II,LIB,4,156,33,0,0,189,Y
3369,MECKLENBURG,11/7/23,72,2,C,CITY OF CHARLOTTE CITY COUNCIL AT-LARGE,Victoria Watlington,DEM,4,202,105,0,0,307,Y
3404,MECKLENBURG,11/7/23,137,2,C,CITY OF CHARLOTTE CITY COUNCIL AT-LARGE,Dimple Ajmera,DEM,4,405,154,0,0,559,Y
3406,MECKLENBURG,11/7/23,137,2,C,CITY OF CHARLOTTE CITY COUNCIL AT-LARGE,"James (Smuggie) Mitchell, Jr.",DEM,4,363,147,0,0,510,Y
3412,MECKLENBURG,11/7/23,137,2,C,CITY OF CHARLOTTE CITY COUNCIL AT-LARGE,LaWana Slack-Mayfield,DEM,4,333,144,0,0,477,Y
3418,MECKLENBURG,11/7/23,137,2,C,CITY OF CHARLOTTE CITY COUNCIL AT-LARGE,Steven J. DiFiore II,LIB,4,276,72,0,0,348,Y
3420,MECKLENBURG,11/7/23,137,2,C,CITY OF CHARLOTTE CITY COUNCIL AT-LARGE,Victoria Watlington,DEM,4,387,155,0,0,542,Y
3454,MECKLENBURG,11/7/23,138,2,C,CITY OF CHARLOTTE CITY COUNCIL AT-LARGE,Dimple Ajmera,DEM,4,150,103,0,0,253,Y
3456,MECKLENBURG,11/7/23,138,2,C,CITY OF CHARLOTTE CITY COUNCIL AT-LARGE,"James (Smuggie) Mitchell, Jr.",DEM,4,150,98,0,0,248,Y
3462,MECKLENBURG,11/7/23,138,2,C,CITY OF CHARLOTTE CITY COUNCIL AT-LARGE,LaWana Slack-Mayfield,DEM,4,145,97,0,0,242,Y
3468,MECKLENBURG,11/7/23,138,2,C,CITY OF CHARLOTTE CITY COUNCIL AT-LARGE,Steven J. DiFiore II,LIB,4,34,18,0,0,52,Y
3470,MECKLENBURG,11/7/23,138,2,C,CITY OF CHARLOTTE CITY COUNCIL AT-LARGE,Victoria Watlington,DEM,4,150,101,0,0,251,Y
3504,MECKLENBURG,11/7/23,139.1,2,C,CITY OF CHARLOTTE CITY COUNCIL AT-LARGE,Dimple Ajmera,DEM,4,220,118,0,0,338,Y
3506,MECKLENBURG,11/7/23,139.1,2,C,CITY OF CHARLOTTE CITY COUNCIL AT-LARGE,"James (Smuggie) Mitchell, Jr.",DEM,4,206,111,0,0,317,Y
3512,MECKLENBURG,11/7/23,139.1,2,C,CITY OF CHARLOTTE CITY COUNCIL AT-LARGE,LaWana Slack-Mayfield,DEM,4,196,112,0,0,308,Y
3518,MECKLENBURG,11/7/23,139.1,2,C,CITY OF CHARLOTTE CITY COUNCIL AT-LARGE,Steven J. DiFiore II,LIB,4,126,50,0,0,176,Y
3520,MECKLENBURG,11/7/23,139.1,2,C,CITY OF CHARLOTTE CITY COUNCIL AT-LARGE,Victoria Watlington,DEM,4,213,120,0,0,333,Y
3554,MECKLENBURG,11/7/23,140,2,C,CITY OF CHARLOTTE CITY COUNCIL AT-LARGE,Dimple Ajmera,DEM,4,259,233,0,0,492,Y
3556,MECKLENBURG,11/7/23,140,2,C,CITY OF CHARLOTTE CITY COUNCIL AT-LARGE,"James (Smuggie) Mitchell, Jr.",DEM,4,241,230,0,0,471,Y
3562,MECKLENBURG,11/7/23,140,2,C,CITY OF CHARLOTTE CITY COUNCIL AT-LARGE,LaWana Slack-Mayfield,DEM,4,231,212,0,0,443,Y
3568,MECKLENBURG,11/7/23,140,2,C,CITY OF CHARLOTTE CITY COUNCIL AT-LARGE,Steven J. DiFiore II,LIB,4,160,122,0,0,282,Y
3570,MECKLENBURG,11/7/23,140,2,C,CITY OF CHARLOTTE CITY COUNCIL AT-LARGE,Victoria Watlington,DEM,4,262,240,0,0,502,Y
3604,MECKLENBURG,11/7/23,141,2,C,CITY OF CHARLOTTE CITY COUNCIL AT-LARGE,Dimple Ajmera,DEM,4,45,16,0,0,61,Y
3606,MECKLENBURG,11/7/23,141,2,C,CITY OF CHARLOTTE CITY COUNCIL AT-LARGE,"James (Smuggie) Mitchell, Jr.",DEM,4,46,15,0,0,61,Y
3612,MECKLENBURG,11/7/23,141,2,C,CITY OF CHARLOTTE CITY COUNCIL AT-LARGE,LaWana Slack-Mayfield,DEM,4,47,16,0,0,63,Y
3618,MECKLENBURG,11/7/23,141,2,C,CITY OF CHARLOTTE CITY COUNCIL AT-LARGE,Steven J. DiFiore II,LIB,4,19,1,0,0,20,Y
3620,MECKLENBURG,11/7/23,141,2,C,CITY OF CHARLOTTE CITY COUNCIL AT-LARGE,Victoria Watlington,DEM,4,45,15,0,0,60,Y
3743,MECKLENBURG,11/7/23,144,2,C,CITY OF CHARLOTTE CITY COUNCIL AT-LARGE,Dimple Ajmera,DEM,4,249,218,0,0,467,Y
3745,MECKLENBURG,11/7/23,144,2,C,CITY OF CHARLOTTE CITY COUNCIL AT-LARGE,"James (Smuggie) Mitchell, Jr.",DEM,4,230,203,0,0,433,Y
3751,MECKLENBURG,11/7/23,144,2,C,CITY OF CHARLOTTE CITY COUNCIL AT-LARGE,LaWana Slack-Mayfield,DEM,4,210,194,0,0,404,Y
3757,MECKLENBURG,11/7/23,144,2,C,CITY OF CHARLOTTE CITY COUNCIL AT-LARGE,Steven J. DiFiore II,LIB,4,176,80,0,0,256,Y
3759,MECKLENBURG,11/7/23,144,2,C,CITY OF CHARLOTTE CITY COUNCIL AT-LARGE,Victoria Watlington,DEM,4,244,211,0,0,455,Y
3793,MECKLENBURG,11/7/23,145,2,C,CITY OF CHARLOTTE CITY COUNCIL AT-LARGE,Dimple Ajmera,DEM,4,800,434,0,0,1234,Y
3795,MECKLENBURG,11/7/23,145,2,C,CITY OF CHARLOTTE CITY COUNCIL AT-LARGE,"James (Smuggie) Mitchell, Jr.",DEM,4,769,418,0,0,1187,Y
3801,MECKLENBURG,11/7/23,145,2,C,CITY OF CHARLOTTE CITY COUNCIL AT-LARGE,LaWana Slack-Mayfield,DEM,4,754,418,0,0,1172,Y
3807,MECKLENBURG,11/7/23,145,2,C,CITY OF CHARLOTTE CITY COUNCIL AT-LARGE,Steven J. DiFiore II,LIB,4,271,57,0,0,328,Y
3809,MECKLENBURG,11/7/23,145,2,C,CITY OF CHARLOTTE CITY COUNCIL AT-LARGE,Victoria Watlington,DEM,4,797,436,0,0,1233,Y
7281,MECKLENBURG,11/7/23,55,2,C,CITY OF CHARLOTTE CITY COUNCIL AT-LARGE,Dimple Ajmera,DEM,4,137,92,0,0,229,Y
7283,MECKLENBURG,11/7/23,55,2,C,CITY OF CHARLOTTE CITY COUNCIL AT-LARGE,"James (Smuggie) Mitchell, Jr.",DEM,4,143,99,0,0,242,Y
7289,MECKLENBURG,11/7/23,55,2,C,CITY OF CHARLOTTE CITY COUNCIL AT-LARGE,LaWana Slack-Mayfield,DEM,4,139,92,0,0,231,Y
7295,MECKLENBURG,11/7/23,55,2,C,CITY OF CHARLOTTE CITY COUNCIL AT-LARGE,Steven J. DiFiore II,LIB,4,17,3,0,0,20,Y
7297,MECKLENBURG,11/7/23,55,2,C,CITY OF CHARLOTTE CITY COUNCIL AT-LARGE,Victoria Watlington,DEM,4,136,91,0,0,227,Y
7330,MECKLENBURG,11/7/23,56,2,C,CITY OF CHARLOTTE CITY COUNCIL AT-LARGE,Dimple Ajmera,DEM,4,95,41,0,0,136,Y
7332,MECKLENBURG,11/7/23,56,2,C,CITY OF CHARLOTTE CITY COUNCIL AT-LARGE,"James (Smuggie) Mitchell, Jr.",DEM,4,96,47,0,0,143,Y
7338,MECKLENBURG,11/7/23,56,2,C,CITY OF CHARLOTTE CITY COUNCIL AT-LARGE,LaWana Slack-Mayfield,DEM,4,96,42,0,0,138,Y
7344,MECKLENBURG,11/7/23,56,2,C,CITY OF CHARLOTTE CITY COUNCIL AT-LARGE,Steven J. DiFiore II,LIB,4,18,8,0,0,26,Y
7346,MECKLENBURG,11/7/23,56,2,C,CITY OF CHARLOTTE CITY COUNCIL AT-LARGE,Victoria Watlington,DEM,4,95,47,0,0,142,Y
7381,MECKLENBURG,11/7/23,57,2,C,CITY OF CHARLOTTE CITY COUNCIL AT-LARGE,Dimple Ajmera,DEM,4,264,228,0,0,492,Y
7383,MECKLENBURG,11/7/23,57,2,C,CITY OF CHARLOTTE CITY COUNCIL AT-LARGE,"James (Smuggie) Mitchell, Jr.",DEM,4,264,203,0,0,467,Y
7389,MECKLENBURG,11/7/23,57,2,C,CITY OF CHARLOTTE CITY COUNCIL AT-LARGE,LaWana Slack-Mayfield,DEM,4,239,201,0,0,440,Y
7395,MECKLENBURG,11/7/23,57,2,C,CITY OF CHARLOTTE CITY COUNCIL AT-LARGE,Steven J. DiFiore II,LIB,4,153,78,0,0,231,Y
7397,MECKLENBURG,11/7/23,57,2,C,CITY OF CHARLOTTE CITY COUNCIL AT-LARGE,Victoria Watlington,DEM,4,257,225,0,0,482,Y
7431,MECKLENBURG,11/7/23,58,2,C,CITY OF CHARLOTTE CITY COUNCIL AT-LARGE,Dimple Ajmera,DEM,4,217,111,0,0,328,Y
7433,MECKLENBURG,11/7/23,58,2,C,CITY OF CHARLOTTE CITY COUNCIL AT-LARGE,"James (Smuggie) Mitchell, Jr.",DEM,4,198,104,0,0,302,Y
7439,MECKLENBURG,11/7/23,58,2,C,CITY OF CHARLOTTE CITY COUNCIL AT-LARGE,LaWana Slack-Mayfield,DEM,4,205,105,0,0,310,Y
7445,MECKLENBURG,11/7/23,58,2,C,CITY OF CHARLOTTE CITY COUNCIL AT-LARGE,Steven J. DiFiore II,LIB,4,104,37,0,0,141,Y
7447,MECKLENBURG,11/7/23,58,2,C,CITY OF CHARLOTTE CITY COUNCIL AT-LARGE,Victoria Watlington,DEM,4,221,116,0,0,337,Y
7481,MECKLENBURG,11/7/23,59,2,C,CITY OF CHARLOTTE CITY COUNCIL AT-LARGE,Dimple Ajmera,DEM,4,174,77,0,0,251,Y
7483,MECKLENBURG,11/7/23,59,2,C,CITY OF CHARLOTTE CITY COUNCIL AT-LARGE,"James (Smuggie) Mitchell, Jr.",DEM,4,167,66,0,0,233,Y
7489,MECKLENBURG,11/7/23,59,2,C,CITY OF CHARLOTTE CITY COUNCIL AT-LARGE,LaWana Slack-Mayfield,DEM,4,169,66,0,0,235,Y
7495,MECKLENBURG,11/7/23,59,2,C,CITY OF CHARLOTTE CITY COUNCIL AT-LARGE,Steven J. DiFiore II,LIB,4,92,28,0,0,120,Y
7497,MECKLENBURG,11/7/23,59,2,C,CITY OF CHARLOTTE CITY COUNCIL AT-LARGE,Victoria Watlington,DEM,4,187,77,0,0,264,Y
7531,MECKLENBURG,11/7/23,60,2,C,CITY OF CHARLOTTE CITY COUNCIL AT-LARGE,Dimple Ajmera,DEM,4,158,169,0,0,327,Y
7533,MECKLENBURG,11/7/23,60,2,C,CITY OF CHARLOTTE CITY COUNCIL AT-LARGE,"James (Smuggie) Mitchell, Jr.",DEM,4,170,170,0,0,340,Y
7539,MECKLENBURG,11/7/23,60,2,C,CITY OF CHARLOTTE CITY COUNCIL AT-LARGE,LaWana Slack-Mayfield,DEM,4,170,172,0,0,342,Y
7545,MECKLENBURG,11/7/23,60,2,C,CITY OF CHARLOTTE CITY COUNCIL AT-LARGE,Steven J. DiFiore II,LIB,4,34,20,0,0,54,Y
7547,MECKLENBURG,11/7/23,60,2,C,CITY OF CHARLOTTE CITY COUNCIL AT-LARGE,Victoria Watlington,DEM,4,164,170,0,0,334,Y
7582,MECKLENBURG,11/7/23,61,2,C,CITY OF CHARLOTTE CITY COUNCIL AT-LARGE,Dimple Ajmera,DEM,4,204,110,0,0,314,Y
7584,MECKLENBURG,11/7/23,61,2,C,CITY OF CHARLOTTE CITY COUNCIL AT-LARGE,"James (Smuggie) Mitchell, Jr.",DEM,4,201,113,0,0,314,Y
7590,MECKLENBURG,11/7/23,61,2,C,CITY OF CHARLOTTE CITY COUNCIL AT-LARGE,LaWana Slack-Mayfield,DEM,4,195,110,0,0,305,Y
7596,MECKLENBURG,11/7/23,61,2,C,CITY OF CHARLOTTE CITY COUNCIL AT-LARGE,Steven J. DiFiore II,LIB,4,54,14,0,0,68,Y
7598,MECKLENBURG,11/7/23,61,2,C,CITY OF CHARLOTTE CITY COUNCIL AT-LARGE,Victoria Watlington,DEM,4,208,110,0,0,318,Y
7633,MECKLENBURG,11/7/23,62,2,C,CITY OF CHARLOTTE CITY COUNCIL AT-LARGE,Dimple Ajmera,DEM,4,129,73,0,0,202,Y
7635,MECKLENBURG,11/7/23,62,2,C,CITY OF CHARLOTTE CITY COUNCIL AT-LARGE,"James (Smuggie) Mitchell, Jr.",DEM,4,122,65,0,0,187,Y
7641,MECKLENBURG,11/7/23,62,2,C,CITY OF CHARLOTTE CITY COUNCIL AT-LARGE,LaWana Slack-Mayfield,DEM,4,127,70,0,0,197,Y
7647,MECKLENBURG,11/7/23,62,2,C,CITY OF CHARLOTTE CITY COUNCIL AT-LARGE,Steven J. DiFiore II,LIB,4,26,12,0,0,38,Y
7649,MECKLENBURG,11/7/23,62,2,C,CITY OF CHARLOTTE CITY COUNCIL AT-LARGE,Victoria Watlington,DEM,4,131,66,0,0,197,Y
7682,MECKLENBURG,11/7/23,63,2,C,CITY OF CHARLOTTE CITY COUNCIL AT-LARGE,Dimple Ajmera,DEM,4,119,74,0,0,193,Y
7684,MECKLENBURG,11/7/23,63,2,C,CITY OF CHARLOTTE CITY COUNCIL AT-LARGE,"James (Smuggie) Mitchell, Jr.",DEM,4,111,76,0,0,187,Y
7690,MECKLENBURG,11/7/23,63,2,C,CITY OF CHARLOTTE CITY COUNCIL AT-LARGE,LaWana Slack-Mayfield,DEM,4,114,70,0,0,184,Y
7696,MECKLENBURG,11/7/23,63,2,C,CITY OF CHARLOTTE CITY COUNCIL AT-LARGE,Steven J. DiFiore II,LIB,4,32,18,0,0,50,Y
7698,MECKLENBURG,11/7/23,63,2,C,CITY OF CHARLOTTE CITY COUNCIL AT-LARGE,Victoria Watlington,DEM,4,116,74,0,0,190,Y
7777,MECKLENBURG,11/7/23,128,2,C,CITY OF CHARLOTTE CITY COUNCIL AT-LARGE,Dimple Ajmera,DEM,4,303,166,0,0,469,Y
7779,MECKLENBURG,11/7/23,128,2,C,CITY OF CHARLOTTE CITY COUNCIL AT-LARGE,"James (Smuggie) Mitchell, Jr.",DEM,4,274,154,0,0,428,Y
7785,MECKLENBURG,11/7/23,128,2,C,CITY OF CHARLOTTE CITY COUNCIL AT-LARGE,LaWana Slack-Mayfield,DEM,4,282,161,0,0,443,Y
7791,MECKLENBURG,11/7/23,128,2,C,CITY OF CHARLOTTE CITY COUNCIL AT-LARGE,Steven J. DiFiore II,LIB,4,113,34,0,0,147,Y
7793,MECKLENBURG,11/7/23,128,2,C,CITY OF CHARLOTTE CITY COUNCIL AT-LARGE,Victoria Watlington,DEM,4,302,164,0,0,466,Y
7853,MECKLENBURG,11/7/23,130,2,C,CITY OF CHARLOTTE CITY COUNCIL AT-LARGE,Dimple Ajmera,DEM,4,136,58,0,0,194,Y
7855,MECKLENBURG,11/7/23,130,2,C,CITY OF CHARLOTTE CITY COUNCIL AT-LARGE,"James (Smuggie) Mitchell, Jr.",DEM,4,130,55,0,0,185,Y
7861,MECKLENBURG,11/7/23,130,2,C,CITY OF CHARLOTTE CITY COUNCIL AT-LARGE,LaWana Slack-Mayfield,DEM,4,131,58,0,0,189,Y
7867,MECKLENBURG,11/7/23,130,2,C,CITY OF CHARLOTTE CITY COUNCIL AT-LARGE,Steven J. DiFiore II,LIB,4,42,18,0,0,60,Y
7869,MECKLENBURG,11/7/23,130,2,C,CITY OF CHARLOTTE CITY COUNCIL AT-LARGE,Victoria Watlington,DEM,4,137,58,0,0,195,Y
7902,MECKLENBURG,11/7/23,131,2,C,CITY OF CHARLOTTE CITY COUNCIL AT-LARGE,Dimple Ajmera,DEM,4,182,110,0,0,292,Y
7904,MECKLENBURG,11/7/23,131,2,C,CITY OF CHARLOTTE CITY COUNCIL AT-LARGE,"James (Smuggie) Mitchell, Jr.",DEM,4,168,97,0,0,265,Y
7910,MECKLENBURG,11/7/23,131,2,C,CITY OF CHARLOTTE CITY COUNCIL AT-LARGE,LaWana Slack-Mayfield,DEM,4,158,100,0,0,258,Y
7916,MECKLENBURG,11/7/23,131,2,C,CITY OF CHARLOTTE CITY COUNCIL AT-LARGE,Steven J. DiFiore II,LIB,4,125,57,0,0,182,Y
7918,MECKLENBURG,11/7/23,131,2,C,CITY OF CHARLOTTE CITY COUNCIL AT-LARGE,Victoria Watlington,DEM,4,186,110,0,0,296,Y
7952,MECKLENBURG,11/7/23,132,2,C,CITY OF CHARLOTTE CITY COUNCIL AT-LARGE,Dimple Ajmera,DEM,4,176,100,0,0,276,Y
7954,MECKLENBURG,11/7/23,132,2,C,CITY OF CHARLOTTE CITY COUNCIL AT-LARGE,"James (Smuggie) Mitchell, Jr.",DEM,4,180,99,0,0,279,Y
7960,MECKLENBURG,11/7/23,132,2,C,CITY OF CHARLOTTE CITY COUNCIL AT-LARGE,LaWana Slack-Mayfield,DEM,4,173,94,0,0,267,Y
7966,MECKLENBURG,11/7/23,132,2,C,CITY OF CHARLOTTE CITY COUNCIL AT-LARGE,Steven J. DiFiore II,LIB,4,51,17,0,0,68,Y
7968,MECKLENBURG,11/7/23,132,2,C,CITY OF CHARLOTTE CITY COUNCIL AT-LARGE,Victoria Watlington,DEM,4,177,92,0,0,269,Y
8091,MECKLENBURG,11/7/23,135,2,C,CITY OF CHARLOTTE CITY COUNCIL AT-LARGE,Dimple Ajmera,DEM,4,442,239,0,0,681,Y
8093,MECKLENBURG,11/7/23,135,2,C,CITY OF CHARLOTTE CITY COUNCIL AT-LARGE,"James (Smuggie) Mitchell, Jr.",DEM,4,449,241,0,0,690,Y
8099,MECKLENBURG,11/7/23,135,2,C,CITY OF CHARLOTTE CITY COUNCIL AT-LARGE,LaWana Slack-Mayfield,DEM,4,448,233,0,0,681,Y
8105,MECKLENBURG,11/7/23,135,2,C,CITY OF CHARLOTTE CITY COUNCIL AT-LARGE,Steven J. DiFiore II,LIB,4,73,28,0,0,101,Y
8107,MECKLENBURG,11/7/23,135,2,C,CITY OF CHARLOTTE CITY COUNCIL AT-LARGE,Victoria Watlington,DEM,4,444,231,0,0,675,Y
8684,MECKLENBURG,11/7/23,2,2,C,CITY OF CHARLOTTE CITY COUNCIL AT-LARGE,Dimple Ajmera,DEM,4,372,114,0,0,486,Y
8686,MECKLENBURG,11/7/23,2,2,C,CITY OF CHARLOTTE CITY COUNCIL AT-LARGE,"James (Smuggie) Mitchell, Jr.",DEM,4,328,91,0,0,419,Y
8692,MECKLENBURG,11/7/23,2,2,C,CITY OF CHARLOTTE CITY COUNCIL AT-LARGE,LaWana Slack-Mayfield,DEM,4,325,90,0,0,415,Y
8698,MECKLENBURG,11/7/23,2,2,C,CITY OF CHARLOTTE CITY COUNCIL AT-LARGE,Steven J. DiFiore II,LIB,4,113,17,0,0,130,Y
8700,MECKLENBURG,11/7/23,2,2,C,CITY OF CHARLOTTE CITY COUNCIL AT-LARGE,Victoria Watlington,DEM,4,364,108,0,0,472,Y
8735,MECKLENBURG,11/7/23,3,2,C,CITY OF CHARLOTTE CITY COUNCIL AT-LARGE,Dimple Ajmera,DEM,4,147,74,0,0,221,Y
8737,MECKLENBURG,11/7/23,3,2,C,CITY OF CHARLOTTE CITY COUNCIL AT-LARGE,"James (Smuggie) Mitchell, Jr.",DEM,4,153,81,0,0,234,Y
8743,MECKLENBURG,11/7/23,3,2,C,CITY OF CHARLOTTE CITY COUNCIL AT-LARGE,LaWana Slack-Mayfield,DEM,4,149,77,0,0,226,Y
8749,MECKLENBURG,11/7/23,3,2,C,CITY OF CHARLOTTE CITY COUNCIL AT-LARGE,Steven J. DiFiore II,LIB,4,30,6,0,0,36,Y
8751,MECKLENBURG,11/7/23,3,2,C,CITY OF CHARLOTTE CITY COUNCIL AT-LARGE,Victoria Watlington,DEM,4,147,75,0,0,222,Y
8786,MECKLENBURG,11/7/23,4,2,C,CITY OF CHARLOTTE CITY COUNCIL AT-LARGE,Dimple Ajmera,DEM,4,212,54,0,0,266,Y
8788,MECKLENBURG,11/7/23,4,2,C,CITY OF CHARLOTTE CITY COUNCIL AT-LARGE,"James (Smuggie) Mitchell, Jr.",DEM,4,203,51,0,0,254,Y
8794,MECKLENBURG,11/7/23,4,2,C,CITY OF CHARLOTTE CITY COUNCIL AT-LARGE,LaWana Slack-Mayfield,DEM,4,199,52,0,0,251,Y
8800,MECKLENBURG,11/7/23,4,2,C,CITY OF CHARLOTTE CITY COUNCIL AT-LARGE,Steven J. DiFiore II,LIB,4,49,9,0,0,58,Y
8802,MECKLENBURG,11/7/23,4,2,C,CITY OF CHARLOTTE CITY COUNCIL AT-LARGE,Victoria Watlington,DEM,4,209,54,0,0,263,Y
8835,MECKLENBURG,11/7/23,5,2,C,CITY OF CHARLOTTE CITY COUNCIL AT-LARGE,Dimple Ajmera,DEM,4,138,35,0,0,173,Y
8837,MECKLENBURG,11/7/23,5,2,C,CITY OF CHARLOTTE CITY COUNCIL AT-LARGE,"James (Smuggie) Mitchell, Jr.",DEM,4,131,32,0,0,163,Y
8843,MECKLENBURG,11/7/23,5,2,C,CITY OF CHARLOTTE CITY COUNCIL AT-LARGE,LaWana Slack-Mayfield,DEM,4,129,35,0,0,164,Y
8849,MECKLENBURG,11/7/23,5,2,C,CITY OF CHARLOTTE CITY COUNCIL AT-LARGE,Steven J. DiFiore II,LIB,4,44,4,0,0,48,Y
8851,MECKLENBURG,11/7/23,5,2,C,CITY OF CHARLOTTE CITY COUNCIL AT-LARGE,Victoria Watlington,DEM,4,139,35,0,0,174,Y
8884,MECKLENBURG,11/7/23,6,2,C,CITY OF CHARLOTTE CITY COUNCIL AT-LARGE,Dimple Ajmera,DEM,4,138,54,0,0,192,Y
8886,MECKLENBURG,11/7/23,6,2,C,CITY OF CHARLOTTE CITY COUNCIL AT-LARGE,"James (Smuggie) Mitchell, Jr.",DEM,4,137,46,0,0,183,Y
8892,MECKLENBURG,11/7/23,6,2,C,CITY OF CHARLOTTE CITY COUNCIL AT-LARGE,LaWana Slack-Mayfield,DEM,4,132,50,0,0,182,Y
8898,MECKLENBURG,11/7/23,6,2,C,CITY OF CHARLOTTE CITY COUNCIL AT-LARGE,Steven J. DiFiore II,LIB,4,41,10,0,0,51,Y
8900,MECKLENBURG,11/7/23,6,2,C,CITY OF CHARLOTTE CITY COUNCIL AT-LARGE,Victoria Watlington,DEM,4,136,51,0,0,187,Y
8933,MECKLENBURG,11/7/23,7,2,C,CITY OF CHARLOTTE CITY COUNCIL AT-LARGE,Dimple Ajmera,DEM,4,203,66,0,0,269,Y
8935,MECKLENBURG,11/7/23,7,2,C,CITY OF CHARLOTTE CITY COUNCIL AT-LARGE,"James (Smuggie) Mitchell, Jr.",DEM,4,190,65,0,0,255,Y
8941,MECKLENBURG,11/7/23,7,2,C,CITY OF CHARLOTTE CITY COUNCIL AT-LARGE,LaWana Slack-Mayfield,DEM,4,181,72,0,0,253,Y
8947,MECKLENBURG,11/7/23,7,2,C,CITY OF CHARLOTTE CITY COUNCIL AT-LARGE,Steven J. DiFiore II,LIB,4,67,24,0,0,91,Y
8949,MECKLENBURG,11/7/23,7,2,C,CITY OF CHARLOTTE CITY COUNCIL AT-LARGE,Victoria Watlington,DEM,4,198,73,0,0,271,Y
8982,MECKLENBURG,11/7/23,8,2,C,CITY OF CHARLOTTE CITY COUNCIL AT-LARGE,Dimple Ajmera,DEM,4,299,106,0,0,405,Y
8984,MECKLENBURG,11/7/23,8,2,C,CITY OF CHARLOTTE CITY COUNCIL AT-LARGE,"James (Smuggie) Mitchell, Jr.",DEM,4,296,99,0,0,395,Y
8990,MECKLENBURG,11/7/23,8,2,C,CITY OF CHARLOTTE CITY COUNCIL AT-LARGE,LaWana Slack-Mayfield,DEM,4,253,89,0,0,342,Y
8996,MECKLENBURG,11/7/23,8,2,C,CITY OF CHARLOTTE CITY COUNCIL AT-LARGE,Steven J. DiFiore II,LIB,4,210,60,0,0,270,Y
8998,MECKLENBURG,11/7/23,8,2,C,CITY OF CHARLOTTE CITY COUNCIL AT-LARGE,Victoria Watlington,DEM,4,308,105,0,0,413,Y
9032,MECKLENBURG,11/7/23,9,2,C,CITY OF CHARLOTTE CITY COUNCIL AT-LARGE,Dimple Ajmera,DEM,4,449,156,0,0,605,Y
9034,MECKLENBURG,11/7/23,9,2,C,CITY OF CHARLOTTE CITY COUNCIL AT-LARGE,"James (Smuggie) Mitchell, Jr.",DEM,4,418,148,0,0,566,Y
9040,MECKLENBURG,11/7/23,9,2,C,CITY OF CHARLOTTE CITY COUNCIL AT-LARGE,LaWana Slack-Mayfield,DEM,4,392,143,0,0,535,Y
9046,MECKLENBURG,11/7/23,9,2,C,CITY OF CHARLOTTE CITY COUNCIL AT-LARGE,Steven J. DiFiore II,LIB,4,157,26,0,0,183,Y
9048,MECKLENBURG,11/7/23,9,2,C,CITY OF CHARLOTTE CITY COUNCIL AT-LARGE,Victoria Watlington,DEM,4,447,151,0,0,598,Y
9083,MECKLENBURG,11/7/23,10,2,C,CITY OF CHARLOTTE CITY COUNCIL AT-LARGE,Dimple Ajmera,DEM,4,371,114,0,0,485,Y
9085,MECKLENBURG,11/7/23,10,2,C,CITY OF CHARLOTTE CITY COUNCIL AT-LARGE,"James (Smuggie) Mitchell, Jr.",DEM,4,331,97,0,0,428,Y
9091,MECKLENBURG,11/7/23,10,2,C,CITY OF CHARLOTTE CITY COUNCIL AT-LARGE,LaWana Slack-Mayfield,DEM,4,326,102,0,0,428,Y
9097,MECKLENBURG,11/7/23,10,2,C,CITY OF CHARLOTTE CITY COUNCIL AT-LARGE,Steven J. DiFiore II,LIB,4,144,24,0,0,168,Y
9099,MECKLENBURG,11/7/23,10,2,C,CITY OF CHARLOTTE CITY COUNCIL AT-LARGE,Victoria Watlington,DEM,4,366,117,0,0,483,Y
9125,MECKLENBURG,11/7/23,73,2,C,CITY OF CHARLOTTE CITY COUNCIL AT-LARGE,Dimple Ajmera,DEM,4,225,86,0,0,311,Y
9127,MECKLENBURG,11/7/23,73,2,C,CITY OF CHARLOTTE CITY COUNCIL AT-LARGE,"James (Smuggie) Mitchell, Jr.",DEM,4,217,81,0,0,298,Y
9133,MECKLENBURG,11/7/23,73,2,C,CITY OF CHARLOTTE CITY COUNCIL AT-LARGE,LaWana Slack-Mayfield,DEM,4,200,80,0,0,280,Y
9139,MECKLENBURG,11/7/23,73,2,C,CITY OF CHARLOTTE CITY COUNCIL AT-LARGE,Steven J. DiFiore II,LIB,4,136,30,0,0,166,Y
9141,MECKLENBURG,11/7/23,73,2,C,CITY OF CHARLOTTE CITY COUNCIL AT-LARGE,Victoria Watlington,DEM,4,226,90,0,0,316,Y
9175,MECKLENBURG,11/7/23,74,2,C,CITY OF CHARLOTTE CITY COUNCIL AT-LARGE,Dimple Ajmera,DEM,4,260,199,0,0,459,Y
9177,MECKLENBURG,11/7/23,74,2,C,CITY OF CHARLOTTE CITY COUNCIL AT-LARGE,"James (Smuggie) Mitchell, Jr.",DEM,4,240,187,0,0,427,Y
9183,MECKLENBURG,11/7/23,74,2,C,CITY OF CHARLOTTE CITY COUNCIL AT-LARGE,LaWana Slack-Mayfield,DEM,4,219,186,0,0,405,Y
9189,MECKLENBURG,11/7/23,74,2,C,CITY OF CHARLOTTE CITY COUNCIL AT-LARGE,Steven J. DiFiore II,LIB,4,164,100,0,0,264,Y
9191,MECKLENBURG,11/7/23,74,2,C,CITY OF CHARLOTTE CITY COUNCIL AT-LARGE,Victoria Watlington,DEM,4,251,208,0,0,459,Y
9225,MECKLENBURG,11/7/23,75,2,C,CITY OF CHARLOTTE CITY COUNCIL AT-LARGE,Dimple Ajmera,DEM,4,344,261,0,0,605,Y
9227,MECKLENBURG,11/7/23,75,2,C,CITY OF CHARLOTTE CITY COUNCIL AT-LARGE,"James (Smuggie) Mitchell, Jr.",DEM,4,333,238,0,0,571,Y
9233,MECKLENBURG,11/7/23,75,2,C,CITY OF CHARLOTTE CITY COUNCIL AT-LARGE,LaWana Slack-Mayfield,DEM,4,310,225,0,0,535,Y
9239,MECKLENBURG,11/7/23,75,2,C,CITY OF CHARLOTTE CITY COUNCIL AT-LARGE,Steven J. DiFiore II,LIB,4,283,101,0,0,384,Y
9241,MECKLENBURG,11/7/23,75,2,C,CITY OF CHARLOTTE CITY COUNCIL AT-LARGE,Victoria Watlington,DEM,4,358,253,0,0,611,Y
9275,MECKLENBURG,11/7/23,76,2,C,CITY OF CHARLOTTE CITY COUNCIL AT-LARGE,Dimple Ajmera,DEM,4,347,217,0,0,564,Y
9277,MECKLENBURG,11/7/23,76,2,C,CITY OF CHARLOTTE CITY COUNCIL AT-LARGE,"James (Smuggie) Mitchell, Jr.",DEM,4,346,202,0,0,548,Y
9283,MECKLENBURG,11/7/23,76,2,C,CITY OF CHARLOTTE CITY COUNCIL AT-LARGE,LaWana Slack-Mayfield,DEM,4,305,186,0,0,491,Y
9289,MECKLENBURG,11/7/23,76,2,C,CITY OF CHARLOTTE CITY COUNCIL AT-LARGE,Steven J. DiFiore II,LIB,4,228,95,0,0,323,Y
9291,MECKLENBURG,11/7/23,76,2,C,CITY OF CHARLOTTE CITY COUNCIL AT-LARGE,Victoria Watlington,DEM,4,364,214,0,0,578,Y
9325,MECKLENBURG,11/7/23,77,2,C,CITY OF CHARLOTTE CITY COUNCIL AT-LARGE,Dimple Ajmera,DEM,4,154,129,0,0,283,Y
9327,MECKLENBURG,11/7/23,77,2,C,CITY OF CHARLOTTE CITY COUNCIL AT-LARGE,"James (Smuggie) Mitchell, Jr.",DEM,4,160,128,0,0,288,Y
9333,MECKLENBURG,11/7/23,77,2,C,CITY OF CHARLOTTE CITY COUNCIL AT-LARGE,LaWana Slack-Mayfield,DEM,4,158,122,0,0,280,Y
9339,MECKLENBURG,11/7/23,77,2,C,CITY OF CHARLOTTE CITY COUNCIL AT-LARGE,Steven J. DiFiore II,LIB,4,32,12,0,0,44,Y
9341,MECKLENBURG,11/7/23,77,2,C,CITY OF CHARLOTTE CITY COUNCIL AT-LARGE,Victoria Watlington,DEM,4,159,129,0,0,288,Y
9375,MECKLENBURG,11/7/23,78.1,2,C,CITY OF CHARLOTTE CITY COUNCIL AT-LARGE,Dimple Ajmera,DEM,4,178,81,0,0,259,Y
9377,MECKLENBURG,11/7/23,78.1,2,C,CITY OF CHARLOTTE CITY COUNCIL AT-LARGE,"James (Smuggie) Mitchell, Jr.",DEM,4,182,75,0,0,257,Y
9383,MECKLENBURG,11/7/23,78.1,2,C,CITY OF CHARLOTTE CITY COUNCIL AT-LARGE,LaWana Slack-Mayfield,DEM,4,175,77,0,0,252,Y
9389,MECKLENBURG,11/7/23,78.1,2,C,CITY OF CHARLOTTE CITY COUNCIL AT-LARGE,Steven J. DiFiore II,LIB,4,44,17,0,0,61,Y
9391,MECKLENBURG,11/7/23,78.1,2,C,CITY OF CHARLOTTE CITY COUNCIL AT-LARGE,Victoria Watlington,DEM,4,177,78,0,0,255,Y
9425,MECKLENBURG,11/7/23,79,2,C,CITY OF CHARLOTTE CITY COUNCIL AT-LARGE,Dimple Ajmera,DEM,4,193,58,0,0,251,Y
9427,MECKLENBURG,11/7/23,79,2,C,CITY OF CHARLOTTE CITY COUNCIL AT-LARGE,"James (Smuggie) Mitchell, Jr.",DEM,4,192,62,0,0,254,Y
9433,MECKLENBURG,11/7/23,79,2,C,CITY OF CHARLOTTE CITY COUNCIL AT-LARGE,LaWana Slack-Mayfield,DEM,4,179,58,0,0,237,Y
9439,MECKLENBURG,11/7/23,79,2,C,CITY OF CHARLOTTE CITY COUNCIL AT-LARGE,Steven J. DiFiore II,LIB,4,64,9,0,0,73,Y
9441,MECKLENBURG,11/7/23,79,2,C,CITY OF CHARLOTTE CITY COUNCIL AT-LARGE,Victoria Watlington,DEM,4,197,64,0,0,261,Y
9475,MECKLENBURG,11/7/23,80,2,C,CITY OF CHARLOTTE CITY COUNCIL AT-LARGE,Dimple Ajmera,DEM,4,256,84,0,0,340,Y
9477,MECKLENBURG,11/7/23,80,2,C,CITY OF CHARLOTTE CITY COUNCIL AT-LARGE,"James (Smuggie) Mitchell, Jr.",DEM,4,250,85,0,0,335,Y
9483,MECKLENBURG,11/7/23,80,2,C,CITY OF CHARLOTTE CITY COUNCIL AT-LARGE,LaWana Slack-Mayfield,DEM,4,239,83,0,0,322,Y
9489,MECKLENBURG,11/7/23,80,2,C,CITY OF CHARLOTTE CITY COUNCIL AT-LARGE,Steven J. DiFiore II,LIB,4,82,9,0,0,91,Y
9491,MECKLENBURG,11/7/23,80,2,C,CITY OF CHARLOTTE CITY COUNCIL AT-LARGE,Victoria Watlington,DEM,4,267,85,0,0,352,Y
9525,MECKLENBURG,11/7/23,81,2,C,CITY OF CHARLOTTE CITY COUNCIL AT-LARGE,Dimple Ajmera,DEM,4,281,179,0,0,460,Y
9527,MECKLENBURG,11/7/23,81,2,C,CITY OF CHARLOTTE CITY COUNCIL AT-LARGE,"James (Smuggie) Mitchell, Jr.",DEM,4,286,177,0,0,463,Y
9533,MECKLENBURG,11/7/23,81,2,C,CITY OF CHARLOTTE CITY COUNCIL AT-LARGE,LaWana Slack-Mayfield,DEM,4,271,171,0,0,442,Y
9539,MECKLENBURG,11/7/23,81,2,C,CITY OF CHARLOTTE CITY COUNCIL AT-LARGE,Steven J. DiFiore II,LIB,4,79,19,0,0,98,Y
9541,MECKLENBURG,11/7/23,81,2,C,CITY OF CHARLOTTE CITY COUNCIL AT-LARGE,Victoria Watlington,DEM,4,289,173,0,0,462,Y
9562,MECKLENBURG,11/7/23,146,2,C,CITY OF CHARLOTTE CITY COUNCIL AT-LARGE,Dimple Ajmera,DEM,4,291,181,0,0,472,Y
9564,MECKLENBURG,11/7/23,146,2,C,CITY OF CHARLOTTE CITY COUNCIL AT-LARGE,"James (Smuggie) Mitchell, Jr.",DEM,4,284,179,0,0,463,Y
9570,MECKLENBURG,11/7/23,146,2,C,CITY OF CHARLOTTE CITY COUNCIL AT-LARGE,LaWana Slack-Mayfield,DEM,4,289,180,0,0,469,Y
9576,MECKLENBURG,11/7/23,146,2,C,CITY OF CHARLOTTE CITY COUNCIL AT-LARGE,Steven J. DiFiore II,LIB,4,59,23,0,0,82,Y
9578,MECKLENBURG,11/7/23,146,2,C,CITY OF CHARLOTTE CITY COUNCIL AT-LARGE,Victoria Watlington,DEM,4,286,181,0,0,467,Y
9611,MECKLENBURG,11/7/23,147,2,C,CITY OF CHARLOTTE CITY COUNCIL AT-LARGE,Dimple Ajmera,DEM,4,206,157,0,0,363,Y
9613,MECKLENBURG,11/7/23,147,2,C,CITY OF CHARLOTTE CITY COUNCIL AT-LARGE,"James (Smuggie) Mitchell, Jr.",DEM,4,207,153,0,0,360,Y
9619,MECKLENBURG,11/7/23,147,2,C,CITY OF CHARLOTTE CITY COUNCIL AT-LARGE,LaWana Slack-Mayfield,DEM,4,198,151,0,0,349,Y
9625,MECKLENBURG,11/7/23,147,2,C,CITY OF CHARLOTTE CITY COUNCIL AT-LARGE,Steven J. DiFiore II,LIB,4,51,22,0,0,73,Y
9627,MECKLENBURG,11/7/23,147,2,C,CITY OF CHARLOTTE CITY COUNCIL AT-LARGE,Victoria Watlington,DEM,4,208,158,0,0,366,Y
9661,MECKLENBURG,11/7/23,148,2,C,CITY OF CHARLOTTE CITY COUNCIL AT-LARGE,Dimple Ajmera,DEM,4,542,387,0,0,929,Y
9663,MECKLENBURG,11/7/23,148,2,C,CITY OF CHARLOTTE CITY COUNCIL AT-LARGE,"James (Smuggie) Mitchell, Jr.",DEM,4,548,375,0,0,923,Y
9669,MECKLENBURG,11/7/23,148,2,C,CITY OF CHARLOTTE CITY COUNCIL AT-LARGE,LaWana Slack-Mayfield,DEM,4,506,360,0,0,866,Y
9675,MECKLENBURG,11/7/23,148,2,C,CITY OF CHARLOTTE CITY COUNCIL AT-LARGE,Steven J. DiFiore II,LIB,4,293,133,0,0,426,Y
9677,MECKLENBURG,11/7/23,148,2,C,CITY OF CHARLOTTE CITY COUNCIL AT-LARGE,Victoria Watlington,DEM,4,554,396,0,0,950,Y
9711,MECKLENBURG,11/7/23,149,2,C,CITY OF CHARLOTTE CITY COUNCIL AT-LARGE,Dimple Ajmera,DEM,4,385,277,0,0,662,Y
9713,MECKLENBURG,11/7/23,149,2,C,CITY OF CHARLOTTE CITY COUNCIL AT-LARGE,"James (Smuggie) Mitchell, Jr.",DEM,4,382,263,0,0,645,Y
9719,MECKLENBURG,11/7/23,149,2,C,CITY OF CHARLOTTE CITY COUNCIL AT-LARGE,LaWana Slack-Mayfield,DEM,4,382,270,0,0,652,Y
9725,MECKLENBURG,11/7/23,149,2,C,CITY OF CHARLOTTE CITY COUNCIL AT-LARGE,Steven J. DiFiore II,LIB,4,51,22,0,0,73,Y
9727,MECKLENBURG,11/7/23,149,2,C,CITY OF CHARLOTTE CITY COUNCIL AT-LARGE,Victoria Watlington,DEM,4,386,270,0,0,656,Y
9760,MECKLENBURG,11/7/23,150,2,C,CITY OF CHARLOTTE CITY COUNCIL AT-LARGE,Dimple Ajmera,DEM,4,269,86,0,0,355,Y
9762,MECKLENBURG,11/7/23,150,2,C,CITY OF CHARLOTTE CITY COUNCIL AT-LARGE,"James (Smuggie) Mitchell, Jr.",DEM,4,276,82,0,0,358,Y
9768,MECKLENBURG,11/7/23,150,2,C,CITY OF CHARLOTTE CITY COUNCIL AT-LARGE,LaWana Slack-Mayfield,DEM,4,272,74,0,0,346,Y
9774,MECKLENBURG,11/7/23,150,2,C,CITY OF CHARLOTTE CITY COUNCIL AT-LARGE,Steven J. DiFiore II,LIB,4,100,22,0,0,122,Y
9776,MECKLENBURG,11/7/23,150,2,C,CITY OF CHARLOTTE CITY COUNCIL AT-LARGE,Victoria Watlington,DEM,4,276,84,0,0,360,Y
9809,MECKLENBURG,11/7/23,151,2,C,CITY OF CHARLOTTE CITY COUNCIL AT-LARGE,Dimple Ajmera,DEM,4,359,217,0,0,576,Y
9811,MECKLENBURG,11/7/23,151,2,C,CITY OF CHARLOTTE CITY COUNCIL AT-LARGE,"James (Smuggie) Mitchell, Jr.",DEM,4,352,209,0,0,561,Y
9817,MECKLENBURG,11/7/23,151,2,C,CITY OF CHARLOTTE CITY COUNCIL AT-LARGE,LaWana Slack-Mayfield,DEM,4,353,215,0,0,568,Y
9823,MECKLENBURG,11/7/23,151,2,C,CITY OF CHARLOTTE CITY COUNCIL AT-LARGE,Steven J. DiFiore II,LIB,4,98,31,0,0,129,Y
9825,MECKLENBURG,11/7/23,151,2,C,CITY OF CHARLOTTE CITY COUNCIL AT-LARGE,Victoria Watlington,DEM,4,366,212,0,0,578,Y
9858,MECKLENBURG,11/7/23,200,2,C,CITY OF CHARLOTTE CITY COUNCIL AT-LARGE,Dimple Ajmera,DEM,4,0,1,0,0,1,Y
9860,MECKLENBURG,11/7/23,200,2,C,CITY OF CHARLOTTE CITY COUNCIL AT-LARGE,"James (Smuggie) Mitchell, Jr.",DEM,4,0,2,0,0,2,Y
9866,MECKLENBURG,11/7/23,200,2,C,CITY OF CHARLOTTE CITY COUNCIL AT-LARGE,LaWana Slack-Mayfield,DEM,4,0,2,0,0,2,Y
9872,MECKLENBURG,11/7/23,200,2,C,CITY OF CHARLOTTE CITY COUNCIL AT-LARGE,Steven J. DiFiore II,LIB,4,0,2,0,0,2,Y
9874,MECKLENBURG,11/7/23,200,2,C,CITY OF CHARLOTTE CITY COUNCIL AT-LARGE,Victoria Watlington,DEM,4,0,1,0,0,1,Y
9908,MECKLENBURG,11/7/23,201,2,C,CITY OF CHARLOTTE CITY COUNCIL AT-LARGE,Dimple Ajmera,DEM,4,363,222,0,0,585,Y
9910,MECKLENBURG,11/7/23,201,2,C,CITY OF CHARLOTTE CITY COUNCIL AT-LARGE,"James (Smuggie) Mitchell, Jr.",DEM,4,359,225,0,0,584,Y
9916,MECKLENBURG,11/7/23,201,2,C,CITY OF CHARLOTTE CITY COUNCIL AT-LARGE,LaWana Slack-Mayfield,DEM,4,352,221,0,0,573,Y
9922,MECKLENBURG,11/7/23,201,2,C,CITY OF CHARLOTTE CITY COUNCIL AT-LARGE,Steven J. DiFiore II,LIB,4,96,42,0,0,138,Y
9924,MECKLENBURG,11/7/23,201,2,C,CITY OF CHARLOTTE CITY COUNCIL AT-LARGE,Victoria Watlington,DEM,4,372,233,0,0,605,Y
14887,MECKLENBURG,11/7/23,11,2,C,CITY OF CHARLOTTE CITY COUNCIL AT-LARGE,Dimple Ajmera,DEM,4,517,333,0,0,850,Y
14889,MECKLENBURG,11/7/23,11,2,C,CITY OF CHARLOTTE CITY COUNCIL AT-LARGE,"James (Smuggie) Mitchell, Jr.",DEM,4,493,303,0,0,796,Y
14895,MECKLENBURG,11/7/23,11,2,C,CITY OF CHARLOTTE CITY COUNCIL AT-LARGE,LaWana Slack-Mayfield,DEM,4,485,292,0,0,777,Y
14901,MECKLENBURG,11/7/23,11,2,C,CITY OF CHARLOTTE CITY COUNCIL AT-LARGE,Steven J. DiFiore II,LIB,4,160,88,0,0,248,Y
14903,MECKLENBURG,11/7/23,11,2,C,CITY OF CHARLOTTE CITY COUNCIL AT-LARGE,Victoria Watlington,DEM,4,522,338,0,0,860,Y
14936,MECKLENBURG,11/7/23,12,2,C,CITY OF CHARLOTTE CITY COUNCIL AT-LARGE,Dimple Ajmera,DEM,4,209,104,0,0,313,Y
14938,MECKLENBURG,11/7/23,12,2,C,CITY OF CHARLOTTE CITY COUNCIL AT-LARGE,"James (Smuggie) Mitchell, Jr.",DEM,4,196,103,0,0,299,Y
14944,MECKLENBURG,11/7/23,12,2,C,CITY OF CHARLOTTE CITY COUNCIL AT-LARGE,LaWana Slack-Mayfield,DEM,4,199,96,0,0,295,Y
14950,MECKLENBURG,11/7/23,12,2,C,CITY OF CHARLOTTE CITY COUNCIL AT-LARGE,Steven J. DiFiore II,LIB,4,42,24,0,0,66,Y
14952,MECKLENBURG,11/7/23,12,2,C,CITY OF CHARLOTTE CITY COUNCIL AT-LARGE,Victoria Watlington,DEM,4,205,109,0,0,314,Y
14985,MECKLENBURG,11/7/23,13,2,C,CITY OF CHARLOTTE CITY COUNCIL AT-LARGE,Dimple Ajmera,DEM,4,243,125,0,0,368,Y
14987,MECKLENBURG,11/7/23,13,2,C,CITY OF CHARLOTTE CITY COUNCIL AT-LARGE,"James (Smuggie) Mitchell, Jr.",DEM,4,232,121,0,0,353,Y
14993,MECKLENBURG,11/7/23,13,2,C,CITY OF CHARLOTTE CITY COUNCIL AT-LARGE,LaWana Slack-Mayfield,DEM,4,234,124,0,0,358,Y
14999,MECKLENBURG,11/7/23,13,2,C,CITY OF CHARLOTTE CITY COUNCIL AT-LARGE,Steven J. DiFiore II,LIB,4,64,22,0,0,86,Y
15001,MECKLENBURG,11/7/23,13,2,C,CITY OF CHARLOTTE CITY COUNCIL AT-LARGE,Victoria Watlington,DEM,4,242,127,0,0,369,Y
15036,MECKLENBURG,11/7/23,14,2,C,CITY OF CHARLOTTE CITY COUNCIL AT-LARGE,Dimple Ajmera,DEM,4,405,148,0,0,553,Y
15038,MECKLENBURG,11/7/23,14,2,C,CITY OF CHARLOTTE CITY COUNCIL AT-LARGE,"James (Smuggie) Mitchell, Jr.",DEM,4,379,132,0,0,511,Y
15044,MECKLENBURG,11/7/23,14,2,C,CITY OF CHARLOTTE CITY COUNCIL AT-LARGE,LaWana Slack-Mayfield,DEM,4,385,137,0,0,522,Y
15050,MECKLENBURG,11/7/23,14,2,C,CITY OF CHARLOTTE CITY COUNCIL AT-LARGE,Steven J. DiFiore II,LIB,4,90,38,0,0,128,Y
15052,MECKLENBURG,11/7/23,14,2,C,CITY OF CHARLOTTE CITY COUNCIL AT-LARGE,Victoria Watlington,DEM,4,417,139,0,0,556,Y
15087,MECKLENBURG,11/7/23,15,2,C,CITY OF CHARLOTTE CITY COUNCIL AT-LARGE,Dimple Ajmera,DEM,4,641,186,0,0,827,Y
15089,MECKLENBURG,11/7/23,15,2,C,CITY OF CHARLOTTE CITY COUNCIL AT-LARGE,"James (Smuggie) Mitchell, Jr.",DEM,4,574,151,0,0,725,Y
15095,MECKLENBURG,11/7/23,15,2,C,CITY OF CHARLOTTE CITY COUNCIL AT-LARGE,LaWana Slack-Mayfield,DEM,4,536,168,0,0,704,Y
15101,MECKLENBURG,11/7/23,15,2,C,CITY OF CHARLOTTE CITY COUNCIL AT-LARGE,Steven J. DiFiore II,LIB,4,147,29,0,0,176,Y
15103,MECKLENBURG,11/7/23,15,2,C,CITY OF CHARLOTTE CITY COUNCIL AT-LARGE,Victoria Watlington,DEM,4,605,183,0,0,788,Y
15138,MECKLENBURG,11/7/23,16,2,C,CITY OF CHARLOTTE CITY COUNCIL AT-LARGE,Dimple Ajmera,DEM,4,288,225,0,0,513,Y
15140,MECKLENBURG,11/7/23,16,2,C,CITY OF CHARLOTTE CITY COUNCIL AT-LARGE,"James (Smuggie) Mitchell, Jr.",DEM,4,295,223,0,0,518,Y
15146,MECKLENBURG,11/7/23,16,2,C,CITY OF CHARLOTTE CITY COUNCIL AT-LARGE,LaWana Slack-Mayfield,DEM,4,290,227,0,0,517,Y
15152,MECKLENBURG,11/7/23,16,2,C,CITY OF CHARLOTTE CITY COUNCIL AT-LARGE,Steven J. DiFiore II,LIB,4,23,24,0,0,47,Y
15154,MECKLENBURG,11/7/23,16,2,C,CITY OF CHARLOTTE CITY COUNCIL AT-LARGE,Victoria Watlington,DEM,4,287,219,0,0,506,Y
15187,MECKLENBURG,11/7/23,17,2,C,CITY OF CHARLOTTE CITY COUNCIL AT-LARGE,Dimple Ajmera,DEM,4,139,58,0,0,197,Y
15189,MECKLENBURG,11/7/23,17,2,C,CITY OF CHARLOTTE CITY COUNCIL AT-LARGE,"James (Smuggie) Mitchell, Jr.",DEM,4,138,54,0,0,192,Y
15195,MECKLENBURG,11/7/23,17,2,C,CITY OF CHARLOTTE CITY COUNCIL AT-LARGE,LaWana Slack-Mayfield,DEM,4,139,58,0,0,197,Y
15201,MECKLENBURG,11/7/23,17,2,C,CITY OF CHARLOTTE CITY COUNCIL AT-LARGE,Steven J. DiFiore II,LIB,4,33,3,0,0,36,Y
15203,MECKLENBURG,11/7/23,17,2,C,CITY OF CHARLOTTE CITY COUNCIL AT-LARGE,Victoria Watlington,DEM,4,130,56,0,0,186,Y
15238,MECKLENBURG,11/7/23,18,2,C,CITY OF CHARLOTTE CITY COUNCIL AT-LARGE,Dimple Ajmera,DEM,4,254,49,0,0,303,Y
15240,MECKLENBURG,11/7/23,18,2,C,CITY OF CHARLOTTE CITY COUNCIL AT-LARGE,"James (Smuggie) Mitchell, Jr.",DEM,4,252,44,0,0,296,Y
15246,MECKLENBURG,11/7/23,18,2,C,CITY OF CHARLOTTE CITY COUNCIL AT-LARGE,LaWana Slack-Mayfield,DEM,4,212,42,0,0,254,Y
15252,MECKLENBURG,11/7/23,18,2,C,CITY OF CHARLOTTE CITY COUNCIL AT-LARGE,Steven J. DiFiore II,LIB,4,175,24,0,0,199,Y
15254,MECKLENBURG,11/7/23,18,2,C,CITY OF CHARLOTTE CITY COUNCIL AT-LARGE,Victoria Watlington,DEM,4,246,48,0,0,294,Y
15288,MECKLENBURG,11/7/23,19,2,C,CITY OF CHARLOTTE CITY COUNCIL AT-LARGE,Dimple Ajmera,DEM,4,223,133,0,0,356,Y
15290,MECKLENBURG,11/7/23,19,2,C,CITY OF CHARLOTTE CITY COUNCIL AT-LARGE,"James (Smuggie) Mitchell, Jr.",DEM,4,208,123,0,0,331,Y
15296,MECKLENBURG,11/7/23,19,2,C,CITY OF CHARLOTTE CITY COUNCIL AT-LARGE,LaWana Slack-Mayfield,DEM,4,195,98,0,0,293,Y
15302,MECKLENBURG,11/7/23,19,2,C,CITY OF CHARLOTTE CITY COUNCIL AT-LARGE,Steven J. DiFiore II,LIB,4,142,73,0,0,215,Y
15304,MECKLENBURG,11/7/23,19,2,C,CITY OF CHARLOTTE CITY COUNCIL AT-LARGE,Victoria Watlington,DEM,4,223,127,0,0,350,Y
15328,MECKLENBURG,11/7/23,82,2,C,CITY OF CHARLOTTE CITY COUNCIL AT-LARGE,Dimple Ajmera,DEM,4,185,101,0,0,286,Y
15330,MECKLENBURG,11/7/23,82,2,C,CITY OF CHARLOTTE CITY COUNCIL AT-LARGE,"James (Smuggie) Mitchell, Jr.",DEM,4,178,102,0,0,280,Y
15336,MECKLENBURG,11/7/23,82,2,C,CITY OF CHARLOTTE CITY COUNCIL AT-LARGE,LaWana Slack-Mayfield,DEM,4,183,102,0,0,285,Y
15342,MECKLENBURG,11/7/23,82,2,C,CITY OF CHARLOTTE CITY COUNCIL AT-LARGE,Steven J. DiFiore II,LIB,4,12,17,0,0,29,Y
15344,MECKLENBURG,11/7/23,82,2,C,CITY OF CHARLOTTE CITY COUNCIL AT-LARGE,Victoria Watlington,DEM,4,178,102,0,0,280,Y
15379,MECKLENBURG,11/7/23,83,2,C,CITY OF CHARLOTTE CITY COUNCIL AT-LARGE,Dimple Ajmera,DEM,4,189,78,0,0,267,Y
15381,MECKLENBURG,11/7/23,83,2,C,CITY OF CHARLOTTE CITY COUNCIL AT-LARGE,"James (Smuggie) Mitchell, Jr.",DEM,4,188,77,0,0,265,Y
15387,MECKLENBURG,11/7/23,83,2,C,CITY OF CHARLOTTE CITY COUNCIL AT-LARGE,LaWana Slack-Mayfield,DEM,4,173,70,0,0,243,Y
15393,MECKLENBURG,11/7/23,83,2,C,CITY OF CHARLOTTE CITY COUNCIL AT-LARGE,Steven J. DiFiore II,LIB,4,86,22,0,0,108,Y
15395,MECKLENBURG,11/7/23,83,2,C,CITY OF CHARLOTTE CITY COUNCIL AT-LARGE,Victoria Watlington,DEM,4,191,74,0,0,265,Y
15428,MECKLENBURG,11/7/23,84,2,C,CITY OF CHARLOTTE CITY COUNCIL AT-LARGE,Dimple Ajmera,DEM,4,156,74,0,0,230,Y
15430,MECKLENBURG,11/7/23,84,2,C,CITY OF CHARLOTTE CITY COUNCIL AT-LARGE,"James (Smuggie) Mitchell, Jr.",DEM,4,150,67,0,0,217,Y
15436,MECKLENBURG,11/7/23,84,2,C,CITY OF CHARLOTTE CITY COUNCIL AT-LARGE,LaWana Slack-Mayfield,DEM,4,148,72,0,0,220,Y
15442,MECKLENBURG,11/7/23,84,2,C,CITY OF CHARLOTTE CITY COUNCIL AT-LARGE,Steven J. DiFiore II,LIB,4,38,12,0,0,50,Y
15444,MECKLENBURG,11/7/23,84,2,C,CITY OF CHARLOTTE CITY COUNCIL AT-LARGE,Victoria Watlington,DEM,4,160,70,0,0,230,Y
15477,MECKLENBURG,11/7/23,85,2,C,CITY OF CHARLOTTE CITY COUNCIL AT-LARGE,Dimple Ajmera,DEM,4,233,221,0,0,454,Y
15479,MECKLENBURG,11/7/23,85,2,C,CITY OF CHARLOTTE CITY COUNCIL AT-LARGE,"James (Smuggie) Mitchell, Jr.",DEM,4,230,203,0,0,433,Y
15485,MECKLENBURG,11/7/23,85,2,C,CITY OF CHARLOTTE CITY COUNCIL AT-LARGE,LaWana Slack-Mayfield,DEM,4,216,193,0,0,409,Y
15491,MECKLENBURG,11/7/23,85,2,C,CITY OF CHARLOTTE CITY COUNCIL AT-LARGE,Steven J. DiFiore II,LIB,4,131,68,0,0,199,Y
15493,MECKLENBURG,11/7/23,85,2,C,CITY OF CHARLOTTE CITY COUNCIL AT-LARGE,Victoria Watlington,DEM,4,232,221,0,0,453,Y
15527,MECKLENBURG,11/7/23,86,2,C,CITY OF CHARLOTTE CITY COUNCIL AT-LARGE,Dimple Ajmera,DEM,4,272,150,0,0,422,Y
15529,MECKLENBURG,11/7/23,86,2,C,CITY OF CHARLOTTE CITY COUNCIL AT-LARGE,"James (Smuggie) Mitchell, Jr.",DEM,4,263,140,0,0,403,Y
15535,MECKLENBURG,11/7/23,86,2,C,CITY OF CHARLOTTE CITY COUNCIL AT-LARGE,LaWana Slack-Mayfield,DEM,4,232,125,0,0,357,Y
15541,MECKLENBURG,11/7/23,86,2,C,CITY OF CHARLOTTE CITY COUNCIL AT-LARGE,Steven J. DiFiore II,LIB,4,234,74,0,0,308,Y
15543,MECKLENBURG,11/7/23,86,2,C,CITY OF CHARLOTTE CITY COUNCIL AT-LARGE,Victoria Watlington,DEM,4,271,145,0,0,416,Y
15577,MECKLENBURG,11/7/23,87,2,C,CITY OF CHARLOTTE CITY COUNCIL AT-LARGE,Dimple Ajmera,DEM,4,170,94,0,0,264,Y
15579,MECKLENBURG,11/7/23,87,2,C,CITY OF CHARLOTTE CITY COUNCIL AT-LARGE,"James (Smuggie) Mitchell, Jr.",DEM,4,163,74,0,0,237,Y
15585,MECKLENBURG,11/7/23,87,2,C,CITY OF CHARLOTTE CITY COUNCIL AT-LARGE,LaWana Slack-Mayfield,DEM,4,155,82,0,0,237,Y
15591,MECKLENBURG,11/7/23,87,2,C,CITY OF CHARLOTTE CITY COUNCIL AT-LARGE,Steven J. DiFiore II,LIB,4,86,35,0,0,121,Y
15593,MECKLENBURG,11/7/23,87,2,C,CITY OF CHARLOTTE CITY COUNCIL AT-LARGE,Victoria Watlington,DEM,4,176,94,0,0,270,Y
15627,MECKLENBURG,11/7/23,88,2,C,CITY OF CHARLOTTE CITY COUNCIL AT-LARGE,Dimple Ajmera,DEM,4,179,79,0,0,258,Y
15629,MECKLENBURG,11/7/23,88,2,C,CITY OF CHARLOTTE CITY COUNCIL AT-LARGE,"James (Smuggie) Mitchell, Jr.",DEM,4,179,75,0,0,254,Y
15635,MECKLENBURG,11/7/23,88,2,C,CITY OF CHARLOTTE CITY COUNCIL AT-LARGE,LaWana Slack-Mayfield,DEM,4,167,77,0,0,244,Y
15641,MECKLENBURG,11/7/23,88,2,C,CITY OF CHARLOTTE CITY COUNCIL AT-LARGE,Steven J. DiFiore II,LIB,4,140,31,0,0,171,Y
15643,MECKLENBURG,11/7/23,88,2,C,CITY OF CHARLOTTE CITY COUNCIL AT-LARGE,Victoria Watlington,DEM,4,192,85,0,0,277,Y
15677,MECKLENBURG,11/7/23,89,2,C,CITY OF CHARLOTTE CITY COUNCIL AT-LARGE,Dimple Ajmera,DEM,4,431,137,0,0,568,Y
15679,MECKLENBURG,11/7/23,89,2,C,CITY OF CHARLOTTE CITY COUNCIL AT-LARGE,"James (Smuggie) Mitchell, Jr.",DEM,4,440,134,0,0,574,Y
15685,MECKLENBURG,11/7/23,89,2,C,CITY OF CHARLOTTE CITY COUNCIL AT-LARGE,LaWana Slack-Mayfield,DEM,4,399,135,0,0,534,Y
15691,MECKLENBURG,11/7/23,89,2,C,CITY OF CHARLOTTE CITY COUNCIL AT-LARGE,Steven J. DiFiore II,LIB,4,172,21,0,0,193,Y
15693,MECKLENBURG,11/7/23,89,2,C,CITY OF CHARLOTTE CITY COUNCIL AT-LARGE,Victoria Watlington,DEM,4,448,139,0,0,587,Y
15726,MECKLENBURG,11/7/23,90,2,C,CITY OF CHARLOTTE CITY COUNCIL AT-LARGE,Dimple Ajmera,DEM,4,149,70,0,0,219,Y
15728,MECKLENBURG,11/7/23,90,2,C,CITY OF CHARLOTTE CITY COUNCIL AT-LARGE,"James (Smuggie) Mitchell, Jr.",DEM,4,148,67,0,0,215,Y
15734,MECKLENBURG,11/7/23,90,2,C,CITY OF CHARLOTTE CITY COUNCIL AT-LARGE,LaWana Slack-Mayfield,DEM,4,137,71,0,0,208,Y
15740,MECKLENBURG,11/7/23,90,2,C,CITY OF CHARLOTTE CITY COUNCIL AT-LARGE,Steven J. DiFiore II,LIB,4,86,20,0,0,106,Y
15742,MECKLENBURG,11/7/23,90,2,C,CITY OF CHARLOTTE CITY COUNCIL AT-LARGE,Victoria Watlington,DEM,4,152,70,0,0,222,Y
15773,MECKLENBURG,11/7/23,203,2,C,CITY OF CHARLOTTE CITY COUNCIL AT-LARGE,Dimple Ajmera,DEM,4,464,202,0,0,666,Y
15775,MECKLENBURG,11/7/23,203,2,C,CITY OF CHARLOTTE CITY COUNCIL AT-LARGE,"James (Smuggie) Mitchell, Jr.",DEM,4,461,206,0,0,667,Y
15781,MECKLENBURG,11/7/23,203,2,C,CITY OF CHARLOTTE CITY COUNCIL AT-LARGE,LaWana Slack-Mayfield,DEM,4,454,204,0,0,658,Y
15787,MECKLENBURG,11/7/23,203,2,C,CITY OF CHARLOTTE CITY COUNCIL AT-LARGE,Steven J. DiFiore II,LIB,4,93,31,0,0,124,Y
15789,MECKLENBURG,11/7/23,203,2,C,CITY OF CHARLOTTE CITY COUNCIL AT-LARGE,Victoria Watlington,DEM,4,467,202,0,0,669,Y
15822,MECKLENBURG,11/7/23,204.1,2,C,CITY OF CHARLOTTE CITY COUNCIL AT-LARGE,Dimple Ajmera,DEM,4,438,212,0,0,650,Y
15824,MECKLENBURG,11/7/23,204.1,2,C,CITY OF CHARLOTTE CITY COUNCIL AT-LARGE,"James (Smuggie) Mitchell, Jr.",DEM,4,426,213,0,0,639,Y
15830,MECKLENBURG,11/7/23,204.1,2,C,CITY OF CHARLOTTE CITY COUNCIL AT-LARGE,LaWana Slack-Mayfield,DEM,4,420,214,0,0,634,Y
15836,MECKLENBURG,11/7/23,204.1,2,C,CITY OF CHARLOTTE CITY COUNCIL AT-LARGE,Steven J. DiFiore II,LIB,4,73,29,0,0,102,Y
15838,MECKLENBURG,11/7/23,204.1,2,C,CITY OF CHARLOTTE CITY COUNCIL AT-LARGE,Victoria Watlington,DEM,4,432,210,0,0,642,Y
15871,MECKLENBURG,11/7/23,205,2,C,CITY OF CHARLOTTE CITY COUNCIL AT-LARGE,Dimple Ajmera,DEM,4,248,146,0,0,394,Y
15873,MECKLENBURG,11/7/23,205,2,C,CITY OF CHARLOTTE CITY COUNCIL AT-LARGE,"James (Smuggie) Mitchell, Jr.",DEM,4,249,139,0,0,388,Y
15879,MECKLENBURG,11/7/23,205,2,C,CITY OF CHARLOTTE CITY COUNCIL AT-LARGE,LaWana Slack-Mayfield,DEM,4,244,144,0,0,388,Y
15885,MECKLENBURG,11/7/23,205,2,C,CITY OF CHARLOTTE CITY COUNCIL AT-LARGE,Steven J. DiFiore II,LIB,4,96,23,0,0,119,Y
15887,MECKLENBURG,11/7/23,205,2,C,CITY OF CHARLOTTE CITY COUNCIL AT-LARGE,Victoria Watlington,DEM,4,249,145,0,0,394,Y
16030,MECKLENBURG,11/7/23,209,2,C,CITY OF CHARLOTTE CITY COUNCIL AT-LARGE,Dimple Ajmera,DEM,4,1,2,0,0,3,Y
16032,MECKLENBURG,11/7/23,209,2,C,CITY OF CHARLOTTE CITY COUNCIL AT-LARGE,"James (Smuggie) Mitchell, Jr.",DEM,4,1,2,0,0,3,Y
16038,MECKLENBURG,11/7/23,209,2,C,CITY OF CHARLOTTE CITY COUNCIL AT-LARGE,LaWana Slack-Mayfield,DEM,4,1,2,0,0,3,Y
16044,MECKLENBURG,11/7/23,209,2,C,CITY OF CHARLOTTE CITY COUNCIL AT-LARGE,Steven J. DiFiore II,LIB,4,3,0,0,0,3,Y
16046,MECKLENBURG,11/7/23,209,2,C,CITY OF CHARLOTTE CITY COUNCIL AT-LARGE,Victoria Watlington,DEM,4,1,2,0,0,3,Y
16105,MECKLENBURG,11/7/23,210,2,C,CITY OF CHARLOTTE CITY COUNCIL AT-LARGE,Dimple Ajmera,DEM,4,382,437,0,0,819,Y
16107,MECKLENBURG,11/7/23,210,2,C,CITY OF CHARLOTTE CITY COUNCIL AT-LARGE,"James (Smuggie) Mitchell, Jr.",DEM,4,392,433,0,0,825,Y
16113,MECKLENBURG,11/7/23,210,2,C,CITY OF CHARLOTTE CITY COUNCIL AT-LARGE,LaWana Slack-Mayfield,DEM,4,397,431,0,0,828,Y
16119,MECKLENBURG,11/7/23,210,2,C,CITY OF CHARLOTTE CITY COUNCIL AT-LARGE,Steven J. DiFiore II,LIB,4,63,42,0,0,105,Y
16121,MECKLENBURG,11/7/23,210,2,C,CITY OF CHARLOTTE CITY COUNCIL AT-LARGE,Victoria Watlington,DEM,4,384,429,0,0,813,Y
16154,MECKLENBURG,11/7/23,211,2,C,CITY OF CHARLOTTE CITY COUNCIL AT-LARGE,Dimple Ajmera,DEM,4,495,334,0,0,829,Y
16156,MECKLENBURG,11/7/23,211,2,C,CITY OF CHARLOTTE CITY COUNCIL AT-LARGE,"James (Smuggie) Mitchell, Jr.",DEM,4,472,327,0,0,799,Y
16162,MECKLENBURG,11/7/23,211,2,C,CITY OF CHARLOTTE CITY COUNCIL AT-LARGE,LaWana Slack-Mayfield,DEM,4,479,320,0,0,799,Y
16168,MECKLENBURG,11/7/23,211,2,C,CITY OF CHARLOTTE CITY COUNCIL AT-LARGE,Steven J. DiFiore II,LIB,4,105,47,0,0,152,Y
16170,MECKLENBURG,11/7/23,211,2,C,CITY OF CHARLOTTE CITY COUNCIL AT-LARGE,Victoria Watlington,DEM,4,492,324,0,0,816,Y
16203,MECKLENBURG,11/7/23,212,2,C,CITY OF CHARLOTTE CITY COUNCIL AT-LARGE,Dimple Ajmera,DEM,4,610,430,0,0,1040,Y
16205,MECKLENBURG,11/7/23,212,2,C,CITY OF CHARLOTTE CITY COUNCIL AT-LARGE,"James (Smuggie) Mitchell, Jr.",DEM,4,614,420,0,0,1034,Y
16223,MECKLENBURG,11/7/23,91,2,C,CITY OF CHARLOTTE CITY COUNCIL AT-LARGE,Dimple Ajmera,DEM,4,376,189,0,0,565,Y
16225,MECKLENBURG,11/7/23,91,2,C,CITY OF CHARLOTTE CITY COUNCIL AT-LARGE,"James (Smuggie) Mitchell, Jr.",DEM,4,340,184,0,0,524,Y
16231,MECKLENBURG,11/7/23,91,2,C,CITY OF CHARLOTTE CITY COUNCIL AT-LARGE,LaWana Slack-Mayfield,DEM,4,334,162,0,0,496,Y
16237,MECKLENBURG,11/7/23,91,2,C,CITY OF CHARLOTTE CITY COUNCIL AT-LARGE,Steven J. DiFiore II,LIB,4,263,89,0,0,352,Y
16239,MECKLENBURG,11/7/23,91,2,C,CITY OF CHARLOTTE CITY COUNCIL AT-LARGE,Victoria Watlington,DEM,4,371,190,0,0,561,Y
16273,MECKLENBURG,11/7/23,92,2,C,CITY OF CHARLOTTE CITY COUNCIL AT-LARGE,Dimple Ajmera,DEM,4,356,159,0,0,515,Y
16275,MECKLENBURG,11/7/23,92,2,C,CITY OF CHARLOTTE CITY COUNCIL AT-LARGE,"James (Smuggie) Mitchell, Jr.",DEM,4,353,159,0,0,512,Y
16281,MECKLENBURG,11/7/23,92,2,C,CITY OF CHARLOTTE CITY COUNCIL AT-LARGE,LaWana Slack-Mayfield,DEM,4,330,147,0,0,477,Y
16287,MECKLENBURG,11/7/23,92,2,C,CITY OF CHARLOTTE CITY COUNCIL AT-LARGE,Steven J. DiFiore II,LIB,4,245,82,0,0,327,Y
16289,MECKLENBURG,11/7/23,92,2,C,CITY OF CHARLOTTE CITY COUNCIL AT-LARGE,Victoria Watlington,DEM,4,345,161,0,0,506,Y
16323,MECKLENBURG,11/7/23,93,2,C,CITY OF CHARLOTTE CITY COUNCIL AT-LARGE,Dimple Ajmera,DEM,4,193,87,0,0,280,Y
16325,MECKLENBURG,11/7/23,93,2,C,CITY OF CHARLOTTE CITY COUNCIL AT-LARGE,"James (Smuggie) Mitchell, Jr.",DEM,4,193,72,0,0,265,Y
16331,MECKLENBURG,11/7/23,93,2,C,CITY OF CHARLOTTE CITY COUNCIL AT-LARGE,LaWana Slack-Mayfield,DEM,4,167,77,0,0,244,Y
16337,MECKLENBURG,11/7/23,93,2,C,CITY OF CHARLOTTE CITY COUNCIL AT-LARGE,Steven J. DiFiore II,LIB,4,219,61,0,0,280,Y
16339,MECKLENBURG,11/7/23,93,2,C,CITY OF CHARLOTTE CITY COUNCIL AT-LARGE,Victoria Watlington,DEM,4,206,83,0,0,289,Y
16373,MECKLENBURG,11/7/23,94,2,C,CITY OF CHARLOTTE CITY COUNCIL AT-LARGE,Dimple Ajmera,DEM,4,125,52,0,0,177,Y
16375,MECKLENBURG,11/7/23,94,2,C,CITY OF CHARLOTTE CITY COUNCIL AT-LARGE,"James (Smuggie) Mitchell, Jr.",DEM,4,136,53,0,0,189,Y
16381,MECKLENBURG,11/7/23,94,2,C,CITY OF CHARLOTTE CITY COUNCIL AT-LARGE,LaWana Slack-Mayfield,DEM,4,133,53,0,0,186,Y
16387,MECKLENBURG,11/7/23,94,2,C,CITY OF CHARLOTTE CITY COUNCIL AT-LARGE,Steven J. DiFiore II,LIB,4,42,9,0,0,51,Y
16389,MECKLENBURG,11/7/23,94,2,C,CITY OF CHARLOTTE CITY COUNCIL AT-LARGE,Victoria Watlington,DEM,4,139,55,0,0,194,Y
16422,MECKLENBURG,11/7/23,95,2,C,CITY OF CHARLOTTE CITY COUNCIL AT-LARGE,Dimple Ajmera,DEM,4,142,61,0,0,203,Y
16424,MECKLENBURG,11/7/23,95,2,C,CITY OF CHARLOTTE CITY COUNCIL AT-LARGE,"James (Smuggie) Mitchell, Jr.",DEM,4,137,57,0,0,194,Y
16430,MECKLENBURG,11/7/23,95,2,C,CITY OF CHARLOTTE CITY COUNCIL AT-LARGE,LaWana Slack-Mayfield,DEM,4,136,55,0,0,191,Y
16436,MECKLENBURG,11/7/23,95,2,C,CITY OF CHARLOTTE CITY COUNCIL AT-LARGE,Steven J. DiFiore II,LIB,4,33,12,0,0,45,Y
16438,MECKLENBURG,11/7/23,95,2,C,CITY OF CHARLOTTE CITY COUNCIL AT-LARGE,Victoria Watlington,DEM,4,138,55,0,0,193,Y
16471,MECKLENBURG,11/7/23,96,2,C,CITY OF CHARLOTTE CITY COUNCIL AT-LARGE,Dimple Ajmera,DEM,4,217,165,0,0,382,Y
16473,MECKLENBURG,11/7/23,96,2,C,CITY OF CHARLOTTE CITY COUNCIL AT-LARGE,"James (Smuggie) Mitchell, Jr.",DEM,4,211,164,0,0,375,Y
16479,MECKLENBURG,11/7/23,96,2,C,CITY OF CHARLOTTE CITY COUNCIL AT-LARGE,LaWana Slack-Mayfield,DEM,4,202,159,0,0,361,Y
16485,MECKLENBURG,11/7/23,96,2,C,CITY OF CHARLOTTE CITY COUNCIL AT-LARGE,Steven J. DiFiore II,LIB,4,115,68,0,0,183,Y
16487,MECKLENBURG,11/7/23,96,2,C,CITY OF CHARLOTTE CITY COUNCIL AT-LARGE,Victoria Watlington,DEM,4,214,167,0,0,381,Y
16521,MECKLENBURG,11/7/23,97,2,C,CITY OF CHARLOTTE CITY COUNCIL AT-LARGE,Dimple Ajmera,DEM,4,137,39,0,0,176,Y
16523,MECKLENBURG,11/7/23,97,2,C,CITY OF CHARLOTTE CITY COUNCIL AT-LARGE,"James (Smuggie) Mitchell, Jr.",DEM,4,142,36,0,0,178,Y
16529,MECKLENBURG,11/7/23,97,2,C,CITY OF CHARLOTTE CITY COUNCIL AT-LARGE,LaWana Slack-Mayfield,DEM,4,140,41,0,0,181,Y
16535,MECKLENBURG,11/7/23,97,2,C,CITY OF CHARLOTTE CITY COUNCIL AT-LARGE,Steven J. DiFiore II,LIB,4,38,7,0,0,45,Y
16537,MECKLENBURG,11/7/23,97,2,C,CITY OF CHARLOTTE CITY COUNCIL AT-LARGE,Victoria Watlington,DEM,4,132,39,0,0,171,Y
16571,MECKLENBURG,11/7/23,98,2,C,CITY OF CHARLOTTE CITY COUNCIL AT-LARGE,Dimple Ajmera,DEM,4,185,68,0,0,253,Y
16573,MECKLENBURG,11/7/23,98,2,C,CITY OF CHARLOTTE CITY COUNCIL AT-LARGE,"James (Smuggie) Mitchell, Jr.",DEM,4,177,69,0,0,246,Y
16579,MECKLENBURG,11/7/23,98,2,C,CITY OF CHARLOTTE CITY COUNCIL AT-LARGE,LaWana Slack-Mayfield,DEM,4,179,62,0,0,241,Y
16585,MECKLENBURG,11/7/23,98,2,C,CITY OF CHARLOTTE CITY COUNCIL AT-LARGE,Steven J. DiFiore II,LIB,4,34,6,0,0,40,Y
16587,MECKLENBURG,11/7/23,98,2,C,CITY OF CHARLOTTE CITY COUNCIL AT-LARGE,Victoria Watlington,DEM,4,187,71,0,0,258,Y
16621,MECKLENBURG,11/7/23,99,2,C,CITY OF CHARLOTTE CITY COUNCIL AT-LARGE,Dimple Ajmera,DEM,4,61,50,0,0,111,Y
16623,MECKLENBURG,11/7/23,99,2,C,CITY OF CHARLOTTE CITY COUNCIL AT-LARGE,"James (Smuggie) Mitchell, Jr.",DEM,4,62,50,0,0,112,Y
16629,MECKLENBURG,11/7/23,99,2,C,CITY OF CHARLOTTE CITY COUNCIL AT-LARGE,LaWana Slack-Mayfield,DEM,4,58,51,0,0,109,Y
16635,MECKLENBURG,11/7/23,99,2,C,CITY OF CHARLOTTE CITY COUNCIL AT-LARGE,Steven J. DiFiore II,LIB,4,14,6,0,0,20,Y
16637,MECKLENBURG,11/7/23,99,2,C,CITY OF CHARLOTTE CITY COUNCIL AT-LARGE,Victoria Watlington,DEM,4,60,46,0,0,106,Y
16656,MECKLENBURG,11/7/23,212,2,C,CITY OF CHARLOTTE CITY COUNCIL AT-LARGE,LaWana Slack-Mayfield,DEM,4,608,426,0,0,1034,Y
16662,MECKLENBURG,11/7/23,212,2,C,CITY OF CHARLOTTE CITY COUNCIL AT-LARGE,Steven J. DiFiore II,LIB,4,117,58,0,0,175,Y
16664,MECKLENBURG,11/7/23,212,2,C,CITY OF CHARLOTTE CITY COUNCIL AT-LARGE,Victoria Watlington,DEM,4,624,434,0,0,1058,Y
16697,MECKLENBURG,11/7/23,213,2,C,CITY OF CHARLOTTE CITY COUNCIL AT-LARGE,Dimple Ajmera,DEM,4,318,180,0,0,498,Y
16699,MECKLENBURG,11/7/23,213,2,C,CITY OF CHARLOTTE CITY COUNCIL AT-LARGE,"James (Smuggie) Mitchell, Jr.",DEM,4,306,191,0,0,497,Y
16705,MECKLENBURG,11/7/23,213,2,C,CITY OF CHARLOTTE CITY COUNCIL AT-LARGE,LaWana Slack-Mayfield,DEM,4,307,188,0,0,495,Y
16711,MECKLENBURG,11/7/23,213,2,C,CITY OF CHARLOTTE CITY COUNCIL AT-LARGE,Steven J. DiFiore II,LIB,4,61,16,0,0,77,Y
16713,MECKLENBURG,11/7/23,213,2,C,CITY OF CHARLOTTE CITY COUNCIL AT-LARGE,Victoria Watlington,DEM,4,311,186,0,0,497,Y
16746,MECKLENBURG,11/7/23,214,2,C,CITY OF CHARLOTTE CITY COUNCIL AT-LARGE,Dimple Ajmera,DEM,4,385,159,0,0,544,Y
16748,MECKLENBURG,11/7/23,214,2,C,CITY OF CHARLOTTE CITY COUNCIL AT-LARGE,"James (Smuggie) Mitchell, Jr.",DEM,4,367,155,0,0,522,Y
16754,MECKLENBURG,11/7/23,214,2,C,CITY OF CHARLOTTE CITY COUNCIL AT-LARGE,LaWana Slack-Mayfield,DEM,4,353,155,0,0,508,Y
16760,MECKLENBURG,11/7/23,214,2,C,CITY OF CHARLOTTE CITY COUNCIL AT-LARGE,Steven J. DiFiore II,LIB,4,116,24,0,0,140,Y
16762,MECKLENBURG,11/7/23,214,2,C,CITY OF CHARLOTTE CITY COUNCIL AT-LARGE,Victoria Watlington,DEM,4,375,160,0,0,535,Y
17026,MECKLENBURG,11/7/23,222,2,C,CITY OF CHARLOTTE CITY COUNCIL AT-LARGE,Dimple Ajmera,DEM,4,313,131,0,0,444,Y
17028,MECKLENBURG,11/7/23,222,2,C,CITY OF CHARLOTTE CITY COUNCIL AT-LARGE,"James (Smuggie) Mitchell, Jr.",DEM,4,315,124,0,0,439,Y
17034,MECKLENBURG,11/7/23,222,2,C,CITY OF CHARLOTTE CITY COUNCIL AT-LARGE,LaWana Slack-Mayfield,DEM,4,308,120,0,0,428,Y
17040,MECKLENBURG,11/7/23,222,2,C,CITY OF CHARLOTTE CITY COUNCIL AT-LARGE,Steven J. DiFiore II,LIB,4,81,15,0,0,96,Y
17042,MECKLENBURG,11/7/23,222,2,C,CITY OF CHARLOTTE CITY COUNCIL AT-LARGE,Victoria Watlington,DEM,4,318,123,0,0,441,Y
17075,MECKLENBURG,11/7/23,223.1,2,C,CITY OF CHARLOTTE CITY COUNCIL AT-LARGE,Dimple Ajmera,DEM,4,408,146,0,0,554,Y
17077,MECKLENBURG,11/7/23,223.1,2,C,CITY OF CHARLOTTE CITY COUNCIL AT-LARGE,"James (Smuggie) Mitchell, Jr.",DEM,4,387,145,0,0,532,Y
17083,MECKLENBURG,11/7/23,223.1,2,C,CITY OF CHARLOTTE CITY COUNCIL AT-LARGE,LaWana Slack-Mayfield,DEM,4,371,141,0,0,512,Y
17089,MECKLENBURG,11/7/23,223.1,2,C,CITY OF CHARLOTTE CITY COUNCIL AT-LARGE,Steven J. DiFiore II,LIB,4,191,32,0,0,223,Y
17091,MECKLENBURG,11/7/23,223.1,2,C,CITY OF CHARLOTTE CITY COUNCIL AT-LARGE,Victoria Watlington,DEM,4,417,146,0,0,563,Y
19560,MECKLENBURG,11/7/23,20,2,C,CITY OF CHARLOTTE CITY COUNCIL AT-LARGE,Dimple Ajmera,DEM,4,366,103,0,0,469,Y
19562,MECKLENBURG,11/7/23,20,2,C,CITY OF CHARLOTTE CITY COUNCIL AT-LARGE,"James (Smuggie) Mitchell, Jr.",DEM,4,312,86,0,0,398,Y
19568,MECKLENBURG,11/7/23,20,2,C,CITY OF CHARLOTTE CITY COUNCIL AT-LARGE,LaWana Slack-Mayfield,DEM,4,296,87,0,0,383,Y
19574,MECKLENBURG,11/7/23,20,2,C,CITY OF CHARLOTTE CITY COUNCIL AT-LARGE,Steven J. DiFiore II,LIB,4,169,36,0,0,205,Y
19576,MECKLENBURG,11/7/23,20,2,C,CITY OF CHARLOTTE CITY COUNCIL AT-LARGE,Victoria Watlington,DEM,4,353,99,0,0,452,Y
19611,MECKLENBURG,11/7/23,21,2,C,CITY OF CHARLOTTE CITY COUNCIL AT-LARGE,Dimple Ajmera,DEM,4,303,71,0,0,374,Y
19613,MECKLENBURG,11/7/23,21,2,C,CITY OF CHARLOTTE CITY COUNCIL AT-LARGE,"James (Smuggie) Mitchell, Jr.",DEM,4,279,59,0,0,338,Y
19619,MECKLENBURG,11/7/23,21,2,C,CITY OF CHARLOTTE CITY COUNCIL AT-LARGE,LaWana Slack-Mayfield,DEM,4,274,65,0,0,339,Y
19625,MECKLENBURG,11/7/23,21,2,C,CITY OF CHARLOTTE CITY COUNCIL AT-LARGE,Steven J. DiFiore II,LIB,4,121,10,0,0,131,Y
19627,MECKLENBURG,11/7/23,21,2,C,CITY OF CHARLOTTE CITY COUNCIL AT-LARGE,Victoria Watlington,DEM,4,310,69,0,0,379,Y
19662,MECKLENBURG,11/7/23,22,2,C,CITY OF CHARLOTTE CITY COUNCIL AT-LARGE,Dimple Ajmera,DEM,4,387,122,0,0,509,Y
19664,MECKLENBURG,11/7/23,22,2,C,CITY OF CHARLOTTE CITY COUNCIL AT-LARGE,"James (Smuggie) Mitchell, Jr.",DEM,4,366,120,0,0,486,Y
19670,MECKLENBURG,11/7/23,22,2,C,CITY OF CHARLOTTE CITY COUNCIL AT-LARGE,LaWana Slack-Mayfield,DEM,4,346,112,0,0,458,Y
19676,MECKLENBURG,11/7/23,22,2,C,CITY OF CHARLOTTE CITY COUNCIL AT-LARGE,Steven J. DiFiore II,LIB,4,145,40,0,0,185,Y
19678,MECKLENBURG,11/7/23,22,2,C,CITY OF CHARLOTTE CITY COUNCIL AT-LARGE,Victoria Watlington,DEM,4,392,120,0,0,512,Y
19712,MECKLENBURG,11/7/23,23,2,C,CITY OF CHARLOTTE CITY COUNCIL AT-LARGE,Dimple Ajmera,DEM,4,144,61,0,0,205,Y
19714,MECKLENBURG,11/7/23,23,2,C,CITY OF CHARLOTTE CITY COUNCIL AT-LARGE,"James (Smuggie) Mitchell, Jr.",DEM,4,148,59,0,0,207,Y
19720,MECKLENBURG,11/7/23,23,2,C,CITY OF CHARLOTTE CITY COUNCIL AT-LARGE,LaWana Slack-Mayfield,DEM,4,148,59,0,0,207,Y
19726,MECKLENBURG,11/7/23,23,2,C,CITY OF CHARLOTTE CITY COUNCIL AT-LARGE,Steven J. DiFiore II,LIB,4,40,8,0,0,48,Y
19728,MECKLENBURG,11/7/23,23,2,C,CITY OF CHARLOTTE CITY COUNCIL AT-LARGE,Victoria Watlington,DEM,4,145,63,0,0,208,Y
19761,MECKLENBURG,11/7/23,24,2,C,CITY OF CHARLOTTE CITY COUNCIL AT-LARGE,Dimple Ajmera,DEM,4,220,48,0,0,268,Y
19763,MECKLENBURG,11/7/23,24,2,C,CITY OF CHARLOTTE CITY COUNCIL AT-LARGE,"James (Smuggie) Mitchell, Jr.",DEM,4,215,46,0,0,261,Y
19769,MECKLENBURG,11/7/23,24,2,C,CITY OF CHARLOTTE CITY COUNCIL AT-LARGE,LaWana Slack-Mayfield,DEM,4,216,50,0,0,266,Y
19775,MECKLENBURG,11/7/23,24,2,C,CITY OF CHARLOTTE CITY COUNCIL AT-LARGE,Steven J. DiFiore II,LIB,4,45,13,0,0,58,Y
19777,MECKLENBURG,11/7/23,24,2,C,CITY OF CHARLOTTE CITY COUNCIL AT-LARGE,Victoria Watlington,DEM,4,220,54,0,0,274,Y
19810,MECKLENBURG,11/7/23,25,2,C,CITY OF CHARLOTTE CITY COUNCIL AT-LARGE,Dimple Ajmera,DEM,4,125,114,0,0,239,Y
19812,MECKLENBURG,11/7/23,25,2,C,CITY OF CHARLOTTE CITY COUNCIL AT-LARGE,"James (Smuggie) Mitchell, Jr.",DEM,4,127,117,0,0,244,Y
19818,MECKLENBURG,11/7/23,25,2,C,CITY OF CHARLOTTE CITY COUNCIL AT-LARGE,LaWana Slack-Mayfield,DEM,4,127,117,0,0,244,Y
19824,MECKLENBURG,11/7/23,25,2,C,CITY OF CHARLOTTE CITY COUNCIL AT-LARGE,Steven J. DiFiore II,LIB,4,11,6,0,0,17,Y
19826,MECKLENBURG,11/7/23,25,2,C,CITY OF CHARLOTTE CITY COUNCIL AT-LARGE,Victoria Watlington,DEM,4,121,113,0,0,234,Y
19859,MECKLENBURG,11/7/23,26,2,C,CITY OF CHARLOTTE CITY COUNCIL AT-LARGE,Dimple Ajmera,DEM,4,287,201,0,0,488,Y
19861,MECKLENBURG,11/7/23,26,2,C,CITY OF CHARLOTTE CITY COUNCIL AT-LARGE,"James (Smuggie) Mitchell, Jr.",DEM,4,281,199,0,0,480,Y
19867,MECKLENBURG,11/7/23,26,2,C,CITY OF CHARLOTTE CITY COUNCIL AT-LARGE,LaWana Slack-Mayfield,DEM,4,274,197,0,0,471,Y
19873,MECKLENBURG,11/7/23,26,2,C,CITY OF CHARLOTTE CITY COUNCIL AT-LARGE,Steven J. DiFiore II,LIB,4,48,25,0,0,73,Y
19875,MECKLENBURG,11/7/23,26,2,C,CITY OF CHARLOTTE CITY COUNCIL AT-LARGE,Victoria Watlington,DEM,4,279,199,0,0,478,Y
19910,MECKLENBURG,11/7/23,27,2,C,CITY OF CHARLOTTE CITY COUNCIL AT-LARGE,Dimple Ajmera,DEM,4,125,58,0,0,183,Y
19912,MECKLENBURG,11/7/23,27,2,C,CITY OF CHARLOTTE CITY COUNCIL AT-LARGE,"James (Smuggie) Mitchell, Jr.",DEM,4,128,60,0,0,188,Y
19918,MECKLENBURG,11/7/23,27,2,C,CITY OF CHARLOTTE CITY COUNCIL AT-LARGE,LaWana Slack-Mayfield,DEM,4,128,59,0,0,187,Y
19924,MECKLENBURG,11/7/23,27,2,C,CITY OF CHARLOTTE CITY COUNCIL AT-LARGE,Steven J. DiFiore II,LIB,4,25,8,0,0,33,Y
19926,MECKLENBURG,11/7/23,27,2,C,CITY OF CHARLOTTE CITY COUNCIL AT-LARGE,Victoria Watlington,DEM,4,120,55,0,0,175,Y
19961,MECKLENBURG,11/7/23,28,2,C,CITY OF CHARLOTTE CITY COUNCIL AT-LARGE,Dimple Ajmera,DEM,4,197,75,0,0,272,Y
19963,MECKLENBURG,11/7/23,28,2,C,CITY OF CHARLOTTE CITY COUNCIL AT-LARGE,"James (Smuggie) Mitchell, Jr.",DEM,4,183,73,0,0,256,Y
19969,MECKLENBURG,11/7/23,28,2,C,CITY OF CHARLOTTE CITY COUNCIL AT-LARGE,LaWana Slack-Mayfield,DEM,4,182,81,0,0,263,Y
19975,MECKLENBURG,11/7/23,28,2,C,CITY OF CHARLOTTE CITY COUNCIL AT-LARGE,Steven J. DiFiore II,LIB,4,47,11,0,0,58,Y
19977,MECKLENBURG,11/7/23,28,2,C,CITY OF CHARLOTTE CITY COUNCIL AT-LARGE,Victoria Watlington,DEM,4,195,79,0,0,274,Y
20498,MECKLENBURG,11/7/23,29,2,C,CITY OF CHARLOTTE CITY COUNCIL AT-LARGE,Dimple Ajmera,DEM,4,261,83,0,0,344,Y
20500,MECKLENBURG,11/7/23,29,2,C,CITY OF CHARLOTTE CITY COUNCIL AT-LARGE,"James (Smuggie) Mitchell, Jr.",DEM,4,240,69,0,0,309,Y
20506,MECKLENBURG,11/7/23,29,2,C,CITY OF CHARLOTTE CITY COUNCIL AT-LARGE,LaWana Slack-Mayfield,DEM,4,241,76,0,0,317,Y
20512,MECKLENBURG,11/7/23,29,2,C,CITY OF CHARLOTTE CITY COUNCIL AT-LARGE,Steven J. DiFiore II,LIB,4,66,13,0,0,79,Y
20514,MECKLENBURG,11/7/23,29,2,C,CITY OF CHARLOTTE CITY COUNCIL AT-LARGE,Victoria Watlington,DEM,4,261,82,0,0,343,Y
20549,MECKLENBURG,11/7/23,30,2,C,CITY OF CHARLOTTE CITY COUNCIL AT-LARGE,Dimple Ajmera,DEM,4,506,156,0,0,662,Y
20551,MECKLENBURG,11/7/23,30,2,C,CITY OF CHARLOTTE CITY COUNCIL AT-LARGE,"James (Smuggie) Mitchell, Jr.",DEM,4,469,138,0,0,607,Y
20557,MECKLENBURG,11/7/23,30,2,C,CITY OF CHARLOTTE CITY COUNCIL AT-LARGE,LaWana Slack-Mayfield,DEM,4,478,145,0,0,623,Y
20563,MECKLENBURG,11/7/23,30,2,C,CITY OF CHARLOTTE CITY COUNCIL AT-LARGE,Steven J. DiFiore II,LIB,4,94,23,0,0,117,Y
20565,MECKLENBURG,11/7/23,30,2,C,CITY OF CHARLOTTE CITY COUNCIL AT-LARGE,Victoria Watlington,DEM,4,502,157,0,0,659,Y
20600,MECKLENBURG,11/7/23,31,2,C,CITY OF CHARLOTTE CITY COUNCIL AT-LARGE,Dimple Ajmera,DEM,4,113,120,0,0,233,Y
20602,MECKLENBURG,11/7/23,31,2,C,CITY OF CHARLOTTE CITY COUNCIL AT-LARGE,"James (Smuggie) Mitchell, Jr.",DEM,4,127,128,0,0,255,Y
20608,MECKLENBURG,11/7/23,31,2,C,CITY OF CHARLOTTE CITY COUNCIL AT-LARGE,LaWana Slack-Mayfield,DEM,4,114,127,0,0,241,Y
20614,MECKLENBURG,11/7/23,31,2,C,CITY OF CHARLOTTE CITY COUNCIL AT-LARGE,Steven J. DiFiore II,LIB,4,29,14,0,0,43,Y
20616,MECKLENBURG,11/7/23,31,2,C,CITY OF CHARLOTTE CITY COUNCIL AT-LARGE,Victoria Watlington,DEM,4,115,124,0,0,239,Y
20650,MECKLENBURG,11/7/23,32,2,C,CITY OF CHARLOTTE CITY COUNCIL AT-LARGE,Dimple Ajmera,DEM,4,195,92,0,0,287,Y
20652,MECKLENBURG,11/7/23,32,2,C,CITY OF CHARLOTTE CITY COUNCIL AT-LARGE,"James (Smuggie) Mitchell, Jr.",DEM,4,214,78,0,0,292,Y
20658,MECKLENBURG,11/7/23,32,2,C,CITY OF CHARLOTTE CITY COUNCIL AT-LARGE,LaWana Slack-Mayfield,DEM,4,163,74,0,0,237,Y
20664,MECKLENBURG,11/7/23,32,2,C,CITY OF CHARLOTTE CITY COUNCIL AT-LARGE,Steven J. DiFiore II,LIB,4,175,51,0,0,226,Y
20666,MECKLENBURG,11/7/23,32,2,C,CITY OF CHARLOTTE CITY COUNCIL AT-LARGE,Victoria Watlington,DEM,4,204,82,0,0,286,Y
20700,MECKLENBURG,11/7/23,33,2,C,CITY OF CHARLOTTE CITY COUNCIL AT-LARGE,Dimple Ajmera,DEM,4,218,48,0,0,266,Y
20702,MECKLENBURG,11/7/23,33,2,C,CITY OF CHARLOTTE CITY COUNCIL AT-LARGE,"James (Smuggie) Mitchell, Jr.",DEM,4,216,46,0,0,262,Y
20708,MECKLENBURG,11/7/23,33,2,C,CITY OF CHARLOTTE CITY COUNCIL AT-LARGE,LaWana Slack-Mayfield,DEM,4,206,47,0,0,253,Y
20714,MECKLENBURG,11/7/23,33,2,C,CITY OF CHARLOTTE CITY COUNCIL AT-LARGE,Steven J. DiFiore II,LIB,4,70,11,0,0,81,Y
20716,MECKLENBURG,11/7/23,33,2,C,CITY OF CHARLOTTE CITY COUNCIL AT-LARGE,Victoria Watlington,DEM,4,227,54,0,0,281,Y
20749,MECKLENBURG,11/7/23,34,2,C,CITY OF CHARLOTTE CITY COUNCIL AT-LARGE,Dimple Ajmera,DEM,4,248,95,0,0,343,Y
20751,MECKLENBURG,11/7/23,34,2,C,CITY OF CHARLOTTE CITY COUNCIL AT-LARGE,"James (Smuggie) Mitchell, Jr.",DEM,4,233,74,0,0,307,Y
20757,MECKLENBURG,11/7/23,34,2,C,CITY OF CHARLOTTE CITY COUNCIL AT-LARGE,LaWana Slack-Mayfield,DEM,4,230,86,0,0,316,Y
20763,MECKLENBURG,11/7/23,34,2,C,CITY OF CHARLOTTE CITY COUNCIL AT-LARGE,Steven J. DiFiore II,LIB,4,68,24,0,0,92,Y
20765,MECKLENBURG,11/7/23,34,2,C,CITY OF CHARLOTTE CITY COUNCIL AT-LARGE,Victoria Watlington,DEM,4,244,90,0,0,334,Y
20798,MECKLENBURG,11/7/23,35,2,C,CITY OF CHARLOTTE CITY COUNCIL AT-LARGE,Dimple Ajmera,DEM,4,272,113,0,0,385,Y
20800,MECKLENBURG,11/7/23,35,2,C,CITY OF CHARLOTTE CITY COUNCIL AT-LARGE,"James (Smuggie) Mitchell, Jr.",DEM,4,251,94,0,0,345,Y
20806,MECKLENBURG,11/7/23,35,2,C,CITY OF CHARLOTTE CITY COUNCIL AT-LARGE,LaWana Slack-Mayfield,DEM,4,219,103,0,0,322,Y
20812,MECKLENBURG,11/7/23,35,2,C,CITY OF CHARLOTTE CITY COUNCIL AT-LARGE,Steven J. DiFiore II,LIB,4,141,38,0,0,179,Y
20814,MECKLENBURG,11/7/23,35,2,C,CITY OF CHARLOTTE CITY COUNCIL AT-LARGE,Victoria Watlington,DEM,4,263,118,0,0,381,Y
20848,MECKLENBURG,11/7/23,36,2,C,CITY OF CHARLOTTE CITY COUNCIL AT-LARGE,Dimple Ajmera,DEM,4,342,150,0,0,492,Y
20850,MECKLENBURG,11/7/23,36,2,C,CITY OF CHARLOTTE CITY COUNCIL AT-LARGE,"James (Smuggie) Mitchell, Jr.",DEM,4,342,138,0,0,480,Y
20856,MECKLENBURG,11/7/23,36,2,C,CITY OF CHARLOTTE CITY COUNCIL AT-LARGE,LaWana Slack-Mayfield,DEM,4,304,133,0,0,437,Y
20862,MECKLENBURG,11/7/23,36,2,C,CITY OF CHARLOTTE CITY COUNCIL AT-LARGE,Steven J. DiFiore II,LIB,4,212,46,0,0,258,Y
20864,MECKLENBURG,11/7/23,36,2,C,CITY OF CHARLOTTE CITY COUNCIL AT-LARGE,Victoria Watlington,DEM,4,350,151,0,0,501,Y
20898,MECKLENBURG,11/7/23,37,2,C,CITY OF CHARLOTTE CITY COUNCIL AT-LARGE,Dimple Ajmera,DEM,4,211,85,0,0,296,Y
20900,MECKLENBURG,11/7/23,37,2,C,CITY OF CHARLOTTE CITY COUNCIL AT-LARGE,"James (Smuggie) Mitchell, Jr.",DEM,4,192,67,0,0,259,Y
20906,MECKLENBURG,11/7/23,37,2,C,CITY OF CHARLOTTE CITY COUNCIL AT-LARGE,LaWana Slack-Mayfield,DEM,4,174,67,0,0,241,Y
20931,MECKLENBURG,11/7/23,100,2,C,CITY OF CHARLOTTE CITY COUNCIL AT-LARGE,Dimple Ajmera,DEM,4,256,143,0,0,399,Y
20933,MECKLENBURG,11/7/23,100,2,C,CITY OF CHARLOTTE CITY COUNCIL AT-LARGE,"James (Smuggie) Mitchell, Jr.",DEM,4,245,120,0,0,365,Y
20939,MECKLENBURG,11/7/23,100,2,C,CITY OF CHARLOTTE CITY COUNCIL AT-LARGE,LaWana Slack-Mayfield,DEM,4,235,124,0,0,359,Y
20945,MECKLENBURG,11/7/23,100,2,C,CITY OF CHARLOTTE CITY COUNCIL AT-LARGE,Steven J. DiFiore II,LIB,4,167,37,0,0,204,Y
20947,MECKLENBURG,11/7/23,100,2,C,CITY OF CHARLOTTE CITY COUNCIL AT-LARGE,Victoria Watlington,DEM,4,268,138,0,0,406,Y
20981,MECKLENBURG,11/7/23,101,2,C,CITY OF CHARLOTTE CITY COUNCIL AT-LARGE,Dimple Ajmera,DEM,4,241,86,0,0,327,Y
20983,MECKLENBURG,11/7/23,101,2,C,CITY OF CHARLOTTE CITY COUNCIL AT-LARGE,"James (Smuggie) Mitchell, Jr.",DEM,4,229,80,0,0,309,Y
20989,MECKLENBURG,11/7/23,101,2,C,CITY OF CHARLOTTE CITY COUNCIL AT-LARGE,LaWana Slack-Mayfield,DEM,4,204,72,0,0,276,Y
20995,MECKLENBURG,11/7/23,101,2,C,CITY OF CHARLOTTE CITY COUNCIL AT-LARGE,Steven J. DiFiore II,LIB,4,206,49,0,0,255,Y
20997,MECKLENBURG,11/7/23,101,2,C,CITY OF CHARLOTTE CITY COUNCIL AT-LARGE,Victoria Watlington,DEM,4,250,85,0,0,335,Y
21031,MECKLENBURG,11/7/23,102,2,C,CITY OF CHARLOTTE CITY COUNCIL AT-LARGE,Dimple Ajmera,DEM,4,288,112,0,0,400,Y
21033,MECKLENBURG,11/7/23,102,2,C,CITY OF CHARLOTTE CITY COUNCIL AT-LARGE,"James (Smuggie) Mitchell, Jr.",DEM,4,291,106,0,0,397,Y
21039,MECKLENBURG,11/7/23,102,2,C,CITY OF CHARLOTTE CITY COUNCIL AT-LARGE,LaWana Slack-Mayfield,DEM,4,281,102,0,0,383,Y
21045,MECKLENBURG,11/7/23,102,2,C,CITY OF CHARLOTTE CITY COUNCIL AT-LARGE,Steven J. DiFiore II,LIB,4,103,26,0,0,129,Y
21047,MECKLENBURG,11/7/23,102,2,C,CITY OF CHARLOTTE CITY COUNCIL AT-LARGE,Victoria Watlington,DEM,4,292,114,0,0,406,Y
21080,MECKLENBURG,11/7/23,103,2,C,CITY OF CHARLOTTE CITY COUNCIL AT-LARGE,Dimple Ajmera,DEM,4,381,145,0,0,526,Y
21082,MECKLENBURG,11/7/23,103,2,C,CITY OF CHARLOTTE CITY COUNCIL AT-LARGE,"James (Smuggie) Mitchell, Jr.",DEM,4,346,126,0,0,472,Y
21088,MECKLENBURG,11/7/23,103,2,C,CITY OF CHARLOTTE CITY COUNCIL AT-LARGE,LaWana Slack-Mayfield,DEM,4,329,130,0,0,459,Y
21094,MECKLENBURG,11/7/23,103,2,C,CITY OF CHARLOTTE CITY COUNCIL AT-LARGE,Steven J. DiFiore II,LIB,4,233,74,0,0,307,Y
21096,MECKLENBURG,11/7/23,103,2,C,CITY OF CHARLOTTE CITY COUNCIL AT-LARGE,Victoria Watlington,DEM,4,379,155,0,0,534,Y
21130,MECKLENBURG,11/7/23,104,2,C,CITY OF CHARLOTTE CITY COUNCIL AT-LARGE,Dimple Ajmera,DEM,4,247,160,0,0,407,Y
21132,MECKLENBURG,11/7/23,104,2,C,CITY OF CHARLOTTE CITY COUNCIL AT-LARGE,"James (Smuggie) Mitchell, Jr.",DEM,4,245,157,0,0,402,Y
21138,MECKLENBURG,11/7/23,104,2,C,CITY OF CHARLOTTE CITY COUNCIL AT-LARGE,LaWana Slack-Mayfield,DEM,4,242,158,0,0,400,Y
21144,MECKLENBURG,11/7/23,104,2,C,CITY OF CHARLOTTE CITY COUNCIL AT-LARGE,Steven J. DiFiore II,LIB,4,29,17,0,0,46,Y
21146,MECKLENBURG,11/7/23,104,2,C,CITY OF CHARLOTTE CITY COUNCIL AT-LARGE,Victoria Watlington,DEM,4,242,157,0,0,399,Y
21179,MECKLENBURG,11/7/23,105,2,C,CITY OF CHARLOTTE CITY COUNCIL AT-LARGE,Dimple Ajmera,DEM,4,183,88,0,0,271,Y
21181,MECKLENBURG,11/7/23,105,2,C,CITY OF CHARLOTTE CITY COUNCIL AT-LARGE,"James (Smuggie) Mitchell, Jr.",DEM,4,189,88,0,0,277,Y
21187,MECKLENBURG,11/7/23,105,2,C,CITY OF CHARLOTTE CITY COUNCIL AT-LARGE,LaWana Slack-Mayfield,DEM,4,181,95,0,0,276,Y
21193,MECKLENBURG,11/7/23,105,2,C,CITY OF CHARLOTTE CITY COUNCIL AT-LARGE,Steven J. DiFiore II,LIB,4,43,16,0,0,59,Y
21195,MECKLENBURG,11/7/23,105,2,C,CITY OF CHARLOTTE CITY COUNCIL AT-LARGE,Victoria Watlington,DEM,4,188,93,0,0,281,Y
21228,MECKLENBURG,11/7/23,106,2,C,CITY OF CHARLOTTE CITY COUNCIL AT-LARGE,Dimple Ajmera,DEM,4,256,148,0,0,404,Y
21230,MECKLENBURG,11/7/23,106,2,C,CITY OF CHARLOTTE CITY COUNCIL AT-LARGE,"James (Smuggie) Mitchell, Jr.",DEM,4,242,134,0,0,376,Y
21236,MECKLENBURG,11/7/23,106,2,C,CITY OF CHARLOTTE CITY COUNCIL AT-LARGE,LaWana Slack-Mayfield,DEM,4,237,120,0,0,357,Y
21242,MECKLENBURG,11/7/23,106,2,C,CITY OF CHARLOTTE CITY COUNCIL AT-LARGE,Steven J. DiFiore II,LIB,4,138,52,0,0,190,Y
21244,MECKLENBURG,11/7/23,106,2,C,CITY OF CHARLOTTE CITY COUNCIL AT-LARGE,Victoria Watlington,DEM,4,262,149,0,0,411,Y
21278,MECKLENBURG,11/7/23,107.1,2,C,CITY OF CHARLOTTE CITY COUNCIL AT-LARGE,Dimple Ajmera,DEM,4,318,162,0,0,480,Y
21280,MECKLENBURG,11/7/23,107.1,2,C,CITY OF CHARLOTTE CITY COUNCIL AT-LARGE,"James (Smuggie) Mitchell, Jr.",DEM,4,316,168,0,0,484,Y
21286,MECKLENBURG,11/7/23,107.1,2,C,CITY OF CHARLOTTE CITY COUNCIL AT-LARGE,LaWana Slack-Mayfield,DEM,4,309,162,0,0,471,Y
21292,MECKLENBURG,11/7/23,107.1,2,C,CITY OF CHARLOTTE CITY COUNCIL AT-LARGE,Steven J. DiFiore II,LIB,4,60,19,0,0,79,Y
21294,MECKLENBURG,11/7/23,107.1,2,C,CITY OF CHARLOTTE CITY COUNCIL AT-LARGE,Victoria Watlington,DEM,4,317,164,0,0,481,Y
21327,MECKLENBURG,11/7/23,108,2,C,CITY OF CHARLOTTE CITY COUNCIL AT-LARGE,Dimple Ajmera,DEM,4,120,64,0,0,184,Y
21329,MECKLENBURG,11/7/23,108,2,C,CITY OF CHARLOTTE CITY COUNCIL AT-LARGE,"James (Smuggie) Mitchell, Jr.",DEM,4,120,61,0,0,181,Y
21335,MECKLENBURG,11/7/23,108,2,C,CITY OF CHARLOTTE CITY COUNCIL AT-LARGE,LaWana Slack-Mayfield,DEM,4,120,62,0,0,182,Y
21341,MECKLENBURG,11/7/23,108,2,C,CITY OF CHARLOTTE CITY COUNCIL AT-LARGE,Steven J. DiFiore II,LIB,4,19,9,0,0,28,Y
21343,MECKLENBURG,11/7/23,108,2,C,CITY OF CHARLOTTE CITY COUNCIL AT-LARGE,Victoria Watlington,DEM,4,119,61,0,0,180,Y
21385,MECKLENBURG,11/7/23,224,2,C,CITY OF CHARLOTTE CITY COUNCIL AT-LARGE,Dimple Ajmera,DEM,4,98,35,0,0,133,Y
21387,MECKLENBURG,11/7/23,224,2,C,CITY OF CHARLOTTE CITY COUNCIL AT-LARGE,"James (Smuggie) Mitchell, Jr.",DEM,4,87,37,0,0,124,Y
21393,MECKLENBURG,11/7/23,224,2,C,CITY OF CHARLOTTE CITY COUNCIL AT-LARGE,LaWana Slack-Mayfield,DEM,4,90,38,0,0,128,Y
21399,MECKLENBURG,11/7/23,224,2,C,CITY OF CHARLOTTE CITY COUNCIL AT-LARGE,Steven J. DiFiore II,LIB,4,29,9,0,0,38,Y
21401,MECKLENBURG,11/7/23,224,2,C,CITY OF CHARLOTTE CITY COUNCIL AT-LARGE,Victoria Watlington,DEM,4,94,37,0,0,131,Y
21435,MECKLENBURG,11/7/23,225,2,C,CITY OF CHARLOTTE CITY COUNCIL AT-LARGE,Dimple Ajmera,DEM,4,0,0,0,0,0,Y
21437,MECKLENBURG,11/7/23,225,2,C,CITY OF CHARLOTTE CITY COUNCIL AT-LARGE,"James (Smuggie) Mitchell, Jr.",DEM,4,0,0,0,0,0,Y
21443,MECKLENBURG,11/7/23,225,2,C,CITY OF CHARLOTTE CITY COUNCIL AT-LARGE,LaWana Slack-Mayfield,DEM,4,0,0,0,0,0,Y
21449,MECKLENBURG,11/7/23,225,2,C,CITY OF CHARLOTTE CITY COUNCIL AT-LARGE,Steven J. DiFiore II,LIB,4,0,0,0,0,0,Y
21451,MECKLENBURG,11/7/23,225,2,C,CITY OF CHARLOTTE CITY COUNCIL AT-LARGE,Victoria Watlington,DEM,4,0,0,0,0,0,Y
21493,MECKLENBURG,11/7/23,226,2,C,CITY OF CHARLOTTE CITY COUNCIL AT-LARGE,Dimple Ajmera,DEM,4,225,181,0,0,406,Y
21495,MECKLENBURG,11/7/23,226,2,C,CITY OF CHARLOTTE CITY COUNCIL AT-LARGE,"James (Smuggie) Mitchell, Jr.",DEM,4,227,165,0,0,392,Y
21501,MECKLENBURG,11/7/23,226,2,C,CITY OF CHARLOTTE CITY COUNCIL AT-LARGE,LaWana Slack-Mayfield,DEM,4,209,163,0,0,372,Y
21507,MECKLENBURG,11/7/23,226,2,C,CITY OF CHARLOTTE CITY COUNCIL AT-LARGE,Steven J. DiFiore II,LIB,4,171,65,0,0,236,Y
21509,MECKLENBURG,11/7/23,226,2,C,CITY OF CHARLOTTE CITY COUNCIL AT-LARGE,Victoria Watlington,DEM,4,237,182,0,0,419,Y
21543,MECKLENBURG,11/7/23,227,2,C,CITY OF CHARLOTTE CITY COUNCIL AT-LARGE,Dimple Ajmera,DEM,4,466,214,0,0,680,Y
21545,MECKLENBURG,11/7/23,227,2,C,CITY OF CHARLOTTE CITY COUNCIL AT-LARGE,"James (Smuggie) Mitchell, Jr.",DEM,4,445,195,0,0,640,Y
21551,MECKLENBURG,11/7/23,227,2,C,CITY OF CHARLOTTE CITY COUNCIL AT-LARGE,LaWana Slack-Mayfield,DEM,4,440,190,0,0,630,Y
21557,MECKLENBURG,11/7/23,227,2,C,CITY OF CHARLOTTE CITY COUNCIL AT-LARGE,Steven J. DiFiore II,LIB,4,239,67,0,0,306,Y
21559,MECKLENBURG,11/7/23,227,2,C,CITY OF CHARLOTTE CITY COUNCIL AT-LARGE,Victoria Watlington,DEM,4,469,206,0,0,675,Y
21593,MECKLENBURG,11/7/23,228,2,C,CITY OF CHARLOTTE CITY COUNCIL AT-LARGE,Dimple Ajmera,DEM,4,225,128,0,0,353,Y
21595,MECKLENBURG,11/7/23,228,2,C,CITY OF CHARLOTTE CITY COUNCIL AT-LARGE,"James (Smuggie) Mitchell, Jr.",DEM,4,230,128,0,0,358,Y
21601,MECKLENBURG,11/7/23,228,2,C,CITY OF CHARLOTTE CITY COUNCIL AT-LARGE,LaWana Slack-Mayfield,DEM,4,207,126,0,0,333,Y
21607,MECKLENBURG,11/7/23,228,2,C,CITY OF CHARLOTTE CITY COUNCIL AT-LARGE,Steven J. DiFiore II,LIB,4,83,30,0,0,113,Y
21609,MECKLENBURG,11/7/23,228,2,C,CITY OF CHARLOTTE CITY COUNCIL AT-LARGE,Victoria Watlington,DEM,4,238,135,0,0,373,Y
21643,MECKLENBURG,11/7/23,229,2,C,CITY OF CHARLOTTE CITY COUNCIL AT-LARGE,Dimple Ajmera,DEM,4,364,207,0,0,571,Y
21645,MECKLENBURG,11/7/23,229,2,C,CITY OF CHARLOTTE CITY COUNCIL AT-LARGE,"James (Smuggie) Mitchell, Jr.",DEM,4,366,202,0,0,568,Y
21651,MECKLENBURG,11/7/23,229,2,C,CITY OF CHARLOTTE CITY COUNCIL AT-LARGE,LaWana Slack-Mayfield,DEM,4,364,192,0,0,556,Y
21657,MECKLENBURG,11/7/23,229,2,C,CITY OF CHARLOTTE CITY COUNCIL AT-LARGE,Steven J. DiFiore II,LIB,4,114,35,0,0,149,Y
21659,MECKLENBURG,11/7/23,229,2,C,CITY OF CHARLOTTE CITY COUNCIL AT-LARGE,Victoria Watlington,DEM,4,376,201,0,0,577,Y
21693,MECKLENBURG,11/7/23,230,2,C,CITY OF CHARLOTTE CITY COUNCIL AT-LARGE,Dimple Ajmera,DEM,4,575,251,0,0,826,Y
21695,MECKLENBURG,11/7/23,230,2,C,CITY OF CHARLOTTE CITY COUNCIL AT-LARGE,"James (Smuggie) Mitchell, Jr.",DEM,4,579,238,0,0,817,Y
21701,MECKLENBURG,11/7/23,230,2,C,CITY OF CHARLOTTE CITY COUNCIL AT-LARGE,LaWana Slack-Mayfield,DEM,4,559,244,0,0,803,Y
21707,MECKLENBURG,11/7/23,230,2,C,CITY OF CHARLOTTE CITY COUNCIL AT-LARGE,Steven J. DiFiore II,LIB,4,159,46,0,0,205,Y
21709,MECKLENBURG,11/7/23,230,2,C,CITY OF CHARLOTTE CITY COUNCIL AT-LARGE,Victoria Watlington,DEM,4,598,263,0,0,861,Y
21770,MECKLENBURG,11/7/23,232,2,C,CITY OF CHARLOTTE CITY COUNCIL AT-LARGE,Dimple Ajmera,DEM,4,329,230,0,0,559,Y
21772,MECKLENBURG,11/7/23,232,2,C,CITY OF CHARLOTTE CITY COUNCIL AT-LARGE,"James (Smuggie) Mitchell, Jr.",DEM,4,335,207,0,0,542,Y
21778,MECKLENBURG,11/7/23,232,2,C,CITY OF CHARLOTTE CITY COUNCIL AT-LARGE,LaWana Slack-Mayfield,DEM,4,308,217,0,0,525,Y
21784,MECKLENBURG,11/7/23,232,2,C,CITY OF CHARLOTTE CITY COUNCIL AT-LARGE,Steven J. DiFiore II,LIB,4,304,98,0,0,402,Y
21786,MECKLENBURG,11/7/23,232,2,C,CITY OF CHARLOTTE CITY COUNCIL AT-LARGE,Victoria Watlington,DEM,4,364,230,0,0,594,Y
25780,MECKLENBURG,11/7/23,37,2,C,CITY OF CHARLOTTE CITY COUNCIL AT-LARGE,Steven J. DiFiore II,LIB,4,110,36,0,0,146,Y
25782,MECKLENBURG,11/7/23,37,2,C,CITY OF CHARLOTTE CITY COUNCIL AT-LARGE,Victoria Watlington,DEM,4,217,78,0,0,295,Y
25817,MECKLENBURG,11/7/23,38,2,C,CITY OF CHARLOTTE CITY COUNCIL AT-LARGE,Dimple Ajmera,DEM,4,185,58,0,0,243,Y
25819,MECKLENBURG,11/7/23,38,2,C,CITY OF CHARLOTTE CITY COUNCIL AT-LARGE,"James (Smuggie) Mitchell, Jr.",DEM,4,169,52,0,0,221,Y
25825,MECKLENBURG,11/7/23,38,2,C,CITY OF CHARLOTTE CITY COUNCIL AT-LARGE,LaWana Slack-Mayfield,DEM,4,162,56,0,0,218,Y
25831,MECKLENBURG,11/7/23,38,2,C,CITY OF CHARLOTTE CITY COUNCIL AT-LARGE,Steven J. DiFiore II,LIB,4,75,7,0,0,82,Y
25833,MECKLENBURG,11/7/23,38,2,C,CITY OF CHARLOTTE CITY COUNCIL AT-LARGE,Victoria Watlington,DEM,4,181,59,0,0,240,Y
25868,MECKLENBURG,11/7/23,39,2,C,CITY OF CHARLOTTE CITY COUNCIL AT-LARGE,Dimple Ajmera,DEM,4,98,98,0,0,196,Y
25870,MECKLENBURG,11/7/23,39,2,C,CITY OF CHARLOTTE CITY COUNCIL AT-LARGE,"James (Smuggie) Mitchell, Jr.",DEM,4,103,99,0,0,202,Y
25876,MECKLENBURG,11/7/23,39,2,C,CITY OF CHARLOTTE CITY COUNCIL AT-LARGE,LaWana Slack-Mayfield,DEM,4,101,103,0,0,204,Y
25882,MECKLENBURG,11/7/23,39,2,C,CITY OF CHARLOTTE CITY COUNCIL AT-LARGE,Steven J. DiFiore II,LIB,4,12,10,0,0,22,Y
25884,MECKLENBURG,11/7/23,39,2,C,CITY OF CHARLOTTE CITY COUNCIL AT-LARGE,Victoria Watlington,DEM,4,100,100,0,0,200,Y
25918,MECKLENBURG,11/7/23,40,2,C,CITY OF CHARLOTTE CITY COUNCIL AT-LARGE,Dimple Ajmera,DEM,4,123,63,0,0,186,Y
25920,MECKLENBURG,11/7/23,40,2,C,CITY OF CHARLOTTE CITY COUNCIL AT-LARGE,"James (Smuggie) Mitchell, Jr.",DEM,4,124,67,0,0,191,Y
25926,MECKLENBURG,11/7/23,40,2,C,CITY OF CHARLOTTE CITY COUNCIL AT-LARGE,LaWana Slack-Mayfield,DEM,4,129,61,0,0,190,Y
25932,MECKLENBURG,11/7/23,40,2,C,CITY OF CHARLOTTE CITY COUNCIL AT-LARGE,Steven J. DiFiore II,LIB,4,23,6,0,0,29,Y
25934,MECKLENBURG,11/7/23,40,2,C,CITY OF CHARLOTTE CITY COUNCIL AT-LARGE,Victoria Watlington,DEM,4,118,64,0,0,182,Y
25967,MECKLENBURG,11/7/23,41,2,C,CITY OF CHARLOTTE CITY COUNCIL AT-LARGE,Dimple Ajmera,DEM,4,134,64,0,0,198,Y
25969,MECKLENBURG,11/7/23,41,2,C,CITY OF CHARLOTTE CITY COUNCIL AT-LARGE,"James (Smuggie) Mitchell, Jr.",DEM,4,132,53,0,0,185,Y
25975,MECKLENBURG,11/7/23,41,2,C,CITY OF CHARLOTTE CITY COUNCIL AT-LARGE,LaWana Slack-Mayfield,DEM,4,134,65,0,0,199,Y
25981,MECKLENBURG,11/7/23,41,2,C,CITY OF CHARLOTTE CITY COUNCIL AT-LARGE,Steven J. DiFiore II,LIB,4,23,11,0,0,34,Y
25983,MECKLENBURG,11/7/23,41,2,C,CITY OF CHARLOTTE CITY COUNCIL AT-LARGE,Victoria Watlington,DEM,4,128,62,0,0,190,Y
26016,MECKLENBURG,11/7/23,42,2,C,CITY OF CHARLOTTE CITY COUNCIL AT-LARGE,Dimple Ajmera,DEM,4,198,144,0,0,342,Y
26018,MECKLENBURG,11/7/23,42,2,C,CITY OF CHARLOTTE CITY COUNCIL AT-LARGE,"James (Smuggie) Mitchell, Jr.",DEM,4,203,143,0,0,346,Y
26024,MECKLENBURG,11/7/23,42,2,C,CITY OF CHARLOTTE CITY COUNCIL AT-LARGE,LaWana Slack-Mayfield,DEM,4,197,144,0,0,341,Y
26030,MECKLENBURG,11/7/23,42,2,C,CITY OF CHARLOTTE CITY COUNCIL AT-LARGE,Steven J. DiFiore II,LIB,4,22,22,0,0,44,Y
26032,MECKLENBURG,11/7/23,42,2,C,CITY OF CHARLOTTE CITY COUNCIL AT-LARGE,Victoria Watlington,DEM,4,203,143,0,0,346,Y
26067,MECKLENBURG,11/7/23,43,2,C,CITY OF CHARLOTTE CITY COUNCIL AT-LARGE,Dimple Ajmera,DEM,4,188,115,0,0,303,Y
26069,MECKLENBURG,11/7/23,43,2,C,CITY OF CHARLOTTE CITY COUNCIL AT-LARGE,"James (Smuggie) Mitchell, Jr.",DEM,4,180,109,0,0,289,Y
26075,MECKLENBURG,11/7/23,43,2,C,CITY OF CHARLOTTE CITY COUNCIL AT-LARGE,LaWana Slack-Mayfield,DEM,4,184,109,0,0,293,Y
26081,MECKLENBURG,11/7/23,43,2,C,CITY OF CHARLOTTE CITY COUNCIL AT-LARGE,Steven J. DiFiore II,LIB,4,33,17,0,0,50,Y
26083,MECKLENBURG,11/7/23,43,2,C,CITY OF CHARLOTTE CITY COUNCIL AT-LARGE,Victoria Watlington,DEM,4,194,114,0,0,308,Y
26118,MECKLENBURG,11/7/23,44,2,C,CITY OF CHARLOTTE CITY COUNCIL AT-LARGE,Dimple Ajmera,DEM,4,292,100,0,0,392,Y
26120,MECKLENBURG,11/7/23,44,2,C,CITY OF CHARLOTTE CITY COUNCIL AT-LARGE,"James (Smuggie) Mitchell, Jr.",DEM,4,271,92,0,0,363,Y
26126,MECKLENBURG,11/7/23,44,2,C,CITY OF CHARLOTTE CITY COUNCIL AT-LARGE,LaWana Slack-Mayfield,DEM,4,270,90,0,0,360,Y
26132,MECKLENBURG,11/7/23,44,2,C,CITY OF CHARLOTTE CITY COUNCIL AT-LARGE,Steven J. DiFiore II,LIB,4,81,24,0,0,105,Y
26134,MECKLENBURG,11/7/23,44,2,C,CITY OF CHARLOTTE CITY COUNCIL AT-LARGE,Victoria Watlington,DEM,4,286,97,0,0,383,Y
26169,MECKLENBURG,11/7/23,45,2,C,CITY OF CHARLOTTE CITY COUNCIL AT-LARGE,Dimple Ajmera,DEM,4,186,48,0,0,234,Y
26171,MECKLENBURG,11/7/23,45,2,C,CITY OF CHARLOTTE CITY COUNCIL AT-LARGE,"James (Smuggie) Mitchell, Jr.",DEM,4,169,52,0,0,221,Y
26177,MECKLENBURG,11/7/23,45,2,C,CITY OF CHARLOTTE CITY COUNCIL AT-LARGE,LaWana Slack-Mayfield,DEM,4,167,49,0,0,216,Y
26183,MECKLENBURG,11/7/23,45,2,C,CITY OF CHARLOTTE CITY COUNCIL AT-LARGE,Steven J. DiFiore II,LIB,4,70,9,0,0,79,Y
26185,MECKLENBURG,11/7/23,45,2,C,CITY OF CHARLOTTE CITY COUNCIL AT-LARGE,Victoria Watlington,DEM,4,191,49,0,0,240,Y
26218,MECKLENBURG,11/7/23,46,2,C,CITY OF CHARLOTTE CITY COUNCIL AT-LARGE,Dimple Ajmera,DEM,4,250,79,0,0,329,Y
26220,MECKLENBURG,11/7/23,46,2,C,CITY OF CHARLOTTE CITY COUNCIL AT-LARGE,"James (Smuggie) Mitchell, Jr.",DEM,4,230,73,0,0,303,Y
26243,MECKLENBURG,11/7/23,109,2,C,CITY OF CHARLOTTE CITY COUNCIL AT-LARGE,Dimple Ajmera,DEM,4,401,86,0,0,487,Y
26245,MECKLENBURG,11/7/23,109,2,C,CITY OF CHARLOTTE CITY COUNCIL AT-LARGE,"James (Smuggie) Mitchell, Jr.",DEM,4,351,80,0,0,431,Y
26251,MECKLENBURG,11/7/23,109,2,C,CITY OF CHARLOTTE CITY COUNCIL AT-LARGE,LaWana Slack-Mayfield,DEM,4,360,83,0,0,443,Y
26257,MECKLENBURG,11/7/23,109,2,C,CITY OF CHARLOTTE CITY COUNCIL AT-LARGE,Steven J. DiFiore II,LIB,4,124,11,0,0,135,Y
26259,MECKLENBURG,11/7/23,109,2,C,CITY OF CHARLOTTE CITY COUNCIL AT-LARGE,Victoria Watlington,DEM,4,397,82,0,0,479,Y
26294,MECKLENBURG,11/7/23,110,2,C,CITY OF CHARLOTTE CITY COUNCIL AT-LARGE,Dimple Ajmera,DEM,4,209,78,0,0,287,Y
26296,MECKLENBURG,11/7/23,110,2,C,CITY OF CHARLOTTE CITY COUNCIL AT-LARGE,"James (Smuggie) Mitchell, Jr.",DEM,4,190,73,0,0,263,Y
26302,MECKLENBURG,11/7/23,110,2,C,CITY OF CHARLOTTE CITY COUNCIL AT-LARGE,LaWana Slack-Mayfield,DEM,4,169,69,0,0,238,Y
26308,MECKLENBURG,11/7/23,110,2,C,CITY OF CHARLOTTE CITY COUNCIL AT-LARGE,Steven J. DiFiore II,LIB,4,150,35,0,0,185,Y
26310,MECKLENBURG,11/7/23,110,2,C,CITY OF CHARLOTTE CITY COUNCIL AT-LARGE,Victoria Watlington,DEM,4,206,77,0,0,283,Y
26344,MECKLENBURG,11/7/23,111,2,C,CITY OF CHARLOTTE CITY COUNCIL AT-LARGE,Dimple Ajmera,DEM,4,298,210,0,0,508,Y
26346,MECKLENBURG,11/7/23,111,2,C,CITY OF CHARLOTTE CITY COUNCIL AT-LARGE,"James (Smuggie) Mitchell, Jr.",DEM,4,271,196,0,0,467,Y
26352,MECKLENBURG,11/7/23,111,2,C,CITY OF CHARLOTTE CITY COUNCIL AT-LARGE,LaWana Slack-Mayfield,DEM,4,243,183,0,0,426,Y
26358,MECKLENBURG,11/7/23,111,2,C,CITY OF CHARLOTTE CITY COUNCIL AT-LARGE,Steven J. DiFiore II,LIB,4,185,100,0,0,285,Y
26360,MECKLENBURG,11/7/23,111,2,C,CITY OF CHARLOTTE CITY COUNCIL AT-LARGE,Victoria Watlington,DEM,4,299,206,0,0,505,Y
26394,MECKLENBURG,11/7/23,112,2,C,CITY OF CHARLOTTE CITY COUNCIL AT-LARGE,Dimple Ajmera,DEM,4,189,70,0,0,259,Y
26396,MECKLENBURG,11/7/23,112,2,C,CITY OF CHARLOTTE CITY COUNCIL AT-LARGE,"James (Smuggie) Mitchell, Jr.",DEM,4,188,67,0,0,255,Y
26402,MECKLENBURG,11/7/23,112,2,C,CITY OF CHARLOTTE CITY COUNCIL AT-LARGE,LaWana Slack-Mayfield,DEM,4,165,62,0,0,227,Y
26408,MECKLENBURG,11/7/23,112,2,C,CITY OF CHARLOTTE CITY COUNCIL AT-LARGE,Steven J. DiFiore II,LIB,4,139,40,0,0,179,Y
26410,MECKLENBURG,11/7/23,112,2,C,CITY OF CHARLOTTE CITY COUNCIL AT-LARGE,Victoria Watlington,DEM,4,191,71,0,0,262,Y
26444,MECKLENBURG,11/7/23,113,2,C,CITY OF CHARLOTTE CITY COUNCIL AT-LARGE,Dimple Ajmera,DEM,4,287,119,0,0,406,Y
26446,MECKLENBURG,11/7/23,113,2,C,CITY OF CHARLOTTE CITY COUNCIL AT-LARGE,"James (Smuggie) Mitchell, Jr.",DEM,4,294,117,0,0,411,Y
26452,MECKLENBURG,11/7/23,113,2,C,CITY OF CHARLOTTE CITY COUNCIL AT-LARGE,LaWana Slack-Mayfield,DEM,4,269,116,0,0,385,Y
26458,MECKLENBURG,11/7/23,113,2,C,CITY OF CHARLOTTE CITY COUNCIL AT-LARGE,Steven J. DiFiore II,LIB,4,241,39,0,0,280,Y
26460,MECKLENBURG,11/7/23,113,2,C,CITY OF CHARLOTTE CITY COUNCIL AT-LARGE,Victoria Watlington,DEM,4,315,120,0,0,435,Y
26494,MECKLENBURG,11/7/23,114,2,C,CITY OF CHARLOTTE CITY COUNCIL AT-LARGE,Dimple Ajmera,DEM,4,327,178,0,0,505,Y
26496,MECKLENBURG,11/7/23,114,2,C,CITY OF CHARLOTTE CITY COUNCIL AT-LARGE,"James (Smuggie) Mitchell, Jr.",DEM,4,314,162,0,0,476,Y
26502,MECKLENBURG,11/7/23,114,2,C,CITY OF CHARLOTTE CITY COUNCIL AT-LARGE,LaWana Slack-Mayfield,DEM,4,292,153,0,0,445,Y
26508,MECKLENBURG,11/7/23,114,2,C,CITY OF CHARLOTTE CITY COUNCIL AT-LARGE,Steven J. DiFiore II,LIB,4,243,89,0,0,332,Y
26510,MECKLENBURG,11/7/23,114,2,C,CITY OF CHARLOTTE CITY COUNCIL AT-LARGE,Victoria Watlington,DEM,4,327,177,0,0,504,Y
26544,MECKLENBURG,11/7/23,115,2,C,CITY OF CHARLOTTE CITY COUNCIL AT-LARGE,Dimple Ajmera,DEM,4,111,32,0,0,143,Y
26546,MECKLENBURG,11/7/23,115,2,C,CITY OF CHARLOTTE CITY COUNCIL AT-LARGE,"James (Smuggie) Mitchell, Jr.",DEM,4,108,35,0,0,143,Y
26552,MECKLENBURG,11/7/23,115,2,C,CITY OF CHARLOTTE CITY COUNCIL AT-LARGE,LaWana Slack-Mayfield,DEM,4,112,31,0,0,143,Y
26558,MECKLENBURG,11/7/23,115,2,C,CITY OF CHARLOTTE CITY COUNCIL AT-LARGE,Steven J. DiFiore II,LIB,4,40,10,0,0,50,Y
26560,MECKLENBURG,11/7/23,115,2,C,CITY OF CHARLOTTE CITY COUNCIL AT-LARGE,Victoria Watlington,DEM,4,110,34,0,0,144,Y
26593,MECKLENBURG,11/7/23,116,2,C,CITY OF CHARLOTTE CITY COUNCIL AT-LARGE,Dimple Ajmera,DEM,4,126,55,0,0,181,Y
26595,MECKLENBURG,11/7/23,116,2,C,CITY OF CHARLOTTE CITY COUNCIL AT-LARGE,"James (Smuggie) Mitchell, Jr.",DEM,4,129,53,0,0,182,Y
26601,MECKLENBURG,11/7/23,116,2,C,CITY OF CHARLOTTE CITY COUNCIL AT-LARGE,LaWana Slack-Mayfield,DEM,4,124,54,0,0,178,Y
26607,MECKLENBURG,11/7/23,116,2,C,CITY OF CHARLOTTE CITY COUNCIL AT-LARGE,Steven J. DiFiore II,LIB,4,38,3,0,0,41,Y
26609,MECKLENBURG,11/7/23,116,2,C,CITY OF CHARLOTTE CITY COUNCIL AT-LARGE,Victoria Watlington,DEM,4,125,55,0,0,180,Y
26642,MECKLENBURG,11/7/23,117,2,C,CITY OF CHARLOTTE CITY COUNCIL AT-LARGE,Dimple Ajmera,DEM,4,128,73,0,0,201,Y
26644,MECKLENBURG,11/7/23,117,2,C,CITY OF CHARLOTTE CITY COUNCIL AT-LARGE,"James (Smuggie) Mitchell, Jr.",DEM,4,122,73,0,0,195,Y
26650,MECKLENBURG,11/7/23,117,2,C,CITY OF CHARLOTTE CITY COUNCIL AT-LARGE,LaWana Slack-Mayfield,DEM,4,115,73,0,0,188,Y
26656,MECKLENBURG,11/7/23,117,2,C,CITY OF CHARLOTTE CITY COUNCIL AT-LARGE,Steven J. DiFiore II,LIB,4,50,15,0,0,65,Y
26658,MECKLENBURG,11/7/23,117,2,C,CITY OF CHARLOTTE CITY COUNCIL AT-LARGE,Victoria Watlington,DEM,4,133,76,0,0,209,Y
26810,MECKLENBURG,11/7/23,237,2,C,CITY OF CHARLOTTE CITY COUNCIL AT-LARGE,Dimple Ajmera,DEM,4,212,129,0,0,341,Y
26812,MECKLENBURG,11/7/23,237,2,C,CITY OF CHARLOTTE CITY COUNCIL AT-LARGE,"James (Smuggie) Mitchell, Jr.",DEM,4,220,127,0,0,347,Y
26818,MECKLENBURG,11/7/23,237,2,C,CITY OF CHARLOTTE CITY COUNCIL AT-LARGE,LaWana Slack-Mayfield,DEM,4,211,125,0,0,336,Y
26824,MECKLENBURG,11/7/23,237,2,C,CITY OF CHARLOTTE CITY COUNCIL AT-LARGE,Steven J. DiFiore II,LIB,4,68,17,0,0,85,Y
26826,MECKLENBURG,11/7/23,237,2,C,CITY OF CHARLOTTE CITY COUNCIL AT-LARGE,Victoria Watlington,DEM,4,220,124,0,0,344,Y
26859,MECKLENBURG,11/7/23,238.1,2,C,CITY OF CHARLOTTE CITY COUNCIL AT-LARGE,Dimple Ajmera,DEM,4,333,117,0,0,450,Y
26861,MECKLENBURG,11/7/23,238.1,2,C,CITY OF CHARLOTTE CITY COUNCIL AT-LARGE,"James (Smuggie) Mitchell, Jr.",DEM,4,322,115,0,0,437,Y
26867,MECKLENBURG,11/7/23,238.1,2,C,CITY OF CHARLOTTE CITY COUNCIL AT-LARGE,LaWana Slack-Mayfield,DEM,4,327,109,0,0,436,Y
26873,MECKLENBURG,11/7/23,238.1,2,C,CITY OF CHARLOTTE CITY COUNCIL AT-LARGE,Steven J. DiFiore II,LIB,4,78,23,0,0,101,Y
26875,MECKLENBURG,11/7/23,238.1,2,C,CITY OF CHARLOTTE CITY COUNCIL AT-LARGE,Victoria Watlington,DEM,4,338,118,0,0,456,Y
26908,MECKLENBURG,11/7/23,239,2,C,CITY OF CHARLOTTE CITY COUNCIL AT-LARGE,Dimple Ajmera,DEM,4,327,150,0,0,477,Y
26910,MECKLENBURG,11/7/23,239,2,C,CITY OF CHARLOTTE CITY COUNCIL AT-LARGE,"James (Smuggie) Mitchell, Jr.",DEM,4,310,145,0,0,455,Y
26916,MECKLENBURG,11/7/23,239,2,C,CITY OF CHARLOTTE CITY COUNCIL AT-LARGE,LaWana Slack-Mayfield,DEM,4,313,152,0,0,465,Y
26922,MECKLENBURG,11/7/23,239,2,C,CITY OF CHARLOTTE CITY COUNCIL AT-LARGE,Steven J. DiFiore II,LIB,4,71,12,0,0,83,Y
26924,MECKLENBURG,11/7/23,239,2,C,CITY OF CHARLOTTE CITY COUNCIL AT-LARGE,Victoria Watlington,DEM,4,322,153,0,0,475,Y
27072,MECKLENBURG,11/7/23,243,2,C,CITY OF CHARLOTTE CITY COUNCIL AT-LARGE,Dimple Ajmera,DEM,4,328,214,0,0,542,Y
27074,MECKLENBURG,11/7/23,243,2,C,CITY OF CHARLOTTE CITY COUNCIL AT-LARGE,"James (Smuggie) Mitchell, Jr.",DEM,4,338,205,0,0,543,Y
27080,MECKLENBURG,11/7/23,243,2,C,CITY OF CHARLOTTE CITY COUNCIL AT-LARGE,LaWana Slack-Mayfield,DEM,4,328,199,0,0,527,Y
27086,MECKLENBURG,11/7/23,243,2,C,CITY OF CHARLOTTE CITY COUNCIL AT-LARGE,Steven J. DiFiore II,LIB,4,146,40,0,0,186,Y
27088,MECKLENBURG,11/7/23,243,2,C,CITY OF CHARLOTTE CITY COUNCIL AT-LARGE,Victoria Watlington,DEM,4,344,217,0,0,561,Y
30167,MECKLENBURG,11/7/23,46,2,C,CITY OF CHARLOTTE CITY COUNCIL AT-LARGE,LaWana Slack-Mayfield,DEM,4,227,81,0,0,308,Y
30173,MECKLENBURG,11/7/23,46,2,C,CITY OF CHARLOTTE CITY COUNCIL AT-LARGE,Steven J. DiFiore II,LIB,4,80,12,0,0,92,Y
30175,MECKLENBURG,11/7/23,46,2,C,CITY OF CHARLOTTE CITY COUNCIL AT-LARGE,Victoria Watlington,DEM,4,249,83,0,0,332,Y
30210,MECKLENBURG,11/7/23,47,2,C,CITY OF CHARLOTTE CITY COUNCIL AT-LARGE,Dimple Ajmera,DEM,4,323,182,0,0,505,Y
30212,MECKLENBURG,11/7/23,47,2,C,CITY OF CHARLOTTE CITY COUNCIL AT-LARGE,"James (Smuggie) Mitchell, Jr.",DEM,4,305,164,0,0,469,Y
30218,MECKLENBURG,11/7/23,47,2,C,CITY OF CHARLOTTE CITY COUNCIL AT-LARGE,LaWana Slack-Mayfield,DEM,4,276,160,0,0,436,Y
30224,MECKLENBURG,11/7/23,47,2,C,CITY OF CHARLOTTE CITY COUNCIL AT-LARGE,Steven J. DiFiore II,LIB,4,185,79,0,0,264,Y
30226,MECKLENBURG,11/7/23,47,2,C,CITY OF CHARLOTTE CITY COUNCIL AT-LARGE,Victoria Watlington,DEM,4,319,180,0,0,499,Y
30260,MECKLENBURG,11/7/23,48,2,C,CITY OF CHARLOTTE CITY COUNCIL AT-LARGE,Dimple Ajmera,DEM,4,215,119,0,0,334,Y
30262,MECKLENBURG,11/7/23,48,2,C,CITY OF CHARLOTTE CITY COUNCIL AT-LARGE,"James (Smuggie) Mitchell, Jr.",DEM,4,214,104,0,0,318,Y
30268,MECKLENBURG,11/7/23,48,2,C,CITY OF CHARLOTTE CITY COUNCIL AT-LARGE,LaWana Slack-Mayfield,DEM,4,181,97,0,0,278,Y
30274,MECKLENBURG,11/7/23,48,2,C,CITY OF CHARLOTTE CITY COUNCIL AT-LARGE,Steven J. DiFiore II,LIB,4,188,77,0,0,265,Y
30276,MECKLENBURG,11/7/23,48,2,C,CITY OF CHARLOTTE CITY COUNCIL AT-LARGE,Victoria Watlington,DEM,4,219,115,0,0,334,Y
30310,MECKLENBURG,11/7/23,49,2,C,CITY OF CHARLOTTE CITY COUNCIL AT-LARGE,Dimple Ajmera,DEM,4,298,173,0,0,471,Y
30312,MECKLENBURG,11/7/23,49,2,C,CITY OF CHARLOTTE CITY COUNCIL AT-LARGE,"James (Smuggie) Mitchell, Jr.",DEM,4,277,160,0,0,437,Y
30318,MECKLENBURG,11/7/23,49,2,C,CITY OF CHARLOTTE CITY COUNCIL AT-LARGE,LaWana Slack-Mayfield,DEM,4,248,154,0,0,402,Y
30324,MECKLENBURG,11/7/23,49,2,C,CITY OF CHARLOTTE CITY COUNCIL AT-LARGE,Steven J. DiFiore II,LIB,4,156,55,0,0,211,Y
30326,MECKLENBURG,11/7/23,49,2,C,CITY OF CHARLOTTE CITY COUNCIL AT-LARGE,Victoria Watlington,DEM,4,288,172,0,0,460,Y
30360,MECKLENBURG,11/7/23,50,2,C,CITY OF CHARLOTTE CITY COUNCIL AT-LARGE,Dimple Ajmera,DEM,4,207,125,0,0,332,Y
30362,MECKLENBURG,11/7/23,50,2,C,CITY OF CHARLOTTE CITY COUNCIL AT-LARGE,"James (Smuggie) Mitchell, Jr.",DEM,4,186,110,0,0,296,Y
30368,MECKLENBURG,11/7/23,50,2,C,CITY OF CHARLOTTE CITY COUNCIL AT-LARGE,LaWana Slack-Mayfield,DEM,4,190,115,0,0,305,Y
30374,MECKLENBURG,11/7/23,50,2,C,CITY OF CHARLOTTE CITY COUNCIL AT-LARGE,Steven J. DiFiore II,LIB,4,102,51,0,0,153,Y
30376,MECKLENBURG,11/7/23,50,2,C,CITY OF CHARLOTTE CITY COUNCIL AT-LARGE,Victoria Watlington,DEM,4,211,128,0,0,339,Y
30410,MECKLENBURG,11/7/23,51,2,C,CITY OF CHARLOTTE CITY COUNCIL AT-LARGE,Dimple Ajmera,DEM,4,311,112,0,0,423,Y
30412,MECKLENBURG,11/7/23,51,2,C,CITY OF CHARLOTTE CITY COUNCIL AT-LARGE,"James (Smuggie) Mitchell, Jr.",DEM,4,294,105,0,0,399,Y
30418,MECKLENBURG,11/7/23,51,2,C,CITY OF CHARLOTTE CITY COUNCIL AT-LARGE,LaWana Slack-Mayfield,DEM,4,295,97,0,0,392,Y
30424,MECKLENBURG,11/7/23,51,2,C,CITY OF CHARLOTTE CITY COUNCIL AT-LARGE,Steven J. DiFiore II,LIB,4,139,25,0,0,164,Y
30426,MECKLENBURG,11/7/23,51,2,C,CITY OF CHARLOTTE CITY COUNCIL AT-LARGE,Victoria Watlington,DEM,4,321,112,0,0,433,Y
30461,MECKLENBURG,11/7/23,52,2,C,CITY OF CHARLOTTE CITY COUNCIL AT-LARGE,Dimple Ajmera,DEM,4,199,142,0,0,341,Y
30463,MECKLENBURG,11/7/23,52,2,C,CITY OF CHARLOTTE CITY COUNCIL AT-LARGE,"James (Smuggie) Mitchell, Jr.",DEM,4,203,149,0,0,352,Y
30469,MECKLENBURG,11/7/23,52,2,C,CITY OF CHARLOTTE CITY COUNCIL AT-LARGE,LaWana Slack-Mayfield,DEM,4,198,138,0,0,336,Y
30475,MECKLENBURG,11/7/23,52,2,C,CITY OF CHARLOTTE CITY COUNCIL AT-LARGE,Steven J. DiFiore II,LIB,4,34,17,0,0,51,Y
30477,MECKLENBURG,11/7/23,52,2,C,CITY OF CHARLOTTE CITY COUNCIL AT-LARGE,Victoria Watlington,DEM,4,208,143,0,0,351,Y
30511,MECKLENBURG,11/7/23,53,2,C,CITY OF CHARLOTTE CITY COUNCIL AT-LARGE,Dimple Ajmera,DEM,4,195,76,0,0,271,Y
30513,MECKLENBURG,11/7/23,53,2,C,CITY OF CHARLOTTE CITY COUNCIL AT-LARGE,"James (Smuggie) Mitchell, Jr.",DEM,4,196,77,0,0,273,Y
30519,MECKLENBURG,11/7/23,53,2,C,CITY OF CHARLOTTE CITY COUNCIL AT-LARGE,LaWana Slack-Mayfield,DEM,4,200,80,0,0,280,Y
30525,MECKLENBURG,11/7/23,53,2,C,CITY OF CHARLOTTE CITY COUNCIL AT-LARGE,Steven J. DiFiore II,LIB,4,29,7,0,0,36,Y
30527,MECKLENBURG,11/7/23,53,2,C,CITY OF CHARLOTTE CITY COUNCIL AT-LARGE,Victoria Watlington,DEM,4,191,75,0,0,266,Y
30561,MECKLENBURG,11/7/23,54,2,C,CITY OF CHARLOTTE CITY COUNCIL AT-LARGE,Dimple Ajmera,DEM,4,298,131,0,0,429,Y
30563,MECKLENBURG,11/7/23,54,2,C,CITY OF CHARLOTTE CITY COUNCIL AT-LARGE,"James (Smuggie) Mitchell, Jr.",DEM,4,285,132,0,0,417,Y
30569,MECKLENBURG,11/7/23,54,2,C,CITY OF CHARLOTTE CITY COUNCIL AT-LARGE,LaWana Slack-Mayfield,DEM,4,287,135,0,0,422,Y
30575,MECKLENBURG,11/7/23,54,2,C,CITY OF CHARLOTTE CITY COUNCIL AT-LARGE,Steven J. DiFiore II,LIB,4,44,13,0,0,57,Y
30577,MECKLENBURG,11/7/23,54,2,C,CITY OF CHARLOTTE CITY COUNCIL AT-LARGE,Victoria Watlington,DEM,4,302,136,0,0,438,Y
30632,MECKLENBURG,11/7/23,118,2,C,CITY OF CHARLOTTE CITY COUNCIL AT-LARGE,Dimple Ajmera,DEM,4,232,106,0,0,338,Y
30634,MECKLENBURG,11/7/23,118,2,C,CITY OF CHARLOTTE CITY COUNCIL AT-LARGE,"James (Smuggie) Mitchell, Jr.",DEM,4,219,110,0,0,329,Y
30640,MECKLENBURG,11/7/23,118,2,C,CITY OF CHARLOTTE CITY COUNCIL AT-LARGE,LaWana Slack-Mayfield,DEM,4,213,106,0,0,319,Y
30646,MECKLENBURG,11/7/23,118,2,C,CITY OF CHARLOTTE CITY COUNCIL AT-LARGE,Steven J. DiFiore II,LIB,4,152,24,0,0,176,Y
30648,MECKLENBURG,11/7/23,118,2,C,CITY OF CHARLOTTE CITY COUNCIL AT-LARGE,Victoria Watlington,DEM,4,231,109,0,0,340,Y
30682,MECKLENBURG,11/7/23,119,2,C,CITY OF CHARLOTTE CITY COUNCIL AT-LARGE,Dimple Ajmera,DEM,4,191,103,0,0,294,Y
30684,MECKLENBURG,11/7/23,119,2,C,CITY OF CHARLOTTE CITY COUNCIL AT-LARGE,"James (Smuggie) Mitchell, Jr.",DEM,4,172,88,0,0,260,Y
30690,MECKLENBURG,11/7/23,119,2,C,CITY OF CHARLOTTE CITY COUNCIL AT-LARGE,LaWana Slack-Mayfield,DEM,4,155,95,0,0,250,Y
30696,MECKLENBURG,11/7/23,119,2,C,CITY OF CHARLOTTE CITY COUNCIL AT-LARGE,Steven J. DiFiore II,LIB,4,106,41,0,0,147,Y
30698,MECKLENBURG,11/7/23,119,2,C,CITY OF CHARLOTTE CITY COUNCIL AT-LARGE,Victoria Watlington,DEM,4,182,97,0,0,279,Y
30732,MECKLENBURG,11/7/23,120,2,C,CITY OF CHARLOTTE CITY COUNCIL AT-LARGE,Dimple Ajmera,DEM,4,100,32,0,0,132,Y
30734,MECKLENBURG,11/7/23,120,2,C,CITY OF CHARLOTTE CITY COUNCIL AT-LARGE,"James (Smuggie) Mitchell, Jr.",DEM,4,104,27,0,0,131,Y
30740,MECKLENBURG,11/7/23,120,2,C,CITY OF CHARLOTTE CITY COUNCIL AT-LARGE,LaWana Slack-Mayfield,DEM,4,106,28,0,0,134,Y
30746,MECKLENBURG,11/7/23,120,2,C,CITY OF CHARLOTTE CITY COUNCIL AT-LARGE,Steven J. DiFiore II,LIB,4,34,13,0,0,47,Y
30748,MECKLENBURG,11/7/23,120,2,C,CITY OF CHARLOTTE CITY COUNCIL AT-LARGE,Victoria Watlington,DEM,4,109,30,0,0,139,Y
30782,MECKLENBURG,11/7/23,121,2,C,CITY OF CHARLOTTE CITY COUNCIL AT-LARGE,Dimple Ajmera,DEM,4,282,192,0,0,474,Y
30784,MECKLENBURG,11/7/23,121,2,C,CITY OF CHARLOTTE CITY COUNCIL AT-LARGE,"James (Smuggie) Mitchell, Jr.",DEM,4,285,163,0,0,448,Y
30790,MECKLENBURG,11/7/23,121,2,C,CITY OF CHARLOTTE CITY COUNCIL AT-LARGE,LaWana Slack-Mayfield,DEM,4,266,167,0,0,433,Y
30796,MECKLENBURG,11/7/23,121,2,C,CITY OF CHARLOTTE CITY COUNCIL AT-LARGE,Steven J. DiFiore II,LIB,4,224,112,0,0,336,Y
30798,MECKLENBURG,11/7/23,121,2,C,CITY OF CHARLOTTE CITY COUNCIL AT-LARGE,Victoria Watlington,DEM,4,309,196,0,0,505,Y
30832,MECKLENBURG,11/7/23,122,2,C,CITY OF CHARLOTTE CITY COUNCIL AT-LARGE,Dimple Ajmera,DEM,4,411,174,0,0,585,Y
30834,MECKLENBURG,11/7/23,122,2,C,CITY OF CHARLOTTE CITY COUNCIL AT-LARGE,"James (Smuggie) Mitchell, Jr.",DEM,4,387,169,0,0,556,Y
30840,MECKLENBURG,11/7/23,122,2,C,CITY OF CHARLOTTE CITY COUNCIL AT-LARGE,LaWana Slack-Mayfield,DEM,4,393,164,0,0,557,Y
30846,MECKLENBURG,11/7/23,122,2,C,CITY OF CHARLOTTE CITY COUNCIL AT-LARGE,Steven J. DiFiore II,LIB,4,185,49,0,0,234,Y
30848,MECKLENBURG,11/7/23,122,2,C,CITY OF CHARLOTTE CITY COUNCIL AT-LARGE,Victoria Watlington,DEM,4,405,174,0,0,579,Y
30882,MECKLENBURG,11/7/23,123,2,C,CITY OF CHARLOTTE CITY COUNCIL AT-LARGE,Dimple Ajmera,DEM,4,211,100,0,0,311,Y
30884,MECKLENBURG,11/7/23,123,2,C,CITY OF CHARLOTTE CITY COUNCIL AT-LARGE,"James (Smuggie) Mitchell, Jr.",DEM,4,207,98,0,0,305,Y
30890,MECKLENBURG,11/7/23,123,2,C,CITY OF CHARLOTTE CITY COUNCIL AT-LARGE,LaWana Slack-Mayfield,DEM,4,204,96,0,0,300,Y
30896,MECKLENBURG,11/7/23,123,2,C,CITY OF CHARLOTTE CITY COUNCIL AT-LARGE,Steven J. DiFiore II,LIB,4,55,12,0,0,67,Y
30898,MECKLENBURG,11/7/23,123,2,C,CITY OF CHARLOTTE CITY COUNCIL AT-LARGE,Victoria Watlington,DEM,4,213,98,0,0,311,Y
30931,MECKLENBURG,11/7/23,124,2,C,CITY OF CHARLOTTE CITY COUNCIL AT-LARGE,Dimple Ajmera,DEM,4,189,71,0,0,260,Y
30933,MECKLENBURG,11/7/23,124,2,C,CITY OF CHARLOTTE CITY COUNCIL AT-LARGE,"James (Smuggie) Mitchell, Jr.",DEM,4,186,60,0,0,246,Y
30939,MECKLENBURG,11/7/23,124,2,C,CITY OF CHARLOTTE CITY COUNCIL AT-LARGE,LaWana Slack-Mayfield,DEM,4,192,66,0,0,258,Y
30945,MECKLENBURG,11/7/23,124,2,C,CITY OF CHARLOTTE CITY COUNCIL AT-LARGE,Steven J. DiFiore II,LIB,4,42,10,0,0,52,Y
30947,MECKLENBURG,11/7/23,124,2,C,CITY OF CHARLOTTE CITY COUNCIL AT-LARGE,Victoria Watlington,DEM,4,195,67,0,0,262,Y
30980,MECKLENBURG,11/7/23,125,2,C,CITY OF CHARLOTTE CITY COUNCIL AT-LARGE,Dimple Ajmera,DEM,4,115,51,0,0,166,Y
30982,MECKLENBURG,11/7/23,125,2,C,CITY OF CHARLOTTE CITY COUNCIL AT-LARGE,"James (Smuggie) Mitchell, Jr.",DEM,4,109,46,0,0,155,Y
30988,MECKLENBURG,11/7/23,125,2,C,CITY OF CHARLOTTE CITY COUNCIL AT-LARGE,LaWana Slack-Mayfield,DEM,4,110,50,0,0,160,Y
30994,MECKLENBURG,11/7/23,125,2,C,CITY OF CHARLOTTE CITY COUNCIL AT-LARGE,Steven J. DiFiore II,LIB,4,40,8,0,0,48,Y
30996,MECKLENBURG,11/7/23,125,2,C,CITY OF CHARLOTTE CITY COUNCIL AT-LARGE,Victoria Watlington,DEM,4,115,49,0,0,164,Y
31029,MECKLENBURG,11/7/23,126,2,C,CITY OF CHARLOTTE CITY COUNCIL AT-LARGE,Dimple Ajmera,DEM,4,296,130,0,0,426,Y
31031,MECKLENBURG,11/7/23,126,2,C,CITY OF CHARLOTTE CITY COUNCIL AT-LARGE,"James (Smuggie) Mitchell, Jr.",DEM,4,293,132,0,0,425,Y
31037,MECKLENBURG,11/7/23,126,2,C,CITY OF CHARLOTTE CITY COUNCIL AT-LARGE,LaWana Slack-Mayfield,DEM,4,298,133,0,0,431,Y
31043,MECKLENBURG,11/7/23,126,2,C,CITY OF CHARLOTTE CITY COUNCIL AT-LARGE,Steven J. DiFiore II,LIB,4,61,19,0,0,80,Y
31045,MECKLENBURG,11/7/23,126,2,C,CITY OF CHARLOTTE CITY COUNCIL AT-LARGE,Victoria Watlington,DEM,4,298,137,0,0,435,Y
31065,MECKLENBURG,11/7/23,ABSENTEE,2,C,CITY OF CHARLOTTE CITY COUNCIL AT-LARGE,Dimple Ajmera,DEM,4,0,0,903,0,903,N
31067,MECKLENBURG,11/7/23,ABSENTEE,2,C,CITY OF CHARLOTTE CITY COUNCIL AT-LARGE,"James (Smuggie) Mitchell, Jr.",DEM,4,0,0,833,0,833,N
31073,MECKLENBURG,11/7/23,ABSENTEE,2,C,CITY OF CHARLOTTE CITY COUNCIL AT-LARGE,LaWana Slack-Mayfield,DEM,4,0,0,849,0,849,N
31079,MECKLENBURG,11/7/23,ABSENTEE,2,C,CITY OF CHARLOTTE CITY COUNCIL AT-LARGE,Steven J. DiFiore II,LIB,4,0,0,211,0,211,N
31081,MECKLENBURG,11/7/23,ABSENTEE,2,C,CITY OF CHARLOTTE CITY COUNCIL AT-LARGE,Victoria Watlington,DEM,4,0,0,914,0,914,N
31222,MECKLENBURG,11/7/23,PROVISIONAL,2,C,CITY OF CHARLOTTE CITY COUNCIL AT-LARGE,Dimple Ajmera,DEM,4,0,0,0,83,83,N
31224,MECKLENBURG,11/7/23,PROVISIONAL,2,C,CITY OF CHARLOTTE CITY COUNCIL AT-LARGE,"James (Smuggie) Mitchell, Jr.",DEM,4,0,0,0,79,79,N
31230,MECKLENBURG,11/7/23,PROVISIONAL,2,C,CITY OF CHARLOTTE CITY COUNCIL AT-LARGE,LaWana Slack-Mayfield,DEM,4,0,0,0,76,76,N
31236,MECKLENBURG,11/7/23,PROVISIONAL,2,C,CITY OF CHARLOTTE CITY COUNCIL AT-LARGE,Steven J. DiFiore II,LIB,4,0,0,0,33,33,N
31238,MECKLENBURG,11/7/23,PROVISIONAL,2,C,CITY OF CHARLOTTE CITY COUNCIL AT-LARGE,Victoria Watlington,DEM,4,0,0,0,79,79,N
